
> frontend@0.1.0 dev
> next dev

▲ Next.js 16.2.3 (Turbopack)
- Local:         http://localhost:3000
- Network:       http://192.168.0.109:3000
- Environments: .env.local
✓ Ready in 471ms

 GET / 200 in 717ms (next.js: 309ms, application-code: 408ms)
[browser] A tree hydrated but some attributes of the server rendered HTML didn't match the client properties. This won't be patched up. This can happen if a SSR-ed Client Component used:

- A server/client branch `if (typeof window !== 'undefined')`.
- Variable input such as `Date.now()` or `Math.random()` which changes each time it's called.
- Date formatting in a user's locale which doesn't match the server.
- External changing data without sending a snapshot of it along with the HTML.
- Invalid HTML tag nesting.

It can also happen if the client has a browser extension installed which messes with the HTML before React loaded.

https://react.dev/link/hydration-mismatch

  ...
    <HotReload globalError={[...]} webSocket={WebSocket} staticIndicatorState={{pathname:null, ...}}>
      <AppDevOverlayErrorBoundary globalError={[...]}>
        <ReplaySsrOnlyErrors>
        <DevRootHTTPAccessFallbackBoundary>
          <HTTPAccessFallbackBoundary notFound={<NotAllowedRootHTTPFallbackError>}>
            <HTTPAccessFallbackErrorBoundary pathname="/" notFound={<NotAllowedRootHTTPFallbackError>} ...>
              <RedirectBoundary>
                <RedirectErrorBoundary router={{...}}>
                  <Head>
                  <__next_root_layout_boundary__>
                    <SegmentViewNode type="layout" pagePath="layout.tsx">
                      <SegmentTrieNode>
                      <link>
                      <script>
                      <script>
                      <script>
                      <script>
                      <script>
                      <script>
                      <script>
                      <RootLayout>
                        <html
                          lang="en"
                          data-scroll-behavior="smooth"
-                         data-arp=""
                        >
                  ...
 
    at <unknown> (file:///Users/om/Projects/Google Solutions /Equalyze/frontend/.next/dev/static/chunks/node_modules_next_dist_compiled_react-dom_058-ah~._.js:3439:25)
    at runWithFiberInDEV (file:///Users/om/Projects/Google Solutions /Equalyze/frontend/.next/dev/static/chunks/node_modules_next_dist_compiled_react-dom_058-ah~._.js:965:74)
    at emitPendingHydrationWarnings (file:///Users/om/Projects/Google Solutions /Equalyze/frontend/.next/dev/static/chunks/node_modules_next_dist_compiled_react-dom_058-ah~._.js:3438:13)
    at completeWork (file:///Users/om/Projects/Google Solutions /Equalyze/frontend/.next/dev/static/chunks/node_modules_next_dist_compiled_react-dom_058-ah~._.js:6885:102)
    at runWithFiberInDEV (file:///Users/om/Projects/Google Solutions /Equalyze/frontend/.next/dev/static/chunks/node_modules_next_dist_compiled_react-dom_058-ah~._.js:965:131)
    at completeUnitOfWork (file:///Users/om/Projects/Google Solutions /Equalyze/frontend/.next/dev/static/chunks/node_modules_next_dist_compiled_react-dom_058-ah~._.js:9622:23)
    at performUnitOfWork (file:///Users/om/Projects/Google Solutions /Equalyze/frontend/.next/dev/static/chunks/node_modules_next_dist_compiled_react-dom_058-ah~._.js:9557:28)
    at workLoopConcurrentByScheduler (file:///Users/om/Projects/Google Solutions /Equalyze/frontend/.next/dev/static/chunks/node_modules_next_dist_compiled_react-dom_058-ah~._.js:9551:58)
    at renderRootConcurrent (file:///Users/om/Projects/Google Solutions /Equalyze/frontend/.next/dev/static/chunks/node_modules_next_dist_compiled_react-dom_058-ah~._.js:9534:71)
    at performWorkOnRoot (file:///Users/om/Projects/Google Solutions /Equalyze/frontend/.next/dev/static/chunks/node_modules_next_dist_compiled_react-dom_058-ah~._.js:9061:150)
    at performWorkOnRootViaSchedulerTask (file:///Users/om/Projects/Google Solutions /Equalyze/frontend/.next/dev/static/chunks/node_modules_next_dist_compiled_react-dom_058-ah~._.js:10255:9)
    at MessagePort.performWorkUntilDeadline (file:///Users/om/Projects/Google Solutions /Equalyze/frontend/.next/dev/static/chunks/node_modules_next_dist_compiled_0rpq4pf._.js:2647:64) (file:///Users/om/Projects/Google Solutions /Equalyze/frontend/.next/dev/static/chunks/node_modules_next_dist_compiled_react-dom_058-ah~._.js:3439:25)
 GET / 200 in 128ms (next.js: 37ms, application-code: 91ms)
[browser] A tree hydrated but some attributes of the server rendered HTML didn't match the client properties. This won't be patched up. This can happen if a SSR-ed Client Component used:

- A server/client branch `if (typeof window !== 'undefined')`.
- Variable input such as `Date.now()` or `Math.random()` which changes each time it's called.
- Date formatting in a user's locale which doesn't match the server.
- External changing data without sending a snapshot of it along with the HTML.
- Invalid HTML tag nesting.

It can also happen if the client has a browser extension installed which messes with the HTML before React loaded.

https://react.dev/link/hydration-mismatch

  ...
    <HotReload globalError={[...]} webSocket={WebSocket} staticIndicatorState={{pathname:null, ...}}>
      <AppDevOverlayErrorBoundary globalError={[...]}>
        <ReplaySsrOnlyErrors>
        <DevRootHTTPAccessFallbackBoundary>
          <HTTPAccessFallbackBoundary notFound={<NotAllowedRootHTTPFallbackError>}>
            <HTTPAccessFallbackErrorBoundary pathname="/" notFound={<NotAllowedRootHTTPFallbackError>} ...>
              <RedirectBoundary>
                <RedirectErrorBoundary router={{...}}>
                  <Head>
                  <__next_root_layout_boundary__>
                    <SegmentViewNode type="layout" pagePath="layout.tsx">
                      <SegmentTrieNode>
                      <link>
                      <script>
                      <script>
                      <script>
                      <script>
                      <script>
                      <script>
                      <script>
                      <RootLayout>
                        <html
                          lang="en"
                          data-scroll-behavior="smooth"
-                         data-arp=""
                        >
                  ...
 
    at <unknown> (file:///Users/om/Projects/Google Solutions /Equalyze/frontend/.next/dev/static/chunks/node_modules_next_dist_compiled_react-dom_058-ah~._.js:3439:25)
    at runWithFiberInDEV (file:///Users/om/Projects/Google Solutions /Equalyze/frontend/.next/dev/static/chunks/node_modules_next_dist_compiled_react-dom_058-ah~._.js:965:74)
    at emitPendingHydrationWarnings (file:///Users/om/Projects/Google Solutions /Equalyze/frontend/.next/dev/static/chunks/node_modules_next_dist_compiled_react-dom_058-ah~._.js:3438:13)
    at completeWork (file:///Users/om/Projects/Google Solutions /Equalyze/frontend/.next/dev/static/chunks/node_modules_next_dist_compiled_react-dom_058-ah~._.js:6885:102)
    at runWithFiberInDEV (file:///Users/om/Projects/Google Solutions /Equalyze/frontend/.next/dev/static/chunks/node_modules_next_dist_compiled_react-dom_058-ah~._.js:965:131)
    at completeUnitOfWork (file:///Users/om/Projects/Google Solutions /Equalyze/frontend/.next/dev/static/chunks/node_modules_next_dist_compiled_react-dom_058-ah~._.js:9622:23)
    at performUnitOfWork (file:///Users/om/Projects/Google Solutions /Equalyze/frontend/.next/dev/static/chunks/node_modules_next_dist_compiled_react-dom_058-ah~._.js:9557:28)
    at workLoopConcurrentByScheduler (file:///Users/om/Projects/Google Solutions /Equalyze/frontend/.next/dev/static/chunks/node_modules_next_dist_compiled_react-dom_058-ah~._.js:9551:58)
    at renderRootConcurrent (file:///Users/om/Projects/Google Solutions /Equalyze/frontend/.next/dev/static/chunks/node_modules_next_dist_compiled_react-dom_058-ah~._.js:9534:71)
    at performWorkOnRoot (file:///Users/om/Projects/Google Solutions /Equalyze/frontend/.next/dev/static/chunks/node_modules_next_dist_compiled_react-dom_058-ah~._.js:9061:150)
    at performWorkOnRootViaSchedulerTask (file:///Users/om/Projects/Google Solutions /Equalyze/frontend/.next/dev/static/chunks/node_modules_next_dist_compiled_react-dom_058-ah~._.js:10255:9)
    at MessagePort.performWorkUntilDeadline (file:///Users/om/Projects/Google Solutions /Equalyze/frontend/.next/dev/static/chunks/node_modules_next_dist_compiled_0rpq4pf._.js:2647:64) (file:///Users/om/Projects/Google Solutions /Equalyze/frontend/.next/dev/static/chunks/node_modules_next_dist_compiled_react-dom_058-ah~._.js:3439:25)
 GET / 200 in 147ms (next.js: 36ms, application-code: 111ms)
[browser] A tree hydrated but some attributes of the server rendered HTML didn't match the client properties. This won't be patched up. This can happen if a SSR-ed Client Component used:

- A server/client branch `if (typeof window !== 'undefined')`.
- Variable input such as `Date.now()` or `Math.random()` which changes each time it's called.
- Date formatting in a user's locale which doesn't match the server.
- External changing data without sending a snapshot of it along with the HTML.
- Invalid HTML tag nesting.

It can also happen if the client has a browser extension installed which messes with the HTML before React loaded.

https://react.dev/link/hydration-mismatch

  ...
    <HotReload globalError={[...]} webSocket={WebSocket} staticIndicatorState={{pathname:null, ...}}>
      <AppDevOverlayErrorBoundary globalError={[...]}>
        <ReplaySsrOnlyErrors>
        <DevRootHTTPAccessFallbackBoundary>
          <HTTPAccessFallbackBoundary notFound={<NotAllowedRootHTTPFallbackError>}>
            <HTTPAccessFallbackErrorBoundary pathname="/" notFound={<NotAllowedRootHTTPFallbackError>} ...>
              <RedirectBoundary>
                <RedirectErrorBoundary router={{...}}>
                  <Head>
                  <__next_root_layout_boundary__>
                    <SegmentViewNode type="layout" pagePath="layout.tsx">
                      <SegmentTrieNode>
                      <link>
                      <script>
                      <script>
                      <script>
                      <script>
                      <script>
                      <script>
                      <script>
                      <RootLayout>
                        <html
                          lang="en"
                          data-scroll-behavior="smooth"
-                         data-arp=""
-                         webcrx=""
                        >
                  ...
 
    at <unknown> (file:///Users/om/Projects/Google Solutions /Equalyze/frontend/.next/dev/static/chunks/node_modules_next_dist_compiled_react-dom_058-ah~._.js:3439:25)
    at runWithFiberInDEV (file:///Users/om/Projects/Google Solutions /Equalyze/frontend/.next/dev/static/chunks/node_modules_next_dist_compiled_react-dom_058-ah~._.js:965:74)
    at emitPendingHydrationWarnings (file:///Users/om/Projects/Google Solutions /Equalyze/frontend/.next/dev/static/chunks/node_modules_next_dist_compiled_react-dom_058-ah~._.js:3438:13)
    at completeWork (file:///Users/om/Projects/Google Solutions /Equalyze/frontend/.next/dev/static/chunks/node_modules_next_dist_compiled_react-dom_058-ah~._.js:6885:102)
    at runWithFiberInDEV (file:///Users/om/Projects/Google Solutions /Equalyze/frontend/.next/dev/static/chunks/node_modules_next_dist_compiled_react-dom_058-ah~._.js:965:131)
    at completeUnitOfWork (file:///Users/om/Projects/Google Solutions /Equalyze/frontend/.next/dev/static/chunks/node_modules_next_dist_compiled_react-dom_058-ah~._.js:9622:23)
    at performUnitOfWork (file:///Users/om/Projects/Google Solutions /Equalyze/frontend/.next/dev/static/chunks/node_modules_next_dist_compiled_react-dom_058-ah~._.js:9557:28)
    at workLoopConcurrentByScheduler (file:///Users/om/Projects/Google Solutions /Equalyze/frontend/.next/dev/static/chunks/node_modules_next_dist_compiled_react-dom_058-ah~._.js:9551:58)
    at renderRootConcurrent (file:///Users/om/Projects/Google Solutions /Equalyze/frontend/.next/dev/static/chunks/node_modules_next_dist_compiled_react-dom_058-ah~._.js:9534:71)
    at performWorkOnRoot (file:///Users/om/Projects/Google Solutions /Equalyze/frontend/.next/dev/static/chunks/node_modules_next_dist_compiled_react-dom_058-ah~._.js:9061:150)
    at performWorkOnRootViaSchedulerTask (file:///Users/om/Projects/Google Solutions /Equalyze/frontend/.next/dev/static/chunks/node_modules_next_dist_compiled_react-dom_058-ah~._.js:10255:9)
    at MessagePort.performWorkUntilDeadline (file:///Users/om/Projects/Google Solutions /Equalyze/frontend/.next/dev/static/chunks/node_modules_next_dist_compiled_0rpq4pf._.js:2647:64) (file:///Users/om/Projects/Google Solutions /Equalyze/frontend/.next/dev/static/chunks/node_modules_next_dist_compiled_react-dom_058-ah~._.js:3439:25)
✓ Compiled in 873ms
⚠ Fast Refresh had to perform a full reload when ./lib/auth-context.tsx changed. Read more: https://nextjs.org/docs/messages/fast-refresh-reload
 GET / 200 in 349ms (next.js: 98ms, application-code: 251ms)
 GET / 200 in 217ms (next.js: 165ms, application-code: 52ms)
 GET / 200 in 385ms (next.js: 3ms, application-code: 382ms)
 GET / 200 in 230ms (next.js: 119ms, application-code: 111ms)
 GET / 200 in 90ms (next.js: 6ms, application-code: 84ms)
 GET / 200 in 42ms (next.js: 6ms, application-code: 35ms)
[browser] A tree hydrated but some attributes of the server rendered HTML didn't match the client properties. This won't be patched up. This can happen if a SSR-ed Client Component used:

- A server/client branch `if (typeof window !== 'undefined')`.
- Variable input such as `Date.now()` or `Math.random()` which changes each time it's called.
- Date formatting in a user's locale which doesn't match the server.
- External changing data without sending a snapshot of it along with the HTML.
- Invalid HTML tag nesting.

It can also happen if the client has a browser extension installed which messes with the HTML before React loaded.

https://react.dev/link/hydration-mismatch

  ...
    <HotReload globalError={[...]} webSocket={WebSocket} staticIndicatorState={{pathname:null, ...}}>
      <AppDevOverlayErrorBoundary globalError={[...]}>
        <ReplaySsrOnlyErrors>
        <DevRootHTTPAccessFallbackBoundary>
          <HTTPAccessFallbackBoundary notFound={<NotAllowedRootHTTPFallbackError>}>
            <HTTPAccessFallbackErrorBoundary pathname="/" notFound={<NotAllowedRootHTTPFallbackError>} ...>
              <RedirectBoundary>
                <RedirectErrorBoundary router={{...}}>
                  <Head>
                  <__next_root_layout_boundary__>
                    <SegmentViewNode type="layout" pagePath="layout.tsx">
                      <SegmentTrieNode>
                      <link>
                      <script>
                      <script>
                      <script>
                      <script>
                      <script>
                      <script>
                      <script>
                      <RootLayout>
                        <html
                          lang="en"
                          data-scroll-behavior="smooth"
-                         data-arp=""
                        >
                  ...
 
    at <unknown> (file:///Users/om/Projects/Google Solutions /Equalyze/frontend/.next/dev/static/chunks/node_modules_next_dist_compiled_react-dom_058-ah~._.js:3439:25)
    at runWithFiberInDEV (file:///Users/om/Projects/Google Solutions /Equalyze/frontend/.next/dev/static/chunks/node_modules_next_dist_compiled_react-dom_058-ah~._.js:965:74)
    at emitPendingHydrationWarnings (file:///Users/om/Projects/Google Solutions /Equalyze/frontend/.next/dev/static/chunks/node_modules_next_dist_compiled_react-dom_058-ah~._.js:3438:13)
    at completeWork (file:///Users/om/Projects/Google Solutions /Equalyze/frontend/.next/dev/static/chunks/node_modules_next_dist_compiled_react-dom_058-ah~._.js:6885:102)
    at runWithFiberInDEV (file:///Users/om/Projects/Google Solutions /Equalyze/frontend/.next/dev/static/chunks/node_modules_next_dist_compiled_react-dom_058-ah~._.js:965:131)
    at completeUnitOfWork (file:///Users/om/Projects/Google Solutions /Equalyze/frontend/.next/dev/static/chunks/node_modules_next_dist_compiled_react-dom_058-ah~._.js:9622:23)
    at performUnitOfWork (file:///Users/om/Projects/Google Solutions /Equalyze/frontend/.next/dev/static/chunks/node_modules_next_dist_compiled_react-dom_058-ah~._.js:9557:28)
    at workLoopConcurrentByScheduler (file:///Users/om/Projects/Google Solutions /Equalyze/frontend/.next/dev/static/chunks/node_modules_next_dist_compiled_react-dom_058-ah~._.js:9551:58)
    at renderRootConcurrent (file:///Users/om/Projects/Google Solutions /Equalyze/frontend/.next/dev/static/chunks/node_modules_next_dist_compiled_react-dom_058-ah~._.js:9534:71)
    at performWorkOnRoot (file:///Users/om/Projects/Google Solutions /Equalyze/frontend/.next/dev/static/chunks/node_modules_next_dist_compiled_react-dom_058-ah~._.js:9061:150)
    at performWorkOnRootViaSchedulerTask (file:///Users/om/Projects/Google Solutions /Equalyze/frontend/.next/dev/static/chunks/node_modules_next_dist_compiled_react-dom_058-ah~._.js:10255:9)
    at MessagePort.performWorkUntilDeadline (file:///Users/om/Projects/Google Solutions /Equalyze/frontend/.next/dev/static/chunks/node_modules_next_dist_compiled_0rpq4pf._.js:2647:64) (file:///Users/om/Projects/Google Solutions /Equalyze/frontend/.next/dev/static/chunks/node_modules_next_dist_compiled_react-dom_058-ah~._.js:3439:25)
 GET / 200 in 273ms (next.js: 35ms, application-code: 238ms)
[browser] A tree hydrated but some attributes of the server rendered HTML didn't match the client properties. This won't be patched up. This can happen if a SSR-ed Client Component used:

- A server/client branch `if (typeof window !== 'undefined')`.
- Variable input such as `Date.now()` or `Math.random()` which changes each time it's called.
- Date formatting in a user's locale which doesn't match the server.
- External changing data without sending a snapshot of it along with the HTML.
- Invalid HTML tag nesting.

It can also happen if the client has a browser extension installed which messes with the HTML before React loaded.

https://react.dev/link/hydration-mismatch

  ...
    <HotReload globalError={[...]} webSocket={WebSocket} staticIndicatorState={{pathname:null, ...}}>
      <AppDevOverlayErrorBoundary globalError={[...]}>
        <ReplaySsrOnlyErrors>
        <DevRootHTTPAccessFallbackBoundary>
          <HTTPAccessFallbackBoundary notFound={<NotAllowedRootHTTPFallbackError>}>
            <HTTPAccessFallbackErrorBoundary pathname="/" notFound={<NotAllowedRootHTTPFallbackError>} ...>
              <RedirectBoundary>
                <RedirectErrorBoundary router={{...}}>
                  <Head>
                  <__next_root_layout_boundary__>
                    <SegmentViewNode type="layout" pagePath="layout.tsx">
                      <SegmentTrieNode>
                      <link>
                      <script>
                      <script>
                      <script>
                      <script>
                      <script>
                      <script>
                      <script>
                      <RootLayout>
                        <html
                          lang="en"
                          data-scroll-behavior="smooth"
-                         data-arp=""
                        >
                  ...
 
    at <unknown> (file:///Users/om/Projects/Google Solutions /Equalyze/frontend/.next/dev/static/chunks/node_modules_next_dist_compiled_react-dom_058-ah~._.js:3439:25)
    at runWithFiberInDEV (file:///Users/om/Projects/Google Solutions /Equalyze/frontend/.next/dev/static/chunks/node_modules_next_dist_compiled_react-dom_058-ah~._.js:965:74)
    at emitPendingHydrationWarnings (file:///Users/om/Projects/Google Solutions /Equalyze/frontend/.next/dev/static/chunks/node_modules_next_dist_compiled_react-dom_058-ah~._.js:3438:13)
    at completeWork (file:///Users/om/Projects/Google Solutions /Equalyze/frontend/.next/dev/static/chunks/node_modules_next_dist_compiled_react-dom_058-ah~._.js:6885:102)
    at runWithFiberInDEV (file:///Users/om/Projects/Google Solutions /Equalyze/frontend/.next/dev/static/chunks/node_modules_next_dist_compiled_react-dom_058-ah~._.js:965:131)
    at completeUnitOfWork (file:///Users/om/Projects/Google Solutions /Equalyze/frontend/.next/dev/static/chunks/node_modules_next_dist_compiled_react-dom_058-ah~._.js:9622:23)
    at performUnitOfWork (file:///Users/om/Projects/Google Solutions /Equalyze/frontend/.next/dev/static/chunks/node_modules_next_dist_compiled_react-dom_058-ah~._.js:9557:28)
    at workLoopConcurrentByScheduler (file:///Users/om/Projects/Google Solutions /Equalyze/frontend/.next/dev/static/chunks/node_modules_next_dist_compiled_react-dom_058-ah~._.js:9551:58)
    at renderRootConcurrent (file:///Users/om/Projects/Google Solutions /Equalyze/frontend/.next/dev/static/chunks/node_modules_next_dist_compiled_react-dom_058-ah~._.js:9534:71)
    at performWorkOnRoot (file:///Users/om/Projects/Google Solutions /Equalyze/frontend/.next/dev/static/chunks/node_modules_next_dist_compiled_react-dom_058-ah~._.js:9061:150)
    at performWorkOnRootViaSchedulerTask (file:///Users/om/Projects/Google Solutions /Equalyze/frontend/.next/dev/static/chunks/node_modules_next_dist_compiled_react-dom_058-ah~._.js:10255:9)
    at MessagePort.performWorkUntilDeadline (file:///Users/om/Projects/Google Solutions /Equalyze/frontend/.next/dev/static/chunks/node_modules_next_dist_compiled_0rpq4pf._.js:2647:64) (file:///Users/om/Projects/Google Solutions /Equalyze/frontend/.next/dev/static/chunks/node_modules_next_dist_compiled_react-dom_058-ah~._.js:3439:25)
 GET /dashboard 200 in 98ms (next.js: 79ms, application-code: 19ms)
 GET /login 200 in 82ms (next.js: 41ms, application-code: 41ms)
 GET /login 200 in 28ms (next.js: 4ms, application-code: 24ms)
Failed to proxy http://localhost:8000/api/v1/auth/demo-login Error: read ECONNRESET
    at ignore-listed frames {
  errno: -54,
  code: 'ECONNRESET',
  syscall: 'read'
}
Error: read ECONNRESET
    at ignore-listed frames {
  errno: -54,
  code: 'ECONNRESET',
  syscall: 'read'
}
Failed to proxy http://localhost:8000/api/v1/auth/demo-login Error: read ECONNRESET
    at ignore-listed frames {
  errno: -54,
  code: 'ECONNRESET',
  syscall: 'read'
}
Error: read ECONNRESET
    at ignore-listed frames {
  errno: -54,
  code: 'ECONNRESET',
  syscall: 'read'
}
Failed to proxy http://localhost:8000/api/v1/auth/demo-login Error: read ECONNRESET
    at ignore-listed frames {
  errno: -54,
  code: 'ECONNRESET',
  syscall: 'read'
}
Error: read ECONNRESET
    at ignore-listed frames {
  errno: -54,
  code: 'ECONNRESET',
  syscall: 'read'
}
✓ Compiled in 200ms
⚠ Fast Refresh had to perform a full reload when ./lib/auth-context.tsx changed. Read more: https://nextjs.org/docs/messages/fast-refresh-reload
 GET /login 200 in 210ms (next.js: 29ms, application-code: 181ms)
[browser] A tree hydrated but some attributes of the server rendered HTML didn't match the client properties. This won't be patched up. This can happen if a SSR-ed Client Component used:

- A server/client branch `if (typeof window !== 'undefined')`.
- Variable input such as `Date.now()` or `Math.random()` which changes each time it's called.
- Date formatting in a user's locale which doesn't match the server.
- External changing data without sending a snapshot of it along with the HTML.
- Invalid HTML tag nesting.

It can also happen if the client has a browser extension installed which messes with the HTML before React loaded.

https://react.dev/link/hydration-mismatch

  ...
    <HotReload globalError={[...]} webSocket={WebSocket} staticIndicatorState={{pathname:null, ...}}>
      <AppDevOverlayErrorBoundary globalError={[...]}>
        <ReplaySsrOnlyErrors>
        <DevRootHTTPAccessFallbackBoundary>
          <HTTPAccessFallbackBoundary notFound={<NotAllowedRootHTTPFallbackError>}>
            <HTTPAccessFallbackErrorBoundary pathname="/login" notFound={<NotAllowedRootHTTPFallbackError>} ...>
              <RedirectBoundary>
                <RedirectErrorBoundary router={{...}}>
                  <Head>
                  <__next_root_layout_boundary__>
                    <SegmentViewNode type="layout" pagePath="layout.tsx">
                      <SegmentTrieNode>
                      <link>
                      <script>
                      <script>
                      <script>
                      <script>
                      <script>
                      <script>
                      <script>
                      <RootLayout>
                        <html
                          lang="en"
                          data-scroll-behavior="smooth"
-                         data-arp=""
-                         webcrx=""
                        >
                  ...
 
    at <unknown> (file:///Users/om/Projects/Google Solutions /Equalyze/frontend/.next/dev/static/chunks/node_modules_next_dist_compiled_react-dom_058-ah~._.js:3439:25)
    at runWithFiberInDEV (file:///Users/om/Projects/Google Solutions /Equalyze/frontend/.next/dev/static/chunks/node_modules_next_dist_compiled_react-dom_058-ah~._.js:965:74)
    at emitPendingHydrationWarnings (file:///Users/om/Projects/Google Solutions /Equalyze/frontend/.next/dev/static/chunks/node_modules_next_dist_compiled_react-dom_058-ah~._.js:3438:13)
    at completeWork (file:///Users/om/Projects/Google Solutions /Equalyze/frontend/.next/dev/static/chunks/node_modules_next_dist_compiled_react-dom_058-ah~._.js:6885:102)
    at runWithFiberInDEV (file:///Users/om/Projects/Google Solutions /Equalyze/frontend/.next/dev/static/chunks/node_modules_next_dist_compiled_react-dom_058-ah~._.js:965:131)
    at completeUnitOfWork (file:///Users/om/Projects/Google Solutions /Equalyze/frontend/.next/dev/static/chunks/node_modules_next_dist_compiled_react-dom_058-ah~._.js:9622:23)
    at performUnitOfWork (file:///Users/om/Projects/Google Solutions /Equalyze/frontend/.next/dev/static/chunks/node_modules_next_dist_compiled_react-dom_058-ah~._.js:9557:28)
    at workLoopConcurrentByScheduler (file:///Users/om/Projects/Google Solutions /Equalyze/frontend/.next/dev/static/chunks/node_modules_next_dist_compiled_react-dom_058-ah~._.js:9551:58)
    at renderRootConcurrent (file:///Users/om/Projects/Google Solutions /Equalyze/frontend/.next/dev/static/chunks/node_modules_next_dist_compiled_react-dom_058-ah~._.js:9534:71)
    at performWorkOnRoot (file:///Users/om/Projects/Google Solutions /Equalyze/frontend/.next/dev/static/chunks/node_modules_next_dist_compiled_react-dom_058-ah~._.js:9061:150)
    at performWorkOnRootViaSchedulerTask (file:///Users/om/Projects/Google Solutions /Equalyze/frontend/.next/dev/static/chunks/node_modules_next_dist_compiled_react-dom_058-ah~._.js:10255:9)
    at MessagePort.performWorkUntilDeadline (file:///Users/om/Projects/Google Solutions /Equalyze/frontend/.next/dev/static/chunks/node_modules_next_dist_compiled_0rpq4pf._.js:2647:64) (file:///Users/om/Projects/Google Solutions /Equalyze/frontend/.next/dev/static/chunks/node_modules_next_dist_compiled_react-dom_058-ah~._.js:3439:25)
 GET /login 200 in 160ms (next.js: 44ms, application-code: 116ms)
[browser] A tree hydrated but some attributes of the server rendered HTML didn't match the client properties. This won't be patched up. This can happen if a SSR-ed Client Component used:

- A server/client branch `if (typeof window !== 'undefined')`.
- Variable input such as `Date.now()` or `Math.random()` which changes each time it's called.
- Date formatting in a user's locale which doesn't match the server.
- External changing data without sending a snapshot of it along with the HTML.
- Invalid HTML tag nesting.

It can also happen if the client has a browser extension installed which messes with the HTML before React loaded.

https://react.dev/link/hydration-mismatch

  ...
    <HotReload globalError={[...]} webSocket={WebSocket} staticIndicatorState={{pathname:null, ...}}>
      <AppDevOverlayErrorBoundary globalError={[...]}>
        <ReplaySsrOnlyErrors>
        <DevRootHTTPAccessFallbackBoundary>
          <HTTPAccessFallbackBoundary notFound={<NotAllowedRootHTTPFallbackError>}>
            <HTTPAccessFallbackErrorBoundary pathname="/login" notFound={<NotAllowedRootHTTPFallbackError>} ...>
              <RedirectBoundary>
                <RedirectErrorBoundary router={{...}}>
                  <Head>
                  <__next_root_layout_boundary__>
                    <SegmentViewNode type="layout" pagePath="layout.tsx">
                      <SegmentTrieNode>
                      <link>
                      <script>
                      <script>
                      <script>
                      <script>
                      <script>
                      <script>
                      <script>
                      <RootLayout>
                        <html
                          lang="en"
                          data-scroll-behavior="smooth"
-                         data-arp=""
-                         webcrx=""
                        >
                  ...
 
    at <unknown> (file:///Users/om/Projects/Google Solutions /Equalyze/frontend/.next/dev/static/chunks/node_modules_next_dist_compiled_react-dom_058-ah~._.js:3439:25)
    at runWithFiberInDEV (file:///Users/om/Projects/Google Solutions /Equalyze/frontend/.next/dev/static/chunks/node_modules_next_dist_compiled_react-dom_058-ah~._.js:965:74)
    at emitPendingHydrationWarnings (file:///Users/om/Projects/Google Solutions /Equalyze/frontend/.next/dev/static/chunks/node_modules_next_dist_compiled_react-dom_058-ah~._.js:3438:13)
    at completeWork (file:///Users/om/Projects/Google Solutions /Equalyze/frontend/.next/dev/static/chunks/node_modules_next_dist_compiled_react-dom_058-ah~._.js:6885:102)
    at runWithFiberInDEV (file:///Users/om/Projects/Google Solutions /Equalyze/frontend/.next/dev/static/chunks/node_modules_next_dist_compiled_react-dom_058-ah~._.js:965:131)
    at completeUnitOfWork (file:///Users/om/Projects/Google Solutions /Equalyze/frontend/.next/dev/static/chunks/node_modules_next_dist_compiled_react-dom_058-ah~._.js:9622:23)
    at performUnitOfWork (file:///Users/om/Projects/Google Solutions /Equalyze/frontend/.next/dev/static/chunks/node_modules_next_dist_compiled_react-dom_058-ah~._.js:9557:28)
    at workLoopConcurrentByScheduler (file:///Users/om/Projects/Google Solutions /Equalyze/frontend/.next/dev/static/chunks/node_modules_next_dist_compiled_react-dom_058-ah~._.js:9551:58)
    at renderRootConcurrent (file:///Users/om/Projects/Google Solutions /Equalyze/frontend/.next/dev/static/chunks/node_modules_next_dist_compiled_react-dom_058-ah~._.js:9534:71)
    at performWorkOnRoot (file:///Users/om/Projects/Google Solutions /Equalyze/frontend/.next/dev/static/chunks/node_modules_next_dist_compiled_react-dom_058-ah~._.js:9061:150)
    at performWorkOnRootViaSchedulerTask (file:///Users/om/Projects/Google Solutions /Equalyze/frontend/.next/dev/static/chunks/node_modules_next_dist_compiled_react-dom_058-ah~._.js:10255:9)
    at MessagePort.performWorkUntilDeadline (file:///Users/om/Projects/Google Solutions /Equalyze/frontend/.next/dev/static/chunks/node_modules_next_dist_compiled_0rpq4pf._.js:2647:64) (file:///Users/om/Projects/Google Solutions /Equalyze/frontend/.next/dev/static/chunks/node_modules_next_dist_compiled_react-dom_058-ah~._.js:3439:25)
 GET / 200 in 118ms (next.js: 47ms, application-code: 71ms)
[browser] A tree hydrated but some attributes of the server rendered HTML didn't match the client properties. This won't be patched up. This can happen if a SSR-ed Client Component used:

- A server/client branch `if (typeof window !== 'undefined')`.
- Variable input such as `Date.now()` or `Math.random()` which changes each time it's called.
- Date formatting in a user's locale which doesn't match the server.
- External changing data without sending a snapshot of it along with the HTML.
- Invalid HTML tag nesting.

It can also happen if the client has a browser extension installed which messes with the HTML before React loaded.

https://react.dev/link/hydration-mismatch

  ...
    <HotReload globalError={[...]} webSocket={WebSocket} staticIndicatorState={{pathname:null, ...}}>
      <AppDevOverlayErrorBoundary globalError={[...]}>
        <ReplaySsrOnlyErrors>
        <DevRootHTTPAccessFallbackBoundary>
          <HTTPAccessFallbackBoundary notFound={<NotAllowedRootHTTPFallbackError>}>
            <HTTPAccessFallbackErrorBoundary pathname="/" notFound={<NotAllowedRootHTTPFallbackError>} ...>
              <RedirectBoundary>
                <RedirectErrorBoundary router={{...}}>
                  <Head>
                  <__next_root_layout_boundary__>
                    <SegmentViewNode type="layout" pagePath="layout.tsx">
                      <SegmentTrieNode>
                      <link>
                      <script>
                      <script>
                      <script>
                      <script>
                      <script>
                      <script>
                      <script>
                      <RootLayout>
                        <html
                          lang="en"
                          data-scroll-behavior="smooth"
-                         data-arp=""
-                         webcrx=""
                        >
                  ...
 
    at <unknown> (file:///Users/om/Projects/Google Solutions /Equalyze/frontend/.next/dev/static/chunks/node_modules_next_dist_compiled_react-dom_058-ah~._.js:3439:25)
    at runWithFiberInDEV (file:///Users/om/Projects/Google Solutions /Equalyze/frontend/.next/dev/static/chunks/node_modules_next_dist_compiled_react-dom_058-ah~._.js:965:74)
    at emitPendingHydrationWarnings (file:///Users/om/Projects/Google Solutions /Equalyze/frontend/.next/dev/static/chunks/node_modules_next_dist_compiled_react-dom_058-ah~._.js:3438:13)
    at completeWork (file:///Users/om/Projects/Google Solutions /Equalyze/frontend/.next/dev/static/chunks/node_modules_next_dist_compiled_react-dom_058-ah~._.js:6885:102)
    at runWithFiberInDEV (file:///Users/om/Projects/Google Solutions /Equalyze/frontend/.next/dev/static/chunks/node_modules_next_dist_compiled_react-dom_058-ah~._.js:965:131)
    at completeUnitOfWork (file:///Users/om/Projects/Google Solutions /Equalyze/frontend/.next/dev/static/chunks/node_modules_next_dist_compiled_react-dom_058-ah~._.js:9622:23)
    at performUnitOfWork (file:///Users/om/Projects/Google Solutions /Equalyze/frontend/.next/dev/static/chunks/node_modules_next_dist_compiled_react-dom_058-ah~._.js:9557:28)
    at workLoopConcurrentByScheduler (file:///Users/om/Projects/Google Solutions /Equalyze/frontend/.next/dev/static/chunks/node_modules_next_dist_compiled_react-dom_058-ah~._.js:9551:58)
    at renderRootConcurrent (file:///Users/om/Projects/Google Solutions /Equalyze/frontend/.next/dev/static/chunks/node_modules_next_dist_compiled_react-dom_058-ah~._.js:9534:71)
    at performWorkOnRoot (file:///Users/om/Projects/Google Solutions /Equalyze/frontend/.next/dev/static/chunks/node_modules_next_dist_compiled_react-dom_058-ah~._.js:9061:150)
    at performWorkOnRootViaSchedulerTask (file:///Users/om/Projects/Google Solutions /Equalyze/frontend/.next/dev/static/chunks/node_modules_next_dist_compiled_react-dom_058-ah~._.js:10255:9)
    at MessagePort.performWorkUntilDeadline (file:///Users/om/Projects/Google Solutions /Equalyze/frontend/.next/dev/static/chunks/node_modules_next_dist_compiled_0rpq4pf._.js:2647:64) (file:///Users/om/Projects/Google Solutions /Equalyze/frontend/.next/dev/static/chunks/node_modules_next_dist_compiled_react-dom_058-ah~._.js:3439:25)
 GET /dashboard 200 in 64ms (next.js: 29ms, application-code: 34ms)
 GET /login 200 in 43ms (next.js: 3ms, application-code: 39ms)
 GET /login 200 in 24ms (next.js: 3ms, application-code: 22ms)
Failed to proxy http://localhost:8000/api/v1/auth/demo-login Error: read ECONNRESET
    at ignore-listed frames {
  errno: -54,
  code: 'ECONNRESET',
  syscall: 'read'
}
Error: read ECONNRESET
    at ignore-listed frames {
  errno: -54,
  code: 'ECONNRESET',
  syscall: 'read'
}
Failed to proxy http://localhost:8000/api/v1/auth/demo-login Error: read ECONNRESET
    at ignore-listed frames {
  errno: -54,
  code: 'ECONNRESET',
  syscall: 'read'
}
Error: read ECONNRESET
    at ignore-listed frames {
  errno: -54,
  code: 'ECONNRESET',
  syscall: 'read'
}
 GET /login 200 in 242ms (next.js: 47ms, application-code: 195ms)
[browser] A tree hydrated but some attributes of the server rendered HTML didn't match the client properties. This won't be patched up. This can happen if a SSR-ed Client Component used:

- A server/client branch `if (typeof window !== 'undefined')`.
- Variable input such as `Date.now()` or `Math.random()` which changes each time it's called.
- Date formatting in a user's locale which doesn't match the server.
- External changing data without sending a snapshot of it along with the HTML.
- Invalid HTML tag nesting.

It can also happen if the client has a browser extension installed which messes with the HTML before React loaded.

https://react.dev/link/hydration-mismatch

  ...
    <HotReload globalError={[...]} webSocket={WebSocket} staticIndicatorState={{pathname:null, ...}}>
      <AppDevOverlayErrorBoundary globalError={[...]}>
        <ReplaySsrOnlyErrors>
        <DevRootHTTPAccessFallbackBoundary>
          <HTTPAccessFallbackBoundary notFound={<NotAllowedRootHTTPFallbackError>}>
            <HTTPAccessFallbackErrorBoundary pathname="/login" notFound={<NotAllowedRootHTTPFallbackError>} ...>
              <RedirectBoundary>
                <RedirectErrorBoundary router={{...}}>
                  <Head>
                  <__next_root_layout_boundary__>
                    <SegmentViewNode type="layout" pagePath="layout.tsx">
                      <SegmentTrieNode>
                      <link>
                      <script>
                      <script>
                      <script>
                      <script>
                      <script>
                      <script>
                      <script>
                      <RootLayout>
                        <html
                          lang="en"
                          data-scroll-behavior="smooth"
-                         data-arp=""
-                         webcrx=""
                        >
                  ...
 
    at <unknown> (file:///Users/om/Projects/Google Solutions /Equalyze/frontend/.next/dev/static/chunks/node_modules_next_dist_compiled_react-dom_058-ah~._.js:3439:25)
    at runWithFiberInDEV (file:///Users/om/Projects/Google Solutions /Equalyze/frontend/.next/dev/static/chunks/node_modules_next_dist_compiled_react-dom_058-ah~._.js:965:74)
    at emitPendingHydrationWarnings (file:///Users/om/Projects/Google Solutions /Equalyze/frontend/.next/dev/static/chunks/node_modules_next_dist_compiled_react-dom_058-ah~._.js:3438:13)
    at completeWork (file:///Users/om/Projects/Google Solutions /Equalyze/frontend/.next/dev/static/chunks/node_modules_next_dist_compiled_react-dom_058-ah~._.js:6885:102)
    at runWithFiberInDEV (file:///Users/om/Projects/Google Solutions /Equalyze/frontend/.next/dev/static/chunks/node_modules_next_dist_compiled_react-dom_058-ah~._.js:965:131)
    at completeUnitOfWork (file:///Users/om/Projects/Google Solutions /Equalyze/frontend/.next/dev/static/chunks/node_modules_next_dist_compiled_react-dom_058-ah~._.js:9622:23)
    at performUnitOfWork (file:///Users/om/Projects/Google Solutions /Equalyze/frontend/.next/dev/static/chunks/node_modules_next_dist_compiled_react-dom_058-ah~._.js:9557:28)
    at workLoopConcurrentByScheduler (file:///Users/om/Projects/Google Solutions /Equalyze/frontend/.next/dev/static/chunks/node_modules_next_dist_compiled_react-dom_058-ah~._.js:9551:58)
    at renderRootConcurrent (file:///Users/om/Projects/Google Solutions /Equalyze/frontend/.next/dev/static/chunks/node_modules_next_dist_compiled_react-dom_058-ah~._.js:9534:71)
    at performWorkOnRoot (file:///Users/om/Projects/Google Solutions /Equalyze/frontend/.next/dev/static/chunks/node_modules_next_dist_compiled_react-dom_058-ah~._.js:9061:150)
    at performWorkOnRootViaSchedulerTask (file:///Users/om/Projects/Google Solutions /Equalyze/frontend/.next/dev/static/chunks/node_modules_next_dist_compiled_react-dom_058-ah~._.js:10255:9)
    at MessagePort.performWorkUntilDeadline (file:///Users/om/Projects/Google Solutions /Equalyze/frontend/.next/dev/static/chunks/node_modules_next_dist_compiled_0rpq4pf._.js:2647:64) (file:///Users/om/Projects/Google Solutions /Equalyze/frontend/.next/dev/static/chunks/node_modules_next_dist_compiled_react-dom_058-ah~._.js:3439:25)
 GET /dashboard 200 in 53ms (next.js: 15ms, application-code: 38ms)
 GET /login 200 in 60ms (next.js: 15ms, application-code: 45ms)
 GET /login 200 in 18ms (next.js: 1780µs, application-code: 16ms)
 GET /dashboard 200 in 32ms (next.js: 5ms, application-code: 26ms)
 GET /login 200 in 49ms (next.js: 6ms, application-code: 43ms)
 GET /login 200 in 21ms (next.js: 2ms, application-code: 19ms)
 GET /dashboard 200 in 31ms (next.js: 7ms, application-code: 24ms)
○ Compiling /dashboard/audits/[audit_id] ...
 GET /dashboard/audits/f44c463d-c62f-4c07-bde2-1fbd9c07c6a1 200 in 5.0s (next.js: 4.9s, application-code: 83ms)
 GET /dashboard/audits/701a9640-5b99-4323-aba6-0907d04b986f 200 in 1808ms (next.js: 1724ms, application-code: 84ms)
 GET /dashboard/audits/701a9640-5b99-4323-aba6-0907d04b986f 200 in 67ms (next.js: 23ms, application-code: 44ms)
 GET /dashboard/audits/f44c463d-c62f-4c07-bde2-1fbd9c07c6a1 200 in 69ms (next.js: 6ms, application-code: 63ms)
 GET /dashboard/audits/f44c463d-c62f-4c07-bde2-1fbd9c07c6a1 200 in 59ms (next.js: 2ms, application-code: 56ms)
 GET /dashboard/audits/f44c463d-c62f-4c07-bde2-1fbd9c07c6a1 200 in 72ms (next.js: 3ms, application-code: 69ms)
 GET /dashboard/audits/f44c463d-c62f-4c07-bde2-1fbd9c07c6a1 200 in 91ms (next.js: 4ms, application-code: 87ms)
 GET /dashboard/audits/f44c463d-c62f-4c07-bde2-1fbd9c07c6a1 200 in 35ms (next.js: 5ms, application-code: 30ms)
 GET /login 200 in 46ms (next.js: 8ms, application-code: 38ms)
 GET /login 200 in 18ms (next.js: 1615µs, application-code: 16ms)
 GET /dashboard 200 in 25ms (next.js: 6ms, application-code: 19ms)
 GET /dashboard/audits/f44c463d-c62f-4c07-bde2-1fbd9c07c6a1 200 in 47ms (next.js: 14ms, application-code: 33ms)
 GET /login 200 in 46ms (next.js: 4ms, application-code: 41ms)
 GET /login 200 in 14ms (next.js: 1892µs, application-code: 12ms)
 GET /dashboard 200 in 39ms (next.js: 22ms, application-code: 18ms)
 GET /dashboard/audits/f44c463d-c62f-4c07-bde2-1fbd9c07c6a1 200 in 28ms (next.js: 8ms, application-code: 20ms)
⚠ Found a change in next.config.ts. Restarting the server to apply the changes...
▲ Next.js 16.2.3 (Turbopack)
- Local:         http://localhost:3000
- Network:       http://192.168.0.109:3000
- Environments: .env.local
✓ Ready in 634ms

 GET /dashboard/audits/f44c463d-c62f-4c07-bde2-1fbd9c07c6a1 200 in 1764ms (next.js: 1429ms, application-code: 336ms)
[browser] A tree hydrated but some attributes of the server rendered HTML didn't match the client properties. This won't be patched up. This can happen if a SSR-ed Client Component used:

- A server/client branch `if (typeof window !== 'undefined')`.
- Variable input such as `Date.now()` or `Math.random()` which changes each time it's called.
- Date formatting in a user's locale which doesn't match the server.
- External changing data without sending a snapshot of it along with the HTML.
- Invalid HTML tag nesting.

It can also happen if the client has a browser extension installed which messes with the HTML before React loaded.

https://react.dev/link/hydration-mismatch

  ...
    <HotReload globalError={[...]} webSocket={WebSocket} staticIndicatorState={{pathname:null, ...}}>
      <AppDevOverlayErrorBoundary globalError={[...]}>
        <ReplaySsrOnlyErrors>
        <DevRootHTTPAccessFallbackBoundary>
          <HTTPAccessFallbackBoundary notFound={<NotAllowedRootHTTPFallbackError>}>
            <HTTPAccessFallbackErrorBoundary pathname="/dashboard..." notFound={<NotAllowedRootHTTPFallbackError>} ...>
              <RedirectBoundary>
                <RedirectErrorBoundary router={{...}}>
                  <Head>
                  <__next_root_layout_boundary__>
                    <SegmentViewNode type="layout" pagePath="layout.tsx">
                      <SegmentTrieNode>
                      <link>
                      <script>
                      <script>
                      <script>
                      <script>
                      <script>
                      <script>
                      <script>
                      <RootLayout>
                        <html
                          lang="en"
                          data-scroll-behavior="smooth"
-                         data-arp=""
-                         webcrx=""
                        >
                  ...
 
    at <unknown> (file:///Users/om/Projects/Google Solutions /Equalyze/frontend/.next/dev/static/chunks/node_modules_next_dist_compiled_react-dom_058-ah~._.js:3439:25)
    at runWithFiberInDEV (file:///Users/om/Projects/Google Solutions /Equalyze/frontend/.next/dev/static/chunks/node_modules_next_dist_compiled_react-dom_058-ah~._.js:965:74)
    at emitPendingHydrationWarnings (file:///Users/om/Projects/Google Solutions /Equalyze/frontend/.next/dev/static/chunks/node_modules_next_dist_compiled_react-dom_058-ah~._.js:3438:13)
    at completeWork (file:///Users/om/Projects/Google Solutions /Equalyze/frontend/.next/dev/static/chunks/node_modules_next_dist_compiled_react-dom_058-ah~._.js:6885:102)
    at runWithFiberInDEV (file:///Users/om/Projects/Google Solutions /Equalyze/frontend/.next/dev/static/chunks/node_modules_next_dist_compiled_react-dom_058-ah~._.js:965:131)
    at completeUnitOfWork (file:///Users/om/Projects/Google Solutions /Equalyze/frontend/.next/dev/static/chunks/node_modules_next_dist_compiled_react-dom_058-ah~._.js:9622:23)
    at performUnitOfWork (file:///Users/om/Projects/Google Solutions /Equalyze/frontend/.next/dev/static/chunks/node_modules_next_dist_compiled_react-dom_058-ah~._.js:9557:28)
    at workLoopConcurrentByScheduler (file:///Users/om/Projects/Google Solutions /Equalyze/frontend/.next/dev/static/chunks/node_modules_next_dist_compiled_react-dom_058-ah~._.js:9551:58)
    at renderRootConcurrent (file:///Users/om/Projects/Google Solutions /Equalyze/frontend/.next/dev/static/chunks/node_modules_next_dist_compiled_react-dom_058-ah~._.js:9534:71)
    at performWorkOnRoot (file:///Users/om/Projects/Google Solutions /Equalyze/frontend/.next/dev/static/chunks/node_modules_next_dist_compiled_react-dom_058-ah~._.js:9061:150)
    at performWorkOnRootViaSchedulerTask (file:///Users/om/Projects/Google Solutions /Equalyze/frontend/.next/dev/static/chunks/node_modules_next_dist_compiled_react-dom_058-ah~._.js:10255:9)
    at MessagePort.performWorkUntilDeadline (file:///Users/om/Projects/Google Solutions /Equalyze/frontend/.next/dev/static/chunks/node_modules_next_dist_compiled_0rpq4pf._.js:2647:64) (file:///Users/om/Projects/Google Solutions /Equalyze/frontend/.next/dev/static/chunks/node_modules_next_dist_compiled_react-dom_058-ah~._.js:3439:25)
 GET /login 200 in 386ms (next.js: 285ms, application-code: 101ms)
 GET /login 200 in 36ms (next.js: 10ms, application-code: 26ms)
 GET /login 200 in 221ms (next.js: 37ms, application-code: 184ms)
[browser] A tree hydrated but some attributes of the server rendered HTML didn't match the client properties. This won't be patched up. This can happen if a SSR-ed Client Component used:

- A server/client branch `if (typeof window !== 'undefined')`.
- Variable input such as `Date.now()` or `Math.random()` which changes each time it's called.
- Date formatting in a user's locale which doesn't match the server.
- External changing data without sending a snapshot of it along with the HTML.
- Invalid HTML tag nesting.

It can also happen if the client has a browser extension installed which messes with the HTML before React loaded.

https://react.dev/link/hydration-mismatch

  ...
    <HotReload globalError={[...]} webSocket={WebSocket} staticIndicatorState={{pathname:null, ...}}>
      <AppDevOverlayErrorBoundary globalError={[...]}>
        <ReplaySsrOnlyErrors>
        <DevRootHTTPAccessFallbackBoundary>
          <HTTPAccessFallbackBoundary notFound={<NotAllowedRootHTTPFallbackError>}>
            <HTTPAccessFallbackErrorBoundary pathname="/login" notFound={<NotAllowedRootHTTPFallbackError>} ...>
              <RedirectBoundary>
                <RedirectErrorBoundary router={{...}}>
                  <Head>
                  <__next_root_layout_boundary__>
                    <SegmentViewNode type="layout" pagePath="layout.tsx">
                      <SegmentTrieNode>
                      <link>
                      <script>
                      <script>
                      <script>
                      <script>
                      <script>
                      <script>
                      <script>
                      <RootLayout>
                        <html
                          lang="en"
                          data-scroll-behavior="smooth"
-                         data-arp=""
-                         webcrx=""
                        >
                  ...
 
    at <unknown> (file:///Users/om/Projects/Google Solutions /Equalyze/frontend/.next/dev/static/chunks/node_modules_next_dist_compiled_react-dom_058-ah~._.js:3439:25)
    at runWithFiberInDEV (file:///Users/om/Projects/Google Solutions /Equalyze/frontend/.next/dev/static/chunks/node_modules_next_dist_compiled_react-dom_058-ah~._.js:965:74)
    at emitPendingHydrationWarnings (file:///Users/om/Projects/Google Solutions /Equalyze/frontend/.next/dev/static/chunks/node_modules_next_dist_compiled_react-dom_058-ah~._.js:3438:13)
    at completeWork (file:///Users/om/Projects/Google Solutions /Equalyze/frontend/.next/dev/static/chunks/node_modules_next_dist_compiled_react-dom_058-ah~._.js:6885:102)
    at runWithFiberInDEV (file:///Users/om/Projects/Google Solutions /Equalyze/frontend/.next/dev/static/chunks/node_modules_next_dist_compiled_react-dom_058-ah~._.js:965:131)
    at completeUnitOfWork (file:///Users/om/Projects/Google Solutions /Equalyze/frontend/.next/dev/static/chunks/node_modules_next_dist_compiled_react-dom_058-ah~._.js:9622:23)
    at performUnitOfWork (file:///Users/om/Projects/Google Solutions /Equalyze/frontend/.next/dev/static/chunks/node_modules_next_dist_compiled_react-dom_058-ah~._.js:9557:28)
    at workLoopConcurrentByScheduler (file:///Users/om/Projects/Google Solutions /Equalyze/frontend/.next/dev/static/chunks/node_modules_next_dist_compiled_react-dom_058-ah~._.js:9551:58)
    at renderRootConcurrent (file:///Users/om/Projects/Google Solutions /Equalyze/frontend/.next/dev/static/chunks/node_modules_next_dist_compiled_react-dom_058-ah~._.js:9534:71)
    at performWorkOnRoot (file:///Users/om/Projects/Google Solutions /Equalyze/frontend/.next/dev/static/chunks/node_modules_next_dist_compiled_react-dom_058-ah~._.js:9061:150)
    at performWorkOnRootViaSchedulerTask (file:///Users/om/Projects/Google Solutions /Equalyze/frontend/.next/dev/static/chunks/node_modules_next_dist_compiled_react-dom_058-ah~._.js:10255:9)
    at MessagePort.performWorkUntilDeadline (file:///Users/om/Projects/Google Solutions /Equalyze/frontend/.next/dev/static/chunks/node_modules_next_dist_compiled_0rpq4pf._.js:2647:64) (file:///Users/om/Projects/Google Solutions /Equalyze/frontend/.next/dev/static/chunks/node_modules_next_dist_compiled_react-dom_058-ah~._.js:3439:25)
 GET /dashboard 200 in 273ms (next.js: 214ms, application-code: 59ms)
 GET /dashboard/audits/f44c463d-c62f-4c07-bde2-1fbd9c07c6a1 200 in 49ms (next.js: 21ms, application-code: 28ms)
 GET /login 200 in 66ms (next.js: 13ms, application-code: 53ms)
 GET /login 200 in 25ms (next.js: 2ms, application-code: 22ms)
 GET /dashboard 200 in 36ms (next.js: 8ms, application-code: 29ms)
 GET /dashboard/audits/f44c463d-c62f-4c07-bde2-1fbd9c07c6a1 200 in 28ms (next.js: 10ms, application-code: 19ms)
 GET /dashboard/audits 200 in 215ms (next.js: 176ms, application-code: 39ms)
 GET /dashboard/audits/701a9640-5b99-4323-aba6-0907d04b986f 200 in 98ms (next.js: 37ms, application-code: 62ms)
[browser] A tree hydrated but some attributes of the server rendered HTML didn't match the client properties. This won't be patched up. This can happen if a SSR-ed Client Component used:

- A server/client branch `if (typeof window !== 'undefined')`.
- Variable input such as `Date.now()` or `Math.random()` which changes each time it's called.
- Date formatting in a user's locale which doesn't match the server.
- External changing data without sending a snapshot of it along with the HTML.
- Invalid HTML tag nesting.

It can also happen if the client has a browser extension installed which messes with the HTML before React loaded.

https://react.dev/link/hydration-mismatch

  ...
    <HotReload globalError={[...]} webSocket={WebSocket} staticIndicatorState={{pathname:null, ...}}>
      <AppDevOverlayErrorBoundary globalError={[...]}>
        <ReplaySsrOnlyErrors>
        <DevRootHTTPAccessFallbackBoundary>
          <HTTPAccessFallbackBoundary notFound={<NotAllowedRootHTTPFallbackError>}>
            <HTTPAccessFallbackErrorBoundary pathname="/dashboard..." notFound={<NotAllowedRootHTTPFallbackError>} ...>
              <RedirectBoundary>
                <RedirectErrorBoundary router={{...}}>
                  <Head>
                  <__next_root_layout_boundary__>
                    <SegmentViewNode type="layout" pagePath="layout.tsx">
                      <SegmentTrieNode>
                      <link>
                      <script>
                      <script>
                      <script>
                      <script>
                      <script>
                      <script>
                      <script>
                      <RootLayout>
                        <html
                          lang="en"
                          data-scroll-behavior="smooth"
-                         data-arp=""
                        >
                  ...
 
    at <unknown> (file:///Users/om/Projects/Google Solutions /Equalyze/frontend/.next/dev/static/chunks/node_modules_next_dist_compiled_react-dom_058-ah~._.js:3439:25)
    at runWithFiberInDEV (file:///Users/om/Projects/Google Solutions /Equalyze/frontend/.next/dev/static/chunks/node_modules_next_dist_compiled_react-dom_058-ah~._.js:965:74)
    at emitPendingHydrationWarnings (file:///Users/om/Projects/Google Solutions /Equalyze/frontend/.next/dev/static/chunks/node_modules_next_dist_compiled_react-dom_058-ah~._.js:3438:13)
    at completeWork (file:///Users/om/Projects/Google Solutions /Equalyze/frontend/.next/dev/static/chunks/node_modules_next_dist_compiled_react-dom_058-ah~._.js:6885:102)
    at runWithFiberInDEV (file:///Users/om/Projects/Google Solutions /Equalyze/frontend/.next/dev/static/chunks/node_modules_next_dist_compiled_react-dom_058-ah~._.js:965:131)
    at completeUnitOfWork (file:///Users/om/Projects/Google Solutions /Equalyze/frontend/.next/dev/static/chunks/node_modules_next_dist_compiled_react-dom_058-ah~._.js:9622:23)
    at performUnitOfWork (file:///Users/om/Projects/Google Solutions /Equalyze/frontend/.next/dev/static/chunks/node_modules_next_dist_compiled_react-dom_058-ah~._.js:9557:28)
    at workLoopConcurrentByScheduler (file:///Users/om/Projects/Google Solutions /Equalyze/frontend/.next/dev/static/chunks/node_modules_next_dist_compiled_react-dom_058-ah~._.js:9551:58)
    at renderRootConcurrent (file:///Users/om/Projects/Google Solutions /Equalyze/frontend/.next/dev/static/chunks/node_modules_next_dist_compiled_react-dom_058-ah~._.js:9534:71)
    at performWorkOnRoot (file:///Users/om/Projects/Google Solutions /Equalyze/frontend/.next/dev/static/chunks/node_modules_next_dist_compiled_react-dom_058-ah~._.js:9061:150)
    at performWorkOnRootViaSchedulerTask (file:///Users/om/Projects/Google Solutions /Equalyze/frontend/.next/dev/static/chunks/node_modules_next_dist_compiled_react-dom_058-ah~._.js:10255:9)
    at MessagePort.performWorkUntilDeadline (file:///Users/om/Projects/Google Solutions /Equalyze/frontend/.next/dev/static/chunks/node_modules_next_dist_compiled_0rpq4pf._.js:2647:64) (file:///Users/om/Projects/Google Solutions /Equalyze/frontend/.next/dev/static/chunks/node_modules_next_dist_compiled_react-dom_058-ah~._.js:3439:25)
 GET /dashboard/audits 200 in 90ms (next.js: 9ms, application-code: 81ms)
[browser] A tree hydrated but some attributes of the server rendered HTML didn't match the client properties. This won't be patched up. This can happen if a SSR-ed Client Component used:

- A server/client branch `if (typeof window !== 'undefined')`.
- Variable input such as `Date.now()` or `Math.random()` which changes each time it's called.
- Date formatting in a user's locale which doesn't match the server.
- External changing data without sending a snapshot of it along with the HTML.
- Invalid HTML tag nesting.

It can also happen if the client has a browser extension installed which messes with the HTML before React loaded.

https://react.dev/link/hydration-mismatch

  ...
    <HotReload globalError={[...]} webSocket={WebSocket} staticIndicatorState={{pathname:null, ...}}>
      <AppDevOverlayErrorBoundary globalError={[...]}>
        <ReplaySsrOnlyErrors>
        <DevRootHTTPAccessFallbackBoundary>
          <HTTPAccessFallbackBoundary notFound={<NotAllowedRootHTTPFallbackError>}>
            <HTTPAccessFallbackErrorBoundary pathname="/dashboard..." notFound={<NotAllowedRootHTTPFallbackError>} ...>
              <RedirectBoundary>
                <RedirectErrorBoundary router={{...}}>
                  <Head>
                  <__next_root_layout_boundary__>
                    <SegmentViewNode type="layout" pagePath="layout.tsx">
                      <SegmentTrieNode>
                      <link>
                      <script>
                      <script>
                      <script>
                      <script>
                      <script>
                      <script>
                      <script>
                      <RootLayout>
                        <html
                          lang="en"
                          data-scroll-behavior="smooth"
-                         data-arp=""
-                         webcrx=""
                        >
                  ...
 
    at <unknown> (file:///Users/om/Projects/Google Solutions /Equalyze/frontend/.next/dev/static/chunks/node_modules_next_dist_compiled_react-dom_058-ah~._.js:3439:25)
    at runWithFiberInDEV (file:///Users/om/Projects/Google Solutions /Equalyze/frontend/.next/dev/static/chunks/node_modules_next_dist_compiled_react-dom_058-ah~._.js:965:74)
    at emitPendingHydrationWarnings (file:///Users/om/Projects/Google Solutions /Equalyze/frontend/.next/dev/static/chunks/node_modules_next_dist_compiled_react-dom_058-ah~._.js:3438:13)
    at completeWork (file:///Users/om/Projects/Google Solutions /Equalyze/frontend/.next/dev/static/chunks/node_modules_next_dist_compiled_react-dom_058-ah~._.js:6885:102)
    at runWithFiberInDEV (file:///Users/om/Projects/Google Solutions /Equalyze/frontend/.next/dev/static/chunks/node_modules_next_dist_compiled_react-dom_058-ah~._.js:965:131)
    at completeUnitOfWork (file:///Users/om/Projects/Google Solutions /Equalyze/frontend/.next/dev/static/chunks/node_modules_next_dist_compiled_react-dom_058-ah~._.js:9622:23)
    at performUnitOfWork (file:///Users/om/Projects/Google Solutions /Equalyze/frontend/.next/dev/static/chunks/node_modules_next_dist_compiled_react-dom_058-ah~._.js:9557:28)
    at workLoopConcurrentByScheduler (file:///Users/om/Projects/Google Solutions /Equalyze/frontend/.next/dev/static/chunks/node_modules_next_dist_compiled_react-dom_058-ah~._.js:9551:58)
    at renderRootConcurrent (file:///Users/om/Projects/Google Solutions /Equalyze/frontend/.next/dev/static/chunks/node_modules_next_dist_compiled_react-dom_058-ah~._.js:9534:71)
    at performWorkOnRoot (file:///Users/om/Projects/Google Solutions /Equalyze/frontend/.next/dev/static/chunks/node_modules_next_dist_compiled_react-dom_058-ah~._.js:9061:150)
    at performWorkOnRootViaSchedulerTask (file:///Users/om/Projects/Google Solutions /Equalyze/frontend/.next/dev/static/chunks/node_modules_next_dist_compiled_react-dom_058-ah~._.js:10255:9)
    at MessagePort.performWorkUntilDeadline (file:///Users/om/Projects/Google Solutions /Equalyze/frontend/.next/dev/static/chunks/node_modules_next_dist_compiled_0rpq4pf._.js:2647:64) (file:///Users/om/Projects/Google Solutions /Equalyze/frontend/.next/dev/static/chunks/node_modules_next_dist_compiled_react-dom_058-ah~._.js:3439:25)
 GET /dashboard 200 in 24ms (next.js: 5ms, application-code: 19ms)
 GET /dashboard/settings 200 in 126ms (next.js: 106ms, application-code: 19ms)
 GET /dashboard 200 in 32ms (next.js: 11ms, application-code: 21ms)
 GET /dashboard/audits/new 200 in 105ms (next.js: 80ms, application-code: 25ms)
 GET /dashboard 200 in 35ms (next.js: 12ms, application-code: 22ms)
✓ Compiled in 560ms
 GET /dashboard 500 in 405ms (next.js: 207ms, application-code: 199ms)
 GET /dashboard 500 in 10ms (next.js: 3ms, application-code: 7ms)
 GET /dashboard 500 in 21ms (next.js: 6ms, application-code: 15ms)
 GET /dashboard 500 in 13ms (next.js: 4ms, application-code: 9ms)
 GET /dashboard 500 in 14ms (next.js: 5ms, application-code: 10ms)
 GET /dashboard 500 in 12ms (next.js: 4ms, application-code: 8ms)
 GET /dashboard 500 in 19ms (next.js: 6ms, application-code: 13ms)
[browser] Uncaught Error: ./app/dashboard/audits/new/page.tsx:198:17
Expected ',', got '.'
  196 |           jurisdiction: ["india", "eu", "usa"],
  197 |         },
> 198 |       if (result.audit_id === "blocked") {
      |                 ^
  199 |         setLaunching(false);
  200 |         const issues = result.data_health?.issues || [];
  201 |         const reasons = issues.map((iss: any) => iss.message).join("\\n- ");

Parsing ecmascript source code failed


    at <unknown> (Error: ./app/dashboard/audits/new/page.tsx:198:17)
    at <unknown> (Error: (./app/dashboard/audits/new/page.tsx:198:17)
✓ Compiled in 326ms
 GET /dashboard 200 in 592ms (next.js: 152ms, application-code: 441ms)
[browser] A tree hydrated but some attributes of the server rendered HTML didn't match the client properties. This won't be patched up. This can happen if a SSR-ed Client Component used:

- A server/client branch `if (typeof window !== 'undefined')`.
- Variable input such as `Date.now()` or `Math.random()` which changes each time it's called.
- Date formatting in a user's locale which doesn't match the server.
- External changing data without sending a snapshot of it along with the HTML.
- Invalid HTML tag nesting.

It can also happen if the client has a browser extension installed which messes with the HTML before React loaded.

https://react.dev/link/hydration-mismatch

  ...
    <HotReload globalError={[...]} webSocket={WebSocket} staticIndicatorState={{pathname:null, ...}}>
      <AppDevOverlayErrorBoundary globalError={[...]}>
        <ReplaySsrOnlyErrors>
        <DevRootHTTPAccessFallbackBoundary>
          <HTTPAccessFallbackBoundary notFound={<NotAllowedRootHTTPFallbackError>}>
            <HTTPAccessFallbackErrorBoundary pathname="/dashboard" notFound={<NotAllowedRootHTTPFallbackError>} ...>
              <RedirectBoundary>
                <RedirectErrorBoundary router={{...}}>
                  <Head>
                  <__next_root_layout_boundary__>
                    <SegmentViewNode type="layout" pagePath="layout.tsx">
                      <SegmentTrieNode>
                      <link>
                      <script>
                      <script>
                      <script>
                      <script>
                      <script>
                      <script>
                      <script>
                      <RootLayout>
                        <html
                          lang="en"
                          data-scroll-behavior="smooth"
-                         data-arp=""
                        >
                  ...
 
    at <unknown> (file:///Users/om/Projects/Google Solutions /Equalyze/frontend/.next/dev/static/chunks/node_modules_next_dist_compiled_react-dom_058-ah~._.js:3439:25)
    at runWithFiberInDEV (file:///Users/om/Projects/Google Solutions /Equalyze/frontend/.next/dev/static/chunks/node_modules_next_dist_compiled_react-dom_058-ah~._.js:965:74)
    at emitPendingHydrationWarnings (file:///Users/om/Projects/Google Solutions /Equalyze/frontend/.next/dev/static/chunks/node_modules_next_dist_compiled_react-dom_058-ah~._.js:3438:13)
    at completeWork (file:///Users/om/Projects/Google Solutions /Equalyze/frontend/.next/dev/static/chunks/node_modules_next_dist_compiled_react-dom_058-ah~._.js:6885:102)
    at runWithFiberInDEV (file:///Users/om/Projects/Google Solutions /Equalyze/frontend/.next/dev/static/chunks/node_modules_next_dist_compiled_react-dom_058-ah~._.js:965:131)
    at completeUnitOfWork (file:///Users/om/Projects/Google Solutions /Equalyze/frontend/.next/dev/static/chunks/node_modules_next_dist_compiled_react-dom_058-ah~._.js:9622:23)
    at performUnitOfWork (file:///Users/om/Projects/Google Solutions /Equalyze/frontend/.next/dev/static/chunks/node_modules_next_dist_compiled_react-dom_058-ah~._.js:9557:28)
    at workLoopConcurrentByScheduler (file:///Users/om/Projects/Google Solutions /Equalyze/frontend/.next/dev/static/chunks/node_modules_next_dist_compiled_react-dom_058-ah~._.js:9551:58)
    at renderRootConcurrent (file:///Users/om/Projects/Google Solutions /Equalyze/frontend/.next/dev/static/chunks/node_modules_next_dist_compiled_react-dom_058-ah~._.js:9534:71)
    at performWorkOnRoot (file:///Users/om/Projects/Google Solutions /Equalyze/frontend/.next/dev/static/chunks/node_modules_next_dist_compiled_react-dom_058-ah~._.js:9061:150)
    at performWorkOnRootViaSchedulerTask (file:///Users/om/Projects/Google Solutions /Equalyze/frontend/.next/dev/static/chunks/node_modules_next_dist_compiled_react-dom_058-ah~._.js:10255:9)
    at MessagePort.performWorkUntilDeadline (file:///Users/om/Projects/Google Solutions /Equalyze/frontend/.next/dev/static/chunks/node_modules_next_dist_compiled_0rpq4pf._.js:2647:64) (file:///Users/om/Projects/Google Solutions /Equalyze/frontend/.next/dev/static/chunks/node_modules_next_dist_compiled_react-dom_058-ah~._.js:3439:25)
 GET /dashboard 200 in 107ms (next.js: 27ms, application-code: 80ms)
[browser] A tree hydrated but some attributes of the server rendered HTML didn't match the client properties. This won't be patched up. This can happen if a SSR-ed Client Component used:

- A server/client branch `if (typeof window !== 'undefined')`.
- Variable input such as `Date.now()` or `Math.random()` which changes each time it's called.
- Date formatting in a user's locale which doesn't match the server.
- External changing data without sending a snapshot of it along with the HTML.
- Invalid HTML tag nesting.

It can also happen if the client has a browser extension installed which messes with the HTML before React loaded.

https://react.dev/link/hydration-mismatch

  ...
    <HotReload globalError={[...]} webSocket={WebSocket} staticIndicatorState={{pathname:null, ...}}>
      <AppDevOverlayErrorBoundary globalError={[...]}>
        <ReplaySsrOnlyErrors>
        <DevRootHTTPAccessFallbackBoundary>
          <HTTPAccessFallbackBoundary notFound={<NotAllowedRootHTTPFallbackError>}>
            <HTTPAccessFallbackErrorBoundary pathname="/dashboard" notFound={<NotAllowedRootHTTPFallbackError>} ...>
              <RedirectBoundary>
                <RedirectErrorBoundary router={{...}}>
                  <Head>
                  <__next_root_layout_boundary__>
                    <SegmentViewNode type="layout" pagePath="layout.tsx">
                      <SegmentTrieNode>
                      <link>
                      <script>
                      <script>
                      <script>
                      <script>
                      <script>
                      <script>
                      <script>
                      <RootLayout>
                        <html
                          lang="en"
                          data-scroll-behavior="smooth"
-                         data-arp=""
                        >
                  ...
 
    at <unknown> (file:///Users/om/Projects/Google Solutions /Equalyze/frontend/.next/dev/static/chunks/node_modules_next_dist_compiled_react-dom_058-ah~._.js:3439:25)
    at runWithFiberInDEV (file:///Users/om/Projects/Google Solutions /Equalyze/frontend/.next/dev/static/chunks/node_modules_next_dist_compiled_react-dom_058-ah~._.js:965:74)
    at emitPendingHydrationWarnings (file:///Users/om/Projects/Google Solutions /Equalyze/frontend/.next/dev/static/chunks/node_modules_next_dist_compiled_react-dom_058-ah~._.js:3438:13)
    at completeWork (file:///Users/om/Projects/Google Solutions /Equalyze/frontend/.next/dev/static/chunks/node_modules_next_dist_compiled_react-dom_058-ah~._.js:6885:102)
    at runWithFiberInDEV (file:///Users/om/Projects/Google Solutions /Equalyze/frontend/.next/dev/static/chunks/node_modules_next_dist_compiled_react-dom_058-ah~._.js:965:131)
    at completeUnitOfWork (file:///Users/om/Projects/Google Solutions /Equalyze/frontend/.next/dev/static/chunks/node_modules_next_dist_compiled_react-dom_058-ah~._.js:9622:23)
    at performUnitOfWork (file:///Users/om/Projects/Google Solutions /Equalyze/frontend/.next/dev/static/chunks/node_modules_next_dist_compiled_react-dom_058-ah~._.js:9557:28)
    at workLoopConcurrentByScheduler (file:///Users/om/Projects/Google Solutions /Equalyze/frontend/.next/dev/static/chunks/node_modules_next_dist_compiled_react-dom_058-ah~._.js:9551:58)
    at renderRootConcurrent (file:///Users/om/Projects/Google Solutions /Equalyze/frontend/.next/dev/static/chunks/node_modules_next_dist_compiled_react-dom_058-ah~._.js:9534:71)
    at performWorkOnRoot (file:///Users/om/Projects/Google Solutions /Equalyze/frontend/.next/dev/static/chunks/node_modules_next_dist_compiled_react-dom_058-ah~._.js:9061:150)
    at performWorkOnRootViaSchedulerTask (file:///Users/om/Projects/Google Solutions /Equalyze/frontend/.next/dev/static/chunks/node_modules_next_dist_compiled_react-dom_058-ah~._.js:10255:9)
    at MessagePort.performWorkUntilDeadline (file:///Users/om/Projects/Google Solutions /Equalyze/frontend/.next/dev/static/chunks/node_modules_next_dist_compiled_0rpq4pf._.js:2647:64) (file:///Users/om/Projects/Google Solutions /Equalyze/frontend/.next/dev/static/chunks/node_modules_next_dist_compiled_react-dom_058-ah~._.js:3439:25)
✓ Compiled in 1279ms
✓ Compiled in 256ms
 GET /dashboard 200 in 356ms (next.js: 242ms, application-code: 113ms)
 GET /dashboard 200 in 71ms (next.js: 1512µs, application-code: 69ms)
 GET /dashboard 200 in 45ms (next.js: 1817µs, application-code: 44ms)
 GET /dashboard 200 in 26ms (next.js: 3ms, application-code: 23ms)
 GET /dashboard 200 in 424ms (next.js: 187ms, application-code: 237ms)
 GET /dashboard 200 in 162ms (next.js: 96ms, application-code: 66ms)
 GET /dashboard 200 in 39ms (next.js: 6ms, application-code: 33ms)
✓ Compiled in 0ms
 GET /dashboard 200 in 512ms (next.js: 388ms, application-code: 124ms)
 GET /dashboard 200 in 133ms (next.js: 5ms, application-code: 128ms)
 GET /dashboard 200 in 171ms (next.js: 13ms, application-code: 158ms)
 GET /dashboard 200 in 121ms (next.js: 4ms, application-code: 118ms)
 GET /dashboard 200 in 125ms (next.js: 13ms, application-code: 113ms)
 GET /dashboard 200 in 127ms (next.js: 12ms, application-code: 114ms)
 GET /dashboard 200 in 110ms (next.js: 5ms, application-code: 105ms)
 GET /dashboard 200 in 117ms (next.js: 3ms, application-code: 114ms)
 GET /dashboard 200 in 109ms (next.js: 4ms, application-code: 105ms)
 GET /dashboard 200 in 133ms (next.js: 6ms, application-code: 127ms)
 GET /dashboard 200 in 96ms (next.js: 3ms, application-code: 93ms)
 GET /dashboard 200 in 87ms (next.js: 7ms, application-code: 81ms)
 GET /dashboard 200 in 76ms (next.js: 3ms, application-code: 74ms)
 GET /dashboard 200 in 69ms (next.js: 6ms, application-code: 63ms)
 GET /dashboard 200 in 70ms (next.js: 3ms, application-code: 66ms)
 GET /dashboard 200 in 73ms (next.js: 3ms, application-code: 70ms)
 GET /dashboard 200 in 81ms (next.js: 3ms, application-code: 78ms)
 GET /dashboard 200 in 131ms (next.js: 4ms, application-code: 127ms)
 GET /dashboard 200 in 141ms (next.js: 4ms, application-code: 137ms)
 GET /dashboard 200 in 124ms (next.js: 9ms, application-code: 115ms)
 GET /dashboard 200 in 129ms (next.js: 4ms, application-code: 125ms)
 GET /dashboard 200 in 109ms (next.js: 5ms, application-code: 105ms)
 GET /dashboard 200 in 95ms (next.js: 7ms, application-code: 88ms)
 GET /dashboard 200 in 71ms (next.js: 5ms, application-code: 66ms)
 GET /dashboard 200 in 74ms (next.js: 3ms, application-code: 71ms)
 GET /dashboard 200 in 79ms (next.js: 3ms, application-code: 77ms)
 GET /dashboard 200 in 86ms (next.js: 3ms, application-code: 83ms)
 GET /dashboard 200 in 84ms (next.js: 6ms, application-code: 77ms)
 GET /dashboard 200 in 58ms (next.js: 3ms, application-code: 54ms)
 GET /dashboard 200 in 37ms (next.js: 6ms, application-code: 31ms)
✓ Compiled in 617ms
 GET /dashboard 200 in 1785ms (next.js: 242ms, application-code: 1543ms)
 GET /dashboard 200 in 1613ms (next.js: 1366ms, application-code: 247ms)
 GET /dashboard 200 in 152ms (next.js: 55ms, application-code: 97ms)
 GET /dashboard 200 in 1622ms (next.js: 10ms, application-code: 1612ms)
[browser] A tree hydrated but some attributes of the server rendered HTML didn't match the client properties. This won't be patched up. This can happen if a SSR-ed Client Component used:

- A server/client branch `if (typeof window !== 'undefined')`.
- Variable input such as `Date.now()` or `Math.random()` which changes each time it's called.
- Date formatting in a user's locale which doesn't match the server.
- External changing data without sending a snapshot of it along with the HTML.
- Invalid HTML tag nesting.

It can also happen if the client has a browser extension installed which messes with the HTML before React loaded.

https://react.dev/link/hydration-mismatch

  ...
    <HotReload globalError={[...]} webSocket={WebSocket} staticIndicatorState={{pathname:null, ...}}>
      <AppDevOverlayErrorBoundary globalError={[...]}>
        <ReplaySsrOnlyErrors>
        <DevRootHTTPAccessFallbackBoundary>
          <HTTPAccessFallbackBoundary notFound={<NotAllowedRootHTTPFallbackError>}>
            <HTTPAccessFallbackErrorBoundary pathname="/dashboard" notFound={<NotAllowedRootHTTPFallbackError>} ...>
              <RedirectBoundary>
                <RedirectErrorBoundary router={{...}}>
                  <Head>
                  <__next_root_layout_boundary__>
                    <SegmentViewNode type="layout" pagePath="layout.tsx">
                      <SegmentTrieNode>
                      <link>
                      <script>
                      <script>
                      <script>
                      <script>
                      <script>
                      <script>
                      <script>
                      <RootLayout>
                        <html
                          lang="en"
                          data-scroll-behavior="smooth"
-                         data-arp=""
                        >
                  ...
 
    at <unknown> (file:///Users/om/Projects/Google Solutions /Equalyze/frontend/.next/dev/static/chunks/node_modules_next_dist_compiled_react-dom_058-ah~._.js:3439:25)
    at runWithFiberInDEV (file:///Users/om/Projects/Google Solutions /Equalyze/frontend/.next/dev/static/chunks/node_modules_next_dist_compiled_react-dom_058-ah~._.js:965:74)
    at emitPendingHydrationWarnings (file:///Users/om/Projects/Google Solutions /Equalyze/frontend/.next/dev/static/chunks/node_modules_next_dist_compiled_react-dom_058-ah~._.js:3438:13)
    at completeWork (file:///Users/om/Projects/Google Solutions /Equalyze/frontend/.next/dev/static/chunks/node_modules_next_dist_compiled_react-dom_058-ah~._.js:6885:102)
    at runWithFiberInDEV (file:///Users/om/Projects/Google Solutions /Equalyze/frontend/.next/dev/static/chunks/node_modules_next_dist_compiled_react-dom_058-ah~._.js:965:131)
    at completeUnitOfWork (file:///Users/om/Projects/Google Solutions /Equalyze/frontend/.next/dev/static/chunks/node_modules_next_dist_compiled_react-dom_058-ah~._.js:9622:23)
    at performUnitOfWork (file:///Users/om/Projects/Google Solutions /Equalyze/frontend/.next/dev/static/chunks/node_modules_next_dist_compiled_react-dom_058-ah~._.js:9557:28)
    at workLoopConcurrentByScheduler (file:///Users/om/Projects/Google Solutions /Equalyze/frontend/.next/dev/static/chunks/node_modules_next_dist_compiled_react-dom_058-ah~._.js:9551:58)
    at renderRootConcurrent (file:///Users/om/Projects/Google Solutions /Equalyze/frontend/.next/dev/static/chunks/node_modules_next_dist_compiled_react-dom_058-ah~._.js:9534:71)
    at performWorkOnRoot (file:///Users/om/Projects/Google Solutions /Equalyze/frontend/.next/dev/static/chunks/node_modules_next_dist_compiled_react-dom_058-ah~._.js:9061:150)
    at performWorkOnRootViaSchedulerTask (file:///Users/om/Projects/Google Solutions /Equalyze/frontend/.next/dev/static/chunks/node_modules_next_dist_compiled_react-dom_058-ah~._.js:10255:9)
    at MessagePort.performWorkUntilDeadline (file:///Users/om/Projects/Google Solutions /Equalyze/frontend/.next/dev/static/chunks/node_modules_next_dist_compiled_0rpq4pf._.js:2647:64) (file:///Users/om/Projects/Google Solutions /Equalyze/frontend/.next/dev/static/chunks/node_modules_next_dist_compiled_react-dom_058-ah~._.js:3439:25)
 GET /dashboard 200 in 134ms (next.js: 47ms, application-code: 87ms)
[browser] A tree hydrated but some attributes of the server rendered HTML didn't match the client properties. This won't be patched up. This can happen if a SSR-ed Client Component used:

- A server/client branch `if (typeof window !== 'undefined')`.
- Variable input such as `Date.now()` or `Math.random()` which changes each time it's called.
- Date formatting in a user's locale which doesn't match the server.
- External changing data without sending a snapshot of it along with the HTML.
- Invalid HTML tag nesting.

It can also happen if the client has a browser extension installed which messes with the HTML before React loaded.

https://react.dev/link/hydration-mismatch

  ...
    <HotReload globalError={[...]} webSocket={WebSocket} staticIndicatorState={{pathname:null, ...}}>
      <AppDevOverlayErrorBoundary globalError={[...]}>
        <ReplaySsrOnlyErrors>
        <DevRootHTTPAccessFallbackBoundary>
          <HTTPAccessFallbackBoundary notFound={<NotAllowedRootHTTPFallbackError>}>
            <HTTPAccessFallbackErrorBoundary pathname="/dashboard" notFound={<NotAllowedRootHTTPFallbackError>} ...>
              <RedirectBoundary>
                <RedirectErrorBoundary router={{...}}>
                  <Head>
                  <__next_root_layout_boundary__>
                    <SegmentViewNode type="layout" pagePath="layout.tsx">
                      <SegmentTrieNode>
                      <link>
                      <script>
                      <script>
                      <script>
                      <script>
                      <script>
                      <script>
                      <script>
                      <RootLayout>
                        <html
                          lang="en"
                          data-scroll-behavior="smooth"
-                         data-arp=""
                        >
                  ...
 
    at <unknown> (file:///Users/om/Projects/Google Solutions /Equalyze/frontend/.next/dev/static/chunks/node_modules_next_dist_compiled_react-dom_058-ah~._.js:3439:25)
    at runWithFiberInDEV (file:///Users/om/Projects/Google Solutions /Equalyze/frontend/.next/dev/static/chunks/node_modules_next_dist_compiled_react-dom_058-ah~._.js:965:74)
    at emitPendingHydrationWarnings (file:///Users/om/Projects/Google Solutions /Equalyze/frontend/.next/dev/static/chunks/node_modules_next_dist_compiled_react-dom_058-ah~._.js:3438:13)
    at completeWork (file:///Users/om/Projects/Google Solutions /Equalyze/frontend/.next/dev/static/chunks/node_modules_next_dist_compiled_react-dom_058-ah~._.js:6885:102)
    at runWithFiberInDEV (file:///Users/om/Projects/Google Solutions /Equalyze/frontend/.next/dev/static/chunks/node_modules_next_dist_compiled_react-dom_058-ah~._.js:965:131)
    at completeUnitOfWork (file:///Users/om/Projects/Google Solutions /Equalyze/frontend/.next/dev/static/chunks/node_modules_next_dist_compiled_react-dom_058-ah~._.js:9622:23)
    at performUnitOfWork (file:///Users/om/Projects/Google Solutions /Equalyze/frontend/.next/dev/static/chunks/node_modules_next_dist_compiled_react-dom_058-ah~._.js:9557:28)
    at workLoopConcurrentByScheduler (file:///Users/om/Projects/Google Solutions /Equalyze/frontend/.next/dev/static/chunks/node_modules_next_dist_compiled_react-dom_058-ah~._.js:9551:58)
    at renderRootConcurrent (file:///Users/om/Projects/Google Solutions /Equalyze/frontend/.next/dev/static/chunks/node_modules_next_dist_compiled_react-dom_058-ah~._.js:9534:71)
    at performWorkOnRoot (file:///Users/om/Projects/Google Solutions /Equalyze/frontend/.next/dev/static/chunks/node_modules_next_dist_compiled_react-dom_058-ah~._.js:9061:150)
    at performWorkOnRootViaSchedulerTask (file:///Users/om/Projects/Google Solutions /Equalyze/frontend/.next/dev/static/chunks/node_modules_next_dist_compiled_react-dom_058-ah~._.js:10255:9)
    at MessagePort.performWorkUntilDeadline (file:///Users/om/Projects/Google Solutions /Equalyze/frontend/.next/dev/static/chunks/node_modules_next_dist_compiled_0rpq4pf._.js:2647:64) (file:///Users/om/Projects/Google Solutions /Equalyze/frontend/.next/dev/static/chunks/node_modules_next_dist_compiled_react-dom_058-ah~._.js:3439:25)
 GET /dashboard 200 in 234ms (next.js: 110ms, application-code: 123ms)
[browser] A tree hydrated but some attributes of the server rendered HTML didn't match the client properties. This won't be patched up. This can happen if a SSR-ed Client Component used:

- A server/client branch `if (typeof window !== 'undefined')`.
- Variable input such as `Date.now()` or `Math.random()` which changes each time it's called.
- Date formatting in a user's locale which doesn't match the server.
- External changing data without sending a snapshot of it along with the HTML.
- Invalid HTML tag nesting.

It can also happen if the client has a browser extension installed which messes with the HTML before React loaded.

https://react.dev/link/hydration-mismatch

  ...
    <HotReload globalError={[...]} webSocket={WebSocket} staticIndicatorState={{pathname:null, ...}}>
      <AppDevOverlayErrorBoundary globalError={[...]}>
        <ReplaySsrOnlyErrors>
        <DevRootHTTPAccessFallbackBoundary>
          <HTTPAccessFallbackBoundary notFound={<NotAllowedRootHTTPFallbackError>}>
            <HTTPAccessFallbackErrorBoundary pathname="/dashboard" notFound={<NotAllowedRootHTTPFallbackError>} ...>
              <RedirectBoundary>
                <RedirectErrorBoundary router={{...}}>
                  <Head>
                  <__next_root_layout_boundary__>
                    <SegmentViewNode type="layout" pagePath="layout.tsx">
                      <SegmentTrieNode>
                      <link>
                      <script>
                      <script>
                      <script>
                      <script>
                      <script>
                      <script>
                      <script>
                      <RootLayout>
                        <html
                          lang="en"
                          data-scroll-behavior="smooth"
-                         data-arp=""
-                         webcrx=""
                        >
                  ...
 
    at <unknown> (file:///Users/om/Projects/Google Solutions /Equalyze/frontend/.next/dev/static/chunks/node_modules_next_dist_compiled_react-dom_058-ah~._.js:3439:25)
    at runWithFiberInDEV (file:///Users/om/Projects/Google Solutions /Equalyze/frontend/.next/dev/static/chunks/node_modules_next_dist_compiled_react-dom_058-ah~._.js:965:74)
    at emitPendingHydrationWarnings (file:///Users/om/Projects/Google Solutions /Equalyze/frontend/.next/dev/static/chunks/node_modules_next_dist_compiled_react-dom_058-ah~._.js:3438:13)
    at completeWork (file:///Users/om/Projects/Google Solutions /Equalyze/frontend/.next/dev/static/chunks/node_modules_next_dist_compiled_react-dom_058-ah~._.js:6885:102)
    at runWithFiberInDEV (file:///Users/om/Projects/Google Solutions /Equalyze/frontend/.next/dev/static/chunks/node_modules_next_dist_compiled_react-dom_058-ah~._.js:965:131)
    at completeUnitOfWork (file:///Users/om/Projects/Google Solutions /Equalyze/frontend/.next/dev/static/chunks/node_modules_next_dist_compiled_react-dom_058-ah~._.js:9622:23)
    at performUnitOfWork (file:///Users/om/Projects/Google Solutions /Equalyze/frontend/.next/dev/static/chunks/node_modules_next_dist_compiled_react-dom_058-ah~._.js:9557:28)
    at workLoopConcurrentByScheduler (file:///Users/om/Projects/Google Solutions /Equalyze/frontend/.next/dev/static/chunks/node_modules_next_dist_compiled_react-dom_058-ah~._.js:9551:58)
    at renderRootConcurrent (file:///Users/om/Projects/Google Solutions /Equalyze/frontend/.next/dev/static/chunks/node_modules_next_dist_compiled_react-dom_058-ah~._.js:9534:71)
    at performWorkOnRoot (file:///Users/om/Projects/Google Solutions /Equalyze/frontend/.next/dev/static/chunks/node_modules_next_dist_compiled_react-dom_058-ah~._.js:9061:150)
    at performWorkOnRootViaSchedulerTask (file:///Users/om/Projects/Google Solutions /Equalyze/frontend/.next/dev/static/chunks/node_modules_next_dist_compiled_react-dom_058-ah~._.js:10255:9)
    at MessagePort.performWorkUntilDeadline (file:///Users/om/Projects/Google Solutions /Equalyze/frontend/.next/dev/static/chunks/node_modules_next_dist_compiled_0rpq4pf._.js:2647:64) (file:///Users/om/Projects/Google Solutions /Equalyze/frontend/.next/dev/static/chunks/node_modules_next_dist_compiled_react-dom_058-ah~._.js:3439:25)
○ Compiling /dashboard/cicd ...
 GET /dashboard/cicd 200 in 35ms (next.js: 3ms, application-code: 32ms)
 GET /dashboard/settings 200 in 135ms (next.js: 85ms, application-code: 50ms)
 GET /dashboard/cicd 200 in 29ms (next.js: 6ms, application-code: 23ms)
 GET /dashboard/settings 200 in 26ms (next.js: 4ms, application-code: 22ms)
 GET /dashboard/cicd 200 in 50ms (next.js: 13ms, application-code: 37ms)
 GET /dashboard/monitoring 200 in 92ms (next.js: 73ms, application-code: 19ms)
 GET /dashboard/counterfactual 200 in 90ms (next.js: 68ms, application-code: 22ms)
 GET /dashboard/audits 200 in 60ms (next.js: 36ms, application-code: 24ms)
 GET /dashboard 200 in 19ms (next.js: 4ms, application-code: 15ms)
 GET /dashboard/audits/new 200 in 79ms (next.js: 40ms, application-code: 39ms)
 GET /dashboard/cicd 200 in 17ms (next.js: 3ms, application-code: 14ms)
 GET /dashboard/monitoring 200 in 22ms (next.js: 6ms, application-code: 16ms)
 GET /dashboard/counterfactual 200 in 23ms (next.js: 5ms, application-code: 18ms)
 GET /dashboard/audits 200 in 23ms (next.js: 7ms, application-code: 16ms)
 GET /dashboard/audits/new 200 in 23ms (next.js: 3ms, application-code: 20ms)
 GET /dashboard/cicd 200 in 37ms (next.js: 19ms, application-code: 17ms)
 GET /dashboard/cicd 200 in 131ms (next.js: 24ms, application-code: 107ms)
[browser] A tree hydrated but some attributes of the server rendered HTML didn't match the client properties. This won't be patched up. This can happen if a SSR-ed Client Component used:

- A server/client branch `if (typeof window !== 'undefined')`.
- Variable input such as `Date.now()` or `Math.random()` which changes each time it's called.
- Date formatting in a user's locale which doesn't match the server.
- External changing data without sending a snapshot of it along with the HTML.
- Invalid HTML tag nesting.

It can also happen if the client has a browser extension installed which messes with the HTML before React loaded.

https://react.dev/link/hydration-mismatch

  ...
    <HotReload globalError={[...]} webSocket={WebSocket} staticIndicatorState={{pathname:null, ...}}>
      <AppDevOverlayErrorBoundary globalError={[...]}>
        <ReplaySsrOnlyErrors>
        <DevRootHTTPAccessFallbackBoundary>
          <HTTPAccessFallbackBoundary notFound={<NotAllowedRootHTTPFallbackError>}>
            <HTTPAccessFallbackErrorBoundary pathname="/dashboard..." notFound={<NotAllowedRootHTTPFallbackError>} ...>
              <RedirectBoundary>
                <RedirectErrorBoundary router={{...}}>
                  <Head>
                  <__next_root_layout_boundary__>
                    <SegmentViewNode type="layout" pagePath="layout.tsx">
                      <SegmentTrieNode>
                      <link>
                      <script>
                      <script>
                      <script>
                      <script>
                      <script>
                      <script>
                      <script>
                      <RootLayout>
                        <html
                          lang="en"
                          data-scroll-behavior="smooth"
-                         data-arp=""
-                         webcrx=""
                        >
                  ...
 
    at <unknown> (file:///Users/om/Projects/Google Solutions /Equalyze/frontend/.next/dev/static/chunks/node_modules_next_dist_compiled_react-dom_058-ah~._.js:3439:25)
    at runWithFiberInDEV (file:///Users/om/Projects/Google Solutions /Equalyze/frontend/.next/dev/static/chunks/node_modules_next_dist_compiled_react-dom_058-ah~._.js:965:74)
    at emitPendingHydrationWarnings (file:///Users/om/Projects/Google Solutions /Equalyze/frontend/.next/dev/static/chunks/node_modules_next_dist_compiled_react-dom_058-ah~._.js:3438:13)
    at completeWork (file:///Users/om/Projects/Google Solutions /Equalyze/frontend/.next/dev/static/chunks/node_modules_next_dist_compiled_react-dom_058-ah~._.js:6885:102)
    at runWithFiberInDEV (file:///Users/om/Projects/Google Solutions /Equalyze/frontend/.next/dev/static/chunks/node_modules_next_dist_compiled_react-dom_058-ah~._.js:965:131)
    at completeUnitOfWork (file:///Users/om/Projects/Google Solutions /Equalyze/frontend/.next/dev/static/chunks/node_modules_next_dist_compiled_react-dom_058-ah~._.js:9622:23)
    at performUnitOfWork (file:///Users/om/Projects/Google Solutions /Equalyze/frontend/.next/dev/static/chunks/node_modules_next_dist_compiled_react-dom_058-ah~._.js:9557:28)
    at workLoopConcurrentByScheduler (file:///Users/om/Projects/Google Solutions /Equalyze/frontend/.next/dev/static/chunks/node_modules_next_dist_compiled_react-dom_058-ah~._.js:9551:58)
    at renderRootConcurrent (file:///Users/om/Projects/Google Solutions /Equalyze/frontend/.next/dev/static/chunks/node_modules_next_dist_compiled_react-dom_058-ah~._.js:9534:71)
    at performWorkOnRoot (file:///Users/om/Projects/Google Solutions /Equalyze/frontend/.next/dev/static/chunks/node_modules_next_dist_compiled_react-dom_058-ah~._.js:9061:150)
    at performWorkOnRootViaSchedulerTask (file:///Users/om/Projects/Google Solutions /Equalyze/frontend/.next/dev/static/chunks/node_modules_next_dist_compiled_react-dom_058-ah~._.js:10255:9)
    at MessagePort.performWorkUntilDeadline (file:///Users/om/Projects/Google Solutions /Equalyze/frontend/.next/dev/static/chunks/node_modules_next_dist_compiled_0rpq4pf._.js:2647:64) (file:///Users/om/Projects/Google Solutions /Equalyze/frontend/.next/dev/static/chunks/node_modules_next_dist_compiled_react-dom_058-ah~._.js:3439:25)
 GET /dashboard/monitoring 200 in 16ms (next.js: 3ms, application-code: 13ms)
 GET /dashboard/cicd 200 in 27ms (next.js: 5ms, application-code: 22ms)
 GET /dashboard/audits 200 in 29ms (next.js: 7ms, application-code: 22ms)
 GET /dashboard/audits 200 in 64ms (next.js: 3ms, application-code: 61ms)
[browser] A tree hydrated but some attributes of the server rendered HTML didn't match the client properties. This won't be patched up. This can happen if a SSR-ed Client Component used:

- A server/client branch `if (typeof window !== 'undefined')`.
- Variable input such as `Date.now()` or `Math.random()` which changes each time it's called.
- Date formatting in a user's locale which doesn't match the server.
- External changing data without sending a snapshot of it along with the HTML.
- Invalid HTML tag nesting.

It can also happen if the client has a browser extension installed which messes with the HTML before React loaded.

https://react.dev/link/hydration-mismatch

  ...
    <HotReload globalError={[...]} webSocket={WebSocket} staticIndicatorState={{pathname:null, ...}}>
      <AppDevOverlayErrorBoundary globalError={[...]}>
        <ReplaySsrOnlyErrors>
        <DevRootHTTPAccessFallbackBoundary>
          <HTTPAccessFallbackBoundary notFound={<NotAllowedRootHTTPFallbackError>}>
            <HTTPAccessFallbackErrorBoundary pathname="/dashboard..." notFound={<NotAllowedRootHTTPFallbackError>} ...>
              <RedirectBoundary>
                <RedirectErrorBoundary router={{...}}>
                  <Head>
                  <__next_root_layout_boundary__>
                    <SegmentViewNode type="layout" pagePath="layout.tsx">
                      <SegmentTrieNode>
                      <link>
                      <script>
                      <script>
                      <script>
                      <script>
                      <script>
                      <script>
                      <script>
                      <RootLayout>
                        <html
                          lang="en"
                          data-scroll-behavior="smooth"
-                         data-arp=""
                        >
                  ...
 
    at <unknown> (file:///Users/om/Projects/Google Solutions /Equalyze/frontend/.next/dev/static/chunks/node_modules_next_dist_compiled_react-dom_058-ah~._.js:3439:25)
    at runWithFiberInDEV (file:///Users/om/Projects/Google Solutions /Equalyze/frontend/.next/dev/static/chunks/node_modules_next_dist_compiled_react-dom_058-ah~._.js:965:74)
    at emitPendingHydrationWarnings (file:///Users/om/Projects/Google Solutions /Equalyze/frontend/.next/dev/static/chunks/node_modules_next_dist_compiled_react-dom_058-ah~._.js:3438:13)
    at completeWork (file:///Users/om/Projects/Google Solutions /Equalyze/frontend/.next/dev/static/chunks/node_modules_next_dist_compiled_react-dom_058-ah~._.js:6885:102)
    at runWithFiberInDEV (file:///Users/om/Projects/Google Solutions /Equalyze/frontend/.next/dev/static/chunks/node_modules_next_dist_compiled_react-dom_058-ah~._.js:965:131)
    at completeUnitOfWork (file:///Users/om/Projects/Google Solutions /Equalyze/frontend/.next/dev/static/chunks/node_modules_next_dist_compiled_react-dom_058-ah~._.js:9622:23)
    at performUnitOfWork (file:///Users/om/Projects/Google Solutions /Equalyze/frontend/.next/dev/static/chunks/node_modules_next_dist_compiled_react-dom_058-ah~._.js:9557:28)
    at workLoopConcurrentByScheduler (file:///Users/om/Projects/Google Solutions /Equalyze/frontend/.next/dev/static/chunks/node_modules_next_dist_compiled_react-dom_058-ah~._.js:9551:58)
    at renderRootConcurrent (file:///Users/om/Projects/Google Solutions /Equalyze/frontend/.next/dev/static/chunks/node_modules_next_dist_compiled_react-dom_058-ah~._.js:9534:71)
    at performWorkOnRoot (file:///Users/om/Projects/Google Solutions /Equalyze/frontend/.next/dev/static/chunks/node_modules_next_dist_compiled_react-dom_058-ah~._.js:9061:150)
    at performWorkOnRootViaSchedulerTask (file:///Users/om/Projects/Google Solutions /Equalyze/frontend/.next/dev/static/chunks/node_modules_next_dist_compiled_react-dom_058-ah~._.js:10255:9)
    at MessagePort.performWorkUntilDeadline (file:///Users/om/Projects/Google Solutions /Equalyze/frontend/.next/dev/static/chunks/node_modules_next_dist_compiled_0rpq4pf._.js:2647:64) (file:///Users/om/Projects/Google Solutions /Equalyze/frontend/.next/dev/static/chunks/node_modules_next_dist_compiled_react-dom_058-ah~._.js:3439:25)
 GET /dashboard/cicd 200 in 33ms (next.js: 5ms, application-code: 28ms)
 GET /dashboard/cicd 200 in 47ms (next.js: 4ms, application-code: 44ms)
[browser] A tree hydrated but some attributes of the server rendered HTML didn't match the client properties. This won't be patched up. This can happen if a SSR-ed Client Component used:

- A server/client branch `if (typeof window !== 'undefined')`.
- Variable input such as `Date.now()` or `Math.random()` which changes each time it's called.
- Date formatting in a user's locale which doesn't match the server.
- External changing data without sending a snapshot of it along with the HTML.
- Invalid HTML tag nesting.

It can also happen if the client has a browser extension installed which messes with the HTML before React loaded.

https://react.dev/link/hydration-mismatch

  ...
    <HotReload globalError={[...]} webSocket={WebSocket} staticIndicatorState={{pathname:null, ...}}>
      <AppDevOverlayErrorBoundary globalError={[...]}>
        <ReplaySsrOnlyErrors>
        <DevRootHTTPAccessFallbackBoundary>
          <HTTPAccessFallbackBoundary notFound={<NotAllowedRootHTTPFallbackError>}>
            <HTTPAccessFallbackErrorBoundary pathname="/dashboard..." notFound={<NotAllowedRootHTTPFallbackError>} ...>
              <RedirectBoundary>
                <RedirectErrorBoundary router={{...}}>
                  <Head>
                  <__next_root_layout_boundary__>
                    <SegmentViewNode type="layout" pagePath="layout.tsx">
                      <SegmentTrieNode>
                      <link>
                      <script>
                      <script>
                      <script>
                      <script>
                      <script>
                      <script>
                      <script>
                      <RootLayout>
                        <html
                          lang="en"
                          data-scroll-behavior="smooth"
-                         data-arp=""
                        >
                  ...
 
    at <unknown> (file:///Users/om/Projects/Google Solutions /Equalyze/frontend/.next/dev/static/chunks/node_modules_next_dist_compiled_react-dom_058-ah~._.js:3439:25)
    at runWithFiberInDEV (file:///Users/om/Projects/Google Solutions /Equalyze/frontend/.next/dev/static/chunks/node_modules_next_dist_compiled_react-dom_058-ah~._.js:965:74)
    at emitPendingHydrationWarnings (file:///Users/om/Projects/Google Solutions /Equalyze/frontend/.next/dev/static/chunks/node_modules_next_dist_compiled_react-dom_058-ah~._.js:3438:13)
    at completeWork (file:///Users/om/Projects/Google Solutions /Equalyze/frontend/.next/dev/static/chunks/node_modules_next_dist_compiled_react-dom_058-ah~._.js:6885:102)
    at runWithFiberInDEV (file:///Users/om/Projects/Google Solutions /Equalyze/frontend/.next/dev/static/chunks/node_modules_next_dist_compiled_react-dom_058-ah~._.js:965:131)
    at completeUnitOfWork (file:///Users/om/Projects/Google Solutions /Equalyze/frontend/.next/dev/static/chunks/node_modules_next_dist_compiled_react-dom_058-ah~._.js:9622:23)
    at performUnitOfWork (file:///Users/om/Projects/Google Solutions /Equalyze/frontend/.next/dev/static/chunks/node_modules_next_dist_compiled_react-dom_058-ah~._.js:9557:28)
    at workLoopConcurrentByScheduler (file:///Users/om/Projects/Google Solutions /Equalyze/frontend/.next/dev/static/chunks/node_modules_next_dist_compiled_react-dom_058-ah~._.js:9551:58)
    at renderRootConcurrent (file:///Users/om/Projects/Google Solutions /Equalyze/frontend/.next/dev/static/chunks/node_modules_next_dist_compiled_react-dom_058-ah~._.js:9534:71)
    at performWorkOnRoot (file:///Users/om/Projects/Google Solutions /Equalyze/frontend/.next/dev/static/chunks/node_modules_next_dist_compiled_react-dom_058-ah~._.js:9061:150)
    at performWorkOnRootViaSchedulerTask (file:///Users/om/Projects/Google Solutions /Equalyze/frontend/.next/dev/static/chunks/node_modules_next_dist_compiled_react-dom_058-ah~._.js:10255:9)
    at MessagePort.performWorkUntilDeadline (file:///Users/om/Projects/Google Solutions /Equalyze/frontend/.next/dev/static/chunks/node_modules_next_dist_compiled_0rpq4pf._.js:2647:64) (file:///Users/om/Projects/Google Solutions /Equalyze/frontend/.next/dev/static/chunks/node_modules_next_dist_compiled_react-dom_058-ah~._.js:3439:25)
✓ Compiled in 297ms
 GET /dashboard/cicd 500 in 74ms (next.js: 23ms, application-code: 51ms)
 GET /dashboard/cicd 500 in 57ms (next.js: 10ms, application-code: 47ms)
[browser] Uncaught Error: ./app/dashboard/audits/new/page.tsx:987:7
Expected '</', got 'ident'
  985 |         )}
  986 |       </AnimatePresence>
> 987 |     </div>
      |       ^^^
  988 |   );
  989 | }
  990 |

Parsing ecmascript source code failed

Import traces:
  Client Component Browser:
    ./app/dashboard/audits/new/page.tsx [Client Component Browser]
    ./app/dashboard/audits/new/page.tsx [Server Component]

  Client Component SSR:
    ./app/dashboard/audits/new/page.tsx [Client Component SSR]
    ./app/dashboard/audits/new/page.tsx [Server Component]


    at <unknown> (Error: ./app/dashboard/audits/new/page.tsx:987:7)
    at <unknown> (Error: (./app/dashboard/audits/new/page.tsx:987:7)
✓ Compiled in 360ms
 GET /dashboard/cicd 200 in 754ms (next.js: 205ms, application-code: 548ms)
[browser] A tree hydrated but some attributes of the server rendered HTML didn't match the client properties. This won't be patched up. This can happen if a SSR-ed Client Component used:

- A server/client branch `if (typeof window !== 'undefined')`.
- Variable input such as `Date.now()` or `Math.random()` which changes each time it's called.
- Date formatting in a user's locale which doesn't match the server.
- External changing data without sending a snapshot of it along with the HTML.
- Invalid HTML tag nesting.

It can also happen if the client has a browser extension installed which messes with the HTML before React loaded.

https://react.dev/link/hydration-mismatch

  ...
    <HotReload globalError={[...]} webSocket={WebSocket} staticIndicatorState={{pathname:null, ...}}>
      <AppDevOverlayErrorBoundary globalError={[...]}>
        <ReplaySsrOnlyErrors>
        <DevRootHTTPAccessFallbackBoundary>
          <HTTPAccessFallbackBoundary notFound={<NotAllowedRootHTTPFallbackError>}>
            <HTTPAccessFallbackErrorBoundary pathname="/dashboard..." notFound={<NotAllowedRootHTTPFallbackError>} ...>
              <RedirectBoundary>
                <RedirectErrorBoundary router={{...}}>
                  <Head>
                  <__next_root_layout_boundary__>
                    <SegmentViewNode type="layout" pagePath="layout.tsx">
                      <SegmentTrieNode>
                      <link>
                      <script>
                      <script>
                      <script>
                      <script>
                      <script>
                      <script>
                      <script>
                      <RootLayout>
                        <html
                          lang="en"
                          data-scroll-behavior="smooth"
-                         data-arp=""
                        >
                  ...
 
    at <unknown> (file:///Users/om/Projects/Google Solutions /Equalyze/frontend/.next/dev/static/chunks/node_modules_next_dist_compiled_react-dom_058-ah~._.js:3439:25)
    at runWithFiberInDEV (file:///Users/om/Projects/Google Solutions /Equalyze/frontend/.next/dev/static/chunks/node_modules_next_dist_compiled_react-dom_058-ah~._.js:965:74)
    at emitPendingHydrationWarnings (file:///Users/om/Projects/Google Solutions /Equalyze/frontend/.next/dev/static/chunks/node_modules_next_dist_compiled_react-dom_058-ah~._.js:3438:13)
    at completeWork (file:///Users/om/Projects/Google Solutions /Equalyze/frontend/.next/dev/static/chunks/node_modules_next_dist_compiled_react-dom_058-ah~._.js:6885:102)
    at runWithFiberInDEV (file:///Users/om/Projects/Google Solutions /Equalyze/frontend/.next/dev/static/chunks/node_modules_next_dist_compiled_react-dom_058-ah~._.js:965:131)
    at completeUnitOfWork (file:///Users/om/Projects/Google Solutions /Equalyze/frontend/.next/dev/static/chunks/node_modules_next_dist_compiled_react-dom_058-ah~._.js:9622:23)
    at performUnitOfWork (file:///Users/om/Projects/Google Solutions /Equalyze/frontend/.next/dev/static/chunks/node_modules_next_dist_compiled_react-dom_058-ah~._.js:9557:28)
    at workLoopConcurrentByScheduler (file:///Users/om/Projects/Google Solutions /Equalyze/frontend/.next/dev/static/chunks/node_modules_next_dist_compiled_react-dom_058-ah~._.js:9551:58)
    at renderRootConcurrent (file:///Users/om/Projects/Google Solutions /Equalyze/frontend/.next/dev/static/chunks/node_modules_next_dist_compiled_react-dom_058-ah~._.js:9534:71)
    at performWorkOnRoot (file:///Users/om/Projects/Google Solutions /Equalyze/frontend/.next/dev/static/chunks/node_modules_next_dist_compiled_react-dom_058-ah~._.js:9061:150)
    at performWorkOnRootViaSchedulerTask (file:///Users/om/Projects/Google Solutions /Equalyze/frontend/.next/dev/static/chunks/node_modules_next_dist_compiled_react-dom_058-ah~._.js:10255:9)
    at MessagePort.performWorkUntilDeadline (file:///Users/om/Projects/Google Solutions /Equalyze/frontend/.next/dev/static/chunks/node_modules_next_dist_compiled_0rpq4pf._.js:2647:64) (file:///Users/om/Projects/Google Solutions /Equalyze/frontend/.next/dev/static/chunks/node_modules_next_dist_compiled_react-dom_058-ah~._.js:3439:25)
 GET /dashboard/counterfactual 200 in 772ms (next.js: 690ms, application-code: 82ms)
 GET /dashboard/counterfactual 200 in 79ms (next.js: 14ms, application-code: 65ms)
 GET /dashboard/counterfactual 200 in 190ms (next.js: 24ms, application-code: 165ms)
[browser] A tree hydrated but some attributes of the server rendered HTML didn't match the client properties. This won't be patched up. This can happen if a SSR-ed Client Component used:

- A server/client branch `if (typeof window !== 'undefined')`.
- Variable input such as `Date.now()` or `Math.random()` which changes each time it's called.
- Date formatting in a user's locale which doesn't match the server.
- External changing data without sending a snapshot of it along with the HTML.
- Invalid HTML tag nesting.

It can also happen if the client has a browser extension installed which messes with the HTML before React loaded.

https://react.dev/link/hydration-mismatch

  ...
    <HotReload globalError={[...]} webSocket={WebSocket} staticIndicatorState={{pathname:null, ...}}>
      <AppDevOverlayErrorBoundary globalError={[...]}>
        <ReplaySsrOnlyErrors>
        <DevRootHTTPAccessFallbackBoundary>
          <HTTPAccessFallbackBoundary notFound={<NotAllowedRootHTTPFallbackError>}>
            <HTTPAccessFallbackErrorBoundary pathname="/dashboard..." notFound={<NotAllowedRootHTTPFallbackError>} ...>
              <RedirectBoundary>
                <RedirectErrorBoundary router={{...}}>
                  <Head>
                  <__next_root_layout_boundary__>
                    <SegmentViewNode type="layout" pagePath="layout.tsx">
                      <SegmentTrieNode>
                      <link>
                      <script>
                      <script>
                      <script>
                      <script>
                      <script>
                      <script>
                      <script>
                      <RootLayout>
                        <html
                          lang="en"
                          data-scroll-behavior="smooth"
-                         data-arp=""
-                         webcrx=""
                        >
                  ...
 
    at <unknown> (file:///Users/om/Projects/Google Solutions /Equalyze/frontend/.next/dev/static/chunks/node_modules_next_dist_compiled_react-dom_058-ah~._.js:3439:25)
    at runWithFiberInDEV (file:///Users/om/Projects/Google Solutions /Equalyze/frontend/.next/dev/static/chunks/node_modules_next_dist_compiled_react-dom_058-ah~._.js:965:74)
    at emitPendingHydrationWarnings (file:///Users/om/Projects/Google Solutions /Equalyze/frontend/.next/dev/static/chunks/node_modules_next_dist_compiled_react-dom_058-ah~._.js:3438:13)
    at completeWork (file:///Users/om/Projects/Google Solutions /Equalyze/frontend/.next/dev/static/chunks/node_modules_next_dist_compiled_react-dom_058-ah~._.js:6885:102)
    at runWithFiberInDEV (file:///Users/om/Projects/Google Solutions /Equalyze/frontend/.next/dev/static/chunks/node_modules_next_dist_compiled_react-dom_058-ah~._.js:965:131)
    at completeUnitOfWork (file:///Users/om/Projects/Google Solutions /Equalyze/frontend/.next/dev/static/chunks/node_modules_next_dist_compiled_react-dom_058-ah~._.js:9622:23)
    at performUnitOfWork (file:///Users/om/Projects/Google Solutions /Equalyze/frontend/.next/dev/static/chunks/node_modules_next_dist_compiled_react-dom_058-ah~._.js:9557:28)
    at workLoopConcurrentByScheduler (file:///Users/om/Projects/Google Solutions /Equalyze/frontend/.next/dev/static/chunks/node_modules_next_dist_compiled_react-dom_058-ah~._.js:9551:58)
    at renderRootConcurrent (file:///Users/om/Projects/Google Solutions /Equalyze/frontend/.next/dev/static/chunks/node_modules_next_dist_compiled_react-dom_058-ah~._.js:9534:71)
    at performWorkOnRoot (file:///Users/om/Projects/Google Solutions /Equalyze/frontend/.next/dev/static/chunks/node_modules_next_dist_compiled_react-dom_058-ah~._.js:9061:150)
    at performWorkOnRootViaSchedulerTask (file:///Users/om/Projects/Google Solutions /Equalyze/frontend/.next/dev/static/chunks/node_modules_next_dist_compiled_react-dom_058-ah~._.js:10255:9)
    at MessagePort.performWorkUntilDeadline (file:///Users/om/Projects/Google Solutions /Equalyze/frontend/.next/dev/static/chunks/node_modules_next_dist_compiled_0rpq4pf._.js:2647:64) (file:///Users/om/Projects/Google Solutions /Equalyze/frontend/.next/dev/static/chunks/node_modules_next_dist_compiled_react-dom_058-ah~._.js:3439:25)
 GET /dashboard/counterfactual 200 in 124ms (next.js: 35ms, application-code: 89ms)
[browser] A tree hydrated but some attributes of the server rendered HTML didn't match the client properties. This won't be patched up. This can happen if a SSR-ed Client Component used:

- A server/client branch `if (typeof window !== 'undefined')`.
- Variable input such as `Date.now()` or `Math.random()` which changes each time it's called.
- Date formatting in a user's locale which doesn't match the server.
- External changing data without sending a snapshot of it along with the HTML.
- Invalid HTML tag nesting.

It can also happen if the client has a browser extension installed which messes with the HTML before React loaded.

https://react.dev/link/hydration-mismatch

  ...
    <HotReload globalError={[...]} webSocket={WebSocket} staticIndicatorState={{pathname:null, ...}}>
      <AppDevOverlayErrorBoundary globalError={[...]}>
        <ReplaySsrOnlyErrors>
        <DevRootHTTPAccessFallbackBoundary>
          <HTTPAccessFallbackBoundary notFound={<NotAllowedRootHTTPFallbackError>}>
            <HTTPAccessFallbackErrorBoundary pathname="/dashboard..." notFound={<NotAllowedRootHTTPFallbackError>} ...>
              <RedirectBoundary>
                <RedirectErrorBoundary router={{...}}>
                  <Head>
                  <__next_root_layout_boundary__>
                    <SegmentViewNode type="layout" pagePath="layout.tsx">
                      <SegmentTrieNode>
                      <link>
                      <script>
                      <script>
                      <script>
                      <script>
                      <script>
                      <script>
                      <script>
                      <RootLayout>
                        <html
                          lang="en"
                          data-scroll-behavior="smooth"
-                         data-arp=""
-                         webcrx=""
                        >
                  ...
 
    at <unknown> (file:///Users/om/Projects/Google Solutions /Equalyze/frontend/.next/dev/static/chunks/node_modules_next_dist_compiled_react-dom_058-ah~._.js:3439:25)
    at runWithFiberInDEV (file:///Users/om/Projects/Google Solutions /Equalyze/frontend/.next/dev/static/chunks/node_modules_next_dist_compiled_react-dom_058-ah~._.js:965:74)
    at emitPendingHydrationWarnings (file:///Users/om/Projects/Google Solutions /Equalyze/frontend/.next/dev/static/chunks/node_modules_next_dist_compiled_react-dom_058-ah~._.js:3438:13)
    at completeWork (file:///Users/om/Projects/Google Solutions /Equalyze/frontend/.next/dev/static/chunks/node_modules_next_dist_compiled_react-dom_058-ah~._.js:6885:102)
    at runWithFiberInDEV (file:///Users/om/Projects/Google Solutions /Equalyze/frontend/.next/dev/static/chunks/node_modules_next_dist_compiled_react-dom_058-ah~._.js:965:131)
    at completeUnitOfWork (file:///Users/om/Projects/Google Solutions /Equalyze/frontend/.next/dev/static/chunks/node_modules_next_dist_compiled_react-dom_058-ah~._.js:9622:23)
    at performUnitOfWork (file:///Users/om/Projects/Google Solutions /Equalyze/frontend/.next/dev/static/chunks/node_modules_next_dist_compiled_react-dom_058-ah~._.js:9557:28)
    at workLoopConcurrentByScheduler (file:///Users/om/Projects/Google Solutions /Equalyze/frontend/.next/dev/static/chunks/node_modules_next_dist_compiled_react-dom_058-ah~._.js:9551:58)
    at renderRootConcurrent (file:///Users/om/Projects/Google Solutions /Equalyze/frontend/.next/dev/static/chunks/node_modules_next_dist_compiled_react-dom_058-ah~._.js:9534:71)
    at performWorkOnRoot (file:///Users/om/Projects/Google Solutions /Equalyze/frontend/.next/dev/static/chunks/node_modules_next_dist_compiled_react-dom_058-ah~._.js:9061:150)
    at performWorkOnRootViaSchedulerTask (file:///Users/om/Projects/Google Solutions /Equalyze/frontend/.next/dev/static/chunks/node_modules_next_dist_compiled_react-dom_058-ah~._.js:10255:9)
    at MessagePort.performWorkUntilDeadline (file:///Users/om/Projects/Google Solutions /Equalyze/frontend/.next/dev/static/chunks/node_modules_next_dist_compiled_0rpq4pf._.js:2647:64) (file:///Users/om/Projects/Google Solutions /Equalyze/frontend/.next/dev/static/chunks/node_modules_next_dist_compiled_react-dom_058-ah~._.js:3439:25)
 GET / 200 in 492ms (next.js: 256ms, application-code: 236ms)
[browser] A tree hydrated but some attributes of the server rendered HTML didn't match the client properties. This won't be patched up. This can happen if a SSR-ed Client Component used:

- A server/client branch `if (typeof window !== 'undefined')`.
- Variable input such as `Date.now()` or `Math.random()` which changes each time it's called.
- Date formatting in a user's locale which doesn't match the server.
- External changing data without sending a snapshot of it along with the HTML.
- Invalid HTML tag nesting.

It can also happen if the client has a browser extension installed which messes with the HTML before React loaded.

https://react.dev/link/hydration-mismatch

  ...
    <HotReload globalError={[...]} webSocket={WebSocket} staticIndicatorState={{pathname:null, ...}}>
      <AppDevOverlayErrorBoundary globalError={[...]}>
        <ReplaySsrOnlyErrors>
        <DevRootHTTPAccessFallbackBoundary>
          <HTTPAccessFallbackBoundary notFound={<NotAllowedRootHTTPFallbackError>}>
            <HTTPAccessFallbackErrorBoundary pathname="/" notFound={<NotAllowedRootHTTPFallbackError>} ...>
              <RedirectBoundary>
                <RedirectErrorBoundary router={{...}}>
                  <Head>
                  <__next_root_layout_boundary__>
                    <SegmentViewNode type="layout" pagePath="layout.tsx">
                      <SegmentTrieNode>
                      <link>
                      <script>
                      <script>
                      <script>
                      <script>
                      <script>
                      <script>
                      <script>
                      <RootLayout>
                        <html
                          lang="en"
                          data-scroll-behavior="smooth"
-                         data-arp=""
-                         webcrx=""
                        >
                  ...
 
    at <unknown> (file:///Users/om/Projects/Google Solutions /Equalyze/frontend/.next/dev/static/chunks/node_modules_next_dist_compiled_react-dom_058-ah~._.js:3439:25)
    at runWithFiberInDEV (file:///Users/om/Projects/Google Solutions /Equalyze/frontend/.next/dev/static/chunks/node_modules_next_dist_compiled_react-dom_058-ah~._.js:965:74)
    at emitPendingHydrationWarnings (file:///Users/om/Projects/Google Solutions /Equalyze/frontend/.next/dev/static/chunks/node_modules_next_dist_compiled_react-dom_058-ah~._.js:3438:13)
    at completeWork (file:///Users/om/Projects/Google Solutions /Equalyze/frontend/.next/dev/static/chunks/node_modules_next_dist_compiled_react-dom_058-ah~._.js:6885:102)
    at runWithFiberInDEV (file:///Users/om/Projects/Google Solutions /Equalyze/frontend/.next/dev/static/chunks/node_modules_next_dist_compiled_react-dom_058-ah~._.js:965:131)
    at completeUnitOfWork (file:///Users/om/Projects/Google Solutions /Equalyze/frontend/.next/dev/static/chunks/node_modules_next_dist_compiled_react-dom_058-ah~._.js:9622:23)
    at performUnitOfWork (file:///Users/om/Projects/Google Solutions /Equalyze/frontend/.next/dev/static/chunks/node_modules_next_dist_compiled_react-dom_058-ah~._.js:9557:28)
    at workLoopConcurrentByScheduler (file:///Users/om/Projects/Google Solutions /Equalyze/frontend/.next/dev/static/chunks/node_modules_next_dist_compiled_react-dom_058-ah~._.js:9551:58)
    at renderRootConcurrent (file:///Users/om/Projects/Google Solutions /Equalyze/frontend/.next/dev/static/chunks/node_modules_next_dist_compiled_react-dom_058-ah~._.js:9534:71)
    at performWorkOnRoot (file:///Users/om/Projects/Google Solutions /Equalyze/frontend/.next/dev/static/chunks/node_modules_next_dist_compiled_react-dom_058-ah~._.js:9061:150)
    at performWorkOnRootViaSchedulerTask (file:///Users/om/Projects/Google Solutions /Equalyze/frontend/.next/dev/static/chunks/node_modules_next_dist_compiled_react-dom_058-ah~._.js:10255:9)
    at MessagePort.performWorkUntilDeadline (file:///Users/om/Projects/Google Solutions /Equalyze/frontend/.next/dev/static/chunks/node_modules_next_dist_compiled_0rpq4pf._.js:2647:64) (file:///Users/om/Projects/Google Solutions /Equalyze/frontend/.next/dev/static/chunks/node_modules_next_dist_compiled_react-dom_058-ah~._.js:3439:25)
✓ Compiled in 1256ms
 GET / 200 in 3.6s (next.js: 1348ms, application-code: 2.3s)
[browser] A tree hydrated but some attributes of the server rendered HTML didn't match the client properties. This won't be patched up. This can happen if a SSR-ed Client Component used:

- A server/client branch `if (typeof window !== 'undefined')`.
- Variable input such as `Date.now()` or `Math.random()` which changes each time it's called.
- Date formatting in a user's locale which doesn't match the server.
- External changing data without sending a snapshot of it along with the HTML.
- Invalid HTML tag nesting.

It can also happen if the client has a browser extension installed which messes with the HTML before React loaded.

https://react.dev/link/hydration-mismatch

  ...
    <HotReload globalError={[...]} webSocket={WebSocket} staticIndicatorState={{pathname:null, ...}}>
      <AppDevOverlayErrorBoundary globalError={[...]}>
        <ReplaySsrOnlyErrors>
        <DevRootHTTPAccessFallbackBoundary>
          <HTTPAccessFallbackBoundary notFound={<NotAllowedRootHTTPFallbackError>}>
            <HTTPAccessFallbackErrorBoundary pathname="/" notFound={<NotAllowedRootHTTPFallbackError>} ...>
              <RedirectBoundary>
                <RedirectErrorBoundary router={{...}}>
                  <Head>
                  <__next_root_layout_boundary__>
                    <SegmentViewNode type="layout" pagePath="layout.tsx">
                      <SegmentTrieNode>
                      <link>
                      <script>
                      <script>
                      <script>
                      <script>
                      <script>
                      <script>
                      <script>
                      <RootLayout>
                        <html
                          lang="en"
                          data-scroll-behavior="smooth"
-                         data-arp=""
-                         webcrx=""
                        >
                  ...
 
    at <unknown> (file:///Users/om/Projects/Google Solutions /Equalyze/frontend/.next/dev/static/chunks/node_modules_next_dist_compiled_react-dom_058-ah~._.js:3439:25)
    at runWithFiberInDEV (file:///Users/om/Projects/Google Solutions /Equalyze/frontend/.next/dev/static/chunks/node_modules_next_dist_compiled_react-dom_058-ah~._.js:965:74)
    at emitPendingHydrationWarnings (file:///Users/om/Projects/Google Solutions /Equalyze/frontend/.next/dev/static/chunks/node_modules_next_dist_compiled_react-dom_058-ah~._.js:3438:13)
    at completeWork (file:///Users/om/Projects/Google Solutions /Equalyze/frontend/.next/dev/static/chunks/node_modules_next_dist_compiled_react-dom_058-ah~._.js:6885:102)
    at runWithFiberInDEV (file:///Users/om/Projects/Google Solutions /Equalyze/frontend/.next/dev/static/chunks/node_modules_next_dist_compiled_react-dom_058-ah~._.js:965:131)
    at completeUnitOfWork (file:///Users/om/Projects/Google Solutions /Equalyze/frontend/.next/dev/static/chunks/node_modules_next_dist_compiled_react-dom_058-ah~._.js:9622:23)
    at performUnitOfWork (file:///Users/om/Projects/Google Solutions /Equalyze/frontend/.next/dev/static/chunks/node_modules_next_dist_compiled_react-dom_058-ah~._.js:9557:28)
    at workLoopConcurrentByScheduler (file:///Users/om/Projects/Google Solutions /Equalyze/frontend/.next/dev/static/chunks/node_modules_next_dist_compiled_react-dom_058-ah~._.js:9551:58)
    at renderRootConcurrent (file:///Users/om/Projects/Google Solutions /Equalyze/frontend/.next/dev/static/chunks/node_modules_next_dist_compiled_react-dom_058-ah~._.js:9534:71)
    at performWorkOnRoot (file:///Users/om/Projects/Google Solutions /Equalyze/frontend/.next/dev/static/chunks/node_modules_next_dist_compiled_react-dom_058-ah~._.js:9061:150)
    at performWorkOnRootViaSchedulerTask (file:///Users/om/Projects/Google Solutions /Equalyze/frontend/.next/dev/static/chunks/node_modules_next_dist_compiled_react-dom_058-ah~._.js:10255:9)
    at MessagePort.performWorkUntilDeadline (file:///Users/om/Projects/Google Solutions /Equalyze/frontend/.next/dev/static/chunks/node_modules_next_dist_compiled_0rpq4pf._.js:2647:64) (file:///Users/om/Projects/Google Solutions /Equalyze/frontend/.next/dev/static/chunks/node_modules_next_dist_compiled_react-dom_058-ah~._.js:3439:25)
 GET /dashboard/audits/new 200 in 893ms (next.js: 668ms, application-code: 226ms)
 GET /dashboard/audits/new 200 in 251ms (next.js: 147ms, application-code: 104ms)
 GET /dashboard/audits/new 200 in 89ms (next.js: 9ms, application-code: 80ms)
 GET /dashboard/audits/new 200 in 32ms (next.js: 10ms, application-code: 23ms)
 GET /dashboard/audits/new 200 in 33ms (next.js: 6ms, application-code: 27ms)
 GET /dashboard/audits/new 200 in 192ms (next.js: 11ms, application-code: 181ms)
[browser] A tree hydrated but some attributes of the server rendered HTML didn't match the client properties. This won't be patched up. This can happen if a SSR-ed Client Component used:

- A server/client branch `if (typeof window !== 'undefined')`.
- Variable input such as `Date.now()` or `Math.random()` which changes each time it's called.
- Date formatting in a user's locale which doesn't match the server.
- External changing data without sending a snapshot of it along with the HTML.
- Invalid HTML tag nesting.

It can also happen if the client has a browser extension installed which messes with the HTML before React loaded.

https://react.dev/link/hydration-mismatch

  ...
    <HotReload globalError={[...]} webSocket={WebSocket} staticIndicatorState={{pathname:null, ...}}>
      <AppDevOverlayErrorBoundary globalError={[...]}>
        <ReplaySsrOnlyErrors>
        <DevRootHTTPAccessFallbackBoundary>
          <HTTPAccessFallbackBoundary notFound={<NotAllowedRootHTTPFallbackError>}>
            <HTTPAccessFallbackErrorBoundary pathname="/dashboard..." notFound={<NotAllowedRootHTTPFallbackError>} ...>
              <RedirectBoundary>
                <RedirectErrorBoundary router={{...}}>
                  <Head>
                  <__next_root_layout_boundary__>
                    <SegmentViewNode type="layout" pagePath="layout.tsx">
                      <SegmentTrieNode>
                      <link>
                      <script>
                      <script>
                      <script>
                      <script>
                      <script>
                      <script>
                      <script>
                      <RootLayout>
                        <html
                          lang="en"
                          data-scroll-behavior="smooth"
-                         data-arp=""
-                         webcrx=""
                        >
                  ...
 
    at <unknown> (file:///Users/om/Projects/Google Solutions /Equalyze/frontend/.next/dev/static/chunks/node_modules_next_dist_compiled_react-dom_058-ah~._.js:3439:25)
    at runWithFiberInDEV (file:///Users/om/Projects/Google Solutions /Equalyze/frontend/.next/dev/static/chunks/node_modules_next_dist_compiled_react-dom_058-ah~._.js:965:74)
    at emitPendingHydrationWarnings (file:///Users/om/Projects/Google Solutions /Equalyze/frontend/.next/dev/static/chunks/node_modules_next_dist_compiled_react-dom_058-ah~._.js:3438:13)
    at completeWork (file:///Users/om/Projects/Google Solutions /Equalyze/frontend/.next/dev/static/chunks/node_modules_next_dist_compiled_react-dom_058-ah~._.js:6885:102)
    at runWithFiberInDEV (file:///Users/om/Projects/Google Solutions /Equalyze/frontend/.next/dev/static/chunks/node_modules_next_dist_compiled_react-dom_058-ah~._.js:965:131)
    at completeUnitOfWork (file:///Users/om/Projects/Google Solutions /Equalyze/frontend/.next/dev/static/chunks/node_modules_next_dist_compiled_react-dom_058-ah~._.js:9622:23)
    at performUnitOfWork (file:///Users/om/Projects/Google Solutions /Equalyze/frontend/.next/dev/static/chunks/node_modules_next_dist_compiled_react-dom_058-ah~._.js:9557:28)
    at workLoopConcurrentByScheduler (file:///Users/om/Projects/Google Solutions /Equalyze/frontend/.next/dev/static/chunks/node_modules_next_dist_compiled_react-dom_058-ah~._.js:9551:58)
    at renderRootConcurrent (file:///Users/om/Projects/Google Solutions /Equalyze/frontend/.next/dev/static/chunks/node_modules_next_dist_compiled_react-dom_058-ah~._.js:9534:71)
    at performWorkOnRoot (file:///Users/om/Projects/Google Solutions /Equalyze/frontend/.next/dev/static/chunks/node_modules_next_dist_compiled_react-dom_058-ah~._.js:9061:150)
    at performWorkOnRootViaSchedulerTask (file:///Users/om/Projects/Google Solutions /Equalyze/frontend/.next/dev/static/chunks/node_modules_next_dist_compiled_react-dom_058-ah~._.js:10255:9)
    at MessagePort.performWorkUntilDeadline (file:///Users/om/Projects/Google Solutions /Equalyze/frontend/.next/dev/static/chunks/node_modules_next_dist_compiled_0rpq4pf._.js:2647:64) (file:///Users/om/Projects/Google Solutions /Equalyze/frontend/.next/dev/static/chunks/node_modules_next_dist_compiled_react-dom_058-ah~._.js:3439:25)
 GET /dashboard/audits/77a4850c-b093-4911-b15f-bf23486a65cc 200 in 249ms (next.js: 195ms, application-code: 54ms)
 GET /dashboard/audits 200 in 99ms (next.js: 73ms, application-code: 26ms)
 GET /dashboard/audits/77a4850c-b093-4911-b15f-bf23486a65cc 200 in 238ms (next.js: 22ms, application-code: 216ms)
[browser] A tree hydrated but some attributes of the server rendered HTML didn't match the client properties. This won't be patched up. This can happen if a SSR-ed Client Component used:

- A server/client branch `if (typeof window !== 'undefined')`.
- Variable input such as `Date.now()` or `Math.random()` which changes each time it's called.
- Date formatting in a user's locale which doesn't match the server.
- External changing data without sending a snapshot of it along with the HTML.
- Invalid HTML tag nesting.

It can also happen if the client has a browser extension installed which messes with the HTML before React loaded.

https://react.dev/link/hydration-mismatch

  ...
    <HotReload globalError={[...]} webSocket={WebSocket} staticIndicatorState={{pathname:null, ...}}>
      <AppDevOverlayErrorBoundary globalError={[...]}>
        <ReplaySsrOnlyErrors>
        <DevRootHTTPAccessFallbackBoundary>
          <HTTPAccessFallbackBoundary notFound={<NotAllowedRootHTTPFallbackError>}>
            <HTTPAccessFallbackErrorBoundary pathname="/dashboard..." notFound={<NotAllowedRootHTTPFallbackError>} ...>
              <RedirectBoundary>
                <RedirectErrorBoundary router={{...}}>
                  <Head>
                  <__next_root_layout_boundary__>
                    <SegmentViewNode type="layout" pagePath="layout.tsx">
                      <SegmentTrieNode>
                      <link>
                      <script>
                      <script>
                      <script>
                      <script>
                      <script>
                      <script>
                      <script>
                      <RootLayout>
                        <html
                          lang="en"
                          data-scroll-behavior="smooth"
-                         data-arp=""
-                         webcrx=""
                        >
                  ...
 
    at <unknown> (file:///Users/om/Projects/Google Solutions /Equalyze/frontend/.next/dev/static/chunks/node_modules_next_dist_compiled_react-dom_058-ah~._.js:3439:25)
    at runWithFiberInDEV (file:///Users/om/Projects/Google Solutions /Equalyze/frontend/.next/dev/static/chunks/node_modules_next_dist_compiled_react-dom_058-ah~._.js:965:74)
    at emitPendingHydrationWarnings (file:///Users/om/Projects/Google Solutions /Equalyze/frontend/.next/dev/static/chunks/node_modules_next_dist_compiled_react-dom_058-ah~._.js:3438:13)
    at completeWork (file:///Users/om/Projects/Google Solutions /Equalyze/frontend/.next/dev/static/chunks/node_modules_next_dist_compiled_react-dom_058-ah~._.js:6885:102)
    at runWithFiberInDEV (file:///Users/om/Projects/Google Solutions /Equalyze/frontend/.next/dev/static/chunks/node_modules_next_dist_compiled_react-dom_058-ah~._.js:965:131)
    at completeUnitOfWork (file:///Users/om/Projects/Google Solutions /Equalyze/frontend/.next/dev/static/chunks/node_modules_next_dist_compiled_react-dom_058-ah~._.js:9622:23)
    at performUnitOfWork (file:///Users/om/Projects/Google Solutions /Equalyze/frontend/.next/dev/static/chunks/node_modules_next_dist_compiled_react-dom_058-ah~._.js:9557:28)
    at workLoopConcurrentByScheduler (file:///Users/om/Projects/Google Solutions /Equalyze/frontend/.next/dev/static/chunks/node_modules_next_dist_compiled_react-dom_058-ah~._.js:9551:58)
    at renderRootConcurrent (file:///Users/om/Projects/Google Solutions /Equalyze/frontend/.next/dev/static/chunks/node_modules_next_dist_compiled_react-dom_058-ah~._.js:9534:71)
    at performWorkOnRoot (file:///Users/om/Projects/Google Solutions /Equalyze/frontend/.next/dev/static/chunks/node_modules_next_dist_compiled_react-dom_058-ah~._.js:9061:150)
    at performWorkOnRootViaSchedulerTask (file:///Users/om/Projects/Google Solutions /Equalyze/frontend/.next/dev/static/chunks/node_modules_next_dist_compiled_react-dom_058-ah~._.js:10255:9)
    at MessagePort.performWorkUntilDeadline (file:///Users/om/Projects/Google Solutions /Equalyze/frontend/.next/dev/static/chunks/node_modules_next_dist_compiled_0rpq4pf._.js:2647:64) (file:///Users/om/Projects/Google Solutions /Equalyze/frontend/.next/dev/static/chunks/node_modules_next_dist_compiled_react-dom_058-ah~._.js:3439:25)
 GET /dashboard/audits/77a4850c-b093-4911-b15f-bf23486a65cc 200 in 411ms (next.js: 194ms, application-code: 217ms)
[browser] A tree hydrated but some attributes of the server rendered HTML didn't match the client properties. This won't be patched up. This can happen if a SSR-ed Client Component used:

- A server/client branch `if (typeof window !== 'undefined')`.
- Variable input such as `Date.now()` or `Math.random()` which changes each time it's called.
- Date formatting in a user's locale which doesn't match the server.
- External changing data without sending a snapshot of it along with the HTML.
- Invalid HTML tag nesting.

It can also happen if the client has a browser extension installed which messes with the HTML before React loaded.

https://react.dev/link/hydration-mismatch

  ...
    <HotReload globalError={[...]} webSocket={WebSocket} staticIndicatorState={{pathname:null, ...}}>
      <AppDevOverlayErrorBoundary globalError={[...]}>
        <ReplaySsrOnlyErrors>
        <DevRootHTTPAccessFallbackBoundary>
          <HTTPAccessFallbackBoundary notFound={<NotAllowedRootHTTPFallbackError>}>
            <HTTPAccessFallbackErrorBoundary pathname="/dashboard..." notFound={<NotAllowedRootHTTPFallbackError>} ...>
              <RedirectBoundary>
                <RedirectErrorBoundary router={{...}}>
                  <Head>
                  <__next_root_layout_boundary__>
                    <SegmentViewNode type="layout" pagePath="layout.tsx">
                      <SegmentTrieNode>
                      <link>
                      <script>
                      <script>
                      <script>
                      <script>
                      <script>
                      <script>
                      <script>
                      <RootLayout>
                        <html
                          lang="en"
                          data-scroll-behavior="smooth"
-                         data-arp=""
-                         webcrx=""
                        >
                  ...
 
    at <unknown> (file:///Users/om/Projects/Google Solutions /Equalyze/frontend/.next/dev/static/chunks/node_modules_next_dist_compiled_react-dom_058-ah~._.js:3439:25)
    at runWithFiberInDEV (file:///Users/om/Projects/Google Solutions /Equalyze/frontend/.next/dev/static/chunks/node_modules_next_dist_compiled_react-dom_058-ah~._.js:965:74)
    at emitPendingHydrationWarnings (file:///Users/om/Projects/Google Solutions /Equalyze/frontend/.next/dev/static/chunks/node_modules_next_dist_compiled_react-dom_058-ah~._.js:3438:13)
    at completeWork (file:///Users/om/Projects/Google Solutions /Equalyze/frontend/.next/dev/static/chunks/node_modules_next_dist_compiled_react-dom_058-ah~._.js:6885:102)
    at runWithFiberInDEV (file:///Users/om/Projects/Google Solutions /Equalyze/frontend/.next/dev/static/chunks/node_modules_next_dist_compiled_react-dom_058-ah~._.js:965:131)
    at completeUnitOfWork (file:///Users/om/Projects/Google Solutions /Equalyze/frontend/.next/dev/static/chunks/node_modules_next_dist_compiled_react-dom_058-ah~._.js:9622:23)
    at performUnitOfWork (file:///Users/om/Projects/Google Solutions /Equalyze/frontend/.next/dev/static/chunks/node_modules_next_dist_compiled_react-dom_058-ah~._.js:9557:28)
    at workLoopConcurrentByScheduler (file:///Users/om/Projects/Google Solutions /Equalyze/frontend/.next/dev/static/chunks/node_modules_next_dist_compiled_react-dom_058-ah~._.js:9551:58)
    at renderRootConcurrent (file:///Users/om/Projects/Google Solutions /Equalyze/frontend/.next/dev/static/chunks/node_modules_next_dist_compiled_react-dom_058-ah~._.js:9534:71)
    at performWorkOnRoot (file:///Users/om/Projects/Google Solutions /Equalyze/frontend/.next/dev/static/chunks/node_modules_next_dist_compiled_react-dom_058-ah~._.js:9061:150)
    at performWorkOnRootViaSchedulerTask (file:///Users/om/Projects/Google Solutions /Equalyze/frontend/.next/dev/static/chunks/node_modules_next_dist_compiled_react-dom_058-ah~._.js:10255:9)
    at MessagePort.performWorkUntilDeadline (file:///Users/om/Projects/Google Solutions /Equalyze/frontend/.next/dev/static/chunks/node_modules_next_dist_compiled_0rpq4pf._.js:2647:64) (file:///Users/om/Projects/Google Solutions /Equalyze/frontend/.next/dev/static/chunks/node_modules_next_dist_compiled_react-dom_058-ah~._.js:3439:25)
 GET /dashboard/audits 200 in 48ms (next.js: 15ms, application-code: 33ms)
✓ Compiled in 1277ms
✓ Compiled in 1286ms
✓ Compiled in 263ms
 GET /dashboard 200 in 739ms (next.js: 539ms, application-code: 199ms)
 GET /dashboard/audits 200 in 192ms (next.js: 74ms, application-code: 118ms)
 GET /dashboard/audits/46b3db8e-3eed-4929-a7e5-c7e6bf492200 200 in 356ms (next.js: 96ms, application-code: 259ms)
[browser] A tree hydrated but some attributes of the server rendered HTML didn't match the client properties. This won't be patched up. This can happen if a SSR-ed Client Component used:

- A server/client branch `if (typeof window !== 'undefined')`.
- Variable input such as `Date.now()` or `Math.random()` which changes each time it's called.
- Date formatting in a user's locale which doesn't match the server.
- External changing data without sending a snapshot of it along with the HTML.
- Invalid HTML tag nesting.

It can also happen if the client has a browser extension installed which messes with the HTML before React loaded.

https://react.dev/link/hydration-mismatch

  ...
    <HotReload globalError={[...]} webSocket={WebSocket} staticIndicatorState={{pathname:null, ...}}>
      <AppDevOverlayErrorBoundary globalError={[...]}>
        <ReplaySsrOnlyErrors>
        <DevRootHTTPAccessFallbackBoundary>
          <HTTPAccessFallbackBoundary notFound={<NotAllowedRootHTTPFallbackError>}>
            <HTTPAccessFallbackErrorBoundary pathname="/dashboard..." notFound={<NotAllowedRootHTTPFallbackError>} ...>
              <RedirectBoundary>
                <RedirectErrorBoundary router={{...}}>
                  <Head>
                  <__next_root_layout_boundary__>
                    <SegmentViewNode type="layout" pagePath="layout.tsx">
                      <SegmentTrieNode>
                      <link>
                      <script>
                      <script>
                      <script>
                      <script>
                      <script>
                      <script>
                      <script>
                      <RootLayout>
                        <html
                          lang="en"
                          data-scroll-behavior="smooth"
-                         data-arp=""
-                         webcrx=""
                        >
                  ...
 
    at <unknown> (file:///Users/om/Projects/Google Solutions /Equalyze/frontend/.next/dev/static/chunks/node_modules_next_dist_compiled_react-dom_058-ah~._.js:3439:25)
    at runWithFiberInDEV (file:///Users/om/Projects/Google Solutions /Equalyze/frontend/.next/dev/static/chunks/node_modules_next_dist_compiled_react-dom_058-ah~._.js:965:74)
    at emitPendingHydrationWarnings (file:///Users/om/Projects/Google Solutions /Equalyze/frontend/.next/dev/static/chunks/node_modules_next_dist_compiled_react-dom_058-ah~._.js:3438:13)
    at completeWork (file:///Users/om/Projects/Google Solutions /Equalyze/frontend/.next/dev/static/chunks/node_modules_next_dist_compiled_react-dom_058-ah~._.js:6885:102)
    at runWithFiberInDEV (file:///Users/om/Projects/Google Solutions /Equalyze/frontend/.next/dev/static/chunks/node_modules_next_dist_compiled_react-dom_058-ah~._.js:965:131)
    at completeUnitOfWork (file:///Users/om/Projects/Google Solutions /Equalyze/frontend/.next/dev/static/chunks/node_modules_next_dist_compiled_react-dom_058-ah~._.js:9622:23)
    at performUnitOfWork (file:///Users/om/Projects/Google Solutions /Equalyze/frontend/.next/dev/static/chunks/node_modules_next_dist_compiled_react-dom_058-ah~._.js:9557:28)
    at workLoopConcurrentByScheduler (file:///Users/om/Projects/Google Solutions /Equalyze/frontend/.next/dev/static/chunks/node_modules_next_dist_compiled_react-dom_058-ah~._.js:9551:58)
    at renderRootConcurrent (file:///Users/om/Projects/Google Solutions /Equalyze/frontend/.next/dev/static/chunks/node_modules_next_dist_compiled_react-dom_058-ah~._.js:9534:71)
    at performWorkOnRoot (file:///Users/om/Projects/Google Solutions /Equalyze/frontend/.next/dev/static/chunks/node_modules_next_dist_compiled_react-dom_058-ah~._.js:9061:150)
    at performWorkOnRootViaSchedulerTask (file:///Users/om/Projects/Google Solutions /Equalyze/frontend/.next/dev/static/chunks/node_modules_next_dist_compiled_react-dom_058-ah~._.js:10255:9)
    at MessagePort.performWorkUntilDeadline (file:///Users/om/Projects/Google Solutions /Equalyze/frontend/.next/dev/static/chunks/node_modules_next_dist_compiled_0rpq4pf._.js:2647:64) (file:///Users/om/Projects/Google Solutions /Equalyze/frontend/.next/dev/static/chunks/node_modules_next_dist_compiled_react-dom_058-ah~._.js:3439:25)
 GET /login 200 in 139ms (next.js: 84ms, application-code: 55ms)
 GET /login 200 in 37ms (next.js: 11ms, application-code: 27ms)
 GET /dashboard 200 in 54ms (next.js: 19ms, application-code: 36ms)
 GET /dashboard/audits/46b3db8e-3eed-4929-a7e5-c7e6bf492200 200 in 70ms (next.js: 24ms, application-code: 46ms)
 GET /dashboard 200 in 112ms (next.js: 52ms, application-code: 60ms)
 GET /dashboard/monitoring 200 in 147ms (next.js: 125ms, application-code: 22ms)
 GET /dashboard/audits 200 in 20ms (next.js: 5ms, application-code: 14ms)
 GET /dashboard/audits/new 200 in 71ms (next.js: 50ms, application-code: 21ms)
 GET /dashboard/audits 200 in 21ms (next.js: 3ms, application-code: 19ms)
 GET /dashboard/audits/67f48f47-65f4-4fa9-a23d-79593ed509be 200 in 68ms (next.js: 21ms, application-code: 47ms)
[browser] A tree hydrated but some attributes of the server rendered HTML didn't match the client properties. This won't be patched up. This can happen if a SSR-ed Client Component used:

- A server/client branch `if (typeof window !== 'undefined')`.
- Variable input such as `Date.now()` or `Math.random()` which changes each time it's called.
- Date formatting in a user's locale which doesn't match the server.
- External changing data without sending a snapshot of it along with the HTML.
- Invalid HTML tag nesting.

It can also happen if the client has a browser extension installed which messes with the HTML before React loaded.

https://react.dev/link/hydration-mismatch

  ...
    <HotReload globalError={[...]} webSocket={WebSocket} staticIndicatorState={{pathname:null, ...}}>
      <AppDevOverlayErrorBoundary globalError={[...]}>
        <ReplaySsrOnlyErrors>
        <DevRootHTTPAccessFallbackBoundary>
          <HTTPAccessFallbackBoundary notFound={<NotAllowedRootHTTPFallbackError>}>
            <HTTPAccessFallbackErrorBoundary pathname="/dashboard..." notFound={<NotAllowedRootHTTPFallbackError>} ...>
              <RedirectBoundary>
                <RedirectErrorBoundary router={{...}}>
                  <Head>
                  <__next_root_layout_boundary__>
                    <SegmentViewNode type="layout" pagePath="layout.tsx">
                      <SegmentTrieNode>
                      <link>
                      <script>
                      <script>
                      <script>
                      <script>
                      <script>
                      <script>
                      <script>
                      <RootLayout>
                        <html
                          lang="en"
                          data-scroll-behavior="smooth"
-                         data-arp=""
-                         webcrx=""
                        >
                  ...
 
    at <unknown> (file:///Users/om/Projects/Google Solutions /Equalyze/frontend/.next/dev/static/chunks/node_modules_next_dist_compiled_react-dom_058-ah~._.js:3439:25)
    at runWithFiberInDEV (file:///Users/om/Projects/Google Solutions /Equalyze/frontend/.next/dev/static/chunks/node_modules_next_dist_compiled_react-dom_058-ah~._.js:965:74)
    at emitPendingHydrationWarnings (file:///Users/om/Projects/Google Solutions /Equalyze/frontend/.next/dev/static/chunks/node_modules_next_dist_compiled_react-dom_058-ah~._.js:3438:13)
    at completeWork (file:///Users/om/Projects/Google Solutions /Equalyze/frontend/.next/dev/static/chunks/node_modules_next_dist_compiled_react-dom_058-ah~._.js:6885:102)
    at runWithFiberInDEV (file:///Users/om/Projects/Google Solutions /Equalyze/frontend/.next/dev/static/chunks/node_modules_next_dist_compiled_react-dom_058-ah~._.js:965:131)
    at completeUnitOfWork (file:///Users/om/Projects/Google Solutions /Equalyze/frontend/.next/dev/static/chunks/node_modules_next_dist_compiled_react-dom_058-ah~._.js:9622:23)
    at performUnitOfWork (file:///Users/om/Projects/Google Solutions /Equalyze/frontend/.next/dev/static/chunks/node_modules_next_dist_compiled_react-dom_058-ah~._.js:9557:28)
    at workLoopConcurrentByScheduler (file:///Users/om/Projects/Google Solutions /Equalyze/frontend/.next/dev/static/chunks/node_modules_next_dist_compiled_react-dom_058-ah~._.js:9551:58)
    at renderRootConcurrent (file:///Users/om/Projects/Google Solutions /Equalyze/frontend/.next/dev/static/chunks/node_modules_next_dist_compiled_react-dom_058-ah~._.js:9534:71)
    at performWorkOnRoot (file:///Users/om/Projects/Google Solutions /Equalyze/frontend/.next/dev/static/chunks/node_modules_next_dist_compiled_react-dom_058-ah~._.js:9061:150)
    at performWorkOnRootViaSchedulerTask (file:///Users/om/Projects/Google Solutions /Equalyze/frontend/.next/dev/static/chunks/node_modules_next_dist_compiled_react-dom_058-ah~._.js:10255:9)
    at MessagePort.performWorkUntilDeadline (file:///Users/om/Projects/Google Solutions /Equalyze/frontend/.next/dev/static/chunks/node_modules_next_dist_compiled_0rpq4pf._.js:2647:64) (file:///Users/om/Projects/Google Solutions /Equalyze/frontend/.next/dev/static/chunks/node_modules_next_dist_compiled_react-dom_058-ah~._.js:3439:25)
○ Compiling /dashboard/audits/[audit_id]/remediation ...
 GET /dashboard/audits/67f48f47-65f4-4fa9-a23d-79593ed509be/remediation 200 in 6.7s (next.js: 6.6s, application-code: 62ms)
 GET /dashboard/audits/67f48f47-65f4-4fa9-a23d-79593ed509be/remediation 200 in 43ms (next.js: 6ms, application-code: 37ms)
 GET /dashboard/audits/new 200 in 117ms (next.js: 45ms, application-code: 72ms)
 GET /dashboard/audits/new 200 in 119ms (next.js: 41ms, application-code: 78ms)
 GET /dashboard/audits 200 in 118ms (next.js: 45ms, application-code: 73ms)
 GET /dashboard/audits/46b3db8e-3eed-4929-a7e5-c7e6bf492200 200 in 218ms (next.js: 27ms, application-code: 191ms)
[browser] A tree hydrated but some attributes of the server rendered HTML didn't match the client properties. This won't be patched up. This can happen if a SSR-ed Client Component used:

- A server/client branch `if (typeof window !== 'undefined')`.
- Variable input such as `Date.now()` or `Math.random()` which changes each time it's called.
- Date formatting in a user's locale which doesn't match the server.
- External changing data without sending a snapshot of it along with the HTML.
- Invalid HTML tag nesting.

It can also happen if the client has a browser extension installed which messes with the HTML before React loaded.

https://react.dev/link/hydration-mismatch

  ...
    <HotReload globalError={[...]} webSocket={WebSocket} staticIndicatorState={{pathname:null, ...}}>
      <AppDevOverlayErrorBoundary globalError={[...]}>
        <ReplaySsrOnlyErrors>
        <DevRootHTTPAccessFallbackBoundary>
          <HTTPAccessFallbackBoundary notFound={<NotAllowedRootHTTPFallbackError>}>
            <HTTPAccessFallbackErrorBoundary pathname="/dashboard..." notFound={<NotAllowedRootHTTPFallbackError>} ...>
              <RedirectBoundary>
                <RedirectErrorBoundary router={{...}}>
                  <Head>
                  <__next_root_layout_boundary__>
                    <SegmentViewNode type="layout" pagePath="layout.tsx">
                      <SegmentTrieNode>
                      <link>
                      <script>
                      <script>
                      <script>
                      <script>
                      <script>
                      <script>
                      <script>
                      <RootLayout>
                        <html
                          lang="en"
                          data-scroll-behavior="smooth"
-                         data-arp=""
-                         webcrx=""
                        >
                  ...
 
    at <unknown> (file:///Users/om/Projects/Google Solutions /Equalyze/frontend/.next/dev/static/chunks/node_modules_next_dist_compiled_react-dom_058-ah~._.js:3439:25)
    at runWithFiberInDEV (file:///Users/om/Projects/Google Solutions /Equalyze/frontend/.next/dev/static/chunks/node_modules_next_dist_compiled_react-dom_058-ah~._.js:965:74)
    at emitPendingHydrationWarnings (file:///Users/om/Projects/Google Solutions /Equalyze/frontend/.next/dev/static/chunks/node_modules_next_dist_compiled_react-dom_058-ah~._.js:3438:13)
    at completeWork (file:///Users/om/Projects/Google Solutions /Equalyze/frontend/.next/dev/static/chunks/node_modules_next_dist_compiled_react-dom_058-ah~._.js:6885:102)
    at runWithFiberInDEV (file:///Users/om/Projects/Google Solutions /Equalyze/frontend/.next/dev/static/chunks/node_modules_next_dist_compiled_react-dom_058-ah~._.js:965:131)
    at completeUnitOfWork (file:///Users/om/Projects/Google Solutions /Equalyze/frontend/.next/dev/static/chunks/node_modules_next_dist_compiled_react-dom_058-ah~._.js:9622:23)
    at performUnitOfWork (file:///Users/om/Projects/Google Solutions /Equalyze/frontend/.next/dev/static/chunks/node_modules_next_dist_compiled_react-dom_058-ah~._.js:9557:28)
    at workLoopConcurrentByScheduler (file:///Users/om/Projects/Google Solutions /Equalyze/frontend/.next/dev/static/chunks/node_modules_next_dist_compiled_react-dom_058-ah~._.js:9551:58)
    at renderRootConcurrent (file:///Users/om/Projects/Google Solutions /Equalyze/frontend/.next/dev/static/chunks/node_modules_next_dist_compiled_react-dom_058-ah~._.js:9534:71)
    at performWorkOnRoot (file:///Users/om/Projects/Google Solutions /Equalyze/frontend/.next/dev/static/chunks/node_modules_next_dist_compiled_react-dom_058-ah~._.js:9061:150)
    at performWorkOnRootViaSchedulerTask (file:///Users/om/Projects/Google Solutions /Equalyze/frontend/.next/dev/static/chunks/node_modules_next_dist_compiled_react-dom_058-ah~._.js:10255:9)
    at MessagePort.performWorkUntilDeadline (file:///Users/om/Projects/Google Solutions /Equalyze/frontend/.next/dev/static/chunks/node_modules_next_dist_compiled_0rpq4pf._.js:2647:64) (file:///Users/om/Projects/Google Solutions /Equalyze/frontend/.next/dev/static/chunks/node_modules_next_dist_compiled_react-dom_058-ah~._.js:3439:25)
