Enterprise_id,Label,Registered_capital (Ten thousand Yuan),Province,Enterprise_type,Establishment_Duration (Days),Paid_in_capital (Ten thousand Yuan),Sector,SH_num,MS_num,CL_5years+,CL_5years,CL_4years,CL_3years,CL_2years,CL_1year,Branch_num,Certificate_num_5years+,Certificate_num_5years,Certificate_num_4years,Certificate_num_3years,Certificate_num_2years,Certificate_num_1year,Executee_num_5years+,Executee_num_5years,Executee_num_4years,Executee_num_3years,Executee_num_2years,Executee_num_1year,Overdue_tax_num_3years,Overdue_tax_num_2years,Overdue_tax_num_1year,Administrative_penalty_num_5years,Administrative_penalty_num_4years,Administrative_penalty_num_3years,Administrative_penalty_num_2years,Administrative_penalty_num_1year,Trademark_info_num_5years+,Trademark_info_num_5years,Trademark_info_num_4years,Trademark_info_num_3years,Trademark_info_num_2years,Trademark_info_num_1year,Patent_info_num_5years+,Patent_info_num_5years,Patent_info_num_4years,Patent_info_num_3years,Patent_info_num_2years,Patent_info_num_1year,Work_copyright_info_num_5years+,Work_copyright_info_num_5years,Work_copyright_info_num_4years,Work_copyright_info_num_3years,Work_copyright_info_num_2years,Work_copyright_info_num_1year,Software_copyright_info_num_5years+,Software_copyright_info_num_5years,Software_copyright_info_num_4years,Software_copyright_info_num_3years,Software_copyright_info_num_2years,Software_copyright_info_num_1year,t-1 Basic old-age insurance for urban employees,t-2 Basic old-age insurance for urban employees,t-3 Basic old-age insurance for urban employees,t-1 Unemployment insurance,t-2 Unemployment insurance,t-3 Unemployment insurance,t-1 Basic medical insurance for employees,t-2 Basic medical insurance for employees,t-3 Basic medical insurance for employees,t-1 Employment injury insurance,t-2 Employment injury insurance,t-3 Employment injury insurance,t-1 Birth insurance,t-2 Birth insurance,t-3 Birth insurance,Legal_proceedings_num_5years+,Legal_proceedings_num_5years,Legal_proceedings_num_4years,Legal_proceedings_num_3years,Legal_proceedings_num_2years,Legal_proceedings_num_1year,Filing_information_num_5years+,Filing_information_num_5years,Filing_information_num_4years,Filing_information_num_3years,Filing_information_num_2years,Filing_information_num_1years,Ratepaying_Credit_Grade_A_num
1.0,0,1200.0,Sichuan,Limited liability company (Natural person investment or holding),1521.0,111.5967,Construction industry,2.0,2.0,0.0,0.0,2.0,0.0,1.0,2.0,1.0,0.0,0.0,0.0,12.0,0.0,0.0,0.0,0.0,0.0,0.0,0.0,0.0,0.0,0.0,0.0,0.0,0.0,0.0,0.0,0.0,0.0,0.0,0.0,0.0,0.0,0.0,0.0,0.0,0.0,0.0,0.0,0.0,0.0,0.0,0.0,0.0,0.0,0.0,0.0,0.0,0.0,0.0,0.0,0.0,9.0,18.0,0.0,9.0,18.0,0.0,9.0,18.0,0.0,0.0,18.0,0.0,9.0,18.0,0.0,0.0,0.0,0.0,0.0,0.0,0.0,0.0,0.0,0.0,0.0,0.0,0.0,1.0
2.0,0,5315.0,Sichuan,Limited liability company (sole proprietorship of natural person),1150.0,5315.0,Construction industry,1.0,3.0,0.0,0.0,0.0,2.0,0.0,1.0,1.0,0.0,0.0,0.0,0.0,0.0,0.0,0.0,0.0,0.0,0.0,0.0,0.0,0.0,0.0,0.0,0.0,0.0,0.0,0.0,0.0,0.0,0.0,0.0,0.0,0.0,0.0,0.0,0.0,0.0,0.0,0.0,0.0,0.0,0.0,0.0,0.0,0.0,0.0,0.0,0.0,0.0,0.0,0.0,0.0,14.0,6.0,3.0,14.0,6.0,3.0,14.0,6.0,3.0,14.0,6.0,3.0,14.0,6.0,3.0,0.0,0.0,0.0,0.0,0.0,0.0,0.0,0.0,0.0,0.0,0.0,0.0,0.0
3.0,0,5100.0,Sichuan,Limited liability company (sole proprietorship of natural person),1975.0,5100.0,Construction industry,1.0,2.0,0.0,3.0,0.0,3.0,0.0,0.0,1.0,0.0,0.0,0.0,28.0,0.0,0.0,0.0,0.0,0.0,0.0,0.0,0.0,0.0,0.0,0.0,0.0,0.0,0.0,0.0,0.0,0.0,0.0,0.0,0.0,0.0,0.0,0.0,0.0,0.0,0.0,0.0,0.0,0.0,0.0,0.0,0.0,0.0,0.0,0.0,0.0,0.0,0.0,0.0,0.0,20.0,22.0,23.0,20.0,22.0,23.0,20.0,22.0,23.0,20.0,22.0,23.0,20.0,22.0,23.0,0.0,0.0,0.0,0.0,0.0,0.0,0.0,0.0,0.0,0.0,0.0,0.0,0.0
4.0,0,2000.0,Jiangxi,Limited liability company (Natural person investment or holding),778.0,0.0,Construction industry,2.0,2.0,0.0,0.0,0.0,0.0,0.0,2.0,3.0,0.0,0.0,0.0,0.0,0.0,0.0,0.0,0.0,0.0,0.0,0.0,0.0,0.0,0.0,0.0,0.0,0.0,0.0,0.0,0.0,0.0,0.0,0.0,0.0,0.0,0.0,0.0,0.0,0.0,0.0,0.0,0.0,0.0,0.0,0.0,0.0,0.0,0.0,0.0,0.0,0.0,0.0,0.0,0.0,4.0,0.0,,0.0,0.0,,0.0,0.0,,0.0,0.0,,0.0,0.0,,0.0,0.0,0.0,0.0,0.0,0.0,0.0,0.0,0.0,0.0,0.0,0.0,0.0
5.0,0,5700.0,Hubei,Other joint stock limited companies (unlisted),8187.0,5033.23,Scientific research and technology services,17.0,8.0,3.0,0.0,0.0,0.0,5.0,1.0,9.0,0.0,1.0,8.0,0.0,1.0,15.0,0.0,0.0,0.0,0.0,0.0,0.0,0.0,0.0,0.0,0.0,0.0,0.0,0.0,0.0,1.0,0.0,4.0,0.0,0.0,0.0,0.0,0.0,2.0,0.0,10.0,0.0,0.0,0.0,0.0,0.0,0.0,0.0,14.0,6.0,3.0,6.0,6.0,6.0,91.0,105.0,105.0,91.0,100.0,105.0,91.0,105.0,108.0,91.0,100.0,105.0,91.0,105.0,108.0,0.0,0.0,0.0,3.0,8.0,4.0,0.0,1.0,1.0,3.0,3.0,0.0,5.0
6.0,0,500.0,Anhui,Limited liability company (Natural person investment or holding),876.0,125.0,Leasing and business services,2.0,4.0,0.0,0.0,0.0,7.0,5.0,0.0,1.0,0.0,0.0,0.0,0.0,0.0,0.0,0.0,0.0,0.0,0.0,0.0,0.0,0.0,0.0,0.0,0.0,0.0,0.0,0.0,0.0,0.0,0.0,0.0,0.0,0.0,0.0,0.0,0.0,0.0,0.0,0.0,0.0,0.0,0.0,0.0,0.0,0.0,0.0,0.0,0.0,0.0,0.0,0.0,0.0,7.0,6.0,0.0,7.0,6.0,0.0,7.0,6.0,0.0,7.0,6.0,0.0,0.0,6.0,0.0,0.0,0.0,0.0,0.0,0.0,0.0,0.0,0.0,0.0,0.0,0.0,0.0,0.0
7.0,0,6200.0,Anhui,Other limited liability companies,6844.0,6200.0,"Information transmission, software and information technology services",2.0,10.0,9.0,1.0,2.0,0.0,0.0,11.0,3.0,0.0,0.0,0.0,0.0,0.0,1.0,3.0,1.0,1.0,0.0,0.0,0.0,0.0,0.0,0.0,0.0,0.0,0.0,1.0,0.0,0.0,0.0,0.0,0.0,0.0,0.0,0.0,0.0,0.0,4.0,0.0,6.0,0.0,0.0,0.0,0.0,0.0,0.0,0.0,0.0,0.0,0.0,0.0,0.0,19.0,20.0,20.0,19.0,0.0,0.0,19.0,16.0,16.0,19.0,16.0,16.0,19.0,16.0,16.0,0.0,0.0,0.0,4.0,7.0,1.0,3.0,4.0,0.0,0.0,0.0,3.0,4.0
8.0,0,50000.0,Anhui,Limited liability company (Natural person investment or holding),2360.0,15050.0,Construction industry,2.0,3.0,6.0,0.0,0.0,3.0,0.0,10.0,,0.0,0.0,0.0,0.0,0.0,0.0,0.0,0.0,0.0,0.0,0.0,0.0,0.0,0.0,0.0,0.0,0.0,0.0,0.0,0.0,0.0,0.0,0.0,0.0,0.0,0.0,0.0,0.0,0.0,0.0,0.0,0.0,0.0,0.0,0.0,0.0,0.0,0.0,0.0,0.0,0.0,0.0,0.0,0.0,3.0,3.0,0.0,3.0,3.0,0.0,3.0,3.0,0.0,3.0,3.0,0.0,3.0,3.0,0.0,0.0,0.0,0.0,0.0,0.0,0.0,0.0,0.0,0.0,0.0,0.0,0.0,0.0
9.0,0,6000.0,Anhui,Limited liability company (Natural person investment or holding),744.0,1919.0,Construction industry,2.0,3.0,0.0,0.0,0.0,0.0,9.0,7.0,7.0,0.0,0.0,0.0,0.0,0.0,3.0,0.0,0.0,0.0,0.0,0.0,0.0,0.0,0.0,0.0,0.0,0.0,0.0,0.0,0.0,0.0,0.0,0.0,0.0,0.0,1.0,0.0,0.0,0.0,0.0,0.0,0.0,0.0,0.0,0.0,0.0,0.0,1.0,0.0,0.0,0.0,0.0,0.0,0.0,18.0,0.0,,18.0,0.0,,18.0,0.0,,18.0,0.0,,18.0,0.0,,0.0,0.0,0.0,0.0,0.0,0.0,0.0,0.0,0.0,0.0,0.0,0.0,0.0
10.0,0,3000.0,Anhui,Other joint stock limited companies (unlisted),5189.0,2927.0,Manufacturing,6.0,11.0,10.0,4.0,1.0,0.0,1.0,1.0,,0.0,0.0,0.0,0.0,0.0,12.0,0.0,0.0,0.0,0.0,0.0,0.0,0.0,0.0,0.0,0.0,0.0,0.0,0.0,0.0,1.0,1.0,0.0,0.0,0.0,0.0,52.0,8.0,8.0,13.0,10.0,1.0,0.0,0.0,0.0,0.0,0.0,0.0,0.0,1.0,0.0,0.0,1.0,0.0,91.0,138.0,137.0,91.0,138.0,137.0,91.0,138.0,137.0,91.0,138.0,137.0,91.0,138.0,137.0,0.0,0.0,1.0,1.0,0.0,0.0,0.0,0.0,0.0,0.0,0.0,0.0,2.0
11.0,0,1060.0,Anhui,Limited liability company (Natural person investment or holding),2321.0,519.4,Construction industry,2.0,2.0,0.0,10.0,2.0,2.0,0.0,6.0,3.0,0.0,0.0,0.0,0.0,0.0,4.0,0.0,0.0,0.0,0.0,0.0,0.0,0.0,0.0,0.0,0.0,0.0,0.0,0.0,0.0,0.0,0.0,0.0,0.0,0.0,0.0,0.0,0.0,0.0,0.0,0.0,2.0,0.0,0.0,0.0,0.0,0.0,0.0,0.0,0.0,0.0,0.0,0.0,3.0,35.0,22.0,29.0,22.0,22.0,16.0,18.0,22.0,17.0,0.0,22.0,26.0,0.0,22.0,17.0,0.0,0.0,0.0,0.0,2.0,1.0,0.0,0.0,0.0,0.0,2.0,1.0,0.0
12.0,0,3000.0,Anhui,Limited liability company (Natural person investment or holding),4466.0,800.0,Construction industry,2.0,2.0,0.0,0.0,0.0,0.0,6.0,0.0,1.0,0.0,0.0,0.0,0.0,0.0,3.0,0.0,0.0,0.0,0.0,0.0,0.0,0.0,0.0,0.0,0.0,0.0,0.0,0.0,0.0,0.0,0.0,0.0,0.0,0.0,1.0,0.0,0.0,0.0,0.0,0.0,0.0,0.0,0.0,0.0,0.0,0.0,0.0,0.0,0.0,0.0,0.0,0.0,0.0,19.0,15.0,10.0,19.0,15.0,10.0,19.0,15.0,10.0,19.0,15.0,10.0,19.0,15.0,10.0,0.0,0.0,1.0,0.0,0.0,0.0,1.0,1.0,0.0,0.0,0.0,0.0,2.0
13.0,0,3000.0,Anhui,Limited liability company (sole proprietorship of natural person),1120.0,0.0,Construction industry,1.0,3.0,0.0,0.0,0.0,4.0,8.0,2.0,,0.0,0.0,0.0,0.0,0.0,2.0,0.0,0.0,0.0,0.0,0.0,0.0,0.0,0.0,0.0,0.0,0.0,0.0,0.0,0.0,0.0,0.0,0.0,0.0,0.0,2.0,0.0,0.0,0.0,0.0,0.0,0.0,0.0,0.0,0.0,0.0,0.0,0.0,0.0,0.0,0.0,0.0,0.0,0.0,0.0,0.0,0.0,0.0,0.0,0.0,0.0,0.0,0.0,0.0,0.0,0.0,0.0,0.0,0.0,0.0,0.0,0.0,0.0,0.0,0.0,0.0,0.0,0.0,0.0,0.0,0.0,0.0
14.0,0,5000.0,Anhui,Limited liability company (Natural person investment or holding),1541.0,1000.0,Construction industry,3.0,2.0,0.0,0.0,0.0,9.0,2.0,7.0,2.0,0.0,0.0,0.0,0.0,0.0,0.0,0.0,0.0,0.0,0.0,0.0,0.0,0.0,0.0,0.0,0.0,0.0,0.0,0.0,0.0,0.0,0.0,0.0,0.0,0.0,0.0,0.0,0.0,0.0,0.0,0.0,0.0,0.0,0.0,0.0,0.0,0.0,0.0,0.0,0.0,0.0,0.0,0.0,0.0,6.0,7.0,6.0,6.0,7.0,6.0,6.0,7.0,6.0,6.0,7.0,6.0,6.0,7.0,6.0,0.0,0.0,0.0,0.0,1.0,5.0,0.0,0.0,0.0,0.0,1.0,2.0,0.0
15.0,0,1100.0,Anhui,Limited liability company (Natural person investment or holding),1597.0,0.0,Construction industry,2.0,3.0,0.0,0.0,5.0,2.0,0.0,5.0,1.0,0.0,0.0,3.0,0.0,0.0,2.0,0.0,0.0,0.0,0.0,0.0,0.0,0.0,0.0,0.0,0.0,0.0,0.0,0.0,0.0,0.0,0.0,0.0,0.0,0.0,0.0,0.0,0.0,0.0,0.0,0.0,0.0,0.0,0.0,0.0,0.0,0.0,0.0,0.0,0.0,0.0,0.0,0.0,0.0,0.0,1.0,1.0,0.0,1.0,1.0,0.0,1.0,1.0,0.0,1.0,1.0,0.0,1.0,1.0,0.0,0.0,0.0,0.0,0.0,0.0,0.0,0.0,0.0,0.0,0.0,0.0,0.0
16.0,0,500.0,Anhui,Limited liability company (Natural person investment or holding),,0.0,Construction industry,2.0,3.0,0.0,0.0,0.0,0.0,0.0,0.0,2.0,0.0,0.0,0.0,0.0,0.0,2.0,0.0,0.0,0.0,0.0,0.0,0.0,0.0,0.0,0.0,0.0,0.0,0.0,0.0,0.0,0.0,0.0,0.0,0.0,0.0,0.0,0.0,0.0,0.0,0.0,0.0,0.0,0.0,0.0,0.0,0.0,1.0,0.0,0.0,0.0,0.0,0.0,0.0,0.0,,,,,,,,,,,,,,,,0.0,0.0,0.0,0.0,0.0,0.0,0.0,0.0,0.0,0.0,0.0,0.0,1.0
17.0,0,6800.0,Anhui,Limited liability company (Natural person investment or holding),1652.0,533.0,Construction industry,2.0,3.0,0.0,0.0,0.0,7.0,2.0,0.0,1.0,0.0,0.0,0.0,0.0,0.0,0.0,0.0,0.0,0.0,0.0,0.0,0.0,0.0,0.0,0.0,0.0,0.0,0.0,0.0,0.0,0.0,0.0,0.0,0.0,0.0,0.0,0.0,0.0,0.0,0.0,0.0,0.0,0.0,0.0,0.0,0.0,0.0,0.0,0.0,0.0,0.0,0.0,0.0,0.0,28.0,10.0,0.0,28.0,10.0,0.0,28.0,10.0,0.0,28.0,10.0,0.0,28.0,10.0,0.0,0.0,0.0,0.0,0.0,0.0,2.0,0.0,0.0,0.0,0.0,1.0,0.0,0.0
18.0,0,5000.0,Anhui,Other limited liability companies,1640.0,0.0,Construction industry,2.0,2.0,0.0,0.0,7.0,0.0,0.0,0.0,2.0,0.0,0.0,0.0,0.0,0.0,0.0,0.0,0.0,0.0,0.0,0.0,0.0,0.0,0.0,0.0,0.0,0.0,0.0,0.0,0.0,0.0,0.0,0.0,0.0,0.0,0.0,0.0,0.0,0.0,0.0,0.0,0.0,0.0,0.0,0.0,0.0,0.0,0.0,0.0,0.0,0.0,0.0,0.0,0.0,9.0,8.0,7.0,9.0,8.0,7.0,9.0,8.0,7.0,9.0,8.0,7.0,9.0,8.0,7.0,0.0,0.0,0.0,0.0,0.0,0.0,0.0,0.0,0.0,0.0,0.0,0.0,1.0
19.0,0,5080.0,Anhui,Limited liability company (Natural person investment or holding),1245.0,5080.0,Construction industry,2.0,2.0,0.0,0.0,0.0,3.0,6.0,2.0,5.0,0.0,0.0,0.0,0.0,0.0,7.0,0.0,0.0,0.0,0.0,0.0,0.0,0.0,0.0,0.0,0.0,0.0,0.0,0.0,0.0,0.0,0.0,0.0,0.0,0.0,2.0,0.0,0.0,0.0,0.0,0.0,0.0,0.0,0.0,0.0,0.0,0.0,0.0,0.0,0.0,0.0,0.0,0.0,0.0,20.0,10.0,0.0,20.0,10.0,0.0,20.0,10.0,0.0,20.0,10.0,0.0,0.0,10.0,0.0,0.0,0.0,0.0,0.0,0.0,0.0,0.0,0.0,0.0,0.0,0.0,0.0,0.0
20.0,0,5050.0,Anhui,Limited liability company (Natural person investment or holding),6285.0,5050.0,Scientific research and technology services,2.0,2.0,0.0,1.0,0.0,0.0,0.0,0.0,3.0,0.0,2.0,0.0,0.0,3.0,6.0,0.0,0.0,0.0,0.0,0.0,0.0,0.0,0.0,0.0,0.0,0.0,0.0,0.0,0.0,3.0,0.0,0.0,0.0,0.0,0.0,4.0,0.0,3.0,7.0,5.0,4.0,0.0,0.0,0.0,0.0,0.0,0.0,18.0,3.0,11.0,0.0,20.0,1.0,212.0,210.0,210.0,212.0,210.0,210.0,212.0,210.0,210.0,212.0,210.0,210.0,212.0,210.0,210.0,0.0,0.0,4.0,1.0,8.0,4.0,0.0,1.0,2.0,2.0,2.0,1.0,2.0
21.0,0,5000.0,Anhui,Limited liability company (Natural person investment or holding),1242.0,0.0,Construction industry,2.0,2.0,0.0,0.0,2.0,1.0,1.0,3.0,3.0,0.0,0.0,0.0,0.0,0.0,0.0,0.0,0.0,0.0,0.0,0.0,0.0,0.0,0.0,0.0,0.0,0.0,0.0,0.0,0.0,0.0,0.0,0.0,0.0,0.0,0.0,0.0,0.0,0.0,0.0,0.0,0.0,0.0,0.0,0.0,0.0,0.0,0.0,0.0,0.0,0.0,0.0,0.0,0.0,17.0,11.0,5.0,17.0,11.0,5.0,17.0,11.0,5.0,17.0,11.0,5.0,0.0,11.0,5.0,0.0,0.0,0.0,0.0,0.0,0.0,0.0,0.0,0.0,0.0,0.0,0.0,0.0
22.0,0,1408.0,Anhui,Limited liability company (Natural person investment or holding),3921.0,1408.0,Scientific research and technology services,2.0,2.0,8.0,0.0,5.0,7.0,0.0,2.0,3.0,0.0,0.0,0.0,0.0,3.0,2.0,0.0,0.0,0.0,1.0,0.0,0.0,0.0,0.0,0.0,0.0,0.0,0.0,0.0,0.0,1.0,0.0,2.0,0.0,0.0,0.0,0.0,2.0,0.0,7.0,5.0,1.0,0.0,0.0,0.0,0.0,0.0,0.0,0.0,4.0,5.0,1.0,13.0,2.0,16.0,11.0,11.0,16.0,11.0,11.0,16.0,11.0,11.0,16.0,11.0,11.0,16.0,11.0,11.0,0.0,0.0,0.0,0.0,2.0,7.0,0.0,0.0,0.0,1.0,0.0,2.0,0.0
23.0,0,5170.0,Anhui,Limited liability company (sole proprietorship of natural person),3318.0,1900.0,Construction industry,1.0,2.0,7.0,3.0,1.0,0.0,0.0,0.0,2.0,0.0,1.0,0.0,0.0,0.0,0.0,0.0,0.0,0.0,0.0,0.0,0.0,0.0,0.0,0.0,0.0,0.0,0.0,0.0,0.0,0.0,0.0,0.0,0.0,0.0,0.0,0.0,0.0,0.0,0.0,2.0,0.0,0.0,0.0,0.0,0.0,0.0,0.0,0.0,0.0,0.0,0.0,0.0,0.0,10.0,11.0,13.0,10.0,11.0,13.0,10.0,11.0,13.0,7.0,11.0,13.0,10.0,11.0,13.0,0.0,0.0,0.0,1.0,4.0,15.0,0.0,1.0,0.0,2.0,4.0,2.0,1.0
24.0,0,1000.0,Anhui,Limited liability company (Natural person investment or holding),1615.0,0.0,Construction industry,2.0,5.0,0.0,0.0,4.0,0.0,3.0,3.0,1.0,0.0,0.0,0.0,0.0,0.0,0.0,0.0,0.0,0.0,0.0,0.0,0.0,0.0,0.0,0.0,0.0,0.0,0.0,0.0,0.0,0.0,0.0,0.0,0.0,0.0,0.0,0.0,0.0,0.0,0.0,0.0,0.0,0.0,0.0,0.0,0.0,0.0,0.0,0.0,0.0,0.0,0.0,0.0,0.0,0.0,0.0,0.0,0.0,0.0,0.0,0.0,0.0,0.0,0.0,0.0,0.0,0.0,0.0,0.0,0.0,0.0,0.0,0.0,0.0,0.0,0.0,0.0,0.0,0.0,0.0,0.0,0.0
25.0,0,1000.0,Anhui,Limited liability company (Natural person investment or holding),940.0,555.0,Scientific research and technology services,4.0,3.0,0.0,0.0,0.0,0.0,4.0,5.0,,0.0,0.0,0.0,0.0,0.0,0.0,0.0,0.0,0.0,0.0,0.0,0.0,0.0,0.0,0.0,0.0,0.0,0.0,0.0,0.0,0.0,0.0,0.0,0.0,0.0,0.0,0.0,0.0,0.0,0.0,1.0,0.0,0.0,0.0,0.0,0.0,0.0,0.0,0.0,0.0,0.0,0.0,0.0,10.0,6.0,4.0,0.0,6.0,4.0,0.0,6.0,4.0,0.0,6.0,4.0,0.0,6.0,4.0,0.0,0.0,0.0,0.0,0.0,0.0,0.0,0.0,0.0,0.0,0.0,0.0,0.0,0.0
26.0,0,4567.0,Anhui,Limited liability company (sole proprietorship of natural person),1885.0,0.0,Construction industry,1.0,2.0,0.0,0.0,2.0,0.0,3.0,7.0,1.0,0.0,0.0,0.0,0.0,0.0,0.0,0.0,0.0,0.0,0.0,0.0,0.0,0.0,0.0,0.0,0.0,0.0,0.0,3.0,0.0,0.0,0.0,0.0,0.0,0.0,0.0,0.0,0.0,0.0,0.0,0.0,0.0,0.0,0.0,0.0,0.0,0.0,0.0,0.0,0.0,0.0,0.0,0.0,0.0,0.0,0.0,0.0,0.0,0.0,0.0,0.0,0.0,0.0,0.0,0.0,0.0,0.0,0.0,0.0,0.0,0.0,0.0,0.0,0.0,0.0,0.0,0.0,0.0,0.0,0.0,0.0,0.0
27.0,0,2000.0,Anhui,Limited liability company (Natural person investment or holding),1751.0,202.0,Wholesale and retail,2.0,3.0,0.0,3.0,7.0,8.0,9.0,0.0,,0.0,0.0,0.0,0.0,2.0,0.0,0.0,0.0,0.0,0.0,0.0,0.0,0.0,0.0,0.0,0.0,0.0,0.0,0.0,0.0,0.0,0.0,0.0,0.0,0.0,0.0,0.0,0.0,0.0,0.0,0.0,0.0,0.0,0.0,0.0,0.0,0.0,0.0,0.0,0.0,0.0,0.0,0.0,0.0,3.0,3.0,0.0,3.0,3.0,0.0,3.0,3.0,0.0,3.0,3.0,0.0,3.0,3.0,0.0,0.0,0.0,0.0,0.0,0.0,0.0,0.0,0.0,0.0,0.0,0.0,0.0,0.0
28.0,0,5100.0,Anhui,Limited liability company (Natural person investment or holding),1616.0,4236.18,Construction industry,2.0,3.0,0.0,0.0,10.0,6.0,0.0,1.0,2.0,0.0,9.0,0.0,0.0,0.0,0.0,0.0,0.0,0.0,0.0,0.0,0.0,0.0,0.0,0.0,0.0,0.0,0.0,0.0,0.0,0.0,0.0,0.0,0.0,0.0,0.0,0.0,0.0,0.0,0.0,0.0,0.0,0.0,0.0,0.0,0.0,0.0,0.0,0.0,0.0,0.0,0.0,0.0,0.0,22.0,11.0,5.0,22.0,11.0,5.0,22.0,11.0,5.0,22.0,11.0,5.0,22.0,11.0,5.0,0.0,0.0,0.0,0.0,0.0,0.0,0.0,0.0,0.0,0.0,0.0,0.0,1.0
29.0,0,4018.0,Anhui,Limited liability company (sole proprietorship of natural person),2850.0,4018.0,Construction industry,1.0,2.0,13.0,0.0,1.0,0.0,0.0,0.0,,0.0,0.0,0.0,1.0,0.0,5.0,0.0,0.0,0.0,0.0,0.0,0.0,0.0,0.0,0.0,0.0,0.0,0.0,0.0,0.0,0.0,0.0,0.0,0.0,0.0,0.0,0.0,0.0,0.0,0.0,0.0,0.0,0.0,0.0,0.0,0.0,0.0,0.0,0.0,0.0,0.0,0.0,0.0,0.0,0.0,0.0,0.0,0.0,0.0,0.0,0.0,0.0,0.0,0.0,0.0,0.0,0.0,0.0,0.0,0.0,0.0,0.0,4.0,5.0,6.0,0.0,0.0,0.0,4.0,1.0,1.0,0.0
30.0,0,10100.0,Anhui,Limited liability company (Natural person investment or holding),6454.0,5100.0,Construction industry,2.0,3.0,7.0,0.0,2.0,1.0,0.0,2.0,8.0,0.0,12.0,0.0,0.0,0.0,1.0,1.0,1.0,0.0,0.0,0.0,0.0,0.0,0.0,0.0,0.0,2.0,0.0,0.0,0.0,0.0,0.0,0.0,0.0,0.0,0.0,0.0,0.0,0.0,2.0,4.0,4.0,0.0,0.0,0.0,0.0,0.0,0.0,0.0,0.0,0.0,0.0,0.0,0.0,70.0,55.0,50.0,70.0,55.0,50.0,70.0,55.0,50.0,70.0,55.0,800.0,70.0,55.0,50.0,0.0,5.0,1.0,3.0,3.0,3.0,5.0,4.0,0.0,1.0,2.0,1.0,0.0
31.0,0,2000.0,Anhui,Limited liability company (Natural person investment or holding),868.0,800.0,Construction industry,2.0,2.0,0.0,0.0,0.0,1.0,4.0,4.0,,0.0,0.0,0.0,0.0,0.0,1.0,0.0,0.0,0.0,0.0,0.0,0.0,0.0,0.0,0.0,0.0,0.0,0.0,0.0,0.0,0.0,0.0,0.0,0.0,0.0,0.0,0.0,0.0,0.0,0.0,0.0,0.0,0.0,0.0,0.0,0.0,0.0,0.0,0.0,0.0,0.0,0.0,0.0,0.0,0.0,0.0,0.0,0.0,0.0,0.0,0.0,0.0,0.0,0.0,0.0,0.0,0.0,0.0,0.0,0.0,0.0,0.0,0.0,0.0,0.0,0.0,0.0,0.0,0.0,0.0,0.0,0.0
32.0,0,4000.0,Anhui,Limited liability company (Natural person investment or holding),1343.0,237.7,Construction industry,2.0,2.0,0.0,0.0,4.0,1.0,1.0,0.0,6.0,0.0,0.0,0.0,1.0,3.0,0.0,0.0,0.0,0.0,0.0,0.0,0.0,0.0,0.0,0.0,0.0,0.0,0.0,0.0,0.0,0.0,0.0,0.0,0.0,0.0,0.0,0.0,0.0,0.0,0.0,0.0,0.0,0.0,0.0,0.0,0.0,0.0,0.0,0.0,0.0,0.0,0.0,0.0,0.0,14.0,12.0,4.0,14.0,12.0,4.0,14.0,12.0,4.0,14.0,12.0,4.0,14.0,12.0,4.0,0.0,0.0,0.0,0.0,0.0,0.0,0.0,0.0,0.0,0.0,0.0,0.0,1.0
33.0,0,5988.0,Anhui,Limited liability company (Natural person investment or holding),1331.0,0.0,Construction industry,2.0,3.0,0.0,0.0,0.0,7.0,2.0,2.0,5.0,0.0,0.0,0.0,0.0,0.0,0.0,0.0,0.0,0.0,0.0,0.0,0.0,0.0,0.0,0.0,0.0,0.0,0.0,0.0,0.0,0.0,0.0,0.0,0.0,0.0,0.0,0.0,0.0,0.0,0.0,0.0,0.0,0.0,0.0,0.0,0.0,0.0,0.0,0.0,0.0,0.0,0.0,0.0,0.0,21.0,15.0,0.0,21.0,15.0,0.0,21.0,15.0,0.0,21.0,15.0,0.0,21.0,15.0,0.0,0.0,0.0,0.0,0.0,0.0,0.0,0.0,0.0,0.0,0.0,0.0,0.0,1.0
34.0,0,1180.0,Anhui,Limited liability company (Natural person investment or holding),1281.0,30.0,Construction industry,3.0,4.0,0.0,0.0,3.0,2.0,2.0,4.0,,0.0,0.0,0.0,0.0,0.0,2.0,0.0,0.0,0.0,0.0,0.0,0.0,0.0,0.0,0.0,0.0,0.0,0.0,0.0,0.0,0.0,0.0,0.0,0.0,0.0,0.0,0.0,0.0,0.0,0.0,0.0,0.0,0.0,0.0,0.0,0.0,0.0,0.0,0.0,0.0,0.0,0.0,0.0,0.0,19.0,6.0,5.0,19.0,6.0,5.0,19.0,6.0,5.0,19.0,6.0,5.0,19.0,6.0,5.0,0.0,0.0,0.0,0.0,0.0,0.0,0.0,0.0,0.0,0.0,0.0,0.0,0.0
35.0,0,2000.0,Anhui,Limited liability company (Natural person investment or holding),1309.0,0.0,Construction industry,2.0,3.0,0.0,0.0,6.0,0.0,3.0,2.0,1.0,0.0,0.0,1.0,0.0,0.0,5.0,0.0,0.0,0.0,0.0,0.0,0.0,0.0,0.0,0.0,0.0,0.0,0.0,0.0,0.0,0.0,0.0,0.0,0.0,0.0,0.0,0.0,0.0,0.0,0.0,0.0,0.0,0.0,0.0,0.0,0.0,0.0,0.0,0.0,0.0,0.0,0.0,0.0,0.0,0.0,0.0,0.0,0.0,0.0,0.0,0.0,0.0,0.0,0.0,0.0,0.0,0.0,0.0,0.0,0.0,0.0,0.0,0.0,0.0,0.0,0.0,0.0,0.0,0.0,0.0,0.0,0.0
36.0,0,4199.0,Anhui,Limited liability company (Natural person investment or holding),984.0,2099.5,Construction industry,2.0,2.0,0.0,0.0,0.0,0.0,0.0,2.0,1.0,0.0,0.0,0.0,0.0,1.0,3.0,0.0,0.0,0.0,0.0,0.0,0.0,0.0,0.0,0.0,0.0,0.0,0.0,0.0,0.0,0.0,0.0,0.0,0.0,0.0,0.0,0.0,0.0,0.0,0.0,0.0,0.0,0.0,0.0,0.0,0.0,0.0,0.0,0.0,0.0,0.0,0.0,0.0,0.0,9.0,9.0,0.0,9.0,9.0,0.0,9.0,9.0,0.0,9.0,9.0,0.0,9.0,9.0,0.0,0.0,0.0,0.0,0.0,0.0,0.0,0.0,0.0,0.0,0.0,0.0,0.0,0.0
37.0,0,2000.0,Anhui,Limited liability company (Natural person investment or holding),1519.0,5.0,Construction industry,2.0,2.0,0.0,4.0,0.0,0.0,4.0,4.0,4.0,0.0,0.0,0.0,0.0,0.0,0.0,0.0,0.0,0.0,0.0,0.0,0.0,0.0,0.0,0.0,0.0,0.0,0.0,0.0,0.0,0.0,0.0,0.0,0.0,0.0,0.0,0.0,0.0,0.0,0.0,0.0,0.0,0.0,0.0,0.0,0.0,0.0,0.0,0.0,0.0,0.0,0.0,0.0,0.0,14.0,0.0,48.0,14.0,0.0,48.0,14.0,0.0,48.0,14.0,0.0,48.0,0.0,0.0,0.0,0.0,0.0,0.0,0.0,0.0,0.0,0.0,0.0,0.0,0.0,0.0,0.0,0.0
38.0,0,3018.0,Anhui,Limited liability company (Natural person investment or holding),3131.0,1018.0,Construction industry,4.0,3.0,0.0,7.0,2.0,0.0,9.0,0.0,5.0,0.0,0.0,0.0,0.0,0.0,0.0,0.0,0.0,0.0,0.0,0.0,0.0,0.0,0.0,0.0,0.0,0.0,0.0,0.0,0.0,0.0,0.0,0.0,0.0,0.0,0.0,0.0,0.0,0.0,0.0,0.0,0.0,0.0,0.0,0.0,0.0,0.0,0.0,0.0,0.0,0.0,0.0,0.0,0.0,19.0,15.0,8.0,19.0,15.0,8.0,19.0,15.0,8.0,19.0,15.0,8.0,19.0,15.0,8.0,0.0,0.0,0.0,0.0,3.0,0.0,0.0,0.0,0.0,0.0,0.0,0.0,1.0
39.0,0,1000.0,Anhui,Limited liability company (Natural person investment or holding),2483.0,750.0,Manufacturing,4.0,4.0,1.0,1.0,1.0,0.0,6.0,1.0,,0.0,0.0,0.0,0.0,0.0,0.0,0.0,0.0,0.0,0.0,0.0,0.0,0.0,0.0,0.0,0.0,0.0,0.0,0.0,0.0,0.0,0.0,0.0,0.0,0.0,0.0,0.0,0.0,1.0,3.0,1.0,17.0,0.0,0.0,0.0,0.0,0.0,0.0,0.0,0.0,0.0,0.0,0.0,0.0,36.0,26.0,28.0,36.0,26.0,28.0,36.0,26.0,28.0,36.0,26.0,28.0,36.0,26.0,28.0,0.0,0.0,0.0,0.0,0.0,0.0,0.0,0.0,0.0,0.0,0.0,0.0,2.0
40.0,0,2018.0,Anhui,Limited liability company (Natural person investment or holding),940.0,45.0,Wholesale and retail,3.0,4.0,0.0,0.0,0.0,0.0,9.0,1.0,1.0,0.0,0.0,0.0,0.0,1.0,0.0,0.0,0.0,0.0,0.0,0.0,0.0,0.0,0.0,0.0,0.0,0.0,0.0,0.0,0.0,0.0,0.0,0.0,0.0,0.0,0.0,0.0,0.0,0.0,0.0,0.0,0.0,0.0,0.0,0.0,0.0,0.0,0.0,0.0,0.0,0.0,0.0,0.0,0.0,5.0,1.0,0.0,4.0,1.0,0.0,5.0,1.0,0.0,5.0,1.0,0.0,4.0,1.0,0.0,0.0,0.0,0.0,0.0,0.0,0.0,0.0,0.0,0.0,0.0,0.0,0.0,0.0
41.0,0,5000.0,Anhui,Limited liability company (sole proprietorship of natural person),2948.0,200.0,Construction industry,1.0,2.0,0.0,4.0,0.0,0.0,2.0,6.0,5.0,0.0,9.0,0.0,0.0,0.0,0.0,0.0,0.0,0.0,0.0,0.0,0.0,0.0,0.0,0.0,0.0,0.0,0.0,0.0,0.0,0.0,0.0,0.0,0.0,0.0,0.0,0.0,0.0,0.0,0.0,0.0,0.0,0.0,0.0,0.0,0.0,0.0,0.0,0.0,0.0,0.0,0.0,0.0,0.0,22.0,17.0,5.0,22.0,17.0,5.0,22.0,17.0,5.0,22.0,17.0,5.0,22.0,17.0,5.0,0.0,0.0,0.0,0.0,0.0,0.0,0.0,0.0,0.0,0.0,0.0,0.0,1.0
42.0,0,6000.0,Anhui,Limited liability company (Natural person investment or holding),849.0,100.0,Construction industry,2.0,2.0,0.0,0.0,0.0,1.0,1.0,2.0,,0.0,0.0,0.0,0.0,0.0,8.0,0.0,0.0,0.0,0.0,0.0,0.0,0.0,0.0,0.0,0.0,0.0,0.0,0.0,0.0,0.0,0.0,0.0,0.0,0.0,0.0,0.0,0.0,0.0,0.0,0.0,0.0,0.0,0.0,0.0,0.0,0.0,0.0,0.0,0.0,0.0,0.0,0.0,0.0,16.0,10.0,,16.0,10.0,,16.0,10.0,,16.0,10.0,,16.0,10.0,,0.0,0.0,0.0,0.0,0.0,0.0,0.0,0.0,0.0,0.0,0.0,0.0,0.0
43.0,0,4000.0,Anhui,Limited liability company (Natural person investment or holding),1541.0,4000.0,Construction industry,2.0,3.0,0.0,0.0,6.0,9.0,2.0,0.0,1.0,0.0,0.0,0.0,9.0,0.0,0.0,0.0,0.0,0.0,0.0,0.0,0.0,0.0,0.0,0.0,0.0,0.0,0.0,0.0,0.0,0.0,0.0,0.0,0.0,0.0,2.0,0.0,0.0,0.0,0.0,0.0,0.0,0.0,0.0,0.0,0.0,0.0,0.0,0.0,0.0,0.0,0.0,0.0,0.0,9.0,5.0,8.0,9.0,5.0,8.0,9.0,5.0,8.0,9.0,5.0,8.0,9.0,5.0,0.0,0.0,0.0,0.0,0.0,0.0,0.0,0.0,0.0,0.0,0.0,0.0,1.0,1.0
44.0,0,2600.0,Anhui,Limited liability company (Natural person investment or holding),1292.0,0.0,Construction industry,2.0,3.0,0.0,0.0,0.0,0.0,0.0,0.0,,0.0,0.0,0.0,1.0,0.0,6.0,0.0,0.0,0.0,0.0,0.0,0.0,0.0,0.0,0.0,0.0,0.0,0.0,0.0,0.0,0.0,0.0,0.0,0.0,0.0,0.0,0.0,0.0,0.0,0.0,0.0,0.0,0.0,0.0,0.0,0.0,0.0,0.0,0.0,0.0,0.0,0.0,0.0,0.0,11.0,12.0,11.0,11.0,12.0,11.0,11.0,12.0,11.0,11.0,12.0,11.0,11.0,12.0,11.0,0.0,0.0,0.0,0.0,0.0,0.0,0.0,0.0,0.0,0.0,0.0,0.0,1.0
45.0,1,2100.0,Anhui,Limited liability company (sole proprietorship of natural person),1015.0,200.0,Construction industry,1.0,3.0,0.0,0.0,0.0,0.0,1.0,3.0,,0.0,0.0,0.0,0.0,8.0,0.0,0.0,0.0,0.0,0.0,0.0,0.0,0.0,0.0,0.0,0.0,0.0,0.0,0.0,0.0,0.0,0.0,0.0,0.0,0.0,0.0,0.0,0.0,0.0,0.0,0.0,0.0,0.0,0.0,0.0,0.0,0.0,0.0,0.0,0.0,0.0,0.0,0.0,0.0,6.0,5.0,0.0,6.0,5.0,0.0,6.0,5.0,0.0,6.0,5.0,0.0,6.0,5.0,0.0,0.0,0.0,0.0,0.0,0.0,0.0,0.0,0.0,0.0,0.0,0.0,0.0,0.0
46.0,0,2000.0,Anhui,Limited liability company (sole proprietorship of natural person),1164.0,5000.0,Construction industry,1.0,3.0,0.0,0.0,0.0,2.0,0.0,5.0,2.0,0.0,0.0,0.0,0.0,0.0,0.0,0.0,0.0,0.0,0.0,0.0,0.0,0.0,0.0,0.0,0.0,0.0,0.0,0.0,0.0,0.0,0.0,0.0,0.0,0.0,0.0,0.0,0.0,0.0,0.0,0.0,0.0,0.0,0.0,0.0,0.0,0.0,0.0,0.0,0.0,0.0,0.0,0.0,0.0,8.0,8.0,4.0,8.0,8.0,4.0,8.0,8.0,4.0,8.0,8.0,4.0,8.0,8.0,4.0,0.0,0.0,0.0,0.0,0.0,0.0,0.0,0.0,0.0,0.0,0.0,0.0,0.0
47.0,0,1080.0,Anhui,Limited liability company (Natural person investment or holding),3479.0,100.0,Construction industry,2.0,2.0,0.0,3.0,15.0,6.0,2.0,1.0,1.0,0.0,0.0,0.0,0.0,0.0,0.0,0.0,0.0,0.0,0.0,0.0,0.0,0.0,0.0,0.0,0.0,0.0,0.0,0.0,0.0,0.0,0.0,0.0,0.0,0.0,0.0,0.0,0.0,0.0,0.0,0.0,0.0,0.0,0.0,0.0,0.0,0.0,0.0,0.0,0.0,0.0,0.0,0.0,0.0,13.0,7.0,8.0,13.0,7.0,8.0,13.0,7.0,8.0,13.0,7.0,8.0,13.0,7.0,8.0,0.0,0.0,0.0,0.0,0.0,0.0,0.0,0.0,0.0,0.0,0.0,0.0,1.0
48.0,0,2800.0,Anhui,Limited liability company (Natural person investment or holding),4026.0,2800.0,Construction industry,2.0,2.0,0.0,0.0,0.0,0.0,0.0,0.0,,0.0,1.0,0.0,0.0,0.0,2.0,0.0,0.0,0.0,0.0,0.0,0.0,0.0,0.0,0.0,0.0,0.0,0.0,0.0,0.0,0.0,0.0,0.0,0.0,0.0,0.0,0.0,0.0,0.0,0.0,0.0,0.0,0.0,0.0,0.0,0.0,0.0,0.0,0.0,0.0,0.0,0.0,0.0,0.0,0.0,0.0,0.0,0.0,0.0,0.0,0.0,0.0,0.0,0.0,0.0,0.0,0.0,0.0,0.0,0.0,0.0,0.0,5.0,4.0,4.0,0.0,0.0,0.0,4.0,0.0,1.0,1.0
49.0,0,1000.0,Anhui,Limited liability company (Natural person investment or holding),948.0,1000.0,Construction industry,2.0,2.0,0.0,0.0,0.0,0.0,3.0,1.0,3.0,0.0,0.0,0.0,0.0,1.0,0.0,0.0,0.0,0.0,0.0,0.0,0.0,0.0,0.0,0.0,0.0,0.0,0.0,0.0,0.0,0.0,0.0,0.0,0.0,0.0,0.0,0.0,0.0,0.0,0.0,0.0,0.0,0.0,0.0,0.0,0.0,0.0,0.0,0.0,0.0,0.0,0.0,0.0,0.0,10.0,8.0,4.0,10.0,8.0,4.0,10.0,8.0,4.0,10.0,8.0,4.0,10.0,8.0,4.0,0.0,0.0,0.0,0.0,0.0,0.0,0.0,0.0,0.0,0.0,0.0,0.0,0.0
50.0,0,10600.0,Anhui,Limited liability company (Natural person investment or holding),4069.0,2028.0,Wholesale and retail,2.0,3.0,1.0,0.0,4.0,0.0,0.0,0.0,3.0,0.0,0.0,0.0,5.0,0.0,0.0,1.0,0.0,1.0,0.0,0.0,2.0,0.0,0.0,0.0,0.0,0.0,0.0,0.0,0.0,0.0,0.0,0.0,0.0,0.0,0.0,0.0,0.0,0.0,0.0,0.0,0.0,0.0,0.0,0.0,0.0,0.0,0.0,0.0,0.0,0.0,0.0,0.0,0.0,19.0,11.0,11.0,19.0,11.0,11.0,19.0,11.0,11.0,19.0,11.0,11.0,19.0,11.0,11.0,0.0,1.0,0.0,0.0,6.0,4.0,0.0,0.0,0.0,0.0,5.0,1.0,2.0
51.0,0,3000.0,Anhui,Limited liability company (Natural person investment or holding),834.0,3000.0,Construction industry,4.0,3.0,0.0,0.0,0.0,0.0,2.0,0.0,,0.0,0.0,0.0,0.0,0.0,0.0,0.0,0.0,0.0,0.0,0.0,0.0,0.0,0.0,0.0,0.0,0.0,0.0,0.0,0.0,0.0,0.0,0.0,0.0,0.0,0.0,0.0,0.0,0.0,0.0,0.0,0.0,0.0,0.0,0.0,0.0,0.0,0.0,0.0,0.0,0.0,0.0,0.0,0.0,0.0,0.0,,0.0,0.0,,0.0,0.0,,0.0,0.0,,0.0,0.0,,0.0,0.0,0.0,0.0,0.0,0.0,0.0,0.0,0.0,0.0,0.0,0.0,0.0
52.0,0,1077.0,Anhui,Limited liability company (Natural person investment or holding),2364.0,600.0,Construction industry,3.0,2.0,1.0,1.0,0.0,8.0,0.0,2.0,,0.0,0.0,0.0,0.0,0.0,0.0,0.0,0.0,0.0,0.0,0.0,0.0,0.0,0.0,0.0,0.0,0.0,0.0,0.0,0.0,0.0,0.0,0.0,0.0,0.0,0.0,0.0,0.0,0.0,0.0,0.0,0.0,0.0,0.0,0.0,0.0,0.0,0.0,0.0,0.0,0.0,0.0,0.0,0.0,10.0,8.0,6.0,10.0,8.0,6.0,10.0,8.0,6.0,10.0,8.0,6.0,10.0,8.0,6.0,0.0,0.0,0.0,0.0,0.0,0.0,0.0,0.0,0.0,0.0,0.0,0.0,0.0
53.0,0,5688.0,Anhui,Limited liability company (Natural person investment or holding),1150.0,568.8,Construction industry,2.0,3.0,0.0,0.0,0.0,15.0,6.0,3.0,2.0,0.0,0.0,0.0,0.0,0.0,9.0,0.0,0.0,0.0,0.0,0.0,0.0,0.0,0.0,0.0,0.0,0.0,0.0,0.0,0.0,0.0,0.0,0.0,0.0,0.0,5.0,0.0,0.0,0.0,0.0,0.0,0.0,0.0,0.0,0.0,0.0,0.0,1.0,0.0,0.0,0.0,0.0,0.0,0.0,0.0,0.0,0.0,0.0,0.0,0.0,0.0,0.0,0.0,0.0,0.0,0.0,0.0,0.0,0.0,0.0,0.0,0.0,0.0,0.0,0.0,0.0,0.0,0.0,0.0,0.0,0.0,0.0
54.0,0,1600.0,Anhui,Limited liability company (Natural person investment or holding),597.0,0.0,Construction industry,2.0,3.0,0.0,0.0,0.0,0.0,0.0,0.0,,0.0,0.0,0.0,0.0,0.0,0.0,0.0,0.0,0.0,0.0,0.0,0.0,0.0,0.0,0.0,0.0,0.0,0.0,0.0,0.0,0.0,0.0,0.0,0.0,0.0,0.0,0.0,0.0,0.0,0.0,0.0,0.0,0.0,0.0,0.0,0.0,0.0,0.0,0.0,0.0,0.0,0.0,0.0,0.0,3.0,0.0,,3.0,0.0,,3.0,0.0,,3.0,0.0,,3.0,0.0,,0.0,0.0,0.0,0.0,0.0,0.0,0.0,0.0,0.0,0.0,0.0,0.0,0.0
55.0,0,5000.0,Anhui,Limited liability company (Natural person investment or holding),3998.0,5000.0,Construction industry,2.0,2.0,0.0,0.0,6.0,0.0,2.0,13.0,3.0,0.0,0.0,0.0,0.0,0.0,0.0,0.0,0.0,0.0,0.0,0.0,0.0,0.0,0.0,0.0,0.0,0.0,0.0,0.0,0.0,0.0,0.0,3.0,2.0,0.0,0.0,0.0,0.0,0.0,0.0,0.0,0.0,0.0,0.0,0.0,0.0,0.0,0.0,0.0,0.0,0.0,0.0,0.0,0.0,12.0,9.0,9.0,12.0,0.0,0.0,12.0,9.0,0.0,12.0,0.0,0.0,12.0,0.0,0.0,0.0,0.0,0.0,0.0,0.0,0.0,0.0,0.0,0.0,0.0,0.0,0.0,1.0
56.0,0,1000.0,Anhui,Limited liability company (Natural person investment or holding),1111.0,92.1,Construction industry,2.0,3.0,0.0,0.0,0.0,0.0,2.0,0.0,1.0,0.0,0.0,0.0,0.0,4.0,0.0,0.0,0.0,0.0,0.0,0.0,0.0,0.0,0.0,0.0,0.0,0.0,0.0,0.0,0.0,0.0,0.0,0.0,0.0,0.0,0.0,0.0,0.0,0.0,0.0,0.0,0.0,0.0,0.0,0.0,0.0,0.0,0.0,0.0,0.0,0.0,0.0,0.0,0.0,13.0,7.0,3.0,13.0,7.0,3.0,13.0,7.0,3.0,13.0,7.0,3.0,13.0,7.0,3.0,0.0,0.0,0.0,0.0,0.0,0.0,0.0,0.0,0.0,0.0,0.0,0.0,0.0
57.0,0,1620.0,Anhui,Limited liability company (Natural person investment or holding),1140.0,16.2,Construction industry,2.0,3.0,0.0,0.0,0.0,0.0,2.0,5.0,,0.0,0.0,0.0,0.0,0.0,1.0,0.0,0.0,0.0,0.0,0.0,0.0,0.0,0.0,0.0,0.0,0.0,0.0,0.0,0.0,0.0,0.0,0.0,0.0,0.0,0.0,0.0,0.0,0.0,0.0,0.0,0.0,0.0,0.0,0.0,0.0,0.0,0.0,0.0,0.0,0.0,0.0,0.0,0.0,0.0,0.0,0.0,0.0,0.0,0.0,0.0,0.0,0.0,0.0,0.0,0.0,0.0,0.0,0.0,0.0,0.0,0.0,0.0,0.0,0.0,0.0,0.0,0.0,0.0,0.0,0.0,0.0
58.0,0,2060.0,Anhui,Limited liability company (Natural person investment or holding),1391.0,2000.0,Construction industry,2.0,2.0,0.0,0.0,0.0,2.0,3.0,0.0,5.0,0.0,0.0,0.0,0.0,0.0,0.0,0.0,0.0,0.0,0.0,0.0,0.0,0.0,0.0,0.0,0.0,0.0,0.0,0.0,0.0,0.0,0.0,0.0,0.0,0.0,0.0,0.0,0.0,0.0,0.0,0.0,0.0,0.0,0.0,0.0,0.0,0.0,0.0,0.0,0.0,0.0,0.0,0.0,0.0,16.0,13.0,11.0,16.0,13.0,11.0,16.0,13.0,11.0,16.0,13.0,11.0,16.0,13.0,11.0,0.0,0.0,0.0,0.0,0.0,0.0,0.0,0.0,0.0,0.0,0.0,0.0,0.0
59.0,0,6600.0,Anhui,Limited liability company (Natural person investment or holding),589.0,0.0,Construction industry,2.0,2.0,0.0,0.0,0.0,0.0,5.0,4.0,2.0,0.0,0.0,0.0,0.0,0.0,4.0,0.0,0.0,0.0,0.0,0.0,0.0,0.0,0.0,0.0,0.0,0.0,0.0,0.0,0.0,0.0,0.0,0.0,0.0,0.0,0.0,0.0,0.0,0.0,0.0,0.0,0.0,0.0,0.0,0.0,0.0,0.0,0.0,0.0,0.0,0.0,0.0,0.0,0.0,7.0,0.0,,7.0,0.0,,7.0,0.0,,7.0,0.0,,7.0,0.0,,0.0,0.0,0.0,0.0,0.0,0.0,0.0,0.0,0.0,0.0,0.0,0.0,0.0
60.0,0,5180.0,Anhui,Limited liability company (sole proprietorship of natural person),2087.0,1000.0,Construction industry,1.0,3.0,0.0,0.0,1.0,0.0,0.0,1.0,1.0,0.0,0.0,0.0,0.0,0.0,0.0,0.0,0.0,0.0,0.0,0.0,0.0,0.0,0.0,0.0,0.0,0.0,0.0,0.0,0.0,0.0,0.0,0.0,0.0,0.0,0.0,0.0,0.0,0.0,0.0,0.0,0.0,0.0,0.0,0.0,0.0,0.0,0.0,0.0,0.0,0.0,0.0,0.0,0.0,18.0,10.0,7.0,18.0,10.0,7.0,18.0,10.0,7.0,18.0,10.0,7.0,18.0,10.0,7.0,0.0,0.0,0.0,0.0,1.0,0.0,0.0,0.0,0.0,0.0,1.0,0.0,1.0
61.0,0,2088.0,Anhui,Limited liability company (Natural person investment or holding),1697.0,0.0,Construction industry,2.0,2.0,0.0,0.0,0.0,4.0,0.0,0.0,6.0,0.0,0.0,0.0,0.0,0.0,0.0,0.0,0.0,0.0,0.0,0.0,0.0,0.0,0.0,0.0,0.0,0.0,0.0,0.0,0.0,0.0,0.0,0.0,0.0,0.0,0.0,0.0,0.0,0.0,0.0,0.0,0.0,0.0,0.0,0.0,0.0,0.0,0.0,0.0,0.0,0.0,0.0,0.0,0.0,14.0,12.0,8.0,14.0,12.0,8.0,14.0,12.0,8.0,14.0,12.0,8.0,14.0,12.0,8.0,0.0,0.0,0.0,0.0,0.0,0.0,0.0,0.0,0.0,0.0,0.0,0.0,1.0
62.0,0,2000.0,Anhui,Limited liability company (Natural person investment or holding),1869.0,500.0,Wholesale and retail,2.0,2.0,0.0,0.0,6.0,0.0,5.0,2.0,,0.0,0.0,0.0,0.0,1.0,0.0,0.0,0.0,0.0,0.0,0.0,0.0,0.0,0.0,0.0,0.0,0.0,0.0,0.0,0.0,0.0,0.0,0.0,0.0,0.0,0.0,0.0,0.0,0.0,0.0,0.0,0.0,0.0,0.0,0.0,0.0,0.0,0.0,0.0,0.0,0.0,0.0,0.0,0.0,5.0,3.0,0.0,5.0,3.0,0.0,5.0,3.0,0.0,5.0,3.0,0.0,5.0,3.0,0.0,0.0,0.0,0.0,0.0,0.0,0.0,0.0,0.0,0.0,0.0,0.0,0.0,0.0
63.0,0,5000.0,Anhui,Limited liability company (Natural person investment or holding),964.0,0.0,Construction industry,2.0,3.0,0.0,0.0,0.0,0.0,0.0,1.0,,0.0,0.0,0.0,0.0,0.0,0.0,0.0,0.0,0.0,0.0,0.0,0.0,0.0,0.0,0.0,0.0,0.0,0.0,0.0,0.0,0.0,0.0,0.0,0.0,0.0,0.0,0.0,0.0,0.0,0.0,0.0,0.0,0.0,0.0,0.0,0.0,0.0,0.0,0.0,0.0,0.0,0.0,0.0,0.0,2.0,1.0,0.0,2.0,1.0,0.0,2.0,1.0,0.0,2.0,1.0,0.0,2.0,1.0,0.0,0.0,0.0,0.0,0.0,0.0,0.0,0.0,0.0,0.0,0.0,0.0,0.0,0.0
64.0,0,1050.0,Anhui,Limited liability company (Natural person investment or holding),832.0,1050.0,Construction industry,2.0,3.0,0.0,0.0,0.0,0.0,7.0,0.0,,0.0,0.0,0.0,0.0,0.0,0.0,0.0,0.0,0.0,0.0,0.0,0.0,0.0,0.0,0.0,0.0,0.0,0.0,0.0,0.0,0.0,0.0,0.0,0.0,0.0,0.0,0.0,0.0,0.0,0.0,0.0,0.0,0.0,0.0,0.0,0.0,0.0,0.0,0.0,0.0,0.0,0.0,0.0,0.0,7.0,2.0,0.0,7.0,2.0,0.0,7.0,2.0,0.0,7.0,2.0,0.0,7.0,2.0,0.0,0.0,0.0,0.0,0.0,0.0,0.0,0.0,0.0,0.0,0.0,0.0,0.0,0.0
65.0,0,3800.0,Anhui,Limited liability company (Natural person investment or holding),535.0,3800.0,Construction industry,2.0,3.0,0.0,0.0,0.0,0.0,6.0,5.0,1.0,0.0,0.0,0.0,0.0,4.0,1.0,0.0,0.0,0.0,0.0,0.0,0.0,0.0,0.0,0.0,0.0,0.0,0.0,0.0,0.0,0.0,0.0,0.0,0.0,0.0,0.0,0.0,0.0,0.0,0.0,0.0,0.0,0.0,0.0,0.0,0.0,0.0,0.0,0.0,0.0,0.0,0.0,0.0,0.0,0.0,,,0.0,,,0.0,,,0.0,,,0.0,,,0.0,0.0,0.0,0.0,0.0,0.0,0.0,0.0,0.0,0.0,0.0,0.0,0.0
66.0,0,5000.0,Anhui,Limited liability company (Natural person investment or holding),1580.0,2000.0,Construction industry,2.0,2.0,0.0,0.0,0.0,0.0,1.0,5.0,2.0,0.0,0.0,0.0,0.0,0.0,0.0,0.0,0.0,0.0,0.0,0.0,0.0,0.0,0.0,0.0,0.0,0.0,0.0,0.0,0.0,0.0,0.0,0.0,0.0,0.0,0.0,0.0,0.0,0.0,0.0,0.0,0.0,0.0,0.0,0.0,0.0,0.0,0.0,0.0,0.0,0.0,0.0,0.0,0.0,8.0,4.0,0.0,8.0,4.0,0.0,8.0,4.0,0.0,8.0,4.0,0.0,8.0,4.0,0.0,0.0,0.0,0.0,0.0,0.0,0.0,0.0,0.0,0.0,0.0,0.0,0.0,0.0
67.0,0,4180.0,Anhui,Limited liability company (sole proprietorship of natural person),2936.0,5532.0,Construction industry,1.0,2.0,0.0,0.0,6.0,0.0,0.0,6.0,3.0,0.0,3.0,0.0,0.0,0.0,1.0,0.0,0.0,0.0,0.0,0.0,0.0,0.0,0.0,0.0,0.0,0.0,0.0,0.0,0.0,0.0,0.0,0.0,0.0,0.0,0.0,0.0,0.0,0.0,0.0,0.0,0.0,0.0,0.0,0.0,0.0,0.0,0.0,0.0,0.0,0.0,0.0,0.0,0.0,14.0,11.0,11.0,14.0,11.0,11.0,14.0,11.0,11.0,14.0,11.0,11.0,5.0,3.0,3.0,0.0,0.0,1.0,0.0,0.0,0.0,0.0,0.0,0.0,0.0,0.0,0.0,0.0
68.0,0,1200.0,Anhui,Limited liability company (Natural person investment or holding),2725.0,1200.0,Construction industry,3.0,3.0,7.0,0.0,2.0,5.0,1.0,0.0,,0.0,0.0,0.0,0.0,0.0,0.0,0.0,0.0,0.0,0.0,0.0,0.0,0.0,0.0,0.0,0.0,0.0,0.0,0.0,0.0,0.0,0.0,0.0,0.0,0.0,0.0,0.0,0.0,0.0,0.0,0.0,8.0,0.0,0.0,0.0,0.0,0.0,0.0,0.0,0.0,0.0,0.0,0.0,0.0,24.0,21.0,20.0,0.0,0.0,0.0,24.0,21.0,20.0,24.0,21.0,20.0,24.0,21.0,20.0,0.0,0.0,3.0,5.0,0.0,2.0,0.0,0.0,0.0,2.0,0.0,1.0,1.0
69.0,0,5000.0,Anhui,Limited liability company (Natural person investment or holding),2421.0,500.0,Wholesale and retail,2.0,2.0,1.0,0.0,6.0,13.0,6.0,7.0,,0.0,0.0,0.0,0.0,1.0,0.0,0.0,0.0,0.0,0.0,0.0,0.0,0.0,0.0,0.0,0.0,0.0,0.0,0.0,0.0,0.0,0.0,0.0,0.0,0.0,0.0,0.0,0.0,0.0,0.0,0.0,0.0,0.0,0.0,0.0,0.0,0.0,0.0,0.0,0.0,0.0,0.0,0.0,0.0,18.0,6.0,0.0,18.0,6.0,0.0,18.0,6.0,0.0,18.0,6.0,0.0,18.0,6.0,0.0,0.0,0.0,0.0,0.0,0.0,1.0,0.0,0.0,0.0,0.0,0.0,1.0,1.0
70.0,0,1000.0,Anhui,Limited liability company (sole proprietorship of natural person),784.0,0.0,Construction industry,1.0,3.0,0.0,0.0,0.0,0.0,0.0,0.0,,0.0,0.0,0.0,0.0,4.0,1.0,0.0,0.0,0.0,0.0,0.0,0.0,0.0,0.0,0.0,0.0,0.0,0.0,0.0,0.0,0.0,0.0,0.0,0.0,0.0,0.0,0.0,0.0,0.0,0.0,0.0,0.0,0.0,0.0,0.0,0.0,0.0,0.0,0.0,0.0,0.0,0.0,0.0,0.0,7.0,3.0,,7.0,3.0,,7.0,3.0,,7.0,3.0,,7.0,3.0,,0.0,0.0,0.0,0.0,0.0,0.0,0.0,0.0,0.0,0.0,0.0,0.0,0.0
71.0,0,6800.0,Anhui,Limited liability company (Natural person investment or holding),4555.0,1815.0,Construction industry,2.0,2.0,3.0,0.0,1.0,1.0,2.0,0.0,1.0,0.0,0.0,0.0,0.0,0.0,1.0,0.0,0.0,0.0,0.0,0.0,0.0,0.0,0.0,0.0,0.0,0.0,0.0,0.0,0.0,2.0,0.0,0.0,0.0,0.0,0.0,0.0,0.0,1.0,2.0,8.0,2.0,0.0,0.0,0.0,0.0,0.0,0.0,0.0,0.0,0.0,0.0,0.0,0.0,26.0,10.0,10.0,26.0,10.0,10.0,26.0,10.0,10.0,26.0,10.0,10.0,26.0,10.0,10.0,0.0,0.0,4.0,0.0,0.0,0.0,0.0,1.0,2.0,0.0,0.0,0.0,2.0
72.0,1,1000.0,Anhui,Limited liability company (Natural person investment or holding),2525.0,300.0,Construction industry,2.0,2.0,0.0,0.0,5.0,0.0,2.0,0.0,4.0,0.0,0.0,1.0,1.0,0.0,0.0,0.0,1.0,0.0,1.0,1.0,0.0,0.0,0.0,0.0,0.0,1.0,0.0,0.0,0.0,0.0,0.0,0.0,0.0,0.0,1.0,0.0,0.0,0.0,0.0,0.0,0.0,0.0,0.0,0.0,0.0,0.0,0.0,0.0,0.0,0.0,0.0,0.0,0.0,8.0,7.0,3396.0,8.0,7.0,3396.0,8.0,7.0,3396.0,8.0,7.0,3396.0,8.0,7.0,3396.0,0.0,1.0,0.0,3.0,1.0,2.0,0.0,0.0,1.0,1.0,0.0,0.0,0.0
73.0,0,1558.0,Anhui,Limited liability company (Natural person investment or holding),4495.0,1116.34,"Water conservancy, environment and public facilities management",6.0,2.0,8.0,0.0,1.0,1.0,2.0,2.0,1.0,0.0,0.0,0.0,0.0,0.0,1.0,0.0,0.0,0.0,0.0,0.0,0.0,0.0,0.0,0.0,0.0,0.0,0.0,0.0,1.0,0.0,0.0,0.0,0.0,0.0,0.0,0.0,0.0,0.0,0.0,0.0,0.0,0.0,0.0,0.0,0.0,0.0,0.0,0.0,0.0,0.0,0.0,0.0,0.0,5.0,9.0,12.0,2.0,0.0,0.0,2.0,3.0,4.0,0.0,0.0,0.0,2.0,3.0,4.0,0.0,0.0,0.0,1.0,4.0,0.0,0.0,0.0,0.0,1.0,1.0,2.0,0.0
74.0,0,2000.0,Anhui,Limited liability company (Natural person investment or holding),2503.0,1000.0,Construction industry,2.0,2.0,6.0,6.0,0.0,2.0,1.0,4.0,,0.0,0.0,0.0,0.0,0.0,0.0,0.0,0.0,0.0,0.0,0.0,0.0,0.0,0.0,0.0,0.0,0.0,0.0,0.0,0.0,1.0,0.0,0.0,0.0,0.0,0.0,0.0,0.0,0.0,0.0,0.0,0.0,0.0,0.0,0.0,0.0,0.0,0.0,0.0,0.0,0.0,0.0,0.0,0.0,2.0,5.0,2.0,2.0,5.0,2.0,2.0,5.0,2.0,2.0,5.0,2.0,2.0,5.0,2.0,0.0,0.0,0.0,0.0,0.0,1.0,0.0,0.0,0.0,0.0,0.0,2.0,0.0
75.0,0,3000.0,Anhui,Limited liability company (Natural person investment or holding),1650.0,0.0,Construction industry,2.0,3.0,0.0,0.0,0.0,0.0,0.0,0.0,3.0,0.0,0.0,0.0,0.0,0.0,8.0,0.0,0.0,0.0,0.0,0.0,0.0,0.0,0.0,0.0,0.0,1.0,0.0,0.0,0.0,0.0,0.0,0.0,0.0,0.0,0.0,0.0,0.0,0.0,0.0,0.0,0.0,0.0,0.0,0.0,0.0,0.0,0.0,0.0,0.0,0.0,0.0,0.0,0.0,26.0,26.0,20.0,26.0,26.0,20.0,26.0,26.0,20.0,26.0,26.0,20.0,26.0,26.0,20.0,0.0,0.0,0.0,0.0,0.0,2.0,0.0,0.0,0.0,0.0,0.0,0.0,0.0
76.0,1,2000.0,Anhui,Limited liability company (sole proprietorship of natural person),1755.0,0.0,Construction industry,1.0,3.0,0.0,0.0,1.0,0.0,0.0,2.0,,0.0,0.0,0.0,0.0,0.0,1.0,0.0,0.0,0.0,0.0,0.0,0.0,0.0,0.0,0.0,0.0,0.0,0.0,0.0,0.0,0.0,0.0,0.0,0.0,0.0,0.0,0.0,0.0,0.0,0.0,0.0,0.0,0.0,0.0,0.0,0.0,0.0,0.0,0.0,0.0,0.0,0.0,0.0,0.0,15.0,15.0,10.0,15.0,15.0,10.0,15.0,15.0,10.0,15.0,15.0,10.0,15.0,15.0,10.0,0.0,0.0,0.0,0.0,0.0,0.0,0.0,0.0,0.0,0.0,0.0,0.0,0.0
77.0,0,1000.0,Anhui,Limited liability company (sole proprietorship of natural person),966.0,0.0,Construction industry,1.0,3.0,0.0,0.0,0.0,0.0,6.0,0.0,,0.0,0.0,0.0,4.0,0.0,0.0,0.0,0.0,0.0,0.0,0.0,0.0,0.0,0.0,0.0,0.0,0.0,0.0,0.0,0.0,0.0,0.0,0.0,0.0,0.0,0.0,0.0,0.0,0.0,0.0,0.0,0.0,0.0,0.0,0.0,0.0,0.0,0.0,0.0,0.0,0.0,0.0,0.0,0.0,5.0,0.0,,5.0,0.0,,5.0,0.0,,5.0,0.0,,5.0,0.0,,0.0,0.0,0.0,0.0,0.0,0.0,0.0,0.0,0.0,0.0,0.0,0.0,0.0
78.0,0,1050.0,Anhui,Limited liability company (Natural person investment or holding),1919.0,840.0,Construction industry,3.0,3.0,0.0,0.0,2.0,0.0,0.0,2.0,5.0,0.0,1.0,0.0,0.0,1.0,0.0,0.0,0.0,0.0,0.0,0.0,0.0,0.0,0.0,0.0,0.0,0.0,0.0,0.0,0.0,0.0,0.0,0.0,0.0,0.0,0.0,0.0,0.0,0.0,0.0,0.0,0.0,0.0,0.0,0.0,0.0,0.0,0.0,0.0,0.0,0.0,0.0,0.0,0.0,0.0,11.0,10.0,0.0,11.0,10.0,0.0,11.0,10.0,0.0,11.0,10.0,0.0,11.0,10.0,0.0,0.0,0.0,2.0,1.0,0.0,0.0,0.0,0.0,0.0,1.0,1.0,0.0
79.0,0,4680.0,Anhui,Limited liability company (Natural person investment or holding),909.0,4680.0,Construction industry,2.0,3.0,0.0,0.0,0.0,0.0,4.0,4.0,8.0,0.0,0.0,0.0,0.0,0.0,0.0,0.0,0.0,0.0,0.0,0.0,0.0,0.0,0.0,0.0,0.0,0.0,0.0,0.0,0.0,0.0,0.0,0.0,0.0,0.0,0.0,0.0,0.0,0.0,0.0,0.0,0.0,0.0,0.0,0.0,0.0,0.0,0.0,0.0,0.0,0.0,0.0,0.0,0.0,21.0,14.0,0.0,21.0,14.0,0.0,21.0,14.0,0.0,21.0,14.0,0.0,21.0,14.0,0.0,0.0,0.0,0.0,0.0,1.0,2.0,0.0,0.0,0.0,0.0,0.0,0.0,0.0
80.0,0,1600.0,Anhui,Limited liability company (sole proprietorship of natural person),1350.0,1600.0,Construction industry,1.0,3.0,0.0,0.0,0.0,0.0,0.0,0.0,1.0,0.0,0.0,0.0,0.0,0.0,0.0,0.0,0.0,0.0,0.0,0.0,0.0,0.0,0.0,0.0,0.0,0.0,0.0,0.0,0.0,0.0,0.0,0.0,0.0,0.0,0.0,0.0,0.0,0.0,0.0,0.0,0.0,0.0,0.0,0.0,0.0,0.0,0.0,0.0,0.0,0.0,0.0,0.0,0.0,7.0,0.0,0.0,7.0,0.0,0.0,7.0,0.0,0.0,7.0,0.0,0.0,7.0,0.0,0.0,0.0,0.0,0.0,0.0,0.0,0.0,0.0,0.0,0.0,0.0,0.0,0.0,0.0
81.0,0,5000.0,Anhui,Limited liability company (Natural person investment or holding),1429.0,5000.0,Construction industry,2.0,3.0,0.0,0.0,3.0,0.0,2.0,5.0,,0.0,0.0,0.0,0.0,0.0,0.0,0.0,0.0,0.0,0.0,0.0,0.0,0.0,0.0,0.0,0.0,0.0,0.0,0.0,0.0,0.0,0.0,0.0,0.0,0.0,0.0,0.0,0.0,0.0,0.0,0.0,0.0,0.0,0.0,0.0,0.0,0.0,0.0,0.0,0.0,0.0,0.0,0.0,0.0,9.0,6.0,2.0,9.0,6.0,2.0,9.0,6.0,2.0,9.0,6.0,2.0,9.0,6.0,2.0,0.0,0.0,0.0,0.0,0.0,0.0,0.0,0.0,0.0,0.0,0.0,0.0,0.0
82.0,0,2000.0,Anhui,Limited liability company (sole proprietorship of natural person),1807.0,2000.0,Construction industry,1.0,3.0,0.0,1.0,1.0,1.0,8.0,3.0,,0.0,0.0,0.0,0.0,0.0,1.0,0.0,0.0,0.0,0.0,0.0,0.0,0.0,0.0,0.0,0.0,0.0,0.0,0.0,0.0,0.0,0.0,0.0,0.0,0.0,0.0,0.0,0.0,0.0,0.0,0.0,0.0,0.0,0.0,0.0,0.0,0.0,0.0,0.0,0.0,0.0,0.0,0.0,0.0,4.0,7.0,9.0,4.0,7.0,9.0,4.0,7.0,9.0,4.0,7.0,9.0,4.0,7.0,9.0,0.0,0.0,0.0,0.0,4.0,0.0,0.0,0.0,0.0,0.0,0.0,0.0,0.0
83.0,0,5000.0,Anhui,Limited liability company (Natural person investment or holding),1384.0,0.0,Construction industry,3.0,3.0,0.0,0.0,5.0,2.0,0.0,2.0,,0.0,0.0,0.0,0.0,0.0,0.0,0.0,0.0,0.0,0.0,0.0,0.0,0.0,0.0,0.0,0.0,0.0,0.0,0.0,0.0,0.0,0.0,0.0,0.0,0.0,0.0,0.0,0.0,0.0,0.0,0.0,0.0,0.0,0.0,0.0,0.0,0.0,0.0,0.0,0.0,0.0,0.0,0.0,0.0,17.0,10.0,10.0,17.0,10.0,10.0,17.0,10.0,10.0,17.0,10.0,10.0,17.0,10.0,10.0,0.0,0.0,0.0,0.0,0.0,0.0,0.0,0.0,0.0,0.0,0.0,0.0,0.0
84.0,0,1000.0,Anhui,Limited liability company (sole proprietorship of natural person),1951.0,200.0,Construction industry,1.0,2.0,0.0,0.0,0.0,10.0,3.0,2.0,2.0,0.0,0.0,0.0,0.0,5.0,2.0,0.0,0.0,0.0,0.0,0.0,0.0,0.0,0.0,0.0,0.0,0.0,0.0,1.0,0.0,0.0,0.0,0.0,0.0,0.0,0.0,0.0,0.0,0.0,0.0,0.0,0.0,0.0,0.0,0.0,0.0,0.0,0.0,0.0,0.0,0.0,0.0,0.0,0.0,0.0,0.0,25.0,0.0,0.0,25.0,0.0,0.0,25.0,0.0,0.0,25.0,0.0,0.0,25.0,0.0,0.0,0.0,0.0,2.0,3.0,0.0,0.0,0.0,0.0,1.0,1.0,2.0
85.0,0,5000.0,Anhui,Limited liability company (Natural person investment or holding),897.0,5000.0,Leasing and business services,2.0,4.0,0.0,0.0,0.0,0.0,0.0,1.0,1.0,0.0,0.0,0.0,0.0,1.0,5.0,0.0,0.0,0.0,0.0,0.0,0.0,0.0,0.0,0.0,0.0,0.0,0.0,0.0,0.0,0.0,0.0,0.0,0.0,0.0,0.0,0.0,0.0,0.0,0.0,0.0,0.0,0.0,0.0,0.0,0.0,0.0,0.0,0.0,0.0,0.0,0.0,0.0,0.0,8.0,3.0,0.0,8.0,3.0,0.0,8.0,3.0,0.0,8.0,3.0,0.0,8.0,3.0,0.0,0.0,0.0,0.0,0.0,0.0,0.0,0.0,0.0,0.0,0.0,0.0,0.0,0.0
86.0,0,4120.0,Anhui,Limited liability company (Natural person investment or holding),4219.0,1240.0,Construction industry,2.0,2.0,10.0,0.0,7.0,2.0,2.0,0.0,1.0,8.0,0.0,0.0,2.0,0.0,0.0,0.0,0.0,0.0,0.0,0.0,0.0,0.0,0.0,0.0,0.0,0.0,0.0,1.0,0.0,0.0,0.0,0.0,0.0,0.0,0.0,0.0,0.0,0.0,0.0,0.0,0.0,0.0,0.0,0.0,0.0,0.0,0.0,0.0,0.0,0.0,0.0,0.0,0.0,0.0,4.0,0.0,0.0,4.0,0.0,0.0,4.0,0.0,0.0,4.0,0.0,0.0,4.0,0.0,1.0,0.0,1.0,0.0,0.0,1.0,0.0,0.0,0.0,0.0,0.0,1.0,1.0
87.0,0,2000.0,Anhui,Limited liability company (Natural person investment or holding),768.0,2000.0,Construction industry,2.0,3.0,0.0,0.0,0.0,0.0,0.0,2.0,,0.0,0.0,0.0,0.0,7.0,1.0,0.0,0.0,0.0,0.0,0.0,0.0,0.0,0.0,0.0,0.0,0.0,0.0,0.0,0.0,0.0,0.0,0.0,0.0,0.0,0.0,0.0,0.0,0.0,0.0,0.0,0.0,0.0,0.0,0.0,0.0,0.0,0.0,0.0,0.0,0.0,0.0,0.0,0.0,13.0,0.0,,13.0,0.0,,13.0,0.0,,13.0,0.0,,13.0,0.0,,0.0,0.0,0.0,0.0,0.0,0.0,0.0,0.0,0.0,0.0,0.0,0.0,0.0
88.0,1,1200.0,Anhui,Other limited liability companies,593.0,0.0,Wholesale and retail,2.0,3.0,0.0,0.0,0.0,0.0,0.0,3.0,,0.0,0.0,0.0,0.0,4.0,0.0,0.0,0.0,0.0,0.0,0.0,0.0,0.0,0.0,0.0,0.0,0.0,0.0,0.0,0.0,0.0,0.0,0.0,0.0,0.0,0.0,0.0,0.0,0.0,0.0,0.0,0.0,0.0,0.0,0.0,0.0,0.0,0.0,0.0,0.0,0.0,0.0,0.0,0.0,2.0,0.0,,2.0,0.0,,2.0,0.0,,2.0,0.0,,2.0,0.0,,0.0,0.0,0.0,0.0,0.0,0.0,0.0,0.0,0.0,0.0,0.0,0.0,0.0
89.0,0,2426.4,Anhui,Limited liability company (Natural person investment or holding),11659.0,2429.4,Construction industry,3.0,2.0,16.0,0.0,2.0,0.0,0.0,0.0,6.0,0.0,0.0,0.0,0.0,0.0,9.0,4.0,1.0,0.0,0.0,0.0,1.0,0.0,0.0,0.0,1.0,0.0,0.0,0.0,0.0,0.0,0.0,0.0,0.0,0.0,0.0,0.0,0.0,0.0,0.0,0.0,0.0,0.0,0.0,0.0,0.0,0.0,0.0,0.0,0.0,0.0,0.0,0.0,0.0,20.0,26.0,30.0,20.0,26.0,30.0,20.0,26.0,30.0,20.0,26.0,30.0,20.0,26.0,30.0,0.0,0.0,0.0,0.0,0.0,34.0,1.0,1.0,0.0,1.0,7.0,10.0,3.0
90.0,0,2000.0,Anhui,Limited liability company (Natural person investment or holding),1248.0,0.0,Construction industry,2.0,3.0,0.0,0.0,0.0,1.0,0.0,0.0,,0.0,0.0,0.0,5.0,0.0,0.0,0.0,0.0,0.0,0.0,0.0,0.0,0.0,0.0,0.0,0.0,0.0,0.0,0.0,0.0,0.0,0.0,0.0,0.0,0.0,0.0,0.0,0.0,0.0,0.0,0.0,0.0,0.0,0.0,0.0,0.0,0.0,0.0,0.0,0.0,0.0,0.0,0.0,0.0,5.0,1.0,0.0,5.0,1.0,0.0,5.0,1.0,0.0,5.0,1.0,0.0,5.0,1.0,0.0,0.0,0.0,0.0,0.0,0.0,1.0,0.0,0.0,0.0,0.0,2.0,0.0,0.0
91.0,0,2450.0,Anhui,Limited liability company (Natural person investment or holding),5927.0,2400.0,Wholesale and retail,2.0,2.0,0.0,6.0,0.0,11.0,4.0,0.0,,0.0,0.0,0.0,1.0,0.0,0.0,0.0,0.0,0.0,0.0,0.0,1.0,0.0,0.0,0.0,0.0,0.0,0.0,0.0,0.0,0.0,0.0,0.0,0.0,0.0,0.0,0.0,0.0,0.0,0.0,0.0,0.0,0.0,0.0,0.0,0.0,0.0,0.0,0.0,0.0,0.0,0.0,0.0,0.0,10.0,7.0,7.0,10.0,7.0,7.0,10.0,7.0,7.0,10.0,7.0,7.0,10.0,7.0,7.0,0.0,0.0,1.0,3.0,3.0,2.0,0.0,0.0,0.0,4.0,0.0,0.0,0.0
92.0,0,1000.0,Anhui,Limited liability company (Natural person investment or holding),1327.0,1000.0,Construction industry,2.0,2.0,0.0,0.0,2.0,0.0,4.0,6.0,7.0,0.0,0.0,0.0,0.0,0.0,0.0,0.0,0.0,0.0,0.0,0.0,0.0,0.0,0.0,0.0,0.0,0.0,0.0,0.0,0.0,0.0,0.0,0.0,0.0,0.0,0.0,0.0,0.0,0.0,0.0,0.0,0.0,0.0,0.0,0.0,0.0,0.0,0.0,0.0,0.0,0.0,0.0,0.0,0.0,8.0,0.0,0.0,8.0,0.0,0.0,8.0,0.0,0.0,8.0,0.0,0.0,8.0,0.0,0.0,0.0,0.0,0.0,0.0,0.0,0.0,0.0,0.0,0.0,0.0,0.0,0.0,0.0
93.0,0,4900.0,Anhui,Limited liability company (sole proprietorship of natural person),1767.0,0.0,Construction industry,1.0,2.0,0.0,2.0,0.0,6.0,4.0,4.0,1.0,0.0,0.0,1.0,0.0,0.0,0.0,0.0,0.0,0.0,0.0,0.0,0.0,0.0,0.0,0.0,0.0,0.0,0.0,0.0,0.0,0.0,0.0,0.0,0.0,0.0,0.0,0.0,0.0,0.0,0.0,0.0,0.0,0.0,0.0,0.0,0.0,0.0,0.0,0.0,0.0,0.0,0.0,0.0,0.0,25.0,24.0,17.0,25.0,24.0,17.0,25.0,24.0,17.0,25.0,24.0,17.0,25.0,24.0,17.0,0.0,0.0,0.0,0.0,1.0,4.0,0.0,0.0,0.0,1.0,1.0,0.0,1.0
94.0,0,3000.0,Anhui,Limited liability company (Natural person investment or holding),1153.0,0.0,Construction industry,3.0,4.0,0.0,0.0,0.0,7.0,2.0,0.0,3.0,0.0,0.0,0.0,0.0,0.0,0.0,0.0,0.0,0.0,0.0,0.0,0.0,0.0,0.0,0.0,0.0,0.0,0.0,0.0,0.0,0.0,0.0,0.0,0.0,1.0,0.0,0.0,0.0,0.0,0.0,0.0,0.0,0.0,0.0,0.0,0.0,0.0,0.0,0.0,0.0,0.0,0.0,0.0,0.0,7.0,2.0,0.0,7.0,2.0,0.0,7.0,2.0,0.0,7.0,2.0,0.0,7.0,2.0,0.0,0.0,0.0,0.0,0.0,0.0,1.0,0.0,0.0,0.0,0.0,0.0,1.0,0.0
95.0,0,1100.0,Anhui,Limited liability company (sole proprietorship of natural person),6448.0,1100.0,Construction industry,1.0,2.0,9.0,0.0,0.0,0.0,0.0,4.0,2.0,0.0,0.0,0.0,0.0,0.0,0.0,0.0,0.0,0.0,0.0,0.0,0.0,0.0,0.0,0.0,0.0,0.0,0.0,0.0,0.0,0.0,0.0,0.0,0.0,0.0,0.0,0.0,0.0,0.0,0.0,0.0,0.0,0.0,0.0,0.0,0.0,0.0,0.0,0.0,0.0,0.0,0.0,0.0,0.0,17.0,17.0,17.0,17.0,17.0,17.0,17.0,17.0,17.0,17.0,17.0,17.0,17.0,17.0,17.0,0.0,0.0,0.0,0.0,0.0,0.0,0.0,0.0,0.0,0.0,0.0,0.0,1.0
96.0,0,5000.0,Anhui,Limited liability company (Natural person investment or holding),1327.0,16.3,Construction industry,2.0,3.0,0.0,0.0,1.0,1.0,4.0,0.0,1.0,0.0,0.0,0.0,0.0,0.0,0.0,0.0,0.0,0.0,0.0,0.0,0.0,0.0,0.0,0.0,0.0,0.0,0.0,0.0,0.0,0.0,0.0,0.0,0.0,0.0,0.0,0.0,0.0,0.0,0.0,0.0,0.0,0.0,0.0,0.0,0.0,0.0,0.0,0.0,0.0,0.0,0.0,0.0,0.0,3.0,3.0,0.0,3.0,3.0,0.0,3.0,3.0,0.0,3.0,3.0,0.0,3.0,3.0,0.0,0.0,0.0,0.0,0.0,0.0,0.0,0.0,0.0,0.0,0.0,0.0,0.0,1.0
97.0,0,3500.0,Anhui,Limited liability company (Natural person investment or holding),1468.0,1000.0,Construction industry,4.0,2.0,0.0,0.0,4.0,0.0,0.0,4.0,8.0,0.0,0.0,0.0,0.0,0.0,8.0,0.0,0.0,0.0,0.0,0.0,0.0,0.0,0.0,0.0,0.0,0.0,0.0,0.0,0.0,0.0,0.0,0.0,0.0,0.0,0.0,0.0,0.0,0.0,0.0,0.0,0.0,0.0,0.0,0.0,0.0,0.0,0.0,0.0,0.0,0.0,0.0,0.0,0.0,27.0,25.0,0.0,0.0,25.0,0.0,27.0,25.0,0.0,0.0,0.0,0.0,0.0,0.0,0.0,0.0,0.0,0.0,0.0,1.0,5.0,0.0,0.0,0.0,0.0,3.0,1.0,0.0
98.0,0,5000.0,Anhui,Limited liability company (sole proprietorship of natural person),1144.0,0.0,Construction industry,1.0,2.0,0.0,0.0,0.0,6.0,5.0,0.0,1.0,0.0,0.0,0.0,0.0,6.0,0.0,0.0,0.0,0.0,0.0,0.0,0.0,0.0,0.0,0.0,0.0,0.0,0.0,0.0,0.0,0.0,0.0,0.0,0.0,0.0,0.0,0.0,0.0,0.0,0.0,2.0,33.0,0.0,0.0,0.0,0.0,0.0,0.0,0.0,0.0,0.0,0.0,0.0,0.0,11.0,0.0,0.0,11.0,0.0,0.0,11.0,0.0,0.0,11.0,0.0,0.0,11.0,0.0,0.0,0.0,0.0,0.0,0.0,0.0,0.0,0.0,0.0,0.0,0.0,0.0,0.0,0.0
99.0,0,5200.0,Anhui,Limited liability company (Natural person investment or holding),3031.0,600.0,Construction industry,2.0,2.0,3.0,3.0,7.0,0.0,0.0,0.0,,0.0,0.0,0.0,0.0,0.0,3.0,0.0,0.0,0.0,0.0,0.0,0.0,0.0,0.0,0.0,0.0,0.0,0.0,0.0,0.0,0.0,0.0,0.0,0.0,0.0,0.0,0.0,0.0,0.0,0.0,0.0,0.0,0.0,0.0,0.0,0.0,0.0,0.0,0.0,0.0,0.0,0.0,0.0,0.0,20.0,3396.0,18.0,20.0,3396.0,18.0,20.0,3396.0,18.0,20.0,3396.0,18.0,20.0,3396.0,18.0,0.0,0.0,0.0,0.0,0.0,0.0,0.0,0.0,0.0,0.0,0.0,0.0,0.0
100.0,0,1000.0,Anhui,Limited liability company (sole proprietorship of natural person),1673.0,300.0,Construction industry,1.0,3.0,0.0,0.0,0.0,11.0,0.0,5.0,1.0,0.0,0.0,0.0,0.0,0.0,1.0,0.0,0.0,0.0,0.0,0.0,0.0,0.0,0.0,0.0,0.0,0.0,0.0,0.0,0.0,0.0,0.0,0.0,0.0,0.0,0.0,0.0,0.0,0.0,0.0,0.0,0.0,0.0,0.0,0.0,0.0,0.0,0.0,0.0,0.0,0.0,0.0,0.0,0.0,10.0,13.0,0.0,10.0,13.0,0.0,10.0,13.0,0.0,10.0,13.0,0.0,10.0,13.0,0.0,0.0,0.0,0.0,0.0,0.0,0.0,0.0,0.0,0.0,0.0,0.0,0.0,0.0
101.0,0,5000.0,Anhui,Limited liability company (Natural person investment or holding),907.0,0.0,Construction industry,2.0,2.0,0.0,0.0,0.0,0.0,3.0,2.0,7.0,0.0,0.0,0.0,0.0,0.0,16.0,0.0,0.0,0.0,0.0,0.0,0.0,0.0,0.0,0.0,0.0,0.0,0.0,0.0,0.0,0.0,0.0,0.0,0.0,0.0,0.0,0.0,0.0,0.0,0.0,0.0,0.0,0.0,0.0,0.0,0.0,0.0,0.0,0.0,0.0,0.0,0.0,0.0,0.0,0.0,0.0,,0.0,0.0,,0.0,0.0,,0.0,0.0,,0.0,0.0,,0.0,0.0,0.0,0.0,0.0,0.0,0.0,0.0,0.0,0.0,0.0,0.0,0.0
102.0,0,3000.0,Anhui,Limited liability company (sole proprietorship of natural person),1258.0,0.0,Construction industry,1.0,3.0,0.0,0.0,0.0,0.0,2.0,2.0,,0.0,0.0,0.0,0.0,1.0,0.0,0.0,0.0,0.0,0.0,0.0,0.0,0.0,0.0,0.0,0.0,0.0,0.0,0.0,0.0,0.0,0.0,0.0,0.0,0.0,0.0,0.0,0.0,0.0,0.0,0.0,0.0,0.0,0.0,0.0,0.0,0.0,0.0,0.0,0.0,0.0,0.0,0.0,0.0,13.0,7.0,0.0,13.0,7.0,0.0,13.0,7.0,0.0,13.0,7.0,0.0,13.0,7.0,0.0,0.0,0.0,0.0,0.0,0.0,0.0,0.0,0.0,0.0,0.0,0.0,0.0,0.0
103.0,0,8000.0,Anhui,Limited liability company (sole proprietorship of natural person),2564.0,0.0,Construction industry,1.0,2.0,2.0,1.0,0.0,0.0,0.0,0.0,1.0,0.0,0.0,0.0,0.0,0.0,0.0,0.0,0.0,0.0,0.0,0.0,0.0,0.0,0.0,0.0,0.0,0.0,0.0,0.0,0.0,1.0,0.0,0.0,0.0,0.0,0.0,0.0,0.0,0.0,0.0,0.0,0.0,0.0,0.0,0.0,0.0,0.0,0.0,0.0,0.0,0.0,0.0,0.0,0.0,25.0,18.0,15.0,25.0,18.0,15.0,25.0,18.0,15.0,25.0,18.0,15.0,25.0,18.0,15.0,0.0,0.0,0.0,0.0,0.0,1.0,0.0,0.0,0.0,0.0,1.0,0.0,1.0
104.0,0,5200.0,Anhui,Limited liability company (Natural person investment or holding),1621.0,5000.0,Leasing and business services,2.0,2.0,0.0,0.0,6.0,1.0,0.0,0.0,1.0,0.0,0.0,0.0,0.0,0.0,0.0,0.0,0.0,0.0,0.0,0.0,0.0,0.0,0.0,0.0,0.0,0.0,0.0,0.0,0.0,0.0,0.0,0.0,0.0,0.0,0.0,0.0,0.0,0.0,0.0,0.0,1.0,0.0,0.0,0.0,0.0,0.0,0.0,0.0,0.0,0.0,0.0,0.0,0.0,11.0,7.0,13.0,11.0,7.0,13.0,11.0,7.0,13.0,11.0,7.0,13.0,0.0,0.0,13.0,0.0,0.0,0.0,0.0,0.0,0.0,0.0,0.0,0.0,0.0,0.0,0.0,0.0
105.0,0,1000.0,Anhui,Limited liability company (sole proprietorship of natural person),1294.0,0.0,Construction industry,1.0,2.0,0.0,0.0,0.0,4.0,1.0,0.0,5.0,0.0,0.0,0.0,0.0,0.0,0.0,0.0,0.0,0.0,0.0,0.0,0.0,0.0,0.0,0.0,0.0,0.0,0.0,0.0,0.0,0.0,0.0,0.0,0.0,0.0,0.0,0.0,0.0,0.0,0.0,0.0,0.0,0.0,0.0,0.0,0.0,0.0,0.0,0.0,0.0,0.0,0.0,0.0,0.0,0.0,10.0,0.0,0.0,10.0,0.0,0.0,10.0,0.0,0.0,10.0,0.0,0.0,0.0,0.0,0.0,0.0,0.0,0.0,0.0,0.0,0.0,0.0,0.0,0.0,0.0,0.0,0.0
106.0,0,3160.0,Anhui,Limited liability company (Natural person investment or holding),6341.0,1001.0,Wholesale and retail,2.0,2.0,3.0,7.0,1.0,0.0,0.0,0.0,1.0,0.0,0.0,0.0,0.0,0.0,7.0,0.0,0.0,0.0,0.0,0.0,0.0,0.0,0.0,0.0,0.0,0.0,0.0,0.0,0.0,0.0,0.0,0.0,0.0,0.0,0.0,0.0,0.0,0.0,0.0,0.0,0.0,0.0,0.0,0.0,0.0,0.0,0.0,0.0,0.0,15.0,0.0,4.0,2.0,0.0,5.0,5.0,0.0,5.0,5.0,0.0,5.0,5.0,0.0,5.0,5.0,0.0,5.0,5.0,0.0,0.0,0.0,0.0,0.0,0.0,0.0,0.0,0.0,0.0,0.0,0.0,4.0
107.0,0,5000.0,Anhui,Limited liability company (Natural person investment or holding),2268.0,5000.0,Construction industry,2.0,3.0,6.0,2.0,0.0,3.0,0.0,0.0,,0.0,0.0,0.0,0.0,0.0,4.0,0.0,0.0,0.0,0.0,0.0,0.0,0.0,0.0,0.0,0.0,0.0,0.0,0.0,0.0,0.0,0.0,0.0,2.0,1.0,0.0,0.0,0.0,0.0,0.0,0.0,4.0,0.0,0.0,0.0,0.0,0.0,0.0,0.0,0.0,0.0,0.0,0.0,3.0,20.0,19.0,17.0,20.0,19.0,17.0,20.0,19.0,17.0,20.0,19.0,17.0,20.0,19.0,17.0,0.0,0.0,0.0,0.0,2.0,0.0,0.0,0.0,0.0,0.0,2.0,0.0,1.0
108.0,0,5913.0,Anhui,Limited liability company (Natural person investment or holding),5551.0,1409.26,Scientific research and technology services,3.0,3.0,0.0,2.0,1.0,0.0,4.0,1.0,4.0,0.0,0.0,0.0,0.0,4.0,1.0,0.0,0.0,0.0,0.0,0.0,0.0,0.0,0.0,0.0,0.0,0.0,0.0,0.0,0.0,0.0,0.0,0.0,0.0,8.0,0.0,0.0,0.0,0.0,7.0,4.0,13.0,0.0,0.0,0.0,0.0,0.0,1.0,7.0,0.0,0.0,8.0,3.0,6.0,27.0,27.0,19.0,27.0,27.0,19.0,27.0,27.0,19.0,27.0,27.0,19.0,27.0,27.0,19.0,0.0,0.0,0.0,2.0,1.0,2.0,0.0,0.0,0.0,0.0,0.0,0.0,3.0
109.0,0,1800.0,Anhui,Limited liability company (Natural person investment or holding),6005.0,1800.0,Construction industry,2.0,4.0,1.0,0.0,2.0,0.0,0.0,1.0,2.0,0.0,0.0,0.0,0.0,2.0,0.0,0.0,0.0,0.0,0.0,0.0,0.0,0.0,0.0,0.0,0.0,0.0,0.0,0.0,0.0,1.0,0.0,0.0,0.0,0.0,0.0,0.0,0.0,0.0,0.0,0.0,0.0,0.0,0.0,0.0,0.0,0.0,0.0,0.0,0.0,0.0,0.0,0.0,0.0,0.0,0.0,0.0,0.0,0.0,0.0,0.0,0.0,0.0,0.0,0.0,0.0,0.0,0.0,0.0,0.0,0.0,0.0,0.0,0.0,0.0,0.0,0.0,0.0,0.0,0.0,0.0,0.0
110.0,0,1500.0,Anhui,Limited liability company (sole proprietorship of natural person),1276.0,1500.0,Construction industry,1.0,2.0,0.0,0.0,2.0,14.0,1.0,1.0,1.0,0.0,0.0,0.0,0.0,0.0,0.0,0.0,0.0,0.0,0.0,0.0,0.0,0.0,0.0,0.0,0.0,0.0,0.0,0.0,0.0,0.0,0.0,0.0,0.0,0.0,0.0,0.0,0.0,0.0,0.0,0.0,0.0,0.0,0.0,0.0,0.0,0.0,0.0,0.0,0.0,0.0,0.0,0.0,0.0,0.0,7.0,0.0,0.0,7.0,0.0,0.0,7.0,0.0,0.0,7.0,0.0,0.0,7.0,0.0,0.0,0.0,0.0,0.0,0.0,0.0,0.0,0.0,0.0,0.0,0.0,0.0,0.0
111.0,0,6000.0,Anhui,Limited liability company (Natural person investment or holding),1040.0,0.0,Construction industry,2.0,2.0,0.0,0.0,0.0,2.0,0.0,3.0,,0.0,0.0,0.0,0.0,0.0,7.0,0.0,0.0,0.0,0.0,0.0,0.0,0.0,0.0,0.0,0.0,0.0,0.0,0.0,0.0,0.0,0.0,0.0,0.0,0.0,0.0,0.0,0.0,0.0,0.0,0.0,4.0,0.0,0.0,0.0,0.0,0.0,0.0,0.0,0.0,0.0,0.0,0.0,2.0,8.0,6.0,,8.0,6.0,,8.0,6.0,,0.0,6.0,,0.0,6.0,,0.0,0.0,0.0,0.0,0.0,0.0,0.0,0.0,0.0,0.0,0.0,0.0,0.0
112.0,0,5060.0,Anhui,Limited liability company (Natural person investment or holding),3822.0,0.0,Construction industry,2.0,2.0,6.0,7.0,0.0,5.0,2.0,0.0,4.0,0.0,0.0,0.0,0.0,0.0,0.0,0.0,2.0,1.0,1.0,0.0,1.0,0.0,0.0,0.0,0.0,0.0,0.0,0.0,0.0,0.0,0.0,0.0,0.0,0.0,0.0,0.0,0.0,0.0,0.0,0.0,0.0,0.0,0.0,0.0,0.0,0.0,0.0,0.0,0.0,0.0,0.0,0.0,0.0,23.0,22.0,13.0,23.0,22.0,13.0,22.0,22.0,13.0,23.0,22.0,13.0,23.0,22.0,13.0,0.0,3.0,6.0,2.0,3.0,3.0,0.0,2.0,0.0,1.0,2.0,1.0,3.0
113.0,0,1000.0,Anhui,Limited liability company (Natural person investment or holding),1812.0,1000.0,Construction industry,2.0,3.0,0.0,1.0,6.0,5.0,2.0,0.0,1.0,0.0,0.0,0.0,0.0,0.0,10.0,0.0,0.0,0.0,0.0,0.0,0.0,0.0,0.0,0.0,0.0,0.0,0.0,0.0,0.0,0.0,0.0,0.0,4.0,0.0,0.0,0.0,0.0,0.0,0.0,0.0,0.0,0.0,0.0,0.0,0.0,1.0,0.0,0.0,0.0,0.0,0.0,0.0,0.0,32.0,20.0,13.0,32.0,20.0,13.0,32.0,20.0,13.0,32.0,20.0,13.0,32.0,20.0,13.0,0.0,0.0,0.0,0.0,0.0,0.0,0.0,0.0,0.0,0.0,0.0,0.0,1.0
114.0,0,3680.0,Anhui,Other limited liability companies,3108.0,100.0,Construction industry,4.0,3.0,10.0,0.0,0.0,6.0,8.0,7.0,,0.0,0.0,0.0,0.0,1.0,0.0,0.0,2.0,0.0,0.0,0.0,0.0,0.0,0.0,0.0,0.0,0.0,0.0,0.0,0.0,0.0,0.0,0.0,0.0,1.0,0.0,0.0,0.0,0.0,0.0,0.0,27.0,0.0,0.0,0.0,0.0,0.0,0.0,0.0,0.0,0.0,0.0,0.0,0.0,174.0,1.0,1.0,174.0,1.0,1.0,174.0,1.0,1.0,174.0,1.0,1.0,174.0,1.0,1.0,0.0,3.0,3.0,1.0,0.0,2.0,1.0,2.0,0.0,0.0,0.0,1.0,0.0
115.0,0,1000.0,Anhui,Limited liability company (sole proprietorship of natural person),1176.0,50.0,Wholesale and retail,1.0,3.0,0.0,0.0,0.0,0.0,8.0,0.0,,0.0,0.0,0.0,0.0,0.0,0.0,0.0,0.0,0.0,0.0,0.0,0.0,0.0,0.0,0.0,0.0,0.0,0.0,0.0,0.0,0.0,0.0,0.0,0.0,0.0,0.0,0.0,0.0,0.0,0.0,0.0,0.0,0.0,0.0,0.0,0.0,0.0,0.0,0.0,0.0,0.0,0.0,0.0,0.0,2.0,5.0,0.0,2.0,5.0,0.0,2.0,5.0,0.0,0.0,5.0,0.0,2.0,5.0,0.0,0.0,0.0,0.0,0.0,0.0,0.0,0.0,0.0,0.0,0.0,0.0,0.0,0.0
116.0,0,1080.0,Anhui,Limited liability company (sole proprietorship of natural person),1607.0,1080.0,Construction industry,1.0,3.0,0.0,0.0,2.0,0.0,0.0,2.0,1.0,0.0,0.0,0.0,0.0,0.0,0.0,0.0,0.0,0.0,0.0,0.0,0.0,0.0,0.0,0.0,0.0,0.0,0.0,0.0,0.0,0.0,0.0,0.0,0.0,0.0,0.0,0.0,0.0,0.0,0.0,0.0,0.0,0.0,0.0,0.0,0.0,0.0,0.0,0.0,0.0,0.0,0.0,0.0,0.0,0.0,0.0,0.0,0.0,0.0,0.0,0.0,0.0,0.0,0.0,0.0,0.0,0.0,0.0,0.0,0.0,0.0,0.0,0.0,0.0,0.0,0.0,0.0,0.0,0.0,0.0,0.0,0.0
117.0,0,1000.0,Anhui,Limited liability company (Natural person investment or holding),1037.0,1000.0,Construction industry,4.0,2.0,0.0,0.0,0.0,0.0,7.0,0.0,,0.0,0.0,0.0,0.0,0.0,1.0,0.0,0.0,0.0,0.0,0.0,0.0,0.0,0.0,0.0,0.0,0.0,0.0,0.0,0.0,0.0,0.0,0.0,0.0,0.0,0.0,0.0,0.0,0.0,0.0,0.0,0.0,0.0,0.0,0.0,0.0,0.0,0.0,0.0,0.0,0.0,0.0,0.0,0.0,0.0,0.0,0.0,0.0,0.0,0.0,0.0,0.0,0.0,0.0,0.0,0.0,0.0,0.0,0.0,0.0,0.0,0.0,0.0,0.0,0.0,0.0,0.0,0.0,0.0,0.0,0.0,0.0
118.0,0,800.0,Anhui,Limited liability company (Natural person investment or holding),2627.0,600.0,Construction industry,2.0,3.0,6.0,0.0,0.0,7.0,0.0,0.0,1.0,0.0,4.0,0.0,1.0,0.0,0.0,0.0,0.0,0.0,0.0,0.0,0.0,0.0,0.0,0.0,0.0,0.0,0.0,0.0,0.0,0.0,0.0,0.0,0.0,0.0,0.0,0.0,0.0,0.0,0.0,0.0,0.0,0.0,0.0,0.0,0.0,0.0,0.0,0.0,0.0,0.0,0.0,0.0,0.0,9.0,0.0,0.0,9.0,0.0,0.0,9.0,0.0,0.0,9.0,0.0,0.0,9.0,0.0,0.0,0.0,0.0,0.0,0.0,0.0,0.0,0.0,0.0,0.0,0.0,0.0,0.0,0.0
119.0,0,4000.0,Anhui,Limited liability company (Natural person investment or holding),1990.0,4000.0,Construction industry,2.0,2.0,0.0,1.0,2.0,0.0,0.0,3.0,1.0,0.0,0.0,0.0,0.0,0.0,3.0,0.0,0.0,0.0,0.0,1.0,0.0,0.0,0.0,0.0,0.0,0.0,0.0,1.0,0.0,0.0,0.0,0.0,0.0,0.0,0.0,0.0,0.0,0.0,0.0,0.0,0.0,0.0,0.0,0.0,0.0,0.0,0.0,0.0,0.0,0.0,0.0,0.0,0.0,14.0,12.0,12.0,14.0,12.0,12.0,14.0,12.0,12.0,14.0,12.0,12.0,14.0,12.0,12.0,0.0,0.0,0.0,1.0,0.0,4.0,0.0,0.0,0.0,0.0,0.0,2.0,1.0
120.0,0,3000.0,Anhui,Limited liability company (Natural person investment or holding),1769.0,350.0,Construction industry,2.0,3.0,0.0,0.0,5.0,7.0,0.0,4.0,,0.0,5.0,0.0,0.0,0.0,0.0,0.0,0.0,0.0,0.0,0.0,0.0,0.0,0.0,0.0,0.0,0.0,0.0,0.0,0.0,0.0,0.0,0.0,0.0,0.0,0.0,0.0,0.0,0.0,0.0,0.0,0.0,0.0,0.0,0.0,0.0,0.0,0.0,0.0,0.0,0.0,0.0,0.0,0.0,9.0,10.0,8.0,0.0,10.0,0.0,9.0,10.0,8.0,9.0,0.0,0.0,9.0,10.0,0.0,0.0,0.0,1.0,0.0,0.0,1.0,0.0,0.0,0.0,0.0,0.0,0.0,0.0
121.0,0,1000.0,Anhui,Limited liability company (sole proprietorship of natural person),928.0,1000.0,Construction industry,1.0,3.0,0.0,0.0,0.0,2.0,0.0,2.0,1.0,0.0,0.0,0.0,0.0,0.0,0.0,0.0,0.0,0.0,0.0,0.0,0.0,0.0,0.0,0.0,0.0,0.0,0.0,0.0,0.0,0.0,0.0,0.0,0.0,0.0,0.0,0.0,0.0,0.0,0.0,0.0,0.0,0.0,0.0,0.0,0.0,0.0,0.0,0.0,0.0,0.0,0.0,0.0,0.0,3.0,10.0,,3.0,10.0,,3.0,10.0,,3.0,10.0,,3.0,10.0,,0.0,0.0,0.0,0.0,0.0,0.0,0.0,0.0,0.0,0.0,0.0,0.0,0.0
122.0,0,2000.0,Anhui,Limited liability company (Natural person investment or holding),673.0,20.0,Construction industry,3.0,3.0,0.0,0.0,0.0,0.0,0.0,4.0,1.0,0.0,0.0,0.0,0.0,1.0,5.0,0.0,0.0,0.0,0.0,0.0,0.0,0.0,0.0,0.0,0.0,0.0,0.0,0.0,0.0,0.0,0.0,0.0,0.0,0.0,0.0,0.0,0.0,0.0,0.0,0.0,0.0,0.0,0.0,0.0,0.0,0.0,0.0,0.0,0.0,0.0,0.0,0.0,0.0,0.0,0.0,,0.0,0.0,,0.0,0.0,,0.0,0.0,,0.0,0.0,,0.0,0.0,0.0,0.0,0.0,0.0,0.0,0.0,0.0,0.0,0.0,0.0,0.0
123.0,0,4000.0,Anhui,Limited liability company (Natural person investment or holding),773.0,4040.0,Construction industry,2.0,3.0,0.0,0.0,0.0,3.0,6.0,0.0,,0.0,0.0,0.0,0.0,4.0,0.0,0.0,0.0,0.0,0.0,0.0,0.0,0.0,0.0,0.0,0.0,0.0,0.0,0.0,1.0,0.0,0.0,0.0,0.0,0.0,0.0,0.0,0.0,0.0,0.0,0.0,0.0,0.0,0.0,0.0,0.0,0.0,0.0,0.0,0.0,0.0,0.0,0.0,0.0,1.0,2.0,,1.0,2.0,,1.0,2.0,,1.0,2.0,,1.0,2.0,,0.0,0.0,0.0,0.0,0.0,0.0,0.0,0.0,0.0,0.0,0.0,0.0,0.0
124.0,0,5000.0,Anhui,Limited liability company (Natural person investment or holding),676.0,0.0,Construction industry,2.0,3.0,0.0,0.0,0.0,0.0,5.0,1.0,,0.0,0.0,0.0,0.0,0.0,3.0,0.0,0.0,0.0,0.0,0.0,0.0,0.0,0.0,0.0,0.0,0.0,0.0,0.0,0.0,0.0,0.0,0.0,0.0,0.0,0.0,0.0,0.0,0.0,0.0,0.0,0.0,0.0,0.0,0.0,0.0,0.0,0.0,0.0,0.0,0.0,0.0,0.0,0.0,5.0,0.0,,5.0,0.0,,5.0,0.0,,5.0,0.0,,5.0,0.0,,0.0,0.0,0.0,0.0,0.0,2.0,0.0,0.0,0.0,0.0,0.0,0.0,0.0
125.0,0,10188.0,Anhui,Limited liability company (Natural person investment or holding),3263.0,10188.0,"Information transmission, software and information technology services",2.0,2.0,0.0,8.0,0.0,0.0,0.0,4.0,1.0,0.0,0.0,0.0,0.0,3.0,7.0,0.0,0.0,0.0,0.0,0.0,0.0,0.0,0.0,0.0,0.0,0.0,0.0,0.0,0.0,0.0,0.0,0.0,0.0,0.0,1.0,0.0,0.0,0.0,0.0,5.0,8.0,0.0,0.0,0.0,0.0,0.0,0.0,0.0,0.0,0.0,7.0,0.0,16.0,48.0,34.0,0.0,48.0,34.0,0.0,48.0,34.0,0.0,48.0,34.0,0.0,29.0,34.0,0.0,0.0,0.0,0.0,0.0,0.0,0.0,0.0,0.0,0.0,0.0,0.0,0.0,1.0
126.0,0,1608.0,Anhui,Limited liability company (Natural person investment or holding),2707.0,1608.0,Construction industry,2.0,2.0,1.0,8.0,4.0,2.0,5.0,0.0,3.0,0.0,0.0,0.0,0.0,0.0,9.0,0.0,0.0,0.0,0.0,0.0,0.0,0.0,0.0,0.0,0.0,0.0,0.0,0.0,0.0,0.0,0.0,0.0,0.0,0.0,1.0,0.0,0.0,0.0,0.0,0.0,0.0,0.0,0.0,0.0,0.0,0.0,0.0,0.0,0.0,0.0,0.0,0.0,0.0,14.0,14.0,12.0,14.0,14.0,12.0,14.0,14.0,12.0,14.0,14.0,12.0,14.0,14.0,12.0,0.0,0.0,0.0,0.0,0.0,0.0,0.0,0.0,0.0,0.0,0.0,0.0,2.0
127.0,0,1100.0,Anhui,Limited liability company (sole proprietorship of natural person),1826.0,3.0,Construction industry,1.0,3.0,0.0,10.0,3.0,0.0,2.0,0.0,6.0,0.0,0.0,0.0,0.0,0.0,5.0,0.0,0.0,0.0,0.0,0.0,0.0,0.0,0.0,0.0,0.0,0.0,0.0,0.0,0.0,0.0,0.0,0.0,0.0,0.0,0.0,0.0,0.0,0.0,0.0,0.0,0.0,0.0,0.0,0.0,0.0,0.0,0.0,0.0,0.0,0.0,0.0,0.0,0.0,19.0,16.0,10.0,19.0,16.0,10.0,19.0,16.0,10.0,19.0,16.0,10.0,19.0,16.0,10.0,0.0,0.0,0.0,0.0,0.0,0.0,0.0,0.0,0.0,0.0,0.0,0.0,2.0
128.0,0,5050.0,Anhui,Limited liability company (Natural person investment or holding),1657.0,0.0,Construction industry,2.0,3.0,0.0,0.0,0.0,8.0,1.0,0.0,,0.0,0.0,0.0,0.0,0.0,0.0,0.0,0.0,0.0,0.0,0.0,0.0,0.0,0.0,0.0,0.0,0.0,0.0,0.0,0.0,0.0,0.0,0.0,0.0,0.0,0.0,0.0,0.0,0.0,0.0,0.0,0.0,0.0,0.0,0.0,0.0,0.0,0.0,0.0,0.0,0.0,0.0,0.0,0.0,10.0,1.0,0.0,10.0,1.0,0.0,10.0,1.0,0.0,10.0,1.0,0.0,0.0,1.0,0.0,0.0,0.0,0.0,0.0,0.0,0.0,0.0,0.0,0.0,0.0,0.0,0.0,0.0
129.0,0,1200.0,Anhui,Limited liability company (sole proprietorship of natural person),1252.0,0.0,Construction industry,1.0,3.0,0.0,0.0,0.0,1.0,1.0,5.0,,0.0,0.0,0.0,0.0,0.0,4.0,0.0,0.0,0.0,0.0,0.0,0.0,0.0,0.0,0.0,0.0,0.0,0.0,0.0,0.0,0.0,0.0,0.0,0.0,0.0,0.0,0.0,0.0,0.0,0.0,0.0,0.0,0.0,0.0,0.0,0.0,0.0,0.0,0.0,0.0,0.0,0.0,0.0,0.0,0.0,0.0,0.0,0.0,0.0,0.0,0.0,0.0,0.0,0.0,0.0,0.0,0.0,0.0,0.0,0.0,0.0,0.0,0.0,0.0,0.0,0.0,0.0,0.0,0.0,0.0,0.0,0.0
130.0,0,1000.0,Anhui,Limited liability company (sole proprietorship of natural person),771.0,1000.0,Construction industry,1.0,3.0,0.0,0.0,0.0,0.0,2.0,1.0,,0.0,0.0,0.0,0.0,0.0,0.0,0.0,0.0,0.0,0.0,0.0,0.0,0.0,0.0,0.0,0.0,0.0,0.0,0.0,0.0,0.0,0.0,0.0,0.0,0.0,1.0,0.0,0.0,0.0,0.0,0.0,0.0,0.0,0.0,0.0,0.0,0.0,0.0,0.0,0.0,0.0,0.0,0.0,0.0,0.0,0.0,,0.0,0.0,,0.0,0.0,,0.0,0.0,,0.0,0.0,,0.0,0.0,0.0,0.0,0.0,0.0,0.0,0.0,0.0,0.0,0.0,0.0,0.0
131.0,0,2000.0,Anhui,Limited liability company (Natural person investment or holding),1333.0,1030.0,Manufacturing,2.0,3.0,0.0,0.0,2.0,2.0,5.0,2.0,3.0,0.0,0.0,0.0,2.0,0.0,0.0,0.0,0.0,0.0,0.0,0.0,0.0,0.0,0.0,0.0,0.0,0.0,0.0,0.0,0.0,0.0,0.0,2.0,1.0,0.0,0.0,0.0,7.0,1.0,0.0,3.0,1.0,0.0,0.0,0.0,0.0,0.0,0.0,0.0,0.0,0.0,0.0,0.0,0.0,9.0,9.0,7.0,9.0,9.0,7.0,9.0,9.0,7.0,9.0,9.0,7.0,9.0,9.0,7.0,0.0,0.0,0.0,0.0,0.0,1.0,0.0,0.0,0.0,0.0,1.0,1.0,0.0
132.0,0,1000.0,Anhui,Limited liability company (sole proprietorship of natural person),1360.0,1000.0,Construction industry,1.0,3.0,0.0,0.0,0.0,8.0,0.0,4.0,,0.0,0.0,0.0,0.0,0.0,3.0,0.0,0.0,0.0,0.0,0.0,0.0,0.0,0.0,0.0,0.0,0.0,0.0,0.0,0.0,0.0,0.0,0.0,0.0,0.0,0.0,0.0,0.0,0.0,0.0,0.0,0.0,0.0,0.0,0.0,0.0,0.0,0.0,0.0,0.0,0.0,0.0,0.0,0.0,15.0,7.0,0.0,8.0,5.0,0.0,5.0,0.0,0.0,12.0,7.0,0.0,5.0,0.0,0.0,0.0,0.0,0.0,0.0,0.0,0.0,0.0,0.0,0.0,0.0,0.0,0.0,1.0
133.0,0,2000.0,Anhui,Limited liability company (Natural person investment or holding),1846.0,2390.0,Construction industry,2.0,4.0,0.0,0.0,0.0,10.0,0.0,0.0,1.0,0.0,0.0,0.0,0.0,0.0,1.0,0.0,0.0,0.0,0.0,0.0,0.0,0.0,0.0,0.0,0.0,0.0,0.0,0.0,0.0,0.0,0.0,0.0,0.0,0.0,0.0,0.0,0.0,0.0,0.0,0.0,0.0,0.0,0.0,0.0,0.0,0.0,0.0,0.0,0.0,0.0,0.0,0.0,0.0,5.0,4.0,0.0,5.0,4.0,0.0,5.0,4.0,0.0,5.0,4.0,0.0,5.0,4.0,0.0,0.0,0.0,0.0,0.0,0.0,0.0,0.0,0.0,0.0,0.0,0.0,0.0,0.0
134.0,0,1600.0,Anhui,Limited liability company (sole proprietorship of natural person),2101.0,600.0,Construction industry,1.0,2.0,0.0,5.0,0.0,0.0,2.0,0.0,,0.0,0.0,3.0,0.0,0.0,3.0,0.0,0.0,0.0,0.0,0.0,0.0,0.0,0.0,0.0,0.0,0.0,0.0,0.0,0.0,0.0,0.0,0.0,0.0,0.0,0.0,0.0,0.0,0.0,0.0,0.0,0.0,0.0,0.0,0.0,0.0,0.0,0.0,0.0,0.0,0.0,0.0,0.0,0.0,24.0,12.0,5.0,24.0,12.0,5.0,24.0,12.0,5.0,24.0,12.0,5.0,24.0,12.0,5.0,0.0,0.0,0.0,0.0,0.0,1.0,0.0,0.0,0.0,0.0,0.0,0.0,0.0
135.0,0,1800.0,Anhui,Limited liability company (sole proprietorship of natural person),274.0,1800.0,Construction industry,1.0,3.0,0.0,0.0,0.0,0.0,0.0,3.0,1.0,0.0,0.0,0.0,0.0,0.0,1.0,0.0,0.0,0.0,0.0,0.0,0.0,0.0,0.0,0.0,0.0,0.0,0.0,0.0,0.0,0.0,0.0,0.0,0.0,0.0,0.0,0.0,0.0,0.0,0.0,0.0,0.0,0.0,0.0,0.0,0.0,0.0,0.0,0.0,0.0,0.0,0.0,0.0,0.0,5.0,,,5.0,,,5.0,,,5.0,,,5.0,,,0.0,0.0,0.0,0.0,0.0,0.0,0.0,0.0,0.0,0.0,0.0,0.0,0.0
136.0,0,4000.0,Anhui,Limited liability company (Natural person investment or holding),1684.0,0.0,Construction industry,2.0,3.0,0.0,0.0,0.0,9.0,4.0,1.0,,0.0,0.0,0.0,0.0,0.0,3.0,0.0,0.0,0.0,0.0,0.0,0.0,0.0,0.0,0.0,0.0,0.0,0.0,0.0,0.0,0.0,0.0,0.0,0.0,1.0,0.0,0.0,0.0,0.0,0.0,0.0,0.0,0.0,0.0,0.0,0.0,0.0,0.0,0.0,0.0,0.0,0.0,0.0,0.0,0.0,0.0,0.0,0.0,0.0,0.0,0.0,0.0,0.0,0.0,0.0,0.0,0.0,0.0,0.0,0.0,0.0,0.0,0.0,0.0,0.0,0.0,0.0,0.0,0.0,0.0,0.0,0.0
137.0,0,5166.0,Anhui,Limited liability company (Natural person investment or holding),1243.0,1267.0,Construction industry,2.0,2.0,0.0,0.0,2.0,3.0,2.0,0.0,,0.0,0.0,0.0,9.0,0.0,0.0,0.0,0.0,0.0,0.0,0.0,0.0,0.0,0.0,0.0,0.0,0.0,0.0,0.0,0.0,0.0,0.0,0.0,1.0,1.0,0.0,0.0,0.0,0.0,0.0,0.0,0.0,0.0,0.0,0.0,0.0,1.0,0.0,0.0,0.0,0.0,0.0,0.0,0.0,10.0,10.0,0.0,10.0,10.0,0.0,10.0,10.0,0.0,10.0,10.0,0.0,10.0,10.0,0.0,0.0,0.0,0.0,0.0,0.0,0.0,0.0,0.0,0.0,0.0,0.0,0.0,1.0
138.0,0,5000.0,Anhui,Limited liability company (Natural person investment or holding),2263.0,0.0,Real estate,2.0,2.0,3.0,4.0,5.0,4.0,4.0,1.0,6.0,0.0,0.0,0.0,0.0,6.0,0.0,0.0,0.0,0.0,0.0,0.0,0.0,0.0,0.0,0.0,0.0,0.0,0.0,0.0,0.0,0.0,0.0,0.0,0.0,0.0,0.0,0.0,0.0,0.0,0.0,0.0,0.0,0.0,0.0,0.0,0.0,0.0,0.0,0.0,0.0,0.0,0.0,0.0,0.0,22.0,16.0,8.0,22.0,16.0,8.0,22.0,16.0,8.0,22.0,16.0,8.0,22.0,16.0,8.0,0.0,0.0,0.0,0.0,2.0,7.0,0.0,0.0,0.0,0.0,0.0,1.0,0.0
139.0,0,1200.0,Anhui,Limited liability company (Natural person investment or holding),1955.0,1000.0,Construction industry,2.0,2.0,0.0,3.0,2.0,0.0,0.0,5.0,,0.0,0.0,1.0,0.0,0.0,0.0,0.0,0.0,0.0,0.0,0.0,0.0,0.0,0.0,0.0,0.0,0.0,0.0,0.0,0.0,0.0,0.0,0.0,0.0,0.0,0.0,0.0,0.0,0.0,0.0,0.0,0.0,0.0,0.0,0.0,0.0,0.0,0.0,0.0,0.0,0.0,0.0,0.0,0.0,0.0,0.0,0.0,0.0,0.0,0.0,0.0,0.0,0.0,0.0,0.0,0.0,0.0,0.0,0.0,0.0,0.0,0.0,0.0,0.0,0.0,0.0,0.0,0.0,0.0,0.0,0.0,0.0
140.0,0,5000.0,Anhui,Limited liability company (Natural person investment or holding),1160.0,5000.0,Construction industry,2.0,3.0,0.0,0.0,0.0,3.0,0.0,2.0,6.0,0.0,0.0,0.0,0.0,0.0,0.0,0.0,0.0,0.0,0.0,0.0,0.0,0.0,0.0,0.0,0.0,0.0,0.0,0.0,0.0,0.0,0.0,0.0,0.0,0.0,0.0,0.0,0.0,0.0,0.0,7.0,0.0,0.0,0.0,0.0,0.0,0.0,0.0,0.0,0.0,0.0,0.0,0.0,0.0,17.0,15.0,0.0,17.0,15.0,0.0,17.0,15.0,0.0,17.0,15.0,0.0,17.0,15.0,0.0,0.0,0.0,0.0,0.0,0.0,0.0,0.0,0.0,0.0,0.0,0.0,0.0,0.0
141.0,0,4600.0,Anhui,Limited liability company (Natural person investment or holding),1781.0,920.0,Construction industry,2.0,3.0,0.0,6.0,10.0,2.0,0.0,8.0,5.0,0.0,0.0,0.0,0.0,0.0,15.0,0.0,0.0,0.0,0.0,0.0,0.0,0.0,0.0,0.0,0.0,0.0,0.0,0.0,0.0,0.0,0.0,0.0,0.0,0.0,0.0,0.0,0.0,0.0,0.0,0.0,0.0,0.0,0.0,0.0,0.0,0.0,0.0,0.0,0.0,0.0,0.0,0.0,0.0,18.0,14.0,7.0,18.0,14.0,7.0,18.0,14.0,7.0,18.0,14.0,7.0,18.0,14.0,7.0,0.0,0.0,0.0,0.0,0.0,0.0,0.0,0.0,0.0,0.0,0.0,0.0,0.0
142.0,0,1000.0,Anhui,Limited liability company (Natural person investment or holding),7779.0,500.0,Wholesale and retail,3.0,2.0,4.0,0.0,1.0,0.0,0.0,0.0,1.0,0.0,0.0,0.0,0.0,4.0,0.0,0.0,0.0,0.0,0.0,0.0,0.0,0.0,0.0,0.0,0.0,0.0,0.0,0.0,0.0,0.0,0.0,0.0,0.0,0.0,0.0,0.0,0.0,0.0,0.0,0.0,0.0,0.0,0.0,0.0,0.0,0.0,0.0,0.0,0.0,0.0,0.0,1.0,7.0,25.0,19.0,17.0,25.0,19.0,17.0,25.0,19.0,17.0,25.0,19.0,17.0,25.0,19.0,17.0,0.0,0.0,0.0,0.0,0.0,0.0,0.0,0.0,0.0,0.0,0.0,0.0,1.0
143.0,0,1500.0,Anhui,Limited liability company (Natural person investment or holding),975.0,60.0,Construction industry,2.0,2.0,0.0,0.0,0.0,3.0,2.0,4.0,1.0,0.0,0.0,0.0,0.0,0.0,1.0,0.0,0.0,0.0,0.0,0.0,0.0,0.0,0.0,0.0,0.0,0.0,0.0,0.0,0.0,0.0,0.0,0.0,0.0,0.0,0.0,0.0,0.0,0.0,0.0,0.0,0.0,0.0,0.0,0.0,0.0,0.0,0.0,0.0,0.0,0.0,0.0,0.0,0.0,20.0,10.0,3.0,20.0,10.0,3.0,20.0,10.0,3.0,20.0,10.0,3.0,20.0,10.0,3.0,0.0,0.0,0.0,0.0,0.0,1.0,0.0,0.0,0.0,0.0,0.0,1.0,0.0
144.0,0,1000.0,Anhui,Other limited liability companies,1820.0,373.0,"Water conservancy, environment and public facilities management",2.0,3.0,0.0,0.0,2.0,1.0,2.0,0.0,1.0,0.0,0.0,0.0,0.0,0.0,0.0,0.0,0.0,0.0,0.0,0.0,0.0,0.0,0.0,0.0,0.0,0.0,0.0,0.0,0.0,0.0,0.0,0.0,0.0,0.0,0.0,0.0,0.0,0.0,0.0,0.0,0.0,0.0,0.0,0.0,0.0,0.0,0.0,0.0,0.0,0.0,0.0,0.0,0.0,13.0,8.0,8.0,13.0,8.0,8.0,13.0,8.0,8.0,13.0,8.0,8.0,13.0,0.0,8.0,0.0,0.0,0.0,0.0,0.0,1.0,0.0,0.0,0.0,0.0,0.0,0.0,0.0
145.0,0,4250.0,Anhui,Limited liability company (Natural person investment or holding),2540.0,4250.0,Construction industry,3.0,2.0,4.0,6.0,2.0,1.0,0.0,5.0,9.0,0.0,0.0,0.0,2.0,0.0,6.0,0.0,0.0,0.0,0.0,0.0,1.0,0.0,0.0,0.0,2.0,0.0,0.0,0.0,0.0,0.0,0.0,0.0,0.0,0.0,0.0,0.0,0.0,0.0,0.0,0.0,5.0,0.0,0.0,0.0,0.0,0.0,0.0,0.0,0.0,0.0,0.0,0.0,0.0,20.0,29.0,25.0,20.0,29.0,25.0,20.0,29.0,25.0,20.0,29.0,25.0,20.0,29.0,25.0,0.0,0.0,3.0,1.0,7.0,6.0,0.0,0.0,0.0,1.0,3.0,0.0,0.0
146.0,0,2008.0,Anhui,Limited liability company (Natural person investment or holding),1296.0,2008.0,Leasing and business services,3.0,2.0,0.0,0.0,0.0,0.0,6.0,4.0,10.0,0.0,0.0,0.0,0.0,0.0,17.0,0.0,0.0,0.0,0.0,0.0,0.0,0.0,0.0,0.0,0.0,0.0,0.0,0.0,0.0,0.0,0.0,0.0,0.0,0.0,0.0,0.0,0.0,0.0,0.0,0.0,0.0,0.0,0.0,0.0,0.0,0.0,0.0,0.0,0.0,0.0,0.0,0.0,0.0,31.0,17.0,0.0,31.0,17.0,0.0,31.0,17.0,0.0,31.0,17.0,0.0,31.0,17.0,0.0,0.0,0.0,0.0,0.0,0.0,0.0,0.0,0.0,0.0,0.0,0.0,1.0,0.0
147.0,0,1100.0,Anhui,Limited liability company (Natural person investment or holding),1432.0,0.0,Construction industry,2.0,4.0,0.0,0.0,0.0,0.0,0.0,9.0,,0.0,0.0,0.0,0.0,0.0,0.0,0.0,0.0,0.0,0.0,0.0,0.0,0.0,0.0,0.0,0.0,0.0,0.0,0.0,2.0,0.0,0.0,0.0,0.0,0.0,0.0,0.0,0.0,0.0,0.0,0.0,0.0,0.0,0.0,0.0,0.0,0.0,0.0,0.0,0.0,0.0,0.0,0.0,0.0,5.0,5.0,0.0,3.0,1.0,0.0,5.0,1.0,0.0,3.0,1.0,0.0,1.0,1.0,0.0,0.0,0.0,0.0,0.0,0.0,0.0,0.0,0.0,0.0,0.0,0.0,0.0,0.0
148.0,0,1500.0,Anhui,Limited liability company (Natural person investment or holding),676.0,0.0,Construction industry,2.0,3.0,0.0,0.0,0.0,0.0,3.0,13.0,,0.0,0.0,0.0,0.0,0.0,2.0,0.0,0.0,0.0,0.0,0.0,0.0,0.0,0.0,0.0,0.0,0.0,0.0,0.0,0.0,0.0,0.0,0.0,0.0,0.0,1.0,0.0,0.0,0.0,0.0,0.0,0.0,0.0,0.0,0.0,0.0,0.0,0.0,0.0,0.0,0.0,0.0,0.0,0.0,15.0,0.0,,15.0,0.0,,15.0,0.0,,15.0,0.0,,3.0,0.0,,0.0,0.0,0.0,0.0,0.0,0.0,0.0,0.0,0.0,0.0,0.0,0.0,0.0
149.0,0,6000.0,Anhui,Limited liability company (Natural person investment or holding),1311.0,6000.0,Construction industry,2.0,3.0,0.0,0.0,0.0,0.0,5.0,0.0,1.0,0.0,0.0,0.0,0.0,0.0,3.0,0.0,0.0,0.0,0.0,0.0,0.0,0.0,0.0,0.0,0.0,0.0,0.0,0.0,0.0,0.0,0.0,0.0,0.0,0.0,0.0,0.0,0.0,0.0,0.0,0.0,0.0,0.0,0.0,0.0,0.0,0.0,0.0,0.0,0.0,0.0,0.0,0.0,0.0,0.0,0.0,0.0,0.0,0.0,0.0,0.0,0.0,0.0,0.0,0.0,0.0,0.0,0.0,0.0,0.0,0.0,0.0,0.0,0.0,0.0,0.0,0.0,0.0,0.0,0.0,0.0,0.0
150.0,0,2000.0,Anhui,Limited liability company (sole proprietorship of natural person),1580.0,0.0,Construction industry,1.0,3.0,0.0,0.0,3.0,8.0,2.0,7.0,1.0,0.0,0.0,0.0,0.0,0.0,3.0,0.0,0.0,0.0,0.0,0.0,0.0,0.0,0.0,0.0,0.0,0.0,1.0,0.0,0.0,0.0,0.0,0.0,0.0,0.0,0.0,0.0,0.0,0.0,0.0,0.0,0.0,0.0,0.0,0.0,0.0,0.0,0.0,0.0,0.0,0.0,0.0,0.0,0.0,14.0,5.0,1.0,14.0,5.0,1.0,14.0,5.0,1.0,14.0,5.0,1.0,14.0,5.0,1.0,0.0,0.0,0.0,0.0,0.0,0.0,0.0,0.0,0.0,0.0,0.0,0.0,0.0
151.0,0,5000.0,Anhui,Limited liability company (Natural person investment or holding),1631.0,2200.0,Construction industry,2.0,2.0,0.0,0.0,0.0,7.0,0.0,0.0,5.0,0.0,7.0,0.0,0.0,0.0,0.0,0.0,0.0,0.0,0.0,0.0,0.0,0.0,0.0,0.0,0.0,0.0,0.0,0.0,0.0,0.0,0.0,0.0,0.0,0.0,0.0,0.0,0.0,0.0,0.0,0.0,0.0,0.0,0.0,0.0,0.0,0.0,0.0,0.0,0.0,0.0,0.0,0.0,0.0,3.0,3.0,3.0,3.0,3.0,3.0,3.0,3.0,3.0,3.0,3.0,3.0,3.0,3.0,3.0,0.0,0.0,0.0,0.0,0.0,0.0,0.0,0.0,0.0,0.0,0.0,0.0,0.0
152.0,0,4000.0,Anhui,Limited liability company (Natural person investment or holding),1645.0,5300.0,Construction industry,2.0,2.0,0.0,1.0,1.0,5.0,0.0,2.0,1.0,0.0,0.0,0.0,0.0,0.0,6.0,0.0,0.0,0.0,0.0,0.0,0.0,0.0,0.0,0.0,0.0,0.0,0.0,0.0,0.0,0.0,0.0,0.0,0.0,0.0,0.0,0.0,0.0,0.0,0.0,0.0,0.0,0.0,0.0,0.0,0.0,0.0,0.0,0.0,0.0,0.0,0.0,0.0,0.0,19.0,16.0,8.0,19.0,16.0,8.0,19.0,16.0,8.0,19.0,16.0,8.0,19.0,16.0,8.0,0.0,0.0,0.0,0.0,0.0,0.0,0.0,0.0,0.0,0.0,0.0,0.0,0.0
153.0,0,1000.0,Anhui,Limited liability company (Natural person investment or holding),1019.0,0.0,Construction industry,3.0,3.0,0.0,0.0,0.0,0.0,0.0,0.0,,0.0,0.0,0.0,0.0,1.0,5.0,0.0,0.0,0.0,0.0,0.0,0.0,0.0,0.0,0.0,0.0,0.0,0.0,1.0,0.0,0.0,0.0,0.0,0.0,0.0,0.0,0.0,0.0,0.0,0.0,0.0,0.0,0.0,0.0,0.0,0.0,0.0,0.0,0.0,0.0,0.0,0.0,0.0,0.0,4.0,4.0,2.0,4.0,4.0,2.0,4.0,4.0,2.0,4.0,4.0,2.0,4.0,4.0,2.0,0.0,0.0,0.0,0.0,0.0,0.0,0.0,0.0,0.0,0.0,0.0,0.0,0.0
154.0,0,3000.0,Anhui,Limited liability company (sole proprietorship of natural person),1479.0,30.0,Construction industry,1.0,,0.0,0.0,1.0,1.0,2.0,4.0,1.0,0.0,0.0,0.0,0.0,0.0,0.0,0.0,0.0,0.0,0.0,0.0,0.0,0.0,0.0,0.0,0.0,0.0,0.0,0.0,0.0,0.0,0.0,0.0,0.0,0.0,0.0,0.0,0.0,0.0,0.0,0.0,0.0,0.0,0.0,0.0,0.0,0.0,0.0,0.0,0.0,0.0,0.0,0.0,0.0,17.0,0.0,0.0,17.0,0.0,0.0,17.0,0.0,0.0,17.0,0.0,0.0,17.0,0.0,0.0,0.0,0.0,0.0,0.0,0.0,2.0,0.0,0.0,0.0,0.0,0.0,1.0,0.0
155.0,0,2005.0,Anhui,"Joint stock limited company (unlisted, natural person investment or holding)",5908.0,1509.0,Construction industry,4.0,8.0,6.0,2.0,9.0,3.0,1.0,0.0,5.0,0.0,0.0,0.0,0.0,1.0,0.0,0.0,0.0,0.0,0.0,0.0,0.0,0.0,0.0,0.0,0.0,0.0,0.0,0.0,0.0,3.0,0.0,0.0,6.0,0.0,0.0,0.0,0.0,0.0,0.0,0.0,0.0,0.0,0.0,0.0,0.0,0.0,0.0,0.0,0.0,0.0,0.0,0.0,0.0,41.0,38.0,31.0,41.0,38.0,31.0,41.0,38.0,31.0,41.0,38.0,31.0,41.0,38.0,31.0,0.0,0.0,0.0,0.0,5.0,24.0,4.0,3.0,3.0,3.0,0.0,5.0,1.0
156.0,0,2000.0,Shaanxi,Limited liability company (sole proprietorship of natural person),2722.0,0.0,Construction industry,1.0,3.0,14.0,6.0,10.0,6.0,16.0,4.0,1.0,0.0,0.0,10.0,0.0,0.0,0.0,0.0,0.0,0.0,0.0,0.0,0.0,0.0,0.0,0.0,0.0,0.0,0.0,0.0,0.0,0.0,0.0,0.0,2.0,0.0,0.0,0.0,0.0,0.0,0.0,0.0,0.0,0.0,0.0,0.0,1.0,1.0,0.0,0.0,0.0,0.0,0.0,0.0,0.0,35.0,24.0,29.0,27.0,24.0,29.0,27.0,24.0,29.0,27.0,24.0,29.0,27.0,24.0,29.0,0.0,0.0,0.0,0.0,0.0,0.0,0.0,0.0,0.0,0.0,0.0,0.0,1.0
157.0,0,4600.0,Shaanxi,Limited liability company (Natural person investment or holding),2949.0,1000.0,Wholesale and retail,3.0,2.0,10.0,0.0,10.0,0.0,4.0,19.0,,0.0,0.0,1.0,3.0,0.0,0.0,0.0,0.0,0.0,0.0,0.0,0.0,0.0,0.0,0.0,0.0,0.0,0.0,0.0,0.0,0.0,0.0,0.0,0.0,0.0,0.0,0.0,0.0,0.0,0.0,0.0,0.0,0.0,0.0,0.0,0.0,0.0,0.0,0.0,0.0,0.0,0.0,0.0,0.0,10.0,10.0,8.0,0.0,0.0,0.0,0.0,0.0,0.0,0.0,0.0,0.0,0.0,0.0,0.0,0.0,0.0,0.0,0.0,0.0,0.0,0.0,0.0,0.0,0.0,0.0,0.0,0.0
158.0,0,4200.0,Inner Mongolia,Limited liability company (Natural person investment or holding),7487.0,4200.0,Construction industry,2.0,2.0,4.0,0.0,5.0,0.0,0.0,2.0,2.0,0.0,0.0,0.0,0.0,0.0,0.0,0.0,0.0,0.0,0.0,0.0,0.0,0.0,0.0,0.0,0.0,0.0,0.0,0.0,0.0,0.0,0.0,0.0,0.0,0.0,0.0,0.0,0.0,0.0,0.0,0.0,0.0,0.0,0.0,0.0,0.0,0.0,0.0,0.0,0.0,0.0,0.0,0.0,0.0,52.0,53.0,,52.0,53.0,,52.0,53.0,,65.0,74.0,,52.0,53.0,,0.0,0.0,0.0,2.0,3.0,0.0,0.0,0.0,1.0,1.0,0.0,1.0,0.0
159.0,0,2000.0,Jilin,Limited liability company (Natural person investment or holding),5432.0,500.0,Construction industry,2.0,2.0,11.0,3.0,5.0,2.0,0.0,2.0,,1.0,0.0,0.0,0.0,0.0,0.0,0.0,0.0,0.0,0.0,0.0,0.0,0.0,0.0,0.0,0.0,0.0,0.0,0.0,0.0,0.0,0.0,0.0,0.0,0.0,0.0,0.0,0.0,0.0,0.0,0.0,0.0,0.0,0.0,0.0,0.0,0.0,0.0,0.0,0.0,0.0,0.0,0.0,0.0,7.0,6.0,6.0,7.0,6.0,6.0,7.0,6.0,6.0,7.0,6.0,6.0,7.0,6.0,6.0,0.0,0.0,0.0,0.0,0.0,0.0,0.0,0.0,0.0,0.0,0.0,0.0,1.0
160.0,0,1000.0,Jilin,Limited liability company (sole proprietorship of natural person),952.0,0.0,Wholesale and retail,1.0,2.0,0.0,0.0,0.0,3.0,0.0,2.0,,0.0,0.0,0.0,0.0,0.0,3.0,0.0,0.0,0.0,0.0,0.0,0.0,0.0,0.0,0.0,0.0,0.0,0.0,0.0,0.0,0.0,0.0,0.0,0.0,0.0,0.0,0.0,0.0,0.0,0.0,0.0,0.0,0.0,0.0,0.0,0.0,0.0,0.0,0.0,0.0,0.0,0.0,0.0,0.0,10.0,0.0,,10.0,0.0,,10.0,0.0,,10.0,0.0,,0.0,0.0,,0.0,0.0,0.0,0.0,0.0,0.0,0.0,0.0,0.0,0.0,0.0,0.0,0.0
161.0,0,10000.0,Inner Mongolia,Limited liability company (Natural person investment or holding),5263.0,6100.0,"Transportation, storage and postal services",3.0,2.0,5.0,0.0,4.0,3.0,10.0,5.0,1.0,0.0,0.0,0.0,0.0,0.0,0.0,0.0,0.0,0.0,0.0,1.0,0.0,0.0,0.0,0.0,0.0,0.0,0.0,0.0,2.0,0.0,0.0,0.0,0.0,1.0,0.0,0.0,1.0,7.0,1.0,0.0,5.0,0.0,0.0,0.0,0.0,0.0,0.0,0.0,0.0,0.0,0.0,0.0,0.0,71.0,71.0,,71.0,71.0,,71.0,71.0,,71.0,71.0,,71.0,71.0,,0.0,0.0,1.0,0.0,1.0,0.0,1.0,1.0,0.0,0.0,0.0,0.0,0.0
162.0,0,2000.0,Shaanxi,Limited liability company (sole proprietorship of natural person),1480.0,2000.0,"Residential services, repair and other services",1.0,2.0,0.0,0.0,2.0,9.0,18.0,2.0,,0.0,0.0,0.0,0.0,0.0,1.0,0.0,0.0,0.0,0.0,0.0,0.0,0.0,0.0,0.0,0.0,0.0,0.0,0.0,0.0,0.0,0.0,0.0,0.0,0.0,0.0,0.0,0.0,0.0,0.0,0.0,0.0,0.0,0.0,0.0,0.0,0.0,0.0,0.0,0.0,0.0,0.0,0.0,0.0,0.0,0.0,0.0,0.0,0.0,0.0,0.0,0.0,0.0,15.0,15.0,10.0,0.0,0.0,0.0,0.0,0.0,0.0,0.0,0.0,0.0,0.0,0.0,0.0,0.0,0.0,0.0,1.0
163.0,0,2000.0,Shaanxi,Limited liability company (Natural person investment or holding),4254.0,300.0,Wholesale and retail,3.0,2.0,17.0,0.0,20.0,0.0,0.0,0.0,,0.0,0.0,0.0,0.0,1.0,4.0,0.0,0.0,0.0,0.0,0.0,0.0,0.0,0.0,0.0,0.0,0.0,0.0,0.0,0.0,0.0,0.0,0.0,0.0,0.0,0.0,0.0,0.0,0.0,0.0,1.0,3.0,0.0,0.0,0.0,0.0,0.0,0.0,0.0,1.0,14.0,0.0,8.0,6.0,17.0,20.0,18.0,0.0,0.0,0.0,0.0,0.0,0.0,21.0,25.0,24.0,0.0,0.0,0.0,0.0,0.0,0.0,0.0,0.0,0.0,0.0,0.0,0.0,0.0,0.0,0.0,1.0
164.0,0,2000.0,Hebei,Limited liability company (Natural person investment or holding),5250.0,359.0,Construction industry,3.0,2.0,4.0,0.0,4.0,1.0,2.0,0.0,1.0,0.0,0.0,0.0,0.0,2.0,0.0,0.0,0.0,0.0,0.0,0.0,0.0,0.0,0.0,0.0,0.0,0.0,0.0,0.0,0.0,0.0,0.0,0.0,0.0,0.0,0.0,0.0,0.0,0.0,0.0,0.0,0.0,0.0,0.0,0.0,0.0,0.0,0.0,0.0,0.0,0.0,0.0,0.0,0.0,12.0,8.0,2.0,12.0,8.0,0.0,12.0,8.0,0.0,12.0,8.0,0.0,12.0,8.0,0.0,0.0,0.0,0.0,0.0,0.0,0.0,0.0,0.0,0.0,0.0,0.0,0.0,1.0
165.0,0,1000.0,Hebei,Limited liability company (sole proprietorship of natural person),1250.0,929.13,Leasing and business services,1.0,2.0,0.0,0.0,0.0,1.0,0.0,2.0,,0.0,0.0,0.0,0.0,3.0,3.0,0.0,0.0,0.0,0.0,0.0,0.0,0.0,0.0,0.0,0.0,0.0,0.0,0.0,0.0,0.0,0.0,0.0,0.0,0.0,0.0,0.0,0.0,0.0,0.0,0.0,0.0,0.0,0.0,0.0,0.0,0.0,0.0,0.0,0.0,0.0,0.0,0.0,0.0,17.0,0.0,0.0,17.0,0.0,0.0,17.0,0.0,0.0,17.0,0.0,0.0,17.0,0.0,0.0,0.0,0.0,0.0,0.0,2.0,1.0,0.0,0.0,0.0,2.0,0.0,0.0,0.0
166.0,0,1000.0,Beijing,Limited liability company (Natural person investment or holding),5633.0,1000.0,Construction industry,2.0,2.0,13.0,3.0,0.0,1.0,0.0,0.0,,0.0,1.0,0.0,0.0,1.0,0.0,1.0,0.0,0.0,0.0,0.0,0.0,0.0,0.0,0.0,0.0,0.0,0.0,0.0,0.0,0.0,0.0,0.0,0.0,0.0,0.0,0.0,0.0,0.0,0.0,0.0,0.0,0.0,0.0,0.0,0.0,0.0,0.0,0.0,0.0,0.0,0.0,0.0,0.0,11.0,11.0,10.0,11.0,11.0,10.0,11.0,11.0,10.0,11.0,11.0,10.0,11.0,11.0,10.0,0.0,0.0,0.0,1.0,0.0,1.0,0.0,2.0,0.0,0.0,0.0,0.0,1.0
167.0,0,4500.0,Beijing,Other limited liability companies,1883.0,500.0,Construction industry,3.0,2.0,0.0,1.0,3.0,1.0,0.0,0.0,3.0,0.0,0.0,0.0,0.0,0.0,8.0,0.0,0.0,0.0,0.0,0.0,0.0,0.0,0.0,0.0,1.0,0.0,0.0,0.0,0.0,0.0,0.0,0.0,0.0,0.0,0.0,0.0,0.0,0.0,0.0,0.0,1.0,0.0,0.0,0.0,0.0,0.0,0.0,0.0,0.0,0.0,0.0,0.0,0.0,6.0,10.0,10.0,6.0,10.0,10.0,6.0,10.0,10.0,6.0,10.0,10.0,6.0,10.0,10.0,0.0,0.0,0.0,0.0,1.0,1.0,0.0,0.0,0.0,0.0,1.0,1.0,0.0
168.0,0,4000.0,Beijing,Limited liability company (sole proprietorship of natural person),3100.0,800.0,Construction industry,1.0,2.0,15.0,0.0,0.0,0.0,2.0,0.0,,0.0,1.0,0.0,0.0,3.0,0.0,0.0,0.0,0.0,0.0,0.0,0.0,0.0,0.0,0.0,0.0,0.0,0.0,0.0,0.0,0.0,0.0,0.0,0.0,0.0,0.0,0.0,0.0,0.0,0.0,0.0,0.0,0.0,0.0,0.0,0.0,0.0,0.0,0.0,0.0,0.0,0.0,0.0,0.0,14.0,15.0,17.0,14.0,15.0,17.0,14.0,15.0,17.0,14.0,15.0,17.0,14.0,15.0,17.0,0.0,0.0,0.0,0.0,0.0,0.0,0.0,0.0,0.0,0.0,0.0,0.0,0.0
169.0,0,4951.0,Beijing,Limited liability company (Natural person investment or holding),4517.0,950.0,Construction industry,2.0,2.0,18.0,0.0,3.0,1.0,4.0,0.0,1.0,0.0,0.0,0.0,2.0,3.0,0.0,0.0,0.0,0.0,0.0,0.0,0.0,0.0,0.0,0.0,0.0,0.0,0.0,0.0,0.0,2.0,0.0,0.0,0.0,0.0,0.0,0.0,0.0,0.0,0.0,0.0,0.0,0.0,0.0,0.0,0.0,0.0,0.0,0.0,0.0,0.0,0.0,0.0,0.0,40.0,32.0,28.0,40.0,32.0,28.0,40.0,32.0,28.0,40.0,32.0,28.0,40.0,32.0,28.0,0.0,0.0,1.0,0.0,0.0,2.0,0.0,0.0,0.0,0.0,0.0,1.0,3.0
170.0,0,6000.0,Beijing,Limited liability company (Natural person investment or holding),1913.0,4200.0,Construction industry,11.0,2.0,0.0,0.0,0.0,6.0,1.0,0.0,1.0,0.0,0.0,0.0,0.0,6.0,0.0,0.0,0.0,0.0,0.0,0.0,0.0,0.0,0.0,0.0,0.0,0.0,0.0,0.0,0.0,0.0,0.0,0.0,0.0,0.0,2.0,0.0,0.0,0.0,0.0,0.0,0.0,0.0,0.0,0.0,0.0,0.0,1.0,0.0,0.0,0.0,0.0,0.0,15.0,16.0,14.0,0.0,9.0,14.0,0.0,16.0,14.0,0.0,16.0,14.0,0.0,16.0,14.0,0.0,0.0,0.0,0.0,0.0,0.0,0.0,0.0,0.0,0.0,0.0,0.0,0.0,0.0
171.0,0,30000.0,Beijing,Other limited liability companies,5424.0,8800.0,Construction industry,2.0,4.0,18.0,2.0,2.0,5.0,0.0,4.0,1.0,0.0,0.0,0.0,3.0,0.0,2.0,1.0,0.0,0.0,0.0,0.0,0.0,0.0,0.0,0.0,0.0,0.0,0.0,0.0,0.0,0.0,0.0,0.0,0.0,0.0,0.0,0.0,0.0,0.0,0.0,0.0,0.0,0.0,0.0,0.0,0.0,0.0,0.0,0.0,0.0,0.0,0.0,0.0,0.0,16.0,16.0,9.0,16.0,16.0,9.0,16.0,16.0,9.0,16.0,16.0,9.0,16.0,16.0,9.0,0.0,0.0,1.0,0.0,6.0,0.0,2.0,0.0,0.0,1.0,1.0,1.0,0.0
172.0,1,5000.0,Beijing,Limited liability company (sole proprietorship of legal person),3023.0,5000.0,Construction industry,1.0,3.0,3.0,0.0,0.0,10.0,0.0,4.0,,0.0,0.0,0.0,6.0,1.0,0.0,0.0,0.0,0.0,0.0,0.0,0.0,0.0,0.0,0.0,0.0,0.0,0.0,0.0,0.0,1.0,0.0,0.0,0.0,0.0,0.0,0.0,0.0,0.0,1.0,8.0,9.0,0.0,0.0,0.0,0.0,0.0,0.0,0.0,0.0,0.0,6.0,0.0,0.0,19.0,21.0,26.0,43.0,45.0,40.0,43.0,45.0,40.0,43.0,45.0,40.0,43.0,45.0,40.0,0.0,0.0,0.0,0.0,0.0,3.0,0.0,0.0,0.0,0.0,0.0,1.0,1.0
173.0,0,1160.0,Beijing,Limited liability company (Natural person investment or holding),4159.0,300.0,Construction industry,2.0,2.0,8.0,2.0,0.0,0.0,0.0,1.0,1.0,0.0,0.0,0.0,0.0,2.0,0.0,0.0,0.0,0.0,1.0,0.0,0.0,0.0,0.0,0.0,0.0,0.0,0.0,0.0,0.0,0.0,0.0,0.0,0.0,0.0,0.0,0.0,0.0,0.0,0.0,0.0,0.0,0.0,0.0,0.0,0.0,0.0,0.0,0.0,0.0,0.0,0.0,0.0,0.0,10.0,20.0,12.0,10.0,20.0,12.0,10.0,20.0,12.0,10.0,20.0,12.0,10.0,20.0,12.0,0.0,0.0,0.0,1.0,0.0,2.0,0.0,0.0,1.0,0.0,1.0,0.0,0.0
174.0,1,1000.0,Beijing,Limited liability company (Natural person investment or holding),3268.0,1000.0,"Information transmission, software and information technology services",3.0,5.0,5.0,0.0,0.0,0.0,0.0,4.0,3.0,0.0,0.0,0.0,0.0,0.0,0.0,0.0,0.0,0.0,0.0,0.0,0.0,0.0,0.0,0.0,0.0,0.0,0.0,0.0,0.0,0.0,0.0,0.0,0.0,0.0,15.0,0.0,0.0,0.0,0.0,0.0,0.0,0.0,0.0,0.0,0.0,0.0,0.0,0.0,6.0,1.0,0.0,0.0,0.0,19.0,8.0,20.0,19.0,8.0,20.0,19.0,8.0,20.0,19.0,8.0,20.0,19.0,8.0,20.0,0.0,0.0,0.0,0.0,0.0,0.0,0.0,0.0,0.0,0.0,0.0,0.0,4.0
175.0,0,1100.0,Beijing,Limited liability company (Natural person investment or holding),3207.0,1100.0,Scientific research and technology services,2.0,2.0,19.0,1.0,0.0,0.0,0.0,0.0,,0.0,0.0,0.0,0.0,0.0,0.0,0.0,0.0,0.0,0.0,0.0,0.0,0.0,0.0,0.0,0.0,0.0,0.0,0.0,0.0,5.0,2.0,0.0,0.0,0.0,0.0,2.0,1.0,4.0,7.0,10.0,9.0,0.0,0.0,0.0,0.0,0.0,0.0,0.0,0.0,0.0,1.0,3.0,2.0,12.0,14.0,9.0,12.0,14.0,9.0,12.0,14.0,9.0,12.0,14.0,9.0,12.0,14.0,9.0,0.0,0.0,0.0,0.0,2.0,0.0,0.0,0.0,0.0,0.0,0.0,0.0,2.0
176.0,0,2000.0,Beijing,Limited liability company (Natural person investment or holding),4403.0,1000.0,Construction industry,2.0,2.0,4.0,1.0,0.0,1.0,3.0,0.0,,1.0,1.0,0.0,0.0,0.0,0.0,0.0,0.0,0.0,0.0,0.0,0.0,0.0,0.0,0.0,0.0,0.0,0.0,0.0,0.0,0.0,0.0,0.0,0.0,0.0,0.0,0.0,0.0,0.0,0.0,0.0,0.0,0.0,0.0,0.0,0.0,0.0,0.0,0.0,0.0,0.0,0.0,0.0,0.0,21.0,23.0,25.0,21.0,23.0,25.0,21.0,23.0,25.0,21.0,23.0,25.0,21.0,23.0,25.0,0.0,0.0,0.0,0.0,0.0,0.0,0.0,0.0,0.0,0.0,0.0,0.0,0.0
177.0,0,500.0,Beijing,Limited liability company (sole proprietorship of natural person),5410.0,200.0,Wholesale and retail,1.0,2.0,10.0,0.0,1.0,0.0,0.0,1.0,1.0,0.0,0.0,0.0,0.0,1.0,0.0,0.0,0.0,0.0,0.0,0.0,0.0,0.0,0.0,0.0,0.0,0.0,0.0,0.0,0.0,0.0,0.0,0.0,0.0,0.0,0.0,0.0,1.0,0.0,0.0,0.0,0.0,0.0,0.0,0.0,0.0,0.0,0.0,3.0,5.0,4.0,7.0,4.0,5.0,23.0,23.0,29.0,23.0,23.0,29.0,23.0,23.0,29.0,23.0,23.0,29.0,23.0,23.0,29.0,0.0,0.0,0.0,0.0,0.0,1.0,0.0,0.0,0.0,0.0,0.0,0.0,3.0
178.0,0,8000.0,Beijing,Limited liability company (Natural person investment or holding),1571.0,0.0,Construction industry,2.0,2.0,0.0,0.0,0.0,5.0,4.0,5.0,,0.0,0.0,0.0,0.0,8.0,4.0,0.0,0.0,0.0,0.0,0.0,0.0,0.0,0.0,0.0,0.0,0.0,0.0,1.0,0.0,0.0,0.0,0.0,0.0,0.0,0.0,0.0,0.0,0.0,0.0,0.0,0.0,0.0,0.0,0.0,0.0,0.0,0.0,0.0,0.0,0.0,0.0,0.0,0.0,12.0,1.0,0.0,12.0,1.0,0.0,12.0,1.0,0.0,12.0,1.0,0.0,12.0,1.0,0.0,0.0,0.0,0.0,0.0,0.0,0.0,0.0,0.0,0.0,0.0,0.0,0.0,1.0
179.0,0,1500.0,Beijing,Limited liability company (Natural person investment or holding),1702.0,350.0,Leasing and business services,2.0,2.0,0.0,0.0,7.0,0.0,0.0,0.0,,0.0,0.0,0.0,0.0,0.0,0.0,0.0,0.0,0.0,0.0,0.0,0.0,0.0,0.0,1.0,0.0,0.0,0.0,0.0,0.0,0.0,0.0,0.0,0.0,0.0,0.0,0.0,0.0,0.0,0.0,0.0,0.0,0.0,0.0,0.0,0.0,0.0,0.0,0.0,0.0,0.0,0.0,0.0,0.0,5.0,6.0,6.0,5.0,3.0,6.0,5.0,6.0,6.0,5.0,6.0,6.0,5.0,6.0,6.0,0.0,0.0,0.0,0.0,0.0,0.0,0.0,0.0,0.0,0.0,0.0,0.0,0.0
180.0,0,6896.0,Beijing,Limited liability company (Natural person investment or holding),1463.0,1000.0,Construction industry,2.0,2.0,0.0,0.0,1.0,0.0,1.0,0.0,3.0,0.0,0.0,1.0,0.0,5.0,0.0,0.0,0.0,0.0,0.0,0.0,0.0,0.0,0.0,0.0,0.0,0.0,0.0,0.0,0.0,0.0,0.0,0.0,15.0,0.0,0.0,0.0,0.0,0.0,0.0,0.0,0.0,0.0,0.0,0.0,0.0,0.0,0.0,0.0,0.0,0.0,0.0,15.0,0.0,17.0,12.0,29.0,17.0,24.0,29.0,17.0,24.0,29.0,17.0,24.0,29.0,17.0,24.0,29.0,0.0,0.0,0.0,0.0,0.0,0.0,0.0,0.0,0.0,0.0,0.0,0.0,0.0
181.0,0,5600.0,Beijing,"Joint stock limited company (unlisted, natural person investment or holding)",4678.0,4010.5,Scientific research and technology services,13.0,9.0,39.0,11.0,3.0,0.0,3.0,1.0,2.0,0.0,0.0,0.0,4.0,13.0,7.0,0.0,0.0,0.0,0.0,0.0,0.0,0.0,0.0,0.0,0.0,0.0,0.0,0.0,0.0,1.0,9.0,0.0,0.0,0.0,3.0,27.0,3.0,1.0,0.0,6.0,24.0,0.0,0.0,0.0,0.0,0.0,0.0,56.0,3.0,15.0,13.0,3.0,32.0,212.0,103.0,51.0,212.0,103.0,51.0,212.0,103.0,51.0,212.0,103.0,51.0,212.0,103.0,51.0,0.0,0.0,2.0,2.0,0.0,0.0,0.0,0.0,2.0,1.0,0.0,0.0,3.0
182.0,0,6068.0,Beijing,Limited liability company (Natural person investment or holding),1062.0,6068.0,Construction industry,2.0,2.0,0.0,0.0,0.0,5.0,5.0,0.0,,0.0,0.0,0.0,1.0,11.0,0.0,0.0,0.0,0.0,0.0,0.0,0.0,0.0,0.0,2.0,0.0,0.0,0.0,0.0,0.0,0.0,0.0,0.0,0.0,0.0,0.0,0.0,0.0,0.0,0.0,0.0,0.0,0.0,0.0,0.0,0.0,0.0,0.0,0.0,0.0,0.0,0.0,0.0,0.0,16.0,16.0,1.0,6.0,6.0,1.0,16.0,16.0,1.0,16.0,16.0,1.0,16.0,16.0,1.0,0.0,0.0,0.0,0.0,0.0,0.0,0.0,0.0,0.0,0.0,0.0,0.0,0.0
183.0,0,10000.0,Beijing,Limited liability company (Natural person investment or holding),3136.0,500.0,Construction industry,3.0,2.0,6.0,0.0,4.0,0.0,1.0,0.0,,0.0,0.0,1.0,0.0,0.0,0.0,0.0,0.0,0.0,0.0,0.0,0.0,0.0,0.0,0.0,0.0,0.0,0.0,0.0,0.0,0.0,0.0,0.0,0.0,0.0,0.0,0.0,0.0,0.0,0.0,0.0,0.0,0.0,0.0,0.0,0.0,0.0,0.0,0.0,0.0,0.0,0.0,0.0,0.0,2.0,5.0,20.0,2.0,5.0,20.0,2.0,5.0,20.0,2.0,5.0,20.0,2.0,5.0,20.0,0.0,0.0,0.0,0.0,0.0,0.0,0.0,0.0,0.0,0.0,0.0,0.0,1.0
184.0,0,1000.0,Shandong,Limited liability company (Natural person investment or holding),2604.0,1000.0,Construction industry,3.0,2.0,3.0,0.0,0.0,6.0,0.0,0.0,2.0,0.0,0.0,0.0,0.0,4.0,0.0,0.0,0.0,0.0,0.0,0.0,0.0,0.0,0.0,0.0,0.0,0.0,0.0,0.0,0.0,0.0,0.0,0.0,0.0,0.0,0.0,0.0,0.0,0.0,0.0,0.0,0.0,0.0,0.0,0.0,0.0,0.0,0.0,0.0,0.0,0.0,0.0,0.0,0.0,29.0,29.0,29.0,29.0,29.0,29.0,29.0,29.0,29.0,29.0,29.0,29.0,29.0,29.0,29.0,0.0,0.0,0.0,0.0,1.0,0.0,0.0,0.0,0.0,0.0,1.0,0.0,0.0
185.0,0,1200.0,Hunan,Limited liability company (Natural person investment or holding),5751.0,217.5,Construction industry,3.0,3.0,2.0,0.0,8.0,7.0,3.0,5.0,5.0,0.0,0.0,0.0,0.0,0.0,0.0,0.0,0.0,0.0,0.0,0.0,0.0,0.0,0.0,0.0,0.0,0.0,0.0,0.0,0.0,0.0,0.0,0.0,0.0,0.0,0.0,0.0,0.0,0.0,0.0,0.0,0.0,0.0,0.0,0.0,0.0,0.0,0.0,0.0,0.0,0.0,0.0,0.0,0.0,12.0,20.0,0.0,12.0,0.0,0.0,0.0,0.0,0.0,12.0,0.0,0.0,0.0,0.0,0.0,0.0,0.0,0.0,0.0,0.0,0.0,0.0,0.0,0.0,0.0,0.0,0.0,2.0
186.0,0,1000.0,Hunan,Limited liability company (Natural person investment or holding),1266.0,100.0,Construction industry,2.0,2.0,0.0,0.0,0.0,2.0,0.0,1.0,,0.0,0.0,0.0,1.0,0.0,5.0,0.0,0.0,0.0,0.0,0.0,0.0,0.0,0.0,0.0,0.0,0.0,0.0,0.0,0.0,0.0,0.0,0.0,0.0,0.0,0.0,0.0,0.0,0.0,0.0,0.0,0.0,0.0,0.0,0.0,0.0,0.0,0.0,0.0,0.0,0.0,0.0,0.0,0.0,11.0,6.0,6.0,0.0,0.0,0.0,0.0,0.0,0.0,3.0,13.0,13.0,0.0,0.0,0.0,0.0,0.0,0.0,0.0,0.0,0.0,0.0,0.0,0.0,0.0,0.0,0.0,0.0
187.0,0,500.0,Hunan,Limited liability company (Natural person investment or holding),1503.0,500.0,"Information transmission, software and information technology services",2.0,3.0,0.0,0.0,0.0,1.0,6.0,0.0,,0.0,0.0,0.0,0.0,0.0,0.0,0.0,0.0,0.0,0.0,0.0,0.0,0.0,0.0,0.0,0.0,0.0,0.0,0.0,0.0,0.0,0.0,0.0,0.0,0.0,0.0,0.0,0.0,0.0,0.0,0.0,0.0,0.0,0.0,0.0,0.0,0.0,0.0,0.0,0.0,0.0,0.0,0.0,0.0,0.0,0.0,0.0,0.0,0.0,0.0,0.0,0.0,0.0,0.0,0.0,0.0,0.0,0.0,0.0,0.0,0.0,0.0,0.0,0.0,0.0,0.0,0.0,0.0,0.0,0.0,0.0,0.0
188.0,0,4188.0,Hunan,Limited liability company (Natural person investment or holding),1276.0,35.2,Construction industry,4.0,4.0,0.0,0.0,0.0,0.0,3.0,0.0,,0.0,0.0,0.0,0.0,0.0,0.0,0.0,0.0,0.0,0.0,0.0,0.0,0.0,0.0,0.0,0.0,0.0,0.0,0.0,0.0,0.0,0.0,0.0,0.0,0.0,0.0,0.0,0.0,0.0,0.0,0.0,0.0,0.0,0.0,0.0,0.0,0.0,0.0,0.0,0.0,0.0,0.0,0.0,0.0,8.0,6.0,3.0,8.0,0.0,0.0,8.0,0.0,0.0,20.0,6.0,0.0,8.0,0.0,0.0,0.0,0.0,0.0,0.0,0.0,0.0,0.0,0.0,0.0,0.0,0.0,0.0,0.0
189.0,1,2288.0,Hunan,Limited liability company (sole proprietorship of natural person),1764.0,0.0,Construction industry,1.0,2.0,0.0,3.0,0.0,1.0,6.0,6.0,7.0,0.0,0.0,2.0,0.0,0.0,6.0,0.0,0.0,0.0,0.0,0.0,0.0,0.0,0.0,0.0,0.0,0.0,0.0,0.0,0.0,0.0,0.0,0.0,0.0,0.0,0.0,0.0,0.0,0.0,0.0,0.0,0.0,0.0,0.0,0.0,0.0,0.0,0.0,0.0,0.0,0.0,0.0,0.0,0.0,26.0,8.0,0.0,6.0,8.0,0.0,6.0,8.0,0.0,6.0,8.0,0.0,0.0,8.0,0.0,0.0,0.0,0.0,0.0,0.0,0.0,0.0,0.0,0.0,0.0,0.0,0.0,0.0
190.0,0,1200.0,Sichuan,Limited liability company (Natural person investment or holding),3133.0,410.0,Construction industry,2.0,2.0,20.0,7.0,0.0,7.0,0.0,3.0,,0.0,0.0,0.0,0.0,0.0,1.0,0.0,0.0,0.0,0.0,0.0,0.0,0.0,0.0,0.0,0.0,0.0,0.0,0.0,0.0,0.0,0.0,0.0,0.0,0.0,0.0,0.0,0.0,0.0,0.0,0.0,0.0,0.0,0.0,0.0,0.0,0.0,0.0,0.0,0.0,0.0,0.0,0.0,0.0,14.0,6.0,3.0,14.0,6.0,3.0,14.0,6.0,3.0,14.0,6.0,3.0,14.0,6.0,3.0,0.0,0.0,0.0,0.0,1.0,0.0,0.0,0.0,0.0,0.0,2.0,0.0,2.0
191.0,0,1000.0,Sichuan,Limited liability company (Natural person investment or holding),3842.0,438.0,Scientific research and technology services,7.0,3.0,19.0,0.0,0.0,0.0,4.0,11.0,,0.0,0.0,0.0,0.0,1.0,0.0,0.0,0.0,0.0,0.0,0.0,0.0,0.0,0.0,0.0,0.0,0.0,0.0,0.0,0.0,1.0,0.0,0.0,0.0,0.0,3.0,0.0,1.0,0.0,6.0,0.0,0.0,0.0,0.0,0.0,0.0,0.0,0.0,0.0,0.0,0.0,0.0,0.0,0.0,41.0,40.0,25.0,41.0,40.0,25.0,41.0,40.0,25.0,41.0,40.0,25.0,41.0,40.0,25.0,0.0,0.0,0.0,0.0,0.0,0.0,0.0,0.0,0.0,0.0,0.0,0.0,1.0
192.0,0,1001.8,Sichuan,Limited liability company (Natural person investment or holding),3724.0,200.0,"Information transmission, software and information technology services",3.0,2.0,13.0,7.0,0.0,0.0,3.0,2.0,,0.0,0.0,0.0,0.0,0.0,2.0,0.0,0.0,0.0,0.0,0.0,0.0,0.0,0.0,0.0,0.0,0.0,0.0,0.0,0.0,2.0,0.0,0.0,0.0,0.0,0.0,1.0,6.0,3.0,0.0,0.0,0.0,0.0,0.0,0.0,0.0,0.0,0.0,3.0,2.0,1.0,0.0,2.0,3.0,11.0,12.0,13.0,11.0,12.0,13.0,11.0,12.0,13.0,11.0,12.0,13.0,11.0,12.0,13.0,0.0,0.0,0.0,0.0,0.0,0.0,0.0,0.0,1.0,0.0,0.0,0.0,0.0
193.0,0,30000.0,Sichuan,Limited liability company (Natural person investment or holding),4884.0,482.5,"Information transmission, software and information technology services",2.0,2.0,33.0,23.0,4.0,8.0,4.0,7.0,1.0,0.0,0.0,3.0,0.0,0.0,0.0,0.0,0.0,0.0,0.0,0.0,0.0,0.0,0.0,0.0,0.0,0.0,0.0,0.0,0.0,0.0,0.0,0.0,0.0,0.0,0.0,0.0,0.0,0.0,0.0,0.0,0.0,0.0,0.0,0.0,0.0,0.0,0.0,0.0,0.0,0.0,0.0,0.0,0.0,12.0,16.0,12.0,12.0,16.0,12.0,12.0,16.0,12.0,12.0,16.0,12.0,12.0,16.0,12.0,0.0,0.0,2.0,7.0,2.0,3.0,1.0,6.0,3.0,0.0,0.0,0.0,1.0
194.0,0,6666.7,Sichuan,Limited liability company (Natural person investment or holding),1293.0,360.0,"Information transmission, software and information technology services",7.0,4.0,0.0,0.0,15.0,6.0,6.0,4.0,,0.0,0.0,0.0,1.0,1.0,5.0,0.0,0.0,0.0,0.0,0.0,0.0,0.0,0.0,0.0,0.0,0.0,0.0,0.0,0.0,0.0,0.0,0.0,34.0,0.0,3.0,0.0,0.0,0.0,6.0,4.0,4.0,0.0,0.0,0.0,0.0,0.0,0.0,0.0,0.0,3.0,24.0,15.0,5.0,,66.0,52.0,,66.0,52.0,,66.0,52.0,,66.0,52.0,,66.0,52.0,0.0,0.0,0.0,0.0,0.0,0.0,0.0,0.0,0.0,0.0,0.0,2.0,0.0
195.0,0,363.5881,Sichuan,"Joint stock limited company (unlisted, natural person investment or holding)",3363.0,258.3238,Wholesale and retail,9.0,11.0,30.0,17.0,1.0,8.0,13.0,2.0,,0.0,0.0,0.0,0.0,0.0,2.0,0.0,0.0,0.0,0.0,0.0,0.0,0.0,0.0,0.0,0.0,0.0,0.0,0.0,0.0,4.0,6.0,0.0,0.0,0.0,0.0,1.0,2.0,5.0,5.0,10.0,6.0,0.0,0.0,0.0,0.0,0.0,0.0,6.0,2.0,1.0,2.0,7.0,0.0,53.0,54.0,23.0,53.0,54.0,23.0,53.0,54.0,23.0,53.0,54.0,23.0,53.0,54.0,23.0,0.0,0.0,0.0,0.0,0.0,0.0,0.0,0.0,0.0,0.0,0.0,0.0,2.0
196.0,0,1000.0,Anhui,Limited liability company (Natural person investment or holding),612.0,1000.0,Construction industry,2.0,2.0,0.0,0.0,0.0,0.0,6.0,0.0,1.0,0.0,0.0,0.0,0.0,0.0,1.0,0.0,0.0,0.0,0.0,0.0,0.0,0.0,0.0,0.0,0.0,0.0,0.0,0.0,0.0,0.0,0.0,0.0,0.0,0.0,0.0,0.0,0.0,0.0,0.0,0.0,0.0,0.0,0.0,0.0,0.0,0.0,0.0,0.0,0.0,0.0,0.0,0.0,0.0,0.0,0.0,,0.0,0.0,,0.0,0.0,,0.0,0.0,,0.0,0.0,,0.0,0.0,0.0,0.0,0.0,0.0,0.0,0.0,0.0,0.0,0.0,0.0,0.0
197.0,1,5000.0,Hunan,Limited liability company (Natural person investment or holding),1624.0,0.0,Scientific research and technology services,3.0,2.0,0.0,0.0,0.0,8.0,8.0,5.0,,0.0,0.0,0.0,0.0,0.0,1.0,0.0,0.0,0.0,0.0,0.0,0.0,0.0,0.0,0.0,0.0,0.0,0.0,0.0,0.0,0.0,0.0,0.0,0.0,0.0,0.0,0.0,0.0,1.0,0.0,0.0,0.0,0.0,0.0,0.0,0.0,0.0,0.0,0.0,0.0,0.0,1.0,6.0,2.0,0.0,0.0,0.0,0.0,0.0,0.0,0.0,0.0,0.0,0.0,0.0,0.0,0.0,0.0,0.0,0.0,0.0,0.0,0.0,0.0,1.0,0.0,0.0,0.0,0.0,0.0,1.0,0.0
198.0,0,3500.0,Yunnan,Limited liability company (Natural person investment or holding),2388.0,600.0,Construction industry,9.0,3.0,0.0,4.0,3.0,2.0,0.0,1.0,8.0,0.0,0.0,0.0,0.0,0.0,0.0,0.0,0.0,0.0,0.0,0.0,0.0,0.0,0.0,0.0,0.0,0.0,0.0,0.0,0.0,0.0,0.0,0.0,0.0,0.0,0.0,0.0,0.0,0.0,0.0,0.0,0.0,0.0,0.0,0.0,0.0,0.0,0.0,0.0,0.0,0.0,0.0,0.0,0.0,10.0,6.0,3.0,10.0,6.0,3.0,10.0,6.0,3.0,10.0,6.0,3.0,10.0,6.0,3.0,0.0,0.0,0.0,0.0,1.0,5.0,0.0,0.0,0.0,0.0,1.0,1.0,0.0
199.0,0,8000.0,Sichuan,Limited liability company (Natural person investment or holding),4447.0,8000.0,Construction industry,2.0,3.0,19.0,10.0,3.0,7.0,4.0,3.0,2.0,0.0,0.0,0.0,0.0,0.0,10.0,0.0,0.0,0.0,0.0,0.0,1.0,0.0,1.0,0.0,0.0,0.0,0.0,0.0,0.0,0.0,0.0,0.0,0.0,0.0,0.0,0.0,0.0,0.0,0.0,0.0,0.0,0.0,0.0,0.0,0.0,0.0,0.0,0.0,0.0,0.0,0.0,0.0,0.0,42.0,35.0,0.0,42.0,35.0,0.0,42.0,35.0,0.0,42.0,35.0,0.0,42.0,35.0,0.0,0.0,0.0,0.0,0.0,8.0,16.0,0.0,0.0,1.0,2.0,3.0,2.0,1.0
200.0,0,6000.0,Sichuan,Limited liability company (Natural person investment or holding),1120.0,0.0,Construction industry,2.0,2.0,0.0,0.0,0.0,9.0,10.0,0.0,2.0,0.0,0.0,0.0,0.0,0.0,0.0,0.0,0.0,0.0,0.0,0.0,0.0,0.0,0.0,0.0,0.0,0.0,0.0,0.0,0.0,0.0,0.0,0.0,0.0,0.0,0.0,0.0,0.0,0.0,0.0,0.0,0.0,0.0,0.0,0.0,0.0,0.0,0.0,0.0,0.0,0.0,0.0,0.0,0.0,31.0,0.0,0.0,31.0,0.0,0.0,31.0,0.0,0.0,31.0,0.0,0.0,31.0,0.0,0.0,0.0,0.0,0.0,0.0,0.0,0.0,0.0,0.0,0.0,0.0,0.0,0.0,0.0
201.0,0,1000.0,Liaoning,Limited liability company (Natural person investment or holding),1784.0,900.0,Construction industry,2.0,2.0,0.0,0.0,0.0,0.0,6.0,0.0,1.0,0.0,0.0,0.0,0.0,11.0,3.0,0.0,0.0,0.0,0.0,0.0,0.0,0.0,0.0,0.0,0.0,0.0,0.0,0.0,0.0,0.0,0.0,0.0,0.0,0.0,0.0,0.0,0.0,0.0,0.0,0.0,0.0,0.0,0.0,0.0,0.0,0.0,0.0,0.0,0.0,0.0,0.0,0.0,0.0,19.0,0.0,0.0,19.0,0.0,0.0,19.0,0.0,0.0,19.0,0.0,0.0,19.0,0.0,0.0,0.0,0.0,0.0,0.0,0.0,0.0,0.0,0.0,0.0,0.0,0.0,0.0,1.0
202.0,0,5000.0,Liaoning,Limited liability company (Natural person investment or holding),4341.0,2000.0,Construction industry,2.0,2.0,13.0,1.0,0.0,2.0,0.0,2.0,,0.0,7.0,0.0,0.0,0.0,3.0,0.0,0.0,0.0,0.0,0.0,0.0,0.0,0.0,0.0,0.0,0.0,0.0,0.0,0.0,0.0,0.0,0.0,0.0,0.0,0.0,0.0,0.0,0.0,0.0,0.0,0.0,0.0,0.0,0.0,0.0,0.0,0.0,0.0,0.0,0.0,0.0,0.0,0.0,26.0,42.0,31.0,26.0,42.0,31.0,26.0,42.0,31.0,26.0,42.0,31.0,26.0,42.0,31.0,0.0,0.0,0.0,2.0,9.0,8.0,3.0,0.0,2.0,5.0,4.0,3.0,2.0
203.0,0,5558.0,Fujian,Limited liability company (Natural person investment or holding),864.0,0.0,Construction industry,2.0,2.0,0.0,0.0,0.0,0.0,11.0,0.0,,0.0,0.0,0.0,0.0,0.0,0.0,0.0,0.0,0.0,0.0,0.0,0.0,0.0,0.0,0.0,0.0,0.0,0.0,0.0,0.0,0.0,0.0,0.0,0.0,2.0,0.0,0.0,0.0,0.0,0.0,0.0,0.0,0.0,0.0,0.0,0.0,0.0,0.0,0.0,0.0,0.0,0.0,0.0,0.0,8.0,0.0,,8.0,0.0,,8.0,0.0,,11.0,0.0,,8.0,0.0,,0.0,0.0,0.0,0.0,0.0,0.0,0.0,0.0,0.0,0.0,0.0,0.0,1.0
204.0,0,208.0,Hubei,Limited liability company (Natural person investment or holding),3684.0,108.0,"Information transmission, software and information technology services",2.0,2.0,6.0,0.0,4.0,4.0,3.0,0.0,,0.0,0.0,1.0,0.0,0.0,0.0,0.0,0.0,0.0,0.0,0.0,0.0,0.0,0.0,0.0,0.0,0.0,0.0,0.0,0.0,0.0,0.0,0.0,0.0,0.0,2.0,0.0,0.0,0.0,0.0,0.0,3.0,0.0,0.0,0.0,0.0,0.0,0.0,0.0,0.0,15.0,0.0,6.0,5.0,,9.0,9.0,,0.0,0.0,,0.0,0.0,,0.0,0.0,,0.0,0.0,0.0,0.0,0.0,0.0,0.0,0.0,0.0,0.0,0.0,0.0,0.0,0.0,3.0
205.0,1,2980.0,Sichuan,Limited liability company (Natural person investment or holding),1113.0,0.0,Construction industry,2.0,4.0,0.0,0.0,0.0,2.0,3.0,0.0,1.0,0.0,0.0,0.0,0.0,3.0,0.0,0.0,0.0,0.0,0.0,0.0,0.0,0.0,0.0,0.0,0.0,0.0,0.0,0.0,0.0,0.0,0.0,0.0,0.0,0.0,0.0,0.0,0.0,0.0,0.0,0.0,0.0,0.0,0.0,0.0,0.0,0.0,0.0,0.0,0.0,0.0,0.0,0.0,0.0,0.0,0.0,0.0,0.0,0.0,0.0,0.0,0.0,0.0,0.0,0.0,0.0,0.0,0.0,0.0,0.0,0.0,0.0,0.0,0.0,0.0,0.0,0.0,0.0,0.0,0.0,0.0,0.0
206.0,0,1000.0,Sichuan,Limited liability company (Natural person investment or holding),880.0,1000.0,Construction industry,2.0,2.0,0.0,0.0,0.0,0.0,2.0,8.0,1.0,0.0,0.0,0.0,0.0,0.0,10.0,0.0,0.0,0.0,0.0,0.0,0.0,0.0,0.0,0.0,0.0,0.0,0.0,0.0,0.0,0.0,0.0,1.0,2.0,0.0,0.0,0.0,0.0,0.0,0.0,0.0,0.0,0.0,0.0,0.0,0.0,0.0,1.0,0.0,0.0,0.0,0.0,0.0,0.0,39.0,12.0,0.0,39.0,12.0,0.0,39.0,12.0,0.0,39.0,12.0,0.0,39.0,12.0,0.0,0.0,0.0,0.0,0.0,0.0,0.0,0.0,0.0,0.0,0.0,0.0,0.0,0.0
207.0,0,2000.0,Shandong,Limited liability company (sole proprietorship of natural person),659.0,54.5,Construction industry,1.0,2.0,0.0,0.0,0.0,0.0,5.0,4.0,,0.0,0.0,0.0,0.0,0.0,0.0,0.0,0.0,0.0,0.0,0.0,1.0,0.0,0.0,0.0,0.0,0.0,0.0,0.0,1.0,0.0,0.0,0.0,0.0,0.0,1.0,0.0,0.0,0.0,0.0,0.0,0.0,0.0,0.0,0.0,0.0,0.0,0.0,0.0,0.0,0.0,0.0,0.0,0.0,0.0,,,0.0,,,0.0,,,0.0,,,0.0,,,0.0,0.0,0.0,0.0,0.0,2.0,0.0,0.0,0.0,0.0,0.0,2.0,0.0
208.0,0,5399.0,Tianjin,Limited liability company,2900.0,1000.0,Construction industry,2.0,2.0,19.0,1.0,2.0,0.0,3.0,0.0,,0.0,0.0,0.0,0.0,6.0,0.0,0.0,0.0,0.0,0.0,0.0,0.0,0.0,0.0,0.0,0.0,0.0,0.0,0.0,0.0,0.0,1.0,0.0,0.0,0.0,0.0,0.0,0.0,0.0,0.0,0.0,0.0,0.0,0.0,0.0,0.0,0.0,0.0,0.0,0.0,0.0,0.0,0.0,0.0,0.0,0.0,0.0,0.0,0.0,0.0,0.0,0.0,0.0,0.0,0.0,0.0,0.0,0.0,0.0,0.0,0.0,0.0,0.0,1.0,1.0,0.0,0.0,0.0,0.0,1.0,0.0,0.0
209.0,0,618.0,Shandong,Limited liability company (sole proprietorship of legal person invested or controlled by non natural person),7073.0,618.0,"Electricity, heat, gas and water production and supply",1.0,2.0,17.0,0.0,0.0,3.0,10.0,9.0,1.0,0.0,0.0,0.0,0.0,0.0,0.0,0.0,0.0,0.0,0.0,0.0,0.0,0.0,0.0,0.0,0.0,0.0,0.0,0.0,0.0,0.0,0.0,0.0,0.0,0.0,0.0,0.0,0.0,0.0,0.0,0.0,0.0,0.0,0.0,0.0,0.0,0.0,0.0,0.0,0.0,0.0,0.0,0.0,0.0,17.0,12.0,9.0,17.0,12.0,9.0,17.0,12.0,9.0,17.0,12.0,9.0,17.0,12.0,9.0,0.0,0.0,0.0,0.0,0.0,0.0,0.0,0.0,0.0,0.0,0.0,0.0,1.0
210.0,0,3088.0,Guandong,Limited liability company (Natural person investment or holding),1336.0,2161.6,Construction industry,2.0,2.0,0.0,0.0,7.0,0.0,2.0,2.0,,0.0,0.0,0.0,0.0,0.0,2.0,0.0,0.0,0.0,0.0,0.0,0.0,0.0,0.0,0.0,0.0,0.0,1.0,0.0,0.0,0.0,0.0,0.0,0.0,1.0,2.0,0.0,0.0,0.0,0.0,0.0,0.0,0.0,0.0,0.0,0.0,0.0,0.0,0.0,0.0,0.0,0.0,0.0,0.0,19.0,18.0,2.0,19.0,18.0,2.0,19.0,18.0,2.0,19.0,18.0,2.0,19.0,18.0,2.0,0.0,0.0,0.0,0.0,1.0,0.0,0.0,0.0,0.0,0.0,2.0,0.0,0.0
211.0,0,1688.0,Guandong,Limited liability company (Natural person investment or holding),1325.0,943.2,Construction industry,2.0,2.0,0.0,0.0,0.0,4.0,11.0,3.0,,0.0,0.0,0.0,0.0,0.0,3.0,0.0,0.0,0.0,0.0,0.0,0.0,0.0,0.0,0.0,0.0,0.0,0.0,0.0,0.0,0.0,0.0,0.0,0.0,0.0,0.0,0.0,0.0,0.0,0.0,0.0,0.0,0.0,0.0,0.0,0.0,0.0,0.0,0.0,0.0,0.0,0.0,0.0,0.0,15.0,32.0,3.0,15.0,32.0,3.0,15.0,32.0,3.0,15.0,32.0,3.0,15.0,32.0,3.0,0.0,0.0,0.0,0.0,0.0,0.0,0.0,0.0,0.0,0.0,0.0,0.0,0.0
212.0,0,2008.0,Guandong,Limited liability company (Natural person investment or holding),1347.0,1936.0,Construction industry,4.0,2.0,0.0,0.0,0.0,7.0,2.0,0.0,,0.0,0.0,0.0,0.0,0.0,9.0,0.0,0.0,0.0,0.0,0.0,0.0,0.0,0.0,0.0,0.0,0.0,0.0,0.0,0.0,0.0,0.0,0.0,0.0,0.0,2.0,0.0,0.0,0.0,0.0,0.0,0.0,0.0,0.0,0.0,0.0,0.0,0.0,0.0,0.0,0.0,0.0,0.0,0.0,18.0,11.0,0.0,18.0,11.0,0.0,18.0,11.0,0.0,18.0,11.0,0.0,18.0,11.0,0.0,0.0,0.0,0.0,0.0,0.0,0.0,0.0,0.0,0.0,0.0,0.0,0.0,0.0
213.0,0,1000.0,Guandong,Limited liability company (Natural person investment or holding),3031.0,1000.0,Construction industry,2.0,2.0,4.0,0.0,0.0,2.0,3.0,0.0,,0.0,0.0,0.0,0.0,3.0,3.0,0.0,0.0,0.0,0.0,0.0,0.0,0.0,0.0,0.0,0.0,0.0,0.0,0.0,0.0,1.0,0.0,0.0,0.0,0.0,0.0,0.0,0.0,0.0,0.0,0.0,0.0,0.0,0.0,0.0,0.0,0.0,0.0,0.0,0.0,0.0,0.0,0.0,0.0,13.0,10.0,9.0,13.0,10.0,9.0,13.0,10.0,9.0,13.0,10.0,9.0,13.0,10.0,9.0,0.0,0.0,0.0,0.0,0.0,0.0,0.0,0.0,0.0,0.0,0.0,0.0,2.0
214.0,0,5000.0,Guandong,Limited liability company (sole proprietorship of natural person),5643.0,5000.0,Construction industry,1.0,2.0,2.0,7.0,0.0,0.0,5.0,0.0,1.0,0.0,0.0,0.0,0.0,9.0,0.0,0.0,0.0,0.0,0.0,0.0,0.0,0.0,0.0,0.0,0.0,0.0,0.0,0.0,0.0,0.0,0.0,0.0,0.0,0.0,0.0,0.0,0.0,0.0,0.0,0.0,0.0,0.0,0.0,0.0,0.0,0.0,0.0,0.0,0.0,0.0,0.0,0.0,0.0,12.0,6.0,4.0,12.0,6.0,4.0,12.0,6.0,4.0,12.0,6.0,4.0,12.0,6.0,4.0,0.0,0.0,0.0,0.0,0.0,0.0,0.0,0.0,0.0,0.0,0.0,0.0,0.0
215.0,0,4180.0,Guandong,Limited liability company (Natural person investment or holding),3814.0,100.0,Construction industry,2.0,2.0,15.0,5.0,0.0,2.0,2.0,0.0,,0.0,0.0,0.0,0.0,2.0,1.0,0.0,0.0,0.0,0.0,0.0,0.0,0.0,0.0,1.0,0.0,0.0,0.0,0.0,0.0,0.0,0.0,0.0,0.0,0.0,0.0,0.0,0.0,0.0,2.0,4.0,1.0,0.0,0.0,0.0,0.0,0.0,0.0,0.0,0.0,0.0,5.0,0.0,0.0,14.0,60.0,87.0,14.0,60.0,87.0,14.0,60.0,87.0,14.0,60.0,87.0,14.0,60.0,87.0,0.0,0.0,0.0,0.0,0.0,0.0,0.0,0.0,0.0,0.0,0.0,0.0,0.0
216.0,0,1000.0,Zhejiang,Limited liability company (Natural person investment or holding),3556.0,1000.0,Construction industry,3.0,2.0,0.0,2.0,4.0,12.0,0.0,0.0,1.0,0.0,0.0,0.0,0.0,0.0,0.0,0.0,0.0,0.0,0.0,0.0,0.0,0.0,0.0,0.0,0.0,0.0,0.0,0.0,1.0,0.0,0.0,0.0,0.0,0.0,0.0,0.0,0.0,0.0,0.0,0.0,0.0,0.0,0.0,0.0,0.0,0.0,0.0,0.0,0.0,0.0,0.0,0.0,0.0,18.0,10.0,2.0,18.0,10.0,2.0,18.0,10.0,2.0,18.0,10.0,2.0,18.0,10.0,2.0,0.0,0.0,0.0,0.0,0.0,0.0,0.0,0.0,0.0,0.0,0.0,0.0,0.0
217.0,0,3000.0,Shandong,Limited liability company (sole proprietorship of natural person),1847.0,2000.0,Construction industry,1.0,2.0,10.0,0.0,0.0,3.0,20.0,3.0,3.0,0.0,0.0,0.0,0.0,1.0,3.0,0.0,0.0,0.0,0.0,0.0,0.0,0.0,0.0,0.0,0.0,0.0,0.0,0.0,0.0,0.0,0.0,0.0,0.0,0.0,0.0,0.0,0.0,0.0,0.0,0.0,0.0,0.0,0.0,0.0,0.0,0.0,0.0,0.0,0.0,0.0,0.0,0.0,0.0,0.0,0.0,0.0,0.0,0.0,0.0,0.0,0.0,0.0,0.0,0.0,0.0,0.0,0.0,0.0,0.0,0.0,0.0,0.0,0.0,0.0,0.0,0.0,0.0,0.0,0.0,0.0,0.0
218.0,0,2000.0,Shandong,Limited liability company (Natural person investment or holding),1830.0,1171.9295,Construction industry,2.0,2.0,0.0,8.0,2.0,0.0,4.0,0.0,1.0,0.0,0.0,0.0,0.0,2.0,6.0,0.0,0.0,0.0,0.0,0.0,0.0,0.0,0.0,0.0,0.0,0.0,0.0,0.0,0.0,0.0,0.0,0.0,0.0,0.0,0.0,0.0,0.0,0.0,0.0,0.0,0.0,0.0,0.0,0.0,0.0,0.0,0.0,0.0,0.0,0.0,0.0,0.0,0.0,20.0,15.0,12.0,20.0,15.0,12.0,20.0,15.0,12.0,20.0,15.0,12.0,20.0,15.0,12.0,0.0,0.0,0.0,0.0,0.0,0.0,0.0,0.0,0.0,0.0,0.0,0.0,0.0
219.0,0,1000.0,Shandong,Limited liability company (sole proprietorship of natural person),1557.0,0.0,Construction industry,1.0,2.0,0.0,0.0,6.0,0.0,3.0,2.0,2.0,0.0,0.0,0.0,0.0,0.0,0.0,0.0,0.0,0.0,0.0,0.0,0.0,0.0,0.0,0.0,0.0,0.0,0.0,0.0,0.0,0.0,0.0,0.0,0.0,0.0,0.0,0.0,0.0,0.0,0.0,0.0,0.0,0.0,0.0,0.0,0.0,0.0,0.0,0.0,0.0,0.0,0.0,0.0,0.0,17.0,10.0,6.0,17.0,10.0,6.0,17.0,10.0,6.0,17.0,10.0,6.0,17.0,10.0,6.0,0.0,0.0,0.0,0.0,0.0,0.0,0.0,0.0,0.0,0.0,0.0,0.0,0.0
220.0,0,5000.0,Shandong,Limited liability company (Natural person investment or holding),2649.0,270.0,Construction industry,2.0,2.0,0.0,0.0,20.0,0.0,2.0,0.0,7.0,0.0,0.0,0.0,1.0,0.0,3.0,0.0,0.0,0.0,0.0,1.0,1.0,0.0,0.0,0.0,0.0,0.0,0.0,0.0,0.0,0.0,0.0,0.0,0.0,0.0,0.0,0.0,0.0,0.0,0.0,0.0,0.0,0.0,0.0,0.0,0.0,0.0,0.0,0.0,0.0,0.0,0.0,0.0,0.0,20.0,13.0,15.0,20.0,13.0,15.0,20.0,13.0,15.0,20.0,13.0,15.0,20.0,13.0,15.0,0.0,0.0,0.0,1.0,2.0,8.0,0.0,0.0,0.0,2.0,1.0,2.0,0.0
221.0,0,10000.0,Shandong,Limited liability company (sole proprietorship of natural person),5488.0,10000.0,Construction industry,1.0,2.0,1.0,0.0,4.0,3.0,33.0,8.0,20.0,0.0,0.0,0.0,0.0,1.0,0.0,0.0,0.0,0.0,0.0,0.0,0.0,0.0,0.0,0.0,0.0,0.0,0.0,0.0,0.0,0.0,0.0,0.0,0.0,0.0,0.0,0.0,0.0,0.0,0.0,0.0,0.0,0.0,0.0,0.0,0.0,0.0,0.0,0.0,0.0,0.0,0.0,0.0,0.0,34.0,35.0,39.0,34.0,35.0,39.0,34.0,35.0,39.0,34.0,35.0,39.0,34.0,35.0,39.0,0.0,0.0,1.0,0.0,2.0,2.0,0.0,0.0,1.0,0.0,1.0,1.0,1.0
222.0,0,1050.0,Shandong,Limited liability company (Natural person investment or holding),2263.0,312.0,Manufacturing,2.0,2.0,9.0,0.0,4.0,9.0,0.0,4.0,,0.0,0.0,0.0,0.0,0.0,1.0,0.0,0.0,0.0,0.0,0.0,0.0,0.0,0.0,0.0,0.0,0.0,0.0,0.0,0.0,0.0,0.0,0.0,0.0,0.0,0.0,0.0,0.0,0.0,0.0,0.0,0.0,0.0,0.0,0.0,0.0,0.0,0.0,0.0,0.0,0.0,0.0,0.0,0.0,15.0,13.0,10.0,15.0,13.0,10.0,13.0,13.0,10.0,15.0,13.0,10.0,13.0,13.0,10.0,0.0,0.0,0.0,0.0,0.0,0.0,0.0,0.0,0.0,0.0,0.0,0.0,1.0
223.0,0,1002.0,Shandong,Limited liability company,7397.0,1002.0,Leasing and business services,2.0,2.0,7.0,0.0,3.0,0.0,3.0,0.0,,0.0,0.0,0.0,0.0,0.0,0.0,0.0,0.0,0.0,0.0,0.0,0.0,0.0,0.0,0.0,0.0,0.0,1.0,0.0,0.0,0.0,0.0,0.0,0.0,0.0,0.0,0.0,0.0,0.0,0.0,0.0,0.0,0.0,0.0,0.0,0.0,0.0,0.0,0.0,0.0,0.0,0.0,0.0,0.0,20.0,20.0,19.0,20.0,20.0,19.0,20.0,20.0,19.0,20.0,20.0,19.0,20.0,20.0,19.0,0.0,0.0,0.0,0.0,1.0,5.0,0.0,0.0,0.0,0.0,0.0,3.0,0.0
224.0,0,3005.25,Shandong,Limited liability company (Natural person investment or holding),8400.0,3005.25,Construction industry,13.0,2.0,9.0,0.0,6.0,3.0,4.0,0.0,7.0,0.0,0.0,1.0,0.0,0.0,0.0,0.0,0.0,0.0,0.0,0.0,0.0,0.0,0.0,0.0,0.0,0.0,0.0,0.0,0.0,0.0,0.0,0.0,0.0,0.0,0.0,0.0,0.0,0.0,0.0,0.0,0.0,0.0,0.0,0.0,0.0,0.0,0.0,0.0,0.0,0.0,0.0,0.0,0.0,17.0,21.0,20.0,17.0,21.0,20.0,17.0,21.0,20.0,17.0,21.0,20.0,17.0,21.0,20.0,0.0,0.0,0.0,1.0,0.0,1.0,0.0,0.0,0.0,0.0,0.0,0.0,1.0
225.0,0,5000.0,Shandong,Limited liability company (Natural person investment or holding),2451.0,210.0,Construction industry,2.0,2.0,2.0,8.0,0.0,5.0,19.0,0.0,2.0,0.0,0.0,0.0,0.0,0.0,0.0,0.0,0.0,0.0,0.0,0.0,0.0,0.0,0.0,0.0,0.0,0.0,0.0,0.0,1.0,0.0,0.0,0.0,0.0,0.0,0.0,0.0,0.0,0.0,0.0,0.0,0.0,0.0,0.0,0.0,0.0,0.0,0.0,0.0,0.0,0.0,0.0,0.0,0.0,17.0,0.0,0.0,17.0,0.0,0.0,17.0,0.0,0.0,17.0,0.0,0.0,17.0,0.0,0.0,0.0,0.0,0.0,0.0,0.0,2.0,0.0,0.0,0.0,0.0,0.0,1.0,0.0
226.0,1,8101.0,Shandong,Limited liability company (Natural person investment or holding),4039.0,1074.4,Construction industry,2.0,2.0,2.0,0.0,7.0,11.0,23.0,3.0,2.0,0.0,0.0,0.0,0.0,0.0,3.0,0.0,0.0,0.0,0.0,0.0,0.0,0.0,0.0,0.0,0.0,0.0,0.0,0.0,0.0,0.0,0.0,0.0,0.0,0.0,0.0,0.0,0.0,0.0,0.0,0.0,0.0,0.0,0.0,0.0,0.0,0.0,0.0,2.0,0.0,0.0,0.0,0.0,0.0,0.0,40.0,37.0,0.0,40.0,37.0,0.0,40.0,37.0,0.0,40.0,37.0,0.0,40.0,37.0,0.0,0.0,0.0,0.0,4.0,5.0,0.0,0.0,0.0,1.0,1.0,1.0,0.0
227.0,0,1000.0,Shandong,Limited liability company (Natural person investment or holding),1691.0,0.0,Construction industry,2.0,2.0,0.0,0.0,0.0,8.0,2.0,0.0,,0.0,0.0,0.0,0.0,0.0,0.0,0.0,0.0,0.0,0.0,0.0,0.0,0.0,0.0,0.0,0.0,0.0,0.0,0.0,0.0,0.0,0.0,0.0,0.0,0.0,0.0,0.0,0.0,0.0,0.0,0.0,0.0,0.0,0.0,0.0,0.0,0.0,0.0,0.0,0.0,0.0,0.0,0.0,0.0,10.0,0.0,0.0,10.0,0.0,0.0,10.0,0.0,0.0,10.0,0.0,0.0,10.0,0.0,0.0,0.0,0.0,0.0,0.0,0.0,0.0,0.0,0.0,0.0,0.0,0.0,0.0,0.0
228.0,0,10000.0,Shandong,Limited liability company (Natural person investment or holding),6084.0,3060.0,Scientific research and technology services,2.0,2.0,16.0,4.0,5.0,6.0,6.0,6.0,5.0,0.0,0.0,0.0,0.0,5.0,0.0,1.0,0.0,0.0,0.0,0.0,1.0,4.0,0.0,0.0,0.0,1.0,0.0,0.0,1.0,0.0,0.0,0.0,0.0,0.0,0.0,0.0,0.0,0.0,0.0,0.0,0.0,0.0,0.0,0.0,0.0,0.0,0.0,0.0,0.0,0.0,0.0,0.0,0.0,82.0,81.0,75.0,82.0,81.0,75.0,82.0,81.0,75.0,82.0,81.0,75.0,82.0,81.0,75.0,0.0,0.0,0.0,0.0,0.0,45.0,0.0,1.0,2.0,3.0,12.0,4.0,5.0
229.0,0,6000.0,Sichuan,Limited liability company (Natural person investment or holding),2794.0,2590.0,Construction industry,3.0,2.0,15.0,4.0,5.0,9.0,7.0,2.0,,0.0,0.0,0.0,0.0,6.0,4.0,0.0,0.0,0.0,0.0,0.0,0.0,0.0,0.0,0.0,0.0,0.0,0.0,0.0,0.0,11.0,4.0,6.0,1.0,0.0,11.0,0.0,0.0,0.0,0.0,0.0,0.0,0.0,0.0,0.0,0.0,0.0,0.0,0.0,0.0,0.0,0.0,0.0,0.0,34.0,42.0,25.0,34.0,42.0,25.0,34.0,42.0,25.0,34.0,42.0,25.0,34.0,42.0,25.0,0.0,0.0,0.0,0.0,1.0,0.0,1.0,0.0,0.0,0.0,1.0,0.0,2.0
230.0,0,5000.0,Fujian,Limited liability company (Natural person investment or holding),2404.0,650.0,Construction industry,2.0,2.0,3.0,2.0,4.0,4.0,0.0,3.0,,0.0,0.0,0.0,1.0,1.0,0.0,0.0,0.0,0.0,0.0,0.0,0.0,0.0,0.0,0.0,0.0,0.0,0.0,0.0,0.0,0.0,0.0,0.0,0.0,0.0,0.0,0.0,0.0,0.0,0.0,0.0,0.0,0.0,0.0,0.0,0.0,0.0,0.0,0.0,0.0,0.0,0.0,0.0,0.0,40.0,31.0,34.0,40.0,31.0,34.0,28.0,24.0,22.0,40.0,31.0,34.0,28.0,24.0,22.0,0.0,0.0,0.0,0.0,0.0,0.0,0.0,0.0,0.0,0.0,0.0,0.0,2.0
231.0,0,1000.0,Fujian,Limited liability company (Natural person investment or holding),1122.0,0.0,Construction industry,2.0,2.0,0.0,0.0,0.0,7.0,0.0,3.0,1.0,0.0,0.0,0.0,0.0,0.0,4.0,0.0,0.0,0.0,0.0,0.0,0.0,0.0,0.0,0.0,0.0,0.0,0.0,0.0,1.0,0.0,0.0,0.0,0.0,0.0,0.0,0.0,0.0,0.0,0.0,0.0,0.0,0.0,0.0,0.0,0.0,0.0,0.0,0.0,0.0,0.0,0.0,0.0,0.0,0.0,9.0,0.0,0.0,0.0,0.0,0.0,8.0,0.0,0.0,9.0,0.0,0.0,8.0,0.0,0.0,0.0,0.0,0.0,0.0,0.0,0.0,0.0,0.0,0.0,0.0,0.0,0.0
232.0,0,2000.0,Fujian,Limited liability company (sole proprietorship of natural person),5986.0,2000.0,Wholesale and retail,1.0,2.0,6.0,2.0,9.0,4.0,0.0,0.0,8.0,3.0,0.0,0.0,0.0,2.0,3.0,1.0,0.0,0.0,0.0,0.0,0.0,0.0,0.0,0.0,0.0,1.0,0.0,0.0,0.0,0.0,0.0,0.0,0.0,0.0,0.0,0.0,0.0,0.0,0.0,0.0,12.0,0.0,0.0,0.0,0.0,0.0,0.0,0.0,0.0,0.0,0.0,0.0,0.0,70.0,60.0,50.0,59.0,60.0,50.0,64.0,64.0,50.0,70.0,60.0,50.0,64.0,60.0,50.0,0.0,0.0,0.0,2.0,2.0,0.0,0.0,0.0,1.0,1.0,0.0,0.0,4.0
233.0,0,5000.0,Fujian,Limited liability company (Natural person investment or holding),2337.0,650.0,Construction industry,2.0,2.0,5.0,0.0,8.0,9.0,14.0,4.0,2.0,0.0,0.0,0.0,0.0,0.0,3.0,0.0,0.0,0.0,0.0,0.0,0.0,0.0,0.0,0.0,0.0,0.0,0.0,0.0,0.0,1.0,0.0,0.0,0.0,0.0,0.0,0.0,0.0,0.0,0.0,0.0,0.0,0.0,0.0,0.0,0.0,0.0,0.0,0.0,0.0,0.0,0.0,0.0,0.0,45.0,,41.0,45.0,,41.0,45.0,,41.0,45.0,,41.0,45.0,,41.0,0.0,0.0,0.0,0.0,0.0,0.0,0.0,0.0,0.0,0.0,0.0,0.0,1.0
234.0,0,5000.0,Fujian,Limited liability company (sole proprietorship of natural person),1384.0,516.0,Scientific research and technology services,1.0,2.0,0.0,0.0,9.0,17.0,0.0,12.0,6.0,0.0,0.0,0.0,0.0,0.0,24.0,0.0,0.0,0.0,0.0,0.0,0.0,0.0,0.0,0.0,0.0,0.0,0.0,0.0,0.0,0.0,0.0,0.0,0.0,0.0,0.0,0.0,0.0,0.0,0.0,0.0,0.0,0.0,0.0,0.0,0.0,0.0,0.0,0.0,0.0,0.0,0.0,0.0,0.0,21.0,9.0,8.0,18.0,8.0,8.0,7.0,8.0,5.0,21.0,10.0,8.0,7.0,8.0,5.0,0.0,0.0,0.0,0.0,2.0,0.0,0.0,0.0,0.0,1.0,1.0,0.0,1.0
235.0,0,5600.0,Fujian,Limited liability company (Natural person investment or holding),938.0,0.0,Construction industry,2.0,2.0,0.0,0.0,0.0,0.0,9.0,6.0,,0.0,0.0,0.0,0.0,0.0,4.0,0.0,0.0,0.0,0.0,0.0,0.0,0.0,0.0,0.0,0.0,0.0,0.0,0.0,0.0,0.0,0.0,0.0,0.0,0.0,0.0,0.0,0.0,0.0,0.0,0.0,0.0,0.0,0.0,0.0,0.0,0.0,0.0,0.0,0.0,0.0,0.0,0.0,0.0,3.0,0.0,,3.0,0.0,,3.0,0.0,,3.0,0.0,,3.0,0.0,,0.0,0.0,0.0,0.0,0.0,0.0,0.0,0.0,0.0,0.0,0.0,0.0,0.0
236.0,0,2068.0,Fujian,Limited liability company (Natural person investment or holding),1405.0,100.0,Construction industry,2.0,3.0,0.0,0.0,1.0,3.0,0.0,5.0,3.0,0.0,0.0,0.0,0.0,0.0,0.0,0.0,0.0,0.0,0.0,0.0,0.0,0.0,0.0,0.0,0.0,0.0,0.0,0.0,0.0,0.0,0.0,0.0,0.0,0.0,0.0,0.0,0.0,0.0,0.0,0.0,0.0,0.0,0.0,0.0,0.0,0.0,0.0,0.0,0.0,0.0,0.0,0.0,0.0,12.0,14.0,2.0,6.0,6.0,2.0,0.0,0.0,0.0,0.0,0.0,0.0,0.0,0.0,0.0,0.0,0.0,0.0,0.0,0.0,0.0,0.0,0.0,0.0,0.0,0.0,0.0,0.0
237.0,0,2360.0,Fujian,Limited liability company (Natural person investment or holding),8681.0,600.0,Leasing and business services,2.0,3.0,18.0,2.0,3.0,0.0,1.0,0.0,3.0,0.0,7.0,0.0,0.0,0.0,0.0,0.0,0.0,0.0,0.0,0.0,0.0,0.0,0.0,0.0,0.0,0.0,0.0,0.0,0.0,0.0,0.0,0.0,0.0,0.0,0.0,0.0,0.0,0.0,0.0,0.0,0.0,0.0,0.0,0.0,0.0,0.0,0.0,0.0,0.0,0.0,0.0,0.0,0.0,9.0,14.0,11.0,0.0,0.0,0.0,5.0,14.0,5.0,9.0,7.0,5.0,2.0,0.0,2.0,0.0,0.0,0.0,0.0,0.0,0.0,0.0,0.0,0.0,0.0,0.0,0.0,0.0
238.0,0,5000.0,Fujian,Limited liability company (Natural person investment or holding),2133.0,800.0,Construction industry,2.0,2.0,3.0,1.0,5.0,5.0,9.0,13.0,5.0,0.0,0.0,0.0,0.0,0.0,0.0,0.0,0.0,0.0,0.0,0.0,0.0,0.0,0.0,0.0,0.0,0.0,0.0,0.0,0.0,0.0,0.0,0.0,0.0,2.0,2.0,0.0,0.0,0.0,0.0,0.0,0.0,0.0,0.0,0.0,0.0,0.0,0.0,0.0,0.0,0.0,0.0,0.0,0.0,55.0,23.0,10.0,50.0,22.0,10.0,16.0,11.0,5.0,55.0,23.0,10.0,16.0,11.0,5.0,0.0,0.0,0.0,0.0,0.0,1.0,0.0,0.0,0.0,0.0,0.0,1.0,1.0
239.0,0,1008.0,Fujian,Limited liability company (Natural person investment or holding),769.0,0.0,Construction industry,2.0,2.0,0.0,0.0,0.0,0.0,13.0,11.0,,0.0,0.0,0.0,0.0,0.0,0.0,0.0,0.0,0.0,0.0,0.0,0.0,0.0,0.0,0.0,0.0,0.0,0.0,1.0,1.0,0.0,0.0,0.0,0.0,0.0,0.0,0.0,0.0,0.0,0.0,0.0,0.0,0.0,0.0,0.0,0.0,0.0,0.0,0.0,0.0,0.0,0.0,0.0,0.0,0.0,0.0,,0.0,0.0,,0.0,0.0,,0.0,0.0,,0.0,0.0,,0.0,0.0,0.0,0.0,0.0,0.0,0.0,0.0,0.0,0.0,0.0,0.0,0.0
240.0,0,4997.0,Fujian,Limited liability company (Natural person investment or holding),6166.0,500.0,Construction industry,4.0,2.0,1.0,0.0,3.0,2.0,7.0,0.0,2.0,0.0,0.0,1.0,1.0,0.0,2.0,0.0,0.0,0.0,0.0,0.0,0.0,0.0,0.0,0.0,0.0,0.0,0.0,0.0,0.0,0.0,0.0,0.0,0.0,0.0,0.0,0.0,0.0,0.0,0.0,0.0,0.0,0.0,0.0,0.0,0.0,0.0,0.0,0.0,0.0,0.0,0.0,0.0,0.0,43.0,40.0,39.0,43.0,40.0,39.0,43.0,39.0,38.0,43.0,39.0,39.0,43.0,39.0,38.0,0.0,0.0,0.0,1.0,0.0,0.0,0.0,0.0,0.0,1.0,0.0,0.0,1.0
241.0,0,5000.0,Fujian,Limited liability company (Natural person investment or holding),2497.0,26.96,Construction industry,2.0,2.0,2.0,4.0,0.0,9.0,0.0,6.0,,0.0,0.0,0.0,0.0,0.0,10.0,0.0,0.0,0.0,0.0,0.0,0.0,0.0,0.0,0.0,0.0,0.0,0.0,0.0,0.0,0.0,0.0,0.0,0.0,0.0,0.0,0.0,0.0,0.0,0.0,0.0,0.0,0.0,0.0,0.0,0.0,0.0,0.0,0.0,0.0,0.0,0.0,0.0,0.0,22.0,17.0,11.0,22.0,17.0,11.0,15.0,7.0,6.0,22.0,17.0,11.0,15.0,7.0,6.0,0.0,0.0,0.0,0.0,0.0,0.0,0.0,0.0,0.0,0.0,0.0,0.0,0.0
242.0,0,1000.0,Fujian,Limited liability company (Natural person investment or holding),841.0,0.0,Construction industry,2.0,2.0,0.0,0.0,0.0,7.0,9.0,2.0,4.0,0.0,0.0,0.0,0.0,0.0,0.0,0.0,0.0,0.0,0.0,0.0,0.0,0.0,0.0,0.0,0.0,0.0,0.0,0.0,0.0,0.0,0.0,0.0,0.0,0.0,0.0,0.0,0.0,0.0,0.0,0.0,0.0,0.0,0.0,0.0,0.0,0.0,0.0,0.0,0.0,0.0,0.0,0.0,0.0,16.0,6.0,,16.0,6.0,,16.0,6.0,,16.0,6.0,,16.0,6.0,,0.0,0.0,0.0,0.0,0.0,0.0,0.0,0.0,0.0,0.0,0.0,0.0,0.0
243.0,0,1560.0,Fujian,Limited liability company (Natural person investment or holding),1717.0,276.8,Construction industry,2.0,2.0,0.0,0.0,5.0,6.0,15.0,6.0,2.0,0.0,0.0,0.0,0.0,7.0,0.0,0.0,0.0,0.0,0.0,0.0,0.0,0.0,0.0,0.0,0.0,0.0,0.0,0.0,0.0,0.0,0.0,0.0,0.0,0.0,0.0,0.0,0.0,0.0,0.0,0.0,0.0,0.0,0.0,0.0,0.0,0.0,0.0,0.0,0.0,0.0,0.0,0.0,0.0,19.0,21.0,17.0,3.0,3.0,17.0,0.0,0.0,0.0,19.0,21.0,17.0,0.0,0.0,0.0,0.0,0.0,0.0,0.0,0.0,0.0,0.0,0.0,0.0,0.0,0.0,0.0,1.0
244.0,0,4988.0,Fujian,Limited liability company (Natural person investment or holding),1253.0,0.0,Construction industry,2.0,2.0,0.0,0.0,0.0,6.0,2.0,9.0,,0.0,0.0,0.0,1.0,0.0,4.0,0.0,0.0,0.0,0.0,0.0,0.0,0.0,0.0,0.0,0.0,0.0,0.0,1.0,0.0,0.0,0.0,0.0,0.0,0.0,0.0,0.0,0.0,0.0,0.0,0.0,0.0,0.0,0.0,0.0,0.0,0.0,0.0,0.0,0.0,0.0,0.0,0.0,0.0,9.0,5.0,0.0,9.0,5.0,0.0,9.0,5.0,0.0,9.0,5.0,0.0,9.0,5.0,0.0,0.0,0.0,0.0,0.0,0.0,0.0,0.0,0.0,0.0,0.0,0.0,0.0,0.0
245.0,0,1000.0,Fujian,Limited liability company (Natural person investment or holding),518.0,107.0,Construction industry,3.0,2.0,0.0,0.0,0.0,0.0,7.0,3.0,4.0,0.0,0.0,0.0,0.0,7.0,0.0,0.0,0.0,0.0,0.0,0.0,0.0,0.0,0.0,0.0,0.0,0.0,0.0,0.0,0.0,0.0,0.0,0.0,0.0,0.0,0.0,0.0,0.0,0.0,0.0,0.0,0.0,0.0,0.0,0.0,0.0,0.0,0.0,0.0,0.0,0.0,0.0,0.0,0.0,8.0,,,5.0,,,8.0,,,8.0,,,8.0,,,0.0,0.0,0.0,0.0,0.0,0.0,0.0,0.0,0.0,0.0,0.0,0.0,0.0
246.0,0,4090.0,Fujian,Limited liability company (Natural person investment or holding),2634.0,1000.0,Construction industry,2.0,2.0,5.0,1.0,3.0,0.0,0.0,1.0,4.0,0.0,0.0,0.0,0.0,0.0,0.0,0.0,0.0,0.0,0.0,0.0,0.0,0.0,0.0,0.0,0.0,0.0,0.0,0.0,0.0,0.0,0.0,0.0,0.0,0.0,0.0,0.0,0.0,0.0,0.0,0.0,0.0,0.0,0.0,0.0,0.0,0.0,0.0,0.0,0.0,0.0,0.0,0.0,0.0,33.0,33.0,36.0,33.0,33.0,36.0,0.0,0.0,0.0,9.0,6.0,0.0,0.0,0.0,0.0,0.0,0.0,0.0,0.0,0.0,2.0,0.0,0.0,0.0,0.0,0.0,2.0,1.0
247.0,0,3000.0,Fujian,Limited liability company (Natural person investment or holding),1175.0,0.0,Construction industry,3.0,3.0,0.0,0.0,0.0,5.0,0.0,0.0,2.0,0.0,0.0,0.0,0.0,10.0,0.0,0.0,0.0,0.0,0.0,0.0,0.0,0.0,0.0,0.0,0.0,0.0,0.0,0.0,0.0,0.0,0.0,0.0,0.0,1.0,0.0,0.0,0.0,0.0,0.0,0.0,0.0,0.0,0.0,0.0,0.0,0.0,0.0,0.0,0.0,0.0,0.0,0.0,0.0,21.0,21.0,0.0,19.0,17.0,0.0,18.0,18.0,0.0,21.0,21.0,0.0,18.0,18.0,0.0,0.0,0.0,0.0,0.0,0.0,0.0,0.0,0.0,0.0,0.0,0.0,0.0,0.0
248.0,0,10009.0,Fujian,Limited liability company (Natural person investment or holding),1260.0,260.2,Construction industry,2.0,2.0,0.0,0.0,0.0,4.0,0.0,0.0,,0.0,0.0,0.0,0.0,0.0,0.0,0.0,0.0,0.0,0.0,0.0,0.0,0.0,0.0,0.0,0.0,0.0,0.0,0.0,0.0,0.0,0.0,0.0,1.0,0.0,0.0,0.0,0.0,0.0,0.0,0.0,0.0,0.0,0.0,0.0,0.0,0.0,0.0,0.0,0.0,0.0,0.0,0.0,0.0,23.0,12.0,8.0,23.0,12.0,8.0,23.0,12.0,8.0,23.0,12.0,8.0,23.0,12.0,8.0,0.0,0.0,0.0,0.0,0.0,0.0,0.0,0.0,0.0,0.0,0.0,0.0,0.0
249.0,0,5000.0,Fujian,Limited liability company (sole proprietorship of natural person),3695.0,1200.0,Construction industry,1.0,2.0,27.0,0.0,11.0,9.0,4.0,2.0,9.0,0.0,0.0,0.0,0.0,6.0,16.0,1.0,2.0,1.0,0.0,0.0,0.0,0.0,0.0,0.0,0.0,2.0,0.0,0.0,0.0,0.0,0.0,0.0,0.0,0.0,0.0,0.0,0.0,0.0,0.0,0.0,14.0,0.0,0.0,0.0,0.0,0.0,0.0,0.0,0.0,0.0,0.0,0.0,0.0,45.0,44.0,41.0,43.0,34.0,32.0,25.0,26.0,22.0,44.0,44.0,41.0,25.0,26.0,22.0,1.0,8.0,1.0,1.0,4.0,0.0,2.0,2.0,0.0,1.0,3.0,0.0,1.0
250.0,0,10000.0,Fujian,Limited liability company (Natural person investment or holding),503.0,0.0,Wholesale and retail,2.0,2.0,0.0,0.0,0.0,0.0,11.0,2.0,1.0,0.0,0.0,0.0,0.0,0.0,0.0,0.0,0.0,0.0,0.0,0.0,0.0,0.0,0.0,0.0,0.0,0.0,0.0,0.0,0.0,0.0,0.0,0.0,0.0,0.0,0.0,0.0,0.0,0.0,0.0,0.0,0.0,0.0,0.0,0.0,0.0,0.0,0.0,0.0,0.0,0.0,0.0,0.0,0.0,16.0,,,15.0,,,14.0,,,21.0,,,14.0,,,0.0,0.0,0.0,0.0,0.0,0.0,0.0,0.0,0.0,0.0,0.0,0.0,0.0
251.0,0,1166.667,Fujian,Limited liability company (Natural person investment or holding),4738.0,1166.667,Leasing and business services,7.0,6.0,14.0,3.0,1.0,0.0,0.0,2.0,1.0,0.0,0.0,0.0,0.0,0.0,1.0,0.0,0.0,0.0,0.0,0.0,0.0,0.0,0.0,0.0,0.0,0.0,0.0,0.0,0.0,0.0,2.0,0.0,0.0,0.0,0.0,0.0,0.0,0.0,0.0,2.0,23.0,0.0,0.0,0.0,0.0,0.0,0.0,16.0,5.0,0.0,31.0,7.0,8.0,165.0,152.0,160.0,165.0,149.0,159.0,165.0,156.0,163.0,165.0,151.0,163.0,165.0,153.0,161.0,0.0,0.0,0.0,0.0,0.0,0.0,0.0,0.0,0.0,0.0,0.0,0.0,4.0
252.0,0,5969.0,Fujian,Limited liability company (Natural person investment or holding),755.0,0.0,Scientific research and technology services,2.0,2.0,0.0,0.0,0.0,0.0,0.0,6.0,,0.0,0.0,0.0,0.0,0.0,4.0,0.0,0.0,0.0,0.0,0.0,0.0,0.0,0.0,0.0,0.0,0.0,0.0,0.0,0.0,0.0,0.0,0.0,0.0,3.0,3.0,0.0,0.0,0.0,0.0,0.0,0.0,0.0,0.0,0.0,0.0,0.0,0.0,0.0,0.0,0.0,0.0,10.0,0.0,17.0,6.0,,17.0,6.0,,8.0,2.0,,17.0,6.0,,8.0,2.0,,0.0,0.0,0.0,0.0,0.0,0.0,0.0,0.0,0.0,0.0,0.0,0.0,0.0
253.0,0,1000.0,Fujian,Limited liability company (Natural person investment or holding),2835.0,355.0,Wholesale and retail,3.0,2.0,12.0,0.0,7.0,2.0,1.0,0.0,,0.0,0.0,0.0,1.0,1.0,0.0,0.0,0.0,0.0,0.0,0.0,0.0,0.0,0.0,0.0,0.0,0.0,0.0,0.0,0.0,0.0,0.0,0.0,0.0,0.0,0.0,0.0,0.0,0.0,0.0,0.0,1.0,0.0,0.0,0.0,0.0,0.0,0.0,1.0,0.0,0.0,0.0,0.0,3.0,38.0,35.0,42.0,38.0,35.0,33.0,38.0,35.0,38.0,38.0,35.0,42.0,38.0,35.0,38.0,0.0,0.0,0.0,0.0,0.0,1.0,0.0,0.0,0.0,0.0,0.0,0.0,0.0
254.0,0,5668.0,Fujian,Limited liability company (sole proprietorship of natural person),1378.0,2000.0,Construction industry,1.0,2.0,0.0,0.0,7.0,20.0,2.0,1.0,2.0,0.0,0.0,0.0,0.0,0.0,0.0,0.0,0.0,0.0,0.0,0.0,0.0,0.0,0.0,0.0,0.0,0.0,0.0,0.0,0.0,0.0,0.0,0.0,0.0,0.0,0.0,0.0,0.0,0.0,0.0,0.0,0.0,0.0,0.0,0.0,0.0,0.0,0.0,0.0,0.0,0.0,0.0,0.0,0.0,56.0,,12.0,56.0,,12.0,56.0,,12.0,56.0,,12.0,56.0,,12.0,0.0,0.0,0.0,0.0,0.0,0.0,0.0,0.0,0.0,0.0,0.0,0.0,0.0
255.0,0,4200.0,Fujian,Limited liability company (Natural person investment or holding),2815.0,4200.0,Construction industry,2.0,2.0,9.0,9.0,2.0,2.0,10.0,3.0,1.0,0.0,0.0,0.0,0.0,0.0,0.0,0.0,0.0,0.0,0.0,0.0,0.0,0.0,0.0,0.0,0.0,0.0,0.0,0.0,0.0,0.0,0.0,0.0,0.0,0.0,0.0,0.0,0.0,0.0,0.0,0.0,0.0,0.0,0.0,0.0,0.0,0.0,0.0,0.0,0.0,0.0,0.0,0.0,0.0,10.0,20.0,21.0,10.0,10.0,21.0,26.0,14.0,21.0,6.0,11.0,15.0,26.0,14.0,21.0,0.0,0.0,0.0,3.0,0.0,0.0,1.0,1.0,2.0,0.0,0.0,0.0,0.0
256.0,1,1000.0,Fujian,Limited liability company (Natural person investment or holding),1713.0,0.0,Wholesale and retail,2.0,2.0,0.0,0.0,2.0,0.0,2.0,6.0,2.0,0.0,0.0,0.0,1.0,0.0,4.0,0.0,0.0,0.0,0.0,0.0,0.0,0.0,0.0,0.0,0.0,0.0,0.0,0.0,0.0,0.0,0.0,0.0,1.0,0.0,0.0,0.0,0.0,0.0,0.0,0.0,0.0,0.0,0.0,0.0,0.0,0.0,0.0,0.0,0.0,0.0,0.0,0.0,0.0,11.0,10.0,3.0,11.0,10.0,3.0,11.0,9.0,3.0,11.0,9.0,3.0,11.0,9.0,3.0,0.0,0.0,0.0,1.0,1.0,1.0,0.0,0.0,1.0,0.0,0.0,1.0,1.0
257.0,0,5188.0,Fujian,Limited liability company (Natural person investment or holding),3426.0,3050.0,Construction industry,2.0,2.0,0.0,0.0,0.0,0.0,0.0,18.0,5.0,0.0,0.0,0.0,0.0,0.0,1.0,0.0,0.0,0.0,0.0,0.0,0.0,0.0,0.0,0.0,0.0,0.0,0.0,0.0,0.0,0.0,0.0,0.0,0.0,0.0,0.0,0.0,0.0,0.0,0.0,0.0,0.0,0.0,0.0,0.0,0.0,0.0,0.0,0.0,0.0,0.0,0.0,0.0,0.0,29.0,17.0,13.0,29.0,17.0,13.0,29.0,17.0,13.0,29.0,17.0,13.0,29.0,17.0,13.0,0.0,0.0,0.0,1.0,2.0,2.0,0.0,0.0,0.0,0.0,3.0,2.0,1.0
258.0,1,1000.0,Fujian,Limited liability company (sole proprietorship of natural person),1773.0,1518.0,Construction industry,1.0,2.0,0.0,0.0,6.0,0.0,2.0,27.0,,0.0,0.0,0.0,0.0,0.0,0.0,0.0,0.0,0.0,0.0,0.0,0.0,0.0,0.0,0.0,0.0,0.0,0.0,0.0,0.0,0.0,0.0,0.0,0.0,0.0,0.0,0.0,0.0,0.0,0.0,0.0,0.0,0.0,0.0,0.0,0.0,0.0,0.0,0.0,0.0,0.0,0.0,0.0,0.0,5.0,11.0,11.0,5.0,11.0,8.0,5.0,8.0,8.0,5.0,8.0,11.0,5.0,8.0,8.0,0.0,0.0,0.0,0.0,0.0,0.0,0.0,0.0,0.0,0.0,0.0,0.0,1.0
259.0,0,1000.0,Fujian,Limited liability company (Natural person investment or holding),1169.0,1000.0,Wholesale and retail,3.0,2.0,0.0,0.0,0.0,3.0,0.0,2.0,,0.0,0.0,0.0,0.0,2.0,5.0,0.0,0.0,0.0,0.0,0.0,0.0,0.0,0.0,0.0,0.0,0.0,0.0,0.0,0.0,0.0,0.0,0.0,0.0,0.0,0.0,0.0,0.0,0.0,0.0,0.0,0.0,0.0,0.0,0.0,0.0,0.0,0.0,0.0,0.0,0.0,0.0,0.0,0.0,18.0,17.0,22.0,17.0,17.0,22.0,14.0,12.0,13.0,16.0,17.0,22.0,14.0,17.0,13.0,0.0,0.0,0.0,0.0,0.0,0.0,0.0,0.0,0.0,0.0,0.0,1.0,0.0
260.0,0,33789.0,Fujian,Limited liability company (Natural person investment or holding),5207.0,10600.0,Construction industry,2.0,3.0,17.0,5.0,0.0,3.0,0.0,8.0,16.0,0.0,0.0,0.0,0.0,0.0,4.0,0.0,0.0,0.0,1.0,0.0,0.0,0.0,0.0,0.0,1.0,0.0,0.0,0.0,0.0,0.0,0.0,0.0,0.0,0.0,0.0,0.0,0.0,0.0,0.0,0.0,1.0,0.0,0.0,0.0,0.0,0.0,0.0,0.0,0.0,0.0,0.0,0.0,0.0,,39.0,39.0,,30.0,39.0,,39.0,1.0,,39.0,39.0,,39.0,1.0,0.0,0.0,5.0,4.0,0.0,2.0,1.0,0.0,1.0,1.0,1.0,0.0,2.0
261.0,0,3399.0,Fujian,Limited liability company,1106.0,56.78,Construction industry,2.0,3.0,0.0,0.0,0.0,2.0,2.0,0.0,,0.0,0.0,0.0,8.0,0.0,0.0,0.0,0.0,0.0,0.0,0.0,0.0,0.0,0.0,0.0,0.0,0.0,0.0,0.0,0.0,0.0,0.0,0.0,0.0,0.0,0.0,0.0,0.0,0.0,0.0,0.0,0.0,0.0,0.0,0.0,0.0,0.0,0.0,0.0,0.0,0.0,0.0,0.0,0.0,6.0,6.0,5.0,6.0,0.0,0.0,6.0,6.0,0.0,6.0,0.0,5.0,6.0,0.0,0.0,0.0,0.0,0.0,0.0,0.0,0.0,0.0,0.0,0.0,0.0,0.0,0.0,0.0
262.0,0,2000.0,Fujian,Limited liability company (sole proprietorship of natural person),729.0,0.0,Scientific research and technology services,1.0,2.0,0.0,0.0,0.0,0.0,0.0,2.0,1.0,0.0,0.0,0.0,0.0,0.0,0.0,0.0,0.0,0.0,0.0,0.0,0.0,0.0,0.0,0.0,0.0,0.0,0.0,0.0,0.0,0.0,0.0,0.0,0.0,0.0,0.0,0.0,0.0,0.0,0.0,0.0,0.0,0.0,0.0,0.0,0.0,0.0,0.0,0.0,0.0,0.0,0.0,0.0,0.0,2.0,0.0,,0.0,0.0,,0.0,0.0,,0.0,0.0,,0.0,0.0,,0.0,0.0,0.0,0.0,0.0,0.0,0.0,0.0,0.0,0.0,0.0,0.0,0.0
263.0,0,6888.0,Fujian,Limited liability company (sole proprietorship of natural person),2078.0,0.0,Construction industry,2.0,2.0,1.0,1.0,5.0,7.0,0.0,13.0,6.0,0.0,0.0,0.0,0.0,0.0,3.0,0.0,0.0,0.0,0.0,0.0,0.0,0.0,0.0,0.0,0.0,0.0,0.0,0.0,0.0,0.0,0.0,0.0,0.0,1.0,0.0,0.0,0.0,0.0,0.0,0.0,0.0,0.0,0.0,0.0,0.0,0.0,0.0,0.0,0.0,0.0,0.0,0.0,0.0,10.0,10.0,3.0,10.0,10.0,3.0,10.0,10.0,3.0,10.0,10.0,3.0,10.0,10.0,3.0,0.0,0.0,0.0,1.0,0.0,0.0,0.0,0.0,0.0,1.0,0.0,0.0,0.0
264.0,0,6050.0,Fujian,Limited liability company (Natural person investment or holding),5977.0,6050.0,Construction industry,2.0,3.0,19.0,4.0,2.0,0.0,0.0,0.0,15.0,0.0,0.0,0.0,4.0,0.0,1.0,0.0,0.0,0.0,0.0,0.0,0.0,0.0,0.0,0.0,0.0,0.0,0.0,0.0,0.0,0.0,0.0,0.0,0.0,0.0,0.0,0.0,0.0,0.0,0.0,0.0,0.0,0.0,0.0,0.0,0.0,0.0,0.0,0.0,0.0,0.0,0.0,0.0,0.0,59.0,62.0,77.0,59.0,60.0,77.0,42.0,40.0,48.0,59.0,62.0,77.0,42.0,40.0,48.0,0.0,0.0,0.0,0.0,1.0,1.0,0.0,0.0,0.0,0.0,1.0,0.0,2.0
265.0,0,5000.0,Fujian,Limited liability company (Natural person investment or holding),2969.0,508.0,Wholesale and retail,2.0,2.0,10.0,0.0,0.0,5.0,4.0,0.0,1.0,0.0,1.0,0.0,0.0,6.0,2.0,0.0,0.0,0.0,0.0,0.0,0.0,0.0,0.0,0.0,0.0,0.0,1.0,0.0,0.0,0.0,0.0,0.0,0.0,0.0,0.0,0.0,0.0,0.0,0.0,0.0,10.0,0.0,0.0,0.0,0.0,0.0,0.0,0.0,0.0,0.0,0.0,5.0,1.0,18.0,20.0,16.0,18.0,20.0,16.0,18.0,20.0,16.0,18.0,20.0,16.0,18.0,20.0,16.0,0.0,0.0,0.0,0.0,0.0,1.0,0.0,0.0,1.0,0.0,0.0,0.0,3.0
266.0,0,2000.0,Fujian,Limited liability company (Natural person investment or holding),2165.0,2000.0,Construction industry,2.0,3.0,1.0,1.0,2.0,0.0,7.0,2.0,7.0,0.0,0.0,0.0,0.0,0.0,0.0,0.0,0.0,0.0,0.0,0.0,0.0,0.0,0.0,0.0,0.0,0.0,0.0,0.0,0.0,0.0,0.0,0.0,0.0,0.0,0.0,0.0,0.0,0.0,0.0,0.0,0.0,0.0,0.0,0.0,0.0,0.0,0.0,0.0,0.0,0.0,0.0,0.0,0.0,25.0,10.0,2.0,25.0,0.0,2.0,0.0,0.0,0.0,25.0,2.0,0.0,0.0,0.0,0.0,0.0,0.0,0.0,0.0,0.0,0.0,0.0,0.0,0.0,0.0,0.0,0.0,0.0
267.0,0,1000.0,Fujian,Limited liability company (Natural person investment or holding),1266.0,1000.0,Construction industry,2.0,2.0,0.0,0.0,0.0,11.0,5.0,7.0,,0.0,0.0,0.0,0.0,6.0,0.0,0.0,0.0,0.0,0.0,0.0,0.0,0.0,0.0,0.0,0.0,0.0,0.0,0.0,1.0,0.0,0.0,0.0,0.0,0.0,0.0,0.0,0.0,0.0,0.0,0.0,0.0,0.0,0.0,0.0,0.0,0.0,0.0,0.0,0.0,0.0,0.0,0.0,0.0,25.0,25.0,16.0,25.0,25.0,16.0,25.0,25.0,16.0,25.0,25.0,16.0,25.0,25.0,16.0,0.0,0.0,0.0,0.0,0.0,0.0,0.0,0.0,0.0,0.0,0.0,0.0,0.0
268.0,0,1000.0,Fujian,Limited liability company (Natural person investment or holding),675.0,0.0,Leasing and business services,2.0,3.0,0.0,0.0,0.0,0.0,0.0,12.0,3.0,0.0,0.0,0.0,0.0,0.0,3.0,0.0,0.0,0.0,0.0,0.0,0.0,0.0,0.0,0.0,0.0,0.0,0.0,0.0,0.0,0.0,0.0,0.0,0.0,0.0,0.0,0.0,0.0,0.0,0.0,0.0,0.0,0.0,0.0,0.0,0.0,0.0,0.0,0.0,0.0,0.0,0.0,0.0,0.0,8.0,15.0,,14.0,12.0,,8.0,8.0,,8.0,15.0,,8.0,8.0,,0.0,0.0,0.0,0.0,0.0,0.0,0.0,0.0,0.0,0.0,0.0,0.0,0.0
269.0,0,1000.0,Fujian,Limited liability company (Natural person investment or holding),1643.0,0.0,Construction industry,2.0,2.0,0.0,0.0,0.0,3.0,8.0,0.0,1.0,0.0,0.0,0.0,0.0,0.0,0.0,0.0,0.0,0.0,0.0,0.0,0.0,0.0,0.0,0.0,0.0,0.0,0.0,0.0,0.0,0.0,0.0,0.0,0.0,0.0,0.0,0.0,0.0,0.0,0.0,0.0,0.0,0.0,0.0,0.0,0.0,0.0,0.0,0.0,0.0,0.0,0.0,0.0,0.0,75.0,71.0,2.0,36.0,34.0,2.0,26.0,24.0,0.0,36.0,34.0,2.0,26.0,24.0,0.0,0.0,0.0,0.0,0.0,0.0,0.0,0.0,0.0,0.0,0.0,0.0,0.0,0.0
270.0,0,4188.0,Fujian,Limited liability company (Natural person investment or holding),834.0,0.7,Construction industry,2.0,2.0,0.0,0.0,0.0,0.0,2.0,7.0,,0.0,0.0,0.0,0.0,0.0,0.0,0.0,0.0,0.0,0.0,0.0,0.0,0.0,0.0,0.0,0.0,0.0,0.0,0.0,0.0,0.0,0.0,0.0,0.0,0.0,0.0,0.0,0.0,0.0,0.0,0.0,0.0,0.0,0.0,0.0,0.0,0.0,0.0,0.0,0.0,0.0,0.0,0.0,0.0,13.0,12.0,0.0,13.0,12.0,0.0,13.0,12.0,0.0,13.0,12.0,0.0,13.0,12.0,0.0,0.0,0.0,0.0,0.0,0.0,0.0,0.0,0.0,0.0,0.0,0.0,0.0,0.0
271.0,0,3000.0,Fujian,Limited liability company (Natural person investment or holding),855.0,0.0,Construction industry,2.0,2.0,0.0,0.0,0.0,0.0,6.0,0.0,1.0,0.0,0.0,0.0,0.0,5.0,0.0,0.0,0.0,0.0,0.0,0.0,0.0,0.0,0.0,0.0,0.0,0.0,0.0,0.0,0.0,0.0,0.0,0.0,0.0,0.0,0.0,0.0,0.0,0.0,0.0,0.0,0.0,0.0,0.0,0.0,0.0,0.0,0.0,0.0,0.0,0.0,0.0,0.0,0.0,5.0,0.0,0.0,5.0,0.0,0.0,5.0,0.0,0.0,5.0,0.0,0.0,5.0,0.0,0.0,0.0,0.0,0.0,0.0,0.0,0.0,0.0,0.0,0.0,0.0,0.0,0.0,0.0
272.0,0,2600.0,Fujian,Limited liability company (sole proprietorship of natural person),1533.0,180.0,Construction industry,1.0,2.0,0.0,0.0,0.0,0.0,8.0,2.0,6.0,0.0,0.0,0.0,0.0,0.0,0.0,0.0,0.0,0.0,0.0,0.0,0.0,0.0,0.0,0.0,0.0,0.0,0.0,0.0,0.0,0.0,0.0,2.0,0.0,0.0,0.0,0.0,0.0,0.0,0.0,0.0,0.0,0.0,0.0,0.0,0.0,0.0,0.0,0.0,0.0,0.0,0.0,0.0,0.0,35.0,21.0,25.0,35.0,21.0,28.0,26.0,10.0,12.0,35.0,21.0,25.0,26.0,10.0,12.0,0.0,0.0,0.0,0.0,0.0,0.0,0.0,0.0,0.0,0.0,0.0,0.0,1.0
273.0,0,1680.0,Fujian,Limited liability company (Natural person investment or holding),884.0,0.0,Construction industry,2.0,2.0,0.0,0.0,0.0,9.0,4.0,3.0,5.0,0.0,0.0,0.0,0.0,15.0,3.0,0.0,0.0,0.0,0.0,0.0,0.0,0.0,0.0,0.0,0.0,0.0,0.0,0.0,0.0,0.0,0.0,0.0,0.0,0.0,0.0,0.0,0.0,0.0,0.0,0.0,0.0,0.0,0.0,0.0,0.0,0.0,0.0,0.0,0.0,0.0,0.0,0.0,0.0,30.0,17.0,0.0,23.0,17.0,0.0,10.0,10.0,0.0,30.0,17.0,0.0,10.0,10.0,0.0,0.0,0.0,0.0,0.0,0.0,0.0,0.0,0.0,0.0,0.0,0.0,0.0,0.0
274.0,0,5000.0,Fujian,Limited liability company (Natural person investment or holding),8427.0,5000.0,Construction industry,2.0,3.0,52.0,4.0,10.0,2.0,2.0,0.0,5.0,0.0,0.0,2.0,8.0,0.0,1.0,0.0,0.0,0.0,0.0,0.0,0.0,0.0,0.0,0.0,0.0,0.0,0.0,0.0,0.0,0.0,0.0,0.0,0.0,0.0,0.0,0.0,0.0,0.0,0.0,0.0,0.0,0.0,0.0,0.0,0.0,0.0,0.0,0.0,0.0,0.0,0.0,0.0,0.0,22.0,20.0,15.0,22.0,20.0,15.0,0.0,0.0,0.0,22.0,20.0,15.0,0.0,0.0,0.0,0.0,0.0,0.0,0.0,0.0,0.0,0.0,0.0,0.0,0.0,0.0,0.0,1.0
275.0,0,11800.0,Fujian,Limited liability company (Natural person investment or holding),2654.0,4720.0,Construction industry,2.0,2.0,0.0,0.0,11.0,6.0,0.0,0.0,2.0,0.0,0.0,0.0,0.0,0.0,0.0,0.0,0.0,0.0,0.0,0.0,0.0,0.0,0.0,0.0,0.0,0.0,0.0,0.0,1.0,0.0,0.0,0.0,0.0,1.0,0.0,0.0,0.0,0.0,0.0,0.0,0.0,0.0,0.0,0.0,0.0,0.0,0.0,0.0,0.0,0.0,0.0,0.0,0.0,61.0,,40.0,61.0,,40.0,61.0,,40.0,61.0,,40.0,61.0,,40.0,0.0,0.0,0.0,0.0,0.0,5.0,0.0,0.0,0.0,0.0,0.0,2.0,1.0
276.0,0,500.0,Fujian,Limited liability company (Natural person investment or holding),2714.0,200.0,Construction industry,2.0,2.0,3.0,1.0,0.0,2.0,9.0,1.0,,0.0,0.0,0.0,0.0,0.0,0.0,0.0,0.0,0.0,0.0,0.0,0.0,0.0,0.0,0.0,0.0,0.0,0.0,0.0,0.0,0.0,0.0,0.0,0.0,0.0,0.0,0.0,0.0,0.0,0.0,0.0,0.0,0.0,0.0,0.0,0.0,0.0,0.0,0.0,0.0,0.0,0.0,0.0,0.0,0.0,3.0,2.0,0.0,3.0,2.0,0.0,3.0,1.0,0.0,3.0,2.0,0.0,3.0,1.0,0.0,0.0,0.0,0.0,0.0,0.0,0.0,0.0,0.0,0.0,0.0,0.0,0.0
277.0,0,1000.0,Fujian,Limited liability company (Natural person investment or holding),1072.0,43.62,Leasing and business services,2.0,2.0,0.0,0.0,0.0,14.0,5.0,0.0,5.0,0.0,0.0,0.0,6.0,3.0,0.0,0.0,0.0,0.0,0.0,0.0,0.0,0.0,0.0,0.0,0.0,0.0,0.0,0.0,0.0,0.0,0.0,0.0,0.0,0.0,0.0,0.0,0.0,0.0,0.0,0.0,0.0,0.0,0.0,0.0,0.0,0.0,0.0,0.0,0.0,0.0,0.0,0.0,0.0,5.0,4.0,5.0,0.0,0.0,0.0,4.0,4.0,5.0,5.0,4.0,5.0,4.0,4.0,0.0,0.0,0.0,0.0,0.0,0.0,0.0,0.0,0.0,0.0,0.0,0.0,0.0,0.0
278.0,0,5000.0,Fujian,Limited liability company (Natural person investment or holding),1602.0,0.0,Construction industry,2.0,2.0,0.0,0.0,21.0,0.0,0.0,0.0,5.0,0.0,0.0,0.0,0.0,0.0,10.0,0.0,0.0,0.0,0.0,0.0,0.0,0.0,0.0,0.0,0.0,0.0,0.0,0.0,1.0,0.0,0.0,0.0,0.0,0.0,0.0,0.0,0.0,0.0,0.0,0.0,0.0,0.0,0.0,0.0,0.0,0.0,0.0,0.0,0.0,0.0,0.0,0.0,0.0,17.0,16.0,5.0,17.0,16.0,5.0,17.0,10.0,2.0,17.0,14.0,3.0,17.0,10.0,2.0,0.0,0.0,0.0,0.0,1.0,1.0,0.0,0.0,0.0,1.0,1.0,0.0,0.0
279.0,0,1000.0,Fujian,Limited liability company (sole proprietorship of natural person),2988.0,1000.0,Construction industry,1.0,2.0,10.0,0.0,0.0,1.0,9.0,0.0,,6.0,0.0,0.0,0.0,0.0,0.0,0.0,0.0,0.0,0.0,0.0,0.0,0.0,0.0,0.0,0.0,0.0,0.0,0.0,0.0,0.0,0.0,0.0,0.0,0.0,0.0,0.0,0.0,0.0,0.0,0.0,0.0,0.0,0.0,0.0,0.0,0.0,0.0,0.0,0.0,0.0,0.0,0.0,0.0,19.0,15.0,5.0,3.0,2.0,5.0,0.0,0.0,0.0,19.0,0.0,0.0,0.0,0.0,0.0,0.0,0.0,0.0,0.0,0.0,0.0,0.0,0.0,0.0,0.0,0.0,0.0,1.0
280.0,0,5000.0,Fujian,Limited liability company (Natural person investment or holding),1015.0,13.0,Construction industry,3.0,2.0,0.0,0.0,0.0,2.0,5.0,5.0,2.0,0.0,0.0,0.0,0.0,0.0,0.0,0.0,0.0,0.0,0.0,0.0,0.0,0.0,0.0,0.0,0.0,0.0,0.0,1.0,0.0,0.0,0.0,0.0,0.0,0.0,0.0,0.0,0.0,0.0,0.0,0.0,0.0,0.0,0.0,0.0,0.0,0.0,0.0,0.0,0.0,0.0,0.0,0.0,0.0,5.0,0.0,0.0,5.0,0.0,0.0,5.0,0.0,0.0,5.0,0.0,0.0,5.0,0.0,0.0,0.0,0.0,0.0,0.0,0.0,0.0,0.0,0.0,0.0,0.0,0.0,0.0,0.0
281.0,0,3000.0,Fujian,Limited liability company (Natural person investment or holding),972.0,20.0,Leasing and business services,2.0,2.0,0.0,0.0,0.0,11.0,11.0,0.0,,0.0,0.0,0.0,0.0,8.0,0.0,0.0,0.0,0.0,0.0,0.0,0.0,0.0,0.0,0.0,0.0,0.0,0.0,0.0,0.0,0.0,0.0,0.0,0.0,0.0,0.0,0.0,0.0,0.0,0.0,0.0,0.0,0.0,0.0,0.0,0.0,0.0,0.0,0.0,0.0,0.0,0.0,0.0,0.0,14.0,1.0,,14.0,0.0,,9.0,0.0,,16.0,0.0,,9.0,0.0,,0.0,0.0,0.0,0.0,0.0,0.0,0.0,0.0,0.0,0.0,0.0,0.0,0.0
282.0,0,10998.0,Fujian,Limited liability company (Natural person investment or holding),3669.0,9898.2,Construction industry,2.0,2.0,5.0,1.0,0.0,2.0,3.0,0.0,7.0,0.0,1.0,0.0,17.0,0.0,0.0,0.0,0.0,0.0,0.0,0.0,0.0,0.0,0.0,0.0,0.0,0.0,0.0,0.0,0.0,2.0,0.0,0.0,0.0,0.0,0.0,0.0,0.0,0.0,0.0,0.0,0.0,0.0,0.0,0.0,0.0,0.0,0.0,0.0,0.0,0.0,0.0,0.0,0.0,18.0,21.0,5.0,11.0,13.0,5.0,0.0,0.0,0.0,18.0,17.0,5.0,0.0,0.0,0.0,0.0,0.0,1.0,0.0,2.0,0.0,0.0,0.0,0.0,0.0,1.0,1.0,0.0
283.0,0,5166.0,Fujian,Limited liability company (Natural person investment or holding),4741.0,5166.0,Construction industry,3.0,2.0,6.0,1.0,0.0,1.0,0.0,1.0,1.0,0.0,1.0,0.0,0.0,0.0,0.0,0.0,0.0,0.0,0.0,0.0,0.0,0.0,0.0,0.0,0.0,0.0,0.0,0.0,0.0,0.0,0.0,0.0,0.0,0.0,0.0,0.0,0.0,0.0,0.0,0.0,1.0,0.0,0.0,0.0,0.0,0.0,0.0,0.0,0.0,0.0,0.0,3.0,0.0,14.0,,23.0,14.0,,23.0,14.0,,23.0,14.0,,23.0,14.0,,23.0,0.0,0.0,0.0,1.0,1.0,0.0,0.0,0.0,0.0,1.0,1.0,0.0,1.0
284.0,0,5008.8,Fujian,Limited liability company (sole proprietorship of natural person),1261.0,1627.786967,Wholesale and retail,1.0,2.0,0.0,0.0,3.0,4.0,11.0,0.0,3.0,0.0,0.0,0.0,0.0,2.0,6.0,0.0,0.0,0.0,0.0,0.0,0.0,0.0,0.0,0.0,0.0,0.0,0.0,0.0,0.0,0.0,0.0,0.0,0.0,0.0,0.0,0.0,0.0,0.0,0.0,0.0,0.0,0.0,0.0,0.0,0.0,0.0,0.0,0.0,0.0,0.0,0.0,0.0,0.0,23.0,23.0,7.0,23.0,23.0,7.0,23.0,23.0,7.0,23.0,23.0,7.0,23.0,23.0,7.0,0.0,0.0,0.0,0.0,0.0,0.0,0.0,0.0,0.0,0.0,0.0,0.0,0.0
285.0,0,5000.0,Fujian,Limited liability company (Natural person investment or holding),2841.0,500.0,Construction industry,3.0,3.0,2.0,2.0,4.0,0.0,0.0,0.0,2.0,0.0,0.0,0.0,4.0,0.0,0.0,0.0,0.0,0.0,0.0,0.0,0.0,0.0,0.0,0.0,0.0,0.0,0.0,0.0,0.0,0.0,0.0,0.0,0.0,0.0,0.0,0.0,0.0,0.0,0.0,0.0,0.0,0.0,0.0,0.0,0.0,0.0,0.0,0.0,0.0,0.0,0.0,0.0,0.0,31.0,18.0,120.0,23.0,18.0,120.0,21.0,18.0,0.0,20.0,13.0,0.0,21.0,9.0,0.0,0.0,0.0,0.0,0.0,0.0,0.0,0.0,0.0,0.0,0.0,0.0,0.0,1.0
286.0,0,11880.0,Fujian,Limited liability company (Natural person investment or holding),3206.0,3188.0,Construction industry,2.0,2.0,9.0,1.0,0.0,0.0,0.0,0.0,1.0,0.0,0.0,0.0,0.0,0.0,0.0,0.0,0.0,0.0,0.0,0.0,0.0,0.0,0.0,0.0,0.0,0.0,1.0,0.0,0.0,0.0,2.0,0.0,0.0,0.0,0.0,0.0,0.0,0.0,0.0,0.0,0.0,0.0,0.0,0.0,0.0,0.0,0.0,0.0,0.0,0.0,0.0,0.0,0.0,18.0,36.0,40.0,20.0,23.0,40.0,7.0,8.0,10.0,18.0,23.0,28.0,7.0,8.0,10.0,0.0,0.0,0.0,0.0,0.0,0.0,0.0,0.0,0.0,0.0,0.0,0.0,0.0
287.0,0,1200.0,Fujian,Limited liability company (sole proprietorship of natural person),1271.0,0.0,Construction industry,1.0,2.0,0.0,0.0,0.0,8.0,9.0,10.0,1.0,0.0,0.0,0.0,0.0,0.0,0.0,0.0,0.0,0.0,0.0,0.0,0.0,0.0,0.0,0.0,0.0,0.0,0.0,0.0,1.0,0.0,0.0,0.0,0.0,0.0,0.0,0.0,0.0,0.0,0.0,0.0,0.0,0.0,0.0,0.0,0.0,0.0,0.0,0.0,0.0,0.0,0.0,0.0,0.0,7.0,7.0,0.0,0.0,0.0,0.0,0.0,0.0,0.0,0.0,0.0,0.0,0.0,0.0,0.0,0.0,0.0,0.0,0.0,0.0,0.0,0.0,0.0,0.0,0.0,0.0,0.0,0.0
288.0,0,6318.0,Fujian,Limited liability company (Natural person investment or holding),4904.0,4422.6,Construction industry,2.0,2.0,24.0,3.0,2.0,2.0,3.0,0.0,8.0,0.0,0.0,0.0,0.0,0.0,1.0,0.0,0.0,0.0,0.0,0.0,0.0,0.0,0.0,0.0,0.0,0.0,0.0,0.0,0.0,1.0,0.0,0.0,0.0,0.0,0.0,0.0,0.0,0.0,0.0,0.0,0.0,0.0,0.0,0.0,0.0,0.0,0.0,0.0,0.0,0.0,0.0,0.0,0.0,52.0,49.0,65.0,49.0,49.0,48.0,31.0,31.0,31.0,52.0,49.0,58.0,31.0,31.0,31.0,0.0,2.0,0.0,2.0,2.0,0.0,1.0,0.0,1.0,0.0,1.0,0.0,2.0
289.0,0,6168.0,Fujian,Limited liability company (Natural person investment or holding),1999.0,493.66,Construction industry,2.0,2.0,16.0,8.0,13.0,8.0,0.0,5.0,1.0,0.0,0.0,0.0,6.0,0.0,0.0,0.0,0.0,0.0,0.0,0.0,0.0,0.0,0.0,0.0,0.0,0.0,0.0,0.0,0.0,0.0,0.0,0.0,1.0,0.0,0.0,0.0,0.0,0.0,0.0,0.0,0.0,0.0,0.0,0.0,0.0,0.0,0.0,0.0,0.0,0.0,0.0,0.0,0.0,0.0,10.0,18.0,0.0,10.0,18.0,0.0,10.0,9.0,0.0,10.0,27.0,0.0,10.0,9.0,0.0,0.0,0.0,1.0,0.0,0.0,0.0,0.0,0.0,0.0,0.0,1.0,1.0
290.0,0,1000.0,Fujian,Limited liability company (Natural person investment or holding),567.0,0.0,Construction industry,2.0,2.0,0.0,0.0,0.0,0.0,1.0,0.0,1.0,0.0,0.0,0.0,0.0,0.0,0.0,0.0,0.0,0.0,0.0,0.0,0.0,0.0,0.0,0.0,0.0,0.0,0.0,0.0,0.0,0.0,0.0,0.0,0.0,0.0,0.0,0.0,0.0,0.0,0.0,0.0,0.0,0.0,0.0,0.0,0.0,0.0,0.0,0.0,0.0,0.0,0.0,0.0,0.0,2.0,22.0,,2.0,22.0,,2.0,0.0,,2.0,0.0,,2.0,0.0,,0.0,0.0,0.0,0.0,0.0,0.0,0.0,0.0,0.0,0.0,0.0,0.0,0.0
291.0,0,1058.0,Fujian,Limited liability company (Natural person investment or holding),2318.0,1058.0,Construction industry,2.0,2.0,0.0,3.0,0.0,5.0,0.0,0.0,2.0,0.0,0.0,0.0,6.0,0.0,0.0,0.0,0.0,0.0,0.0,0.0,0.0,0.0,0.0,0.0,0.0,0.0,0.0,0.0,0.0,0.0,0.0,0.0,0.0,0.0,0.0,0.0,0.0,0.0,0.0,0.0,0.0,0.0,0.0,0.0,0.0,0.0,0.0,0.0,0.0,0.0,0.0,0.0,0.0,13.0,8.0,6.0,2.0,2.0,2.0,9.0,6.0,3.0,13.0,2.0,5.0,9.0,6.0,3.0,0.0,0.0,0.0,0.0,0.0,0.0,0.0,0.0,0.0,0.0,0.0,0.0,0.0
292.0,0,1100.0,Fujian,Limited liability company (Natural person investment or holding),4639.0,0.0,Leasing and business services,3.0,2.0,10.0,3.0,0.0,2.0,0.0,0.0,1.0,0.0,0.0,0.0,0.0,0.0,0.0,0.0,0.0,0.0,0.0,0.0,0.0,0.0,0.0,0.0,0.0,1.0,0.0,0.0,0.0,0.0,0.0,0.0,0.0,0.0,0.0,0.0,0.0,0.0,0.0,0.0,0.0,0.0,0.0,0.0,0.0,0.0,0.0,0.0,0.0,0.0,0.0,0.0,0.0,17.0,15.0,8.0,17.0,15.0,8.0,5.0,5.0,3.0,17.0,15.0,8.0,5.0,5.0,3.0,0.0,0.0,0.0,0.0,0.0,0.0,0.0,0.0,0.0,0.0,0.0,0.0,2.0
293.0,0,5188.0,Fujian,Limited liability company (Natural person investment or holding),2207.0,1058.0,Construction industry,2.0,2.0,1.0,1.0,0.0,10.0,0.0,0.0,1.0,0.0,0.0,3.0,0.0,0.0,0.0,0.0,0.0,0.0,0.0,0.0,0.0,0.0,0.0,0.0,0.0,0.0,0.0,0.0,0.0,1.0,0.0,0.0,0.0,0.0,0.0,0.0,0.0,0.0,0.0,0.0,0.0,0.0,0.0,0.0,0.0,0.0,0.0,0.0,0.0,0.0,0.0,0.0,0.0,24.0,15.0,19.0,24.0,15.0,19.0,24.0,15.0,19.0,24.0,15.0,19.0,24.0,15.0,19.0,0.0,0.0,0.0,0.0,0.0,0.0,0.0,0.0,0.0,0.0,0.0,0.0,1.0
294.0,0,2000.0,Fujian,Limited liability company (Natural person investment or holding),8246.0,2000.0,Construction industry,2.0,2.0,21.0,9.0,5.0,0.0,0.0,6.0,,0.0,0.0,0.0,0.0,0.0,0.0,0.0,0.0,0.0,0.0,0.0,0.0,0.0,0.0,0.0,0.0,0.0,0.0,0.0,0.0,0.0,0.0,0.0,0.0,0.0,0.0,0.0,0.0,0.0,0.0,0.0,0.0,0.0,0.0,0.0,0.0,0.0,0.0,0.0,0.0,0.0,0.0,0.0,0.0,18.0,20.0,14.0,18.0,19.0,13.0,14.0,12.0,0.0,18.0,20.0,6.0,14.0,12.0,0.0,0.0,0.0,0.0,0.0,0.0,0.0,0.0,0.0,0.0,0.0,0.0,0.0,2.0
295.0,0,2000.0,Fujian,Limited liability company (Natural person investment or holding),6660.0,2000.0,Wholesale and retail,4.0,2.0,18.0,2.0,8.0,4.0,0.0,0.0,10.0,0.0,0.0,0.0,0.0,1.0,3.0,0.0,0.0,0.0,0.0,0.0,0.0,0.0,0.0,0.0,0.0,0.0,0.0,1.0,0.0,0.0,0.0,0.0,0.0,0.0,0.0,0.0,0.0,0.0,0.0,0.0,0.0,0.0,0.0,0.0,0.0,0.0,0.0,0.0,0.0,0.0,3.0,2.0,0.0,49.0,49.0,49.0,49.0,49.0,49.0,49.0,49.0,49.0,49.0,49.0,49.0,49.0,49.0,49.0,0.0,0.0,0.0,0.0,0.0,0.0,0.0,0.0,0.0,0.0,0.0,0.0,3.0
296.0,0,5000.0,Fujian,Limited liability company (sole proprietorship of natural person),3367.0,1020.0,Construction industry,1.0,3.0,11.0,7.0,6.0,1.0,2.0,0.0,5.0,0.0,0.0,0.0,0.0,3.0,0.0,0.0,0.0,0.0,0.0,0.0,2.0,0.0,0.0,0.0,1.0,0.0,0.0,0.0,0.0,0.0,0.0,1.0,0.0,0.0,0.0,0.0,0.0,0.0,0.0,0.0,0.0,0.0,0.0,0.0,0.0,0.0,0.0,0.0,0.0,0.0,0.0,0.0,0.0,10.0,8.0,8.0,4.0,3.0,6.0,6.0,7.0,5.0,12.0,14.0,8.0,6.0,7.0,5.0,0.0,0.0,1.0,0.0,0.0,0.0,0.0,0.0,0.0,0.0,0.0,0.0,0.0
297.0,0,5000.0,Fujian,Limited liability company (Natural person investment or holding),3778.0,700.0,Construction industry,2.0,2.0,3.0,2.0,1.0,11.0,23.0,8.0,7.0,0.0,0.0,0.0,0.0,0.0,0.0,0.0,0.0,0.0,0.0,0.0,1.0,0.0,0.0,0.0,0.0,0.0,0.0,0.0,0.0,0.0,0.0,0.0,0.0,0.0,0.0,0.0,0.0,0.0,0.0,0.0,13.0,0.0,0.0,0.0,0.0,0.0,0.0,0.0,0.0,0.0,0.0,0.0,3.0,21.0,8.0,10.0,10.0,8.0,10.0,10.0,8.0,10.0,21.0,8.0,10.0,10.0,8.0,10.0,0.0,0.0,3.0,1.0,0.0,1.0,0.0,0.0,0.0,0.0,1.0,0.0,3.0
298.0,0,1000.0,Fujian,Limited liability company (Natural person investment or holding),1150.0,0.0,Leasing and business services,2.0,2.0,0.0,0.0,0.0,2.0,8.0,0.0,2.0,0.0,0.0,0.0,0.0,0.0,0.0,0.0,0.0,0.0,0.0,0.0,0.0,0.0,0.0,0.0,0.0,0.0,0.0,0.0,0.0,0.0,0.0,0.0,0.0,0.0,0.0,0.0,0.0,0.0,0.0,0.0,0.0,0.0,0.0,0.0,0.0,0.0,0.0,0.0,0.0,0.0,0.0,0.0,0.0,7.0,7.0,0.0,7.0,6.0,0.0,5.0,7.0,0.0,7.0,7.0,0.0,5.0,7.0,0.0,0.0,0.0,0.0,0.0,0.0,0.0,0.0,0.0,0.0,0.0,0.0,0.0,0.0
299.0,0,1200.0,Fujian,Limited liability company (Natural person investment or holding),3084.0,200.0,Scientific research and technology services,2.0,2.0,1.0,1.0,7.0,3.0,0.0,0.0,2.0,0.0,0.0,2.0,0.0,0.0,3.0,0.0,0.0,0.0,0.0,0.0,0.0,0.0,0.0,0.0,0.0,0.0,0.0,0.0,0.0,0.0,0.0,0.0,0.0,0.0,0.0,0.0,0.0,0.0,0.0,0.0,4.0,0.0,0.0,0.0,0.0,0.0,0.0,0.0,0.0,0.0,0.0,0.0,15.0,5.0,7.0,9.0,5.0,7.0,9.0,5.0,7.0,9.0,5.0,7.0,9.0,5.0,7.0,9.0,0.0,0.0,0.0,0.0,0.0,0.0,0.0,0.0,0.0,0.0,0.0,0.0,0.0
300.0,0,5858.0,Fujian,Limited liability company (Natural person investment or holding),1196.0,1000.0,Construction industry,2.0,2.0,0.0,0.0,2.0,18.0,1.0,0.0,2.0,0.0,0.0,0.0,0.0,0.0,0.0,0.0,0.0,0.0,0.0,0.0,0.0,0.0,0.0,0.0,0.0,0.0,0.0,1.0,0.0,0.0,0.0,0.0,0.0,0.0,0.0,0.0,0.0,0.0,0.0,0.0,0.0,0.0,0.0,0.0,0.0,0.0,0.0,0.0,0.0,0.0,0.0,0.0,0.0,8.0,0.0,27.0,8.0,0.0,0.0,2.0,0.0,0.0,8.0,0.0,5.0,0.0,0.0,0.0,0.0,0.0,0.0,0.0,0.0,1.0,0.0,0.0,0.0,0.0,0.0,1.0,0.0
301.0,0,3000.0,Fujian,Limited liability company (sole proprietorship of natural person),939.0,0.0,Leasing and business services,1.0,2.0,0.0,0.0,0.0,3.0,11.0,0.0,1.0,0.0,0.0,0.0,0.0,0.0,0.0,0.0,0.0,0.0,0.0,0.0,0.0,0.0,0.0,0.0,0.0,0.0,0.0,0.0,0.0,0.0,0.0,0.0,0.0,0.0,0.0,0.0,0.0,0.0,0.0,0.0,0.0,0.0,0.0,0.0,0.0,0.0,0.0,0.0,0.0,0.0,0.0,0.0,0.0,14.0,2.0,0.0,0.0,2.0,0.0,5.0,0.0,0.0,14.0,2.0,0.0,5.0,0.0,0.0,0.0,0.0,0.0,0.0,0.0,0.0,0.0,0.0,0.0,0.0,0.0,0.0,0.0
302.0,0,5200.0,Fujian,Limited liability company (Natural person investment or holding),1632.0,73.6144,Construction industry,2.0,2.0,0.0,0.0,3.0,0.0,3.0,0.0,2.0,0.0,0.0,0.0,0.0,7.0,0.0,0.0,0.0,0.0,0.0,0.0,0.0,0.0,0.0,0.0,0.0,1.0,0.0,0.0,0.0,0.0,0.0,0.0,0.0,0.0,0.0,0.0,0.0,0.0,0.0,0.0,0.0,0.0,0.0,0.0,0.0,0.0,0.0,0.0,0.0,0.0,0.0,0.0,0.0,23.0,19.0,6.0,3.0,3.0,6.0,14.0,14.0,3.0,28.0,26.0,6.0,14.0,14.0,3.0,0.0,0.0,0.0,0.0,0.0,1.0,0.0,0.0,0.0,0.0,0.0,1.0,0.0
303.0,0,1000.0,Fujian,Limited liability company (Natural person investment or holding),2596.0,800.0,Construction industry,2.0,2.0,5.0,10.0,8.0,11.0,1.0,4.0,2.0,0.0,0.0,0.0,0.0,0.0,6.0,0.0,0.0,0.0,0.0,0.0,0.0,0.0,0.0,0.0,0.0,0.0,0.0,0.0,0.0,0.0,0.0,0.0,0.0,0.0,0.0,0.0,0.0,0.0,0.0,0.0,0.0,0.0,0.0,0.0,0.0,0.0,0.0,0.0,0.0,0.0,0.0,0.0,0.0,14.0,10.0,11.0,14.0,10.0,11.0,13.0,12.0,13.0,14.0,10.0,11.0,13.0,12.0,13.0,0.0,0.0,0.0,0.0,0.0,21.0,0.0,0.0,0.0,0.0,0.0,0.0,1.0
304.0,0,2518.0,Fujian,Limited liability company (Natural person investment or holding),2394.0,2518.0,Construction industry,2.0,2.0,12.0,1.0,0.0,0.0,0.0,0.0,,0.0,0.0,0.0,0.0,0.0,0.0,0.0,0.0,0.0,0.0,0.0,0.0,0.0,0.0,0.0,0.0,0.0,0.0,0.0,0.0,0.0,0.0,0.0,0.0,0.0,0.0,0.0,0.0,0.0,0.0,0.0,0.0,0.0,0.0,0.0,0.0,0.0,0.0,0.0,0.0,0.0,0.0,0.0,0.0,17.0,21.0,23.0,17.0,17.0,21.0,17.0,21.0,21.0,72.0,109.0,31.0,17.0,21.0,21.0,0.0,0.0,0.0,0.0,4.0,9.0,0.0,0.0,0.0,0.0,13.0,6.0,0.0
305.0,0,10100.0,Fujian,Limited liability company (Natural person investment or holding),3326.0,303.0,Construction industry,2.0,2.0,28.0,1.0,2.0,9.0,2.0,6.0,23.0,0.0,1.0,0.0,0.0,16.0,0.0,0.0,0.0,0.0,0.0,0.0,1.0,0.0,0.0,0.0,0.0,0.0,0.0,4.0,0.0,0.0,0.0,0.0,0.0,0.0,0.0,0.0,0.0,4.0,0.0,0.0,0.0,0.0,0.0,0.0,0.0,0.0,0.0,0.0,0.0,0.0,0.0,0.0,3.0,10.0,23.0,30.0,0.0,0.0,0.0,0.0,23.0,0.0,0.0,0.0,0.0,0.0,0.0,0.0,0.0,0.0,1.0,0.0,0.0,1.0,0.0,0.0,0.0,0.0,0.0,1.0,2.0
306.0,0,1000.0,Fujian,Limited liability company (Natural person investment or holding),1147.0,0.0,Construction industry,2.0,2.0,0.0,0.0,0.0,29.0,0.0,18.0,,0.0,0.0,0.0,0.0,6.0,0.0,0.0,0.0,0.0,0.0,0.0,0.0,0.0,0.0,0.0,0.0,0.0,0.0,0.0,0.0,0.0,0.0,0.0,0.0,0.0,0.0,0.0,0.0,0.0,0.0,0.0,0.0,0.0,0.0,0.0,0.0,0.0,0.0,0.0,0.0,0.0,0.0,0.0,0.0,0.0,0.0,0.0,0.0,0.0,0.0,0.0,0.0,0.0,0.0,0.0,0.0,0.0,0.0,0.0,0.0,0.0,0.0,0.0,0.0,0.0,0.0,0.0,0.0,0.0,0.0,0.0,0.0
307.0,0,1250.0,Fujian,Limited liability company (Natural person investment or holding),1784.0,722.3559,Scientific research and technology services,2.0,2.0,0.0,10.0,8.0,5.0,19.0,2.0,,0.0,0.0,0.0,0.0,3.0,4.0,0.0,0.0,0.0,0.0,0.0,0.0,0.0,0.0,0.0,0.0,0.0,0.0,0.0,0.0,0.0,2.0,4.0,7.0,0.0,11.0,0.0,0.0,14.0,4.0,9.0,9.0,0.0,0.0,1.0,0.0,0.0,0.0,0.0,1.0,13.0,5.0,16.0,1.0,27.0,25.0,21.0,26.0,25.0,21.0,27.0,23.0,21.0,27.0,29.0,21.0,27.0,23.0,21.0,0.0,0.0,0.0,0.0,0.0,0.0,0.0,0.0,0.0,0.0,0.0,0.0,1.0
308.0,0,1100.0,Fujian,Limited liability company (sole proprietorship of natural person),4555.0,1100.0,Construction industry,1.0,2.0,11.0,0.0,8.0,0.0,8.0,0.0,3.0,0.0,0.0,0.0,0.0,0.0,0.0,0.0,0.0,0.0,0.0,0.0,0.0,0.0,0.0,0.0,0.0,0.0,1.0,0.0,0.0,0.0,0.0,0.0,0.0,0.0,0.0,0.0,0.0,0.0,0.0,0.0,0.0,0.0,0.0,0.0,0.0,0.0,0.0,0.0,0.0,0.0,0.0,0.0,0.0,18.0,6.0,0.0,18.0,6.0,0.0,5.0,0.0,0.0,18.0,6.0,0.0,5.0,0.0,0.0,0.0,0.0,0.0,0.0,1.0,0.0,0.0,0.0,0.0,0.0,1.0,0.0,0.0
309.0,0,4966.0,Fujian,Limited liability company (Natural person investment or holding),5391.0,1008.0,"Information transmission, software and information technology services",2.0,2.0,5.0,2.0,0.0,4.0,6.0,1.0,1.0,0.0,0.0,0.0,0.0,2.0,6.0,0.0,0.0,0.0,0.0,0.0,0.0,0.0,5.0,0.0,0.0,0.0,0.0,0.0,0.0,2.0,0.0,0.0,0.0,0.0,0.0,0.0,0.0,0.0,0.0,0.0,1.0,0.0,0.0,0.0,0.0,0.0,0.0,0.0,0.0,0.0,0.0,45.0,5.0,39.0,31.0,30.0,39.0,31.0,30.0,39.0,31.0,30.0,39.0,31.0,30.0,39.0,31.0,30.0,0.0,0.0,0.0,0.0,0.0,0.0,0.0,0.0,0.0,0.0,0.0,1.0,0.0
310.0,0,1000.0,Fujian,Limited liability company (Natural person investment or holding),1235.0,1000.0,Construction industry,4.0,3.0,0.0,0.0,0.0,5.0,2.0,2.0,3.0,0.0,0.0,0.0,0.0,0.0,0.0,0.0,0.0,0.0,0.0,0.0,0.0,0.0,0.0,0.0,0.0,0.0,0.0,0.0,0.0,0.0,0.0,0.0,0.0,0.0,0.0,0.0,0.0,0.0,0.0,0.0,0.0,0.0,0.0,0.0,0.0,0.0,0.0,0.0,0.0,0.0,0.0,0.0,0.0,14.0,15.0,10.0,14.0,15.0,10.0,13.0,15.0,10.0,14.0,15.0,10.0,13.0,15.0,10.0,0.0,0.0,0.0,0.0,0.0,0.0,0.0,0.0,0.0,0.0,0.0,0.0,0.0
311.0,0,2530.0,Fujian,Limited liability company (Natural person investment or holding),4270.0,1546.589,Leasing and business services,2.0,2.0,7.0,2.0,4.0,17.0,1.0,11.0,7.0,0.0,0.0,0.0,0.0,6.0,0.0,0.0,0.0,0.0,0.0,0.0,0.0,0.0,0.0,0.0,0.0,0.0,0.0,0.0,0.0,0.0,0.0,0.0,0.0,0.0,0.0,0.0,0.0,0.0,0.0,0.0,0.0,0.0,0.0,0.0,0.0,0.0,0.0,0.0,0.0,0.0,0.0,0.0,0.0,17.0,13.0,45.0,10.0,11.0,45.0,0.0,0.0,0.0,17.0,13.0,16.0,0.0,0.0,0.0,0.0,0.0,0.0,0.0,0.0,0.0,0.0,0.0,0.0,0.0,0.0,1.0,1.0
312.0,0,3000.0,Fujian,Limited liability company (Natural person investment or holding),2597.0,1000.0,Construction industry,2.0,2.0,9.0,2.0,10.0,0.0,4.0,2.0,,6.0,0.0,0.0,7.0,0.0,3.0,0.0,0.0,0.0,0.0,0.0,0.0,0.0,0.0,0.0,0.0,0.0,0.0,0.0,0.0,0.0,0.0,0.0,0.0,0.0,0.0,0.0,0.0,0.0,0.0,0.0,0.0,0.0,0.0,0.0,0.0,0.0,0.0,0.0,0.0,0.0,0.0,0.0,0.0,71.0,53.0,63.0,69.0,51.0,63.0,0.0,0.0,0.0,18.0,10.0,0.0,0.0,0.0,0.0,0.0,0.0,0.0,0.0,0.0,0.0,0.0,0.0,0.0,0.0,0.0,0.0,1.0
313.0,0,2018.0,Fujian,Limited liability company (Natural person investment or holding),6835.0,1562.0,Construction industry,6.0,2.0,17.0,1.0,0.0,1.0,0.0,6.0,5.0,0.0,0.0,0.0,0.0,0.0,0.0,2.0,0.0,0.0,0.0,0.0,0.0,0.0,0.0,0.0,0.0,0.0,0.0,0.0,0.0,0.0,0.0,0.0,0.0,0.0,0.0,0.0,0.0,0.0,0.0,0.0,0.0,0.0,0.0,0.0,0.0,0.0,0.0,0.0,0.0,0.0,0.0,0.0,0.0,31.0,31.0,30.0,28.0,28.0,29.0,35.0,35.0,37.0,89.0,121.0,36.0,35.0,35.0,37.0,0.0,0.0,0.0,0.0,4.0,18.0,0.0,1.0,3.0,3.0,2.0,3.0,1.0
314.0,0,2008.0,Fujian,Limited liability company (Natural person investment or holding),1432.0,0.0,Construction industry,2.0,2.0,0.0,0.0,0.0,11.0,0.0,3.0,2.0,0.0,0.0,0.0,0.0,0.0,4.0,0.0,0.0,0.0,0.0,0.0,0.0,0.0,0.0,0.0,0.0,0.0,0.0,0.0,0.0,0.0,0.0,0.0,0.0,2.0,0.0,0.0,0.0,0.0,0.0,0.0,0.0,0.0,0.0,0.0,0.0,0.0,0.0,0.0,0.0,0.0,0.0,0.0,0.0,16.0,7.0,24.0,15.0,7.0,24.0,10.0,7.0,0.0,10.0,7.0,24.0,10.0,7.0,0.0,0.0,0.0,0.0,0.0,0.0,0.0,0.0,0.0,0.0,0.0,0.0,0.0,1.0
315.0,0,4980.0,Fujian,Limited liability company (Natural person investment or holding),2361.0,1606.0,Scientific research and technology services,2.0,2.0,1.0,10.0,5.0,8.0,4.0,0.0,,0.0,0.0,0.0,0.0,0.0,0.0,0.0,0.0,0.0,0.0,0.0,0.0,0.0,0.0,0.0,0.0,0.0,0.0,0.0,0.0,0.0,0.0,1.0,0.0,2.0,0.0,0.0,0.0,1.0,3.0,1.0,0.0,0.0,0.0,1.0,0.0,1.0,0.0,1.0,7.0,0.0,14.0,1.0,9.0,6.0,5.0,5.0,6.0,5.0,6.0,5.0,3.0,4.0,6.0,5.0,6.0,5.0,3.0,4.0,0.0,0.0,0.0,0.0,0.0,0.0,0.0,0.0,0.0,0.0,0.0,0.0,1.0
316.0,0,5000.0,Fujian,Limited liability company (Natural person investment or holding),2678.0,3000.0,Construction industry,2.0,2.0,6.0,11.0,0.0,2.0,4.0,6.0,5.0,0.0,0.0,0.0,0.0,8.0,0.0,0.0,0.0,0.0,0.0,0.0,0.0,0.0,0.0,0.0,0.0,0.0,0.0,0.0,0.0,0.0,0.0,0.0,0.0,0.0,0.0,0.0,0.0,0.0,0.0,0.0,0.0,0.0,0.0,0.0,0.0,0.0,0.0,0.0,0.0,0.0,0.0,0.0,0.0,15.0,11.0,10.0,10.0,11.0,10.0,9.0,8.0,10.0,15.0,11.0,10.0,9.0,8.0,10.0,0.0,0.0,0.0,0.0,0.0,1.0,0.0,0.0,0.0,0.0,0.0,0.0,1.0
317.0,0,8899.0,Fujian,Limited liability company (Natural person investment or holding),1466.0,2000.0,Construction industry,2.0,2.0,0.0,0.0,7.0,6.0,1.0,0.0,,0.0,0.0,0.0,0.0,0.0,0.0,0.0,0.0,0.0,0.0,0.0,0.0,0.0,0.0,0.0,0.0,0.0,0.0,0.0,0.0,0.0,0.0,0.0,0.0,0.0,0.0,0.0,0.0,0.0,0.0,0.0,0.0,0.0,0.0,0.0,0.0,0.0,0.0,0.0,0.0,0.0,0.0,0.0,0.0,24.0,34.0,44.0,24.0,34.0,44.0,24.0,34.0,44.0,24.0,34.0,44.0,24.0,34.0,44.0,0.0,0.0,0.0,0.0,0.0,0.0,0.0,0.0,0.0,0.0,0.0,0.0,0.0
318.0,0,1500.0,Fujian,Limited liability company (Natural person investment or holding),1063.0,0.0,Construction industry,2.0,2.0,0.0,0.0,0.0,13.0,2.0,5.0,8.0,0.0,0.0,0.0,0.0,0.0,5.0,0.0,0.0,0.0,0.0,0.0,0.0,0.0,0.0,0.0,0.0,0.0,0.0,0.0,0.0,0.0,0.0,0.0,0.0,0.0,0.0,0.0,0.0,0.0,0.0,0.0,0.0,0.0,0.0,0.0,0.0,0.0,0.0,0.0,0.0,0.0,0.0,0.0,0.0,8.0,1.0,0.0,0.0,0.0,0.0,0.0,0.0,0.0,0.0,0.0,0.0,0.0,0.0,0.0,0.0,0.0,0.0,0.0,0.0,0.0,0.0,0.0,0.0,0.0,0.0,0.0,0.0
319.0,0,9000.0,Fujian,Limited liability company (Natural person investment or holding),4381.0,2500.0,Construction industry,3.0,3.0,14.0,1.0,5.0,0.0,13.0,0.0,10.0,0.0,0.0,1.0,0.0,0.0,0.0,0.0,0.0,0.0,1.0,0.0,0.0,0.0,0.0,0.0,0.0,0.0,0.0,0.0,0.0,0.0,0.0,0.0,0.0,0.0,0.0,0.0,0.0,0.0,0.0,0.0,0.0,0.0,0.0,0.0,0.0,0.0,0.0,0.0,0.0,0.0,0.0,0.0,0.0,35.0,22.0,374.0,22.0,22.0,372.0,8.0,5.0,247.0,11.0,10.0,177.0,8.0,5.0,247.0,0.0,0.0,1.0,2.0,2.0,0.0,0.0,0.0,2.0,2.0,0.0,0.0,2.0
320.0,0,5000.0,Fujian,Limited liability company (sole proprietorship of natural person),1604.0,433.5,Construction industry,1.0,2.0,0.0,0.0,0.0,9.0,0.0,4.0,4.0,0.0,0.0,0.0,0.0,0.0,0.0,0.0,0.0,0.0,0.0,0.0,0.0,0.0,0.0,0.0,0.0,0.0,0.0,0.0,1.0,0.0,0.0,0.0,0.0,0.0,0.0,0.0,0.0,0.0,0.0,0.0,0.0,0.0,0.0,0.0,0.0,0.0,0.0,0.0,0.0,0.0,0.0,0.0,0.0,18.0,7.0,5.0,17.0,5.0,5.0,13.0,4.0,5.0,18.0,7.0,5.0,13.0,4.0,5.0,0.0,0.0,0.0,0.0,0.0,0.0,0.0,0.0,0.0,0.0,0.0,0.0,0.0
321.0,0,4608.0,Fujian,Limited liability company (Natural person investment or holding),2206.0,1200.0,Construction industry,2.0,2.0,2.0,5.0,0.0,2.0,5.0,2.0,5.0,0.0,0.0,0.0,0.0,0.0,0.0,0.0,0.0,0.0,0.0,0.0,0.0,0.0,0.0,0.0,0.0,0.0,0.0,1.0,0.0,0.0,0.0,0.0,0.0,0.0,0.0,0.0,0.0,0.0,0.0,0.0,0.0,0.0,0.0,0.0,0.0,0.0,1.0,0.0,0.0,0.0,0.0,0.0,0.0,10.0,8.0,8.0,7.0,8.0,8.0,6.0,8.0,8.0,10.0,8.0,8.0,6.0,8.0,8.0,0.0,0.0,0.0,0.0,0.0,0.0,0.0,0.0,0.0,0.0,0.0,0.0,1.0
322.0,0,2000.0,Fujian,Limited liability company (Natural person investment or holding),805.0,0.0,Construction industry,3.0,3.0,0.0,0.0,0.0,0.0,2.0,0.0,1.0,0.0,0.0,0.0,0.0,0.0,5.0,0.0,0.0,0.0,0.0,0.0,0.0,0.0,0.0,0.0,0.0,0.0,0.0,0.0,0.0,0.0,0.0,0.0,0.0,0.0,0.0,0.0,0.0,0.0,0.0,0.0,0.0,0.0,0.0,0.0,0.0,0.0,0.0,0.0,0.0,0.0,0.0,0.0,0.0,10.0,8.0,0.0,10.0,8.0,0.0,10.0,3.0,0.0,10.0,8.0,0.0,10.0,3.0,0.0,0.0,0.0,0.0,0.0,0.0,0.0,0.0,0.0,0.0,0.0,0.0,0.0,0.0
323.0,1,6668.0,Fujian,Limited liability company (Natural person investment or holding),3188.0,1333.6,Leasing and business services,2.0,2.0,16.0,0.0,1.0,0.0,3.0,0.0,2.0,0.0,7.0,0.0,0.0,0.0,0.0,0.0,0.0,0.0,0.0,0.0,0.0,0.0,0.0,0.0,0.0,1.0,0.0,0.0,0.0,0.0,0.0,0.0,0.0,0.0,0.0,0.0,0.0,0.0,0.0,0.0,0.0,0.0,0.0,0.0,0.0,0.0,0.0,0.0,0.0,0.0,0.0,0.0,0.0,22.0,24.0,20.0,10.0,10.0,12.0,15.0,15.0,11.0,21.0,19.0,13.0,13.0,13.0,3.0,0.0,0.0,0.0,2.0,0.0,0.0,0.0,0.0,0.0,0.0,0.0,1.0,0.0
324.0,0,5000.0,Fujian,Limited liability company (Natural person investment or holding),1673.0,0.0,Wholesale and retail,2.0,2.0,0.0,0.0,13.0,9.0,5.0,2.0,,0.0,0.0,0.0,0.0,6.0,0.0,0.0,0.0,0.0,0.0,0.0,0.0,0.0,0.0,0.0,0.0,0.0,0.0,0.0,0.0,0.0,0.0,0.0,0.0,0.0,0.0,0.0,0.0,0.0,0.0,0.0,0.0,0.0,0.0,0.0,0.0,0.0,0.0,0.0,0.0,0.0,0.0,0.0,0.0,5.0,1.0,1.0,5.0,1.0,1.0,5.0,1.0,1.0,5.0,1.0,1.0,5.0,1.0,1.0,0.0,0.0,0.0,0.0,0.0,0.0,0.0,0.0,0.0,0.0,0.0,0.0,2.0
325.0,0,2000.0,Fujian,Limited liability company (Natural person investment or holding),1816.0,0.0,Construction industry,3.0,2.0,0.0,20.0,2.0,7.0,10.0,0.0,1.0,0.0,0.0,0.0,0.0,3.0,0.0,0.0,0.0,0.0,0.0,0.0,0.0,0.0,0.0,0.0,0.0,0.0,0.0,0.0,0.0,0.0,0.0,0.0,0.0,0.0,0.0,0.0,0.0,0.0,0.0,0.0,0.0,0.0,0.0,0.0,0.0,0.0,0.0,0.0,0.0,0.0,0.0,0.0,0.0,13.0,13.0,0.0,9.0,9.0,0.0,9.0,9.0,0.0,13.0,13.0,0.0,9.0,9.0,0.0,0.0,0.0,0.0,0.0,0.0,0.0,0.0,0.0,0.0,0.0,0.0,0.0,0.0
326.0,0,1010.0,Fujian,Limited liability company (Natural person investment or holding),1025.0,10.0,Construction industry,2.0,2.0,0.0,0.0,0.0,15.0,0.0,7.0,1.0,0.0,0.0,0.0,0.0,0.0,11.0,0.0,0.0,0.0,0.0,0.0,0.0,0.0,0.0,0.0,0.0,0.0,0.0,0.0,0.0,0.0,0.0,0.0,0.0,0.0,0.0,0.0,0.0,0.0,0.0,0.0,0.0,0.0,0.0,0.0,0.0,0.0,0.0,0.0,0.0,0.0,0.0,0.0,0.0,14.0,2.0,,0.0,0.0,,0.0,0.0,,0.0,0.0,,0.0,0.0,,0.0,0.0,0.0,0.0,0.0,0.0,0.0,0.0,0.0,0.0,0.0,0.0,0.0
327.0,0,6080.0,Fujian,Limited liability company (sole proprietorship of natural person),1655.0,0.0,Construction industry,1.0,2.0,0.0,3.0,6.0,10.0,13.0,0.0,10.0,0.0,0.0,0.0,0.0,0.0,0.0,0.0,0.0,0.0,0.0,0.0,0.0,0.0,0.0,0.0,0.0,0.0,0.0,0.0,0.0,0.0,0.0,0.0,0.0,0.0,0.0,0.0,0.0,0.0,0.0,0.0,0.0,0.0,0.0,0.0,0.0,0.0,0.0,0.0,0.0,0.0,0.0,0.0,0.0,19.0,21.0,19.0,16.0,21.0,19.0,10.0,14.0,19.0,18.0,21.0,19.0,10.0,14.0,19.0,0.0,0.0,0.0,0.0,0.0,0.0,0.0,0.0,0.0,0.0,0.0,0.0,1.0
328.0,0,4168.0,Fujian,Limited liability company (Natural person investment or holding),1743.0,0.0,Construction industry,2.0,2.0,0.0,0.0,0.0,0.0,9.0,3.0,2.0,0.0,0.0,0.0,0.0,0.0,0.0,0.0,0.0,0.0,0.0,0.0,0.0,0.0,0.0,0.0,0.0,0.0,0.0,0.0,0.0,0.0,0.0,0.0,0.0,0.0,0.0,0.0,0.0,0.0,0.0,0.0,0.0,0.0,0.0,0.0,0.0,0.0,0.0,0.0,0.0,0.0,0.0,0.0,0.0,15.0,16.0,5.0,15.0,16.0,5.0,2.0,0.0,0.0,15.0,16.0,5.0,2.0,0.0,0.0,0.0,0.0,0.0,0.0,0.0,0.0,0.0,0.0,0.0,0.0,0.0,0.0,1.0
329.0,0,1000.0,Fujian,Limited liability company (Natural person investment or holding),981.0,0.62,Construction industry,2.0,2.0,0.0,0.0,0.0,4.0,0.0,16.0,2.0,0.0,0.0,0.0,0.0,0.0,1.0,0.0,0.0,0.0,0.0,0.0,0.0,0.0,0.0,0.0,0.0,0.0,0.0,0.0,0.0,0.0,0.0,0.0,0.0,0.0,0.0,0.0,0.0,0.0,0.0,0.0,0.0,0.0,0.0,0.0,0.0,0.0,0.0,0.0,0.0,0.0,0.0,0.0,0.0,15.0,18.0,,15.0,18.0,,15.0,18.0,,15.0,18.0,,15.0,18.0,,0.0,0.0,0.0,0.0,0.0,0.0,0.0,0.0,0.0,0.0,0.0,0.0,0.0
330.0,0,5000.0,Fujian,Limited liability company (Natural person investment or holding),378.0,0.0,Construction industry,2.0,2.0,0.0,0.0,0.0,0.0,0.0,3.0,1.0,0.0,0.0,0.0,0.0,0.0,0.0,0.0,0.0,0.0,0.0,0.0,0.0,0.0,0.0,0.0,0.0,0.0,0.0,0.0,0.0,0.0,0.0,0.0,0.0,0.0,0.0,0.0,0.0,0.0,0.0,0.0,0.0,0.0,0.0,0.0,0.0,0.0,0.0,0.0,0.0,0.0,0.0,0.0,0.0,10.0,,,10.0,,,8.0,,,10.0,,,8.0,,,0.0,0.0,0.0,0.0,0.0,0.0,0.0,0.0,0.0,0.0,0.0,0.0,0.0
331.0,0,1000.0,Fujian,Limited liability company (Natural person investment or holding),2291.0,100.0,Wholesale and retail,2.0,2.0,5.0,3.0,16.0,8.0,8.0,2.0,1.0,0.0,0.0,0.0,0.0,0.0,2.0,0.0,0.0,0.0,0.0,0.0,0.0,0.0,0.0,0.0,0.0,0.0,0.0,0.0,0.0,1.0,0.0,1.0,0.0,2.0,7.0,0.0,0.0,0.0,0.0,0.0,4.0,0.0,0.0,0.0,0.0,0.0,1.0,0.0,0.0,0.0,0.0,14.0,0.0,6.0,3.0,2.0,4.0,2.0,2.0,6.0,3.0,2.0,6.0,3.0,2.0,6.0,3.0,2.0,0.0,0.0,0.0,0.0,0.0,0.0,0.0,0.0,0.0,0.0,0.0,0.0,2.0
332.0,0,2020.0,Fujian,Limited liability company (Natural person investment or holding),1141.0,2020.0,Construction industry,2.0,2.0,0.0,0.0,0.0,0.0,0.0,9.0,2.0,0.0,0.0,0.0,0.0,0.0,0.0,0.0,0.0,0.0,0.0,0.0,0.0,0.0,0.0,0.0,0.0,0.0,0.0,0.0,0.0,0.0,0.0,0.0,0.0,0.0,0.0,0.0,0.0,0.0,0.0,0.0,0.0,0.0,0.0,0.0,0.0,0.0,0.0,0.0,0.0,0.0,0.0,0.0,0.0,7.0,0.0,0.0,0.0,0.0,0.0,0.0,0.0,0.0,7.0,0.0,0.0,0.0,0.0,0.0,0.0,0.0,0.0,0.0,0.0,0.0,0.0,0.0,0.0,0.0,0.0,0.0,0.0
333.0,0,5000.0,Fujian,Limited liability company (Natural person investment or holding),2067.0,0.0,Construction industry,2.0,2.0,0.0,3.0,0.0,17.0,2.0,0.0,1.0,0.0,0.0,0.0,0.0,9.0,0.0,0.0,0.0,0.0,0.0,0.0,0.0,0.0,0.0,0.0,0.0,0.0,0.0,0.0,0.0,0.0,0.0,0.0,0.0,0.0,0.0,0.0,0.0,0.0,0.0,0.0,0.0,0.0,0.0,0.0,0.0,0.0,0.0,0.0,0.0,0.0,0.0,0.0,0.0,7.0,8.0,6.0,2.0,8.0,5.0,7.0,6.0,4.0,7.0,8.0,5.0,7.0,6.0,4.0,0.0,0.0,0.0,0.0,0.0,0.0,0.0,0.0,0.0,0.0,0.0,0.0,1.0
334.0,0,3000.0,Fujian,Limited liability company (Natural person investment or holding),2091.0,512.491,Construction industry,3.0,2.0,1.0,10.0,11.0,0.0,0.0,1.0,3.0,0.0,0.0,0.0,0.0,0.0,0.0,0.0,0.0,0.0,0.0,0.0,0.0,0.0,0.0,0.0,0.0,0.0,0.0,0.0,0.0,0.0,0.0,0.0,0.0,0.0,0.0,0.0,0.0,0.0,0.0,0.0,0.0,0.0,0.0,0.0,0.0,0.0,0.0,0.0,0.0,0.0,0.0,0.0,0.0,12.0,4.0,6.0,12.0,4.0,6.0,0.0,0.0,5.0,12.0,4.0,6.0,0.0,0.0,5.0,0.0,0.0,0.0,0.0,0.0,0.0,0.0,0.0,0.0,0.0,0.0,0.0,0.0
335.0,0,1888.0,Fujian,Limited liability company (Natural person investment or holding),490.0,1.0,Construction industry,2.0,2.0,0.0,0.0,0.0,0.0,0.0,17.0,1.0,0.0,0.0,0.0,0.0,0.0,0.0,0.0,0.0,0.0,0.0,0.0,0.0,0.0,0.0,0.0,0.0,0.0,0.0,0.0,0.0,0.0,0.0,0.0,0.0,0.0,0.0,0.0,0.0,0.0,0.0,0.0,0.0,0.0,0.0,0.0,0.0,0.0,0.0,0.0,0.0,0.0,0.0,0.0,0.0,0.0,,,0.0,,,0.0,,,0.0,,,0.0,,,0.0,0.0,0.0,0.0,0.0,0.0,0.0,0.0,0.0,0.0,0.0,0.0,0.0
336.0,0,2100.0,Fujian,Limited liability company (Natural person investment or holding),1184.0,1188.0,Construction industry,2.0,2.0,0.0,0.0,0.0,14.0,11.0,4.0,4.0,0.0,0.0,0.0,0.0,0.0,5.0,0.0,0.0,0.0,0.0,0.0,0.0,0.0,0.0,0.0,0.0,0.0,0.0,0.0,0.0,0.0,0.0,1.0,0.0,0.0,0.0,0.0,0.0,0.0,0.0,0.0,0.0,0.0,0.0,0.0,0.0,0.0,0.0,0.0,0.0,0.0,0.0,0.0,0.0,11.0,,21.0,11.0,,21.0,11.0,,21.0,11.0,,21.0,11.0,,21.0,0.0,0.0,0.0,0.0,0.0,0.0,0.0,0.0,0.0,0.0,0.0,0.0,0.0
337.0,0,10118.0,Fujian,Limited liability company (Natural person investment or holding),5102.0,5118.0,Construction industry,2.0,3.0,15.0,1.0,0.0,3.0,4.0,1.0,15.0,0.0,0.0,0.0,0.0,0.0,9.0,1.0,0.0,0.0,0.0,0.0,0.0,0.0,0.0,0.0,0.0,1.0,4.0,0.0,0.0,0.0,0.0,0.0,0.0,10.0,0.0,0.0,0.0,2.0,9.0,0.0,3.0,0.0,0.0,0.0,0.0,0.0,0.0,0.0,0.0,2.0,0.0,1.0,0.0,165.0,156.0,142.0,165.0,156.0,142.0,165.0,98.0,90.0,165.0,156.0,142.0,165.0,98.0,90.0,0.0,0.0,0.0,1.0,0.0,0.0,0.0,0.0,0.0,1.0,0.0,0.0,2.0
338.0,0,608.0,Fujian,Limited liability company (Natural person investment or holding),3057.0,608.0,Scientific research and technology services,2.0,2.0,18.0,0.0,0.0,5.0,0.0,0.0,4.0,0.0,1.0,0.0,0.0,0.0,1.0,0.0,0.0,0.0,0.0,0.0,0.0,0.0,0.0,0.0,0.0,0.0,0.0,0.0,0.0,0.0,0.0,0.0,1.0,0.0,0.0,0.0,0.0,0.0,0.0,0.0,0.0,0.0,0.0,0.0,0.0,0.0,0.0,0.0,0.0,0.0,0.0,0.0,0.0,13.0,13.0,8.0,13.0,13.0,8.0,9.0,9.0,5.0,0.0,0.0,0.0,9.0,9.0,5.0,0.0,0.0,0.0,0.0,0.0,0.0,0.0,0.0,0.0,0.0,0.0,0.0,2.0
339.0,0,1500.0,Fujian,Limited liability company (Natural person investment or holding),1146.0,0.0,Construction industry,2.0,2.0,0.0,0.0,0.0,2.0,0.0,5.0,,0.0,0.0,0.0,0.0,0.0,0.0,0.0,0.0,0.0,0.0,0.0,0.0,0.0,0.0,0.0,0.0,0.0,0.0,0.0,0.0,0.0,0.0,0.0,0.0,0.0,0.0,0.0,0.0,0.0,0.0,0.0,0.0,0.0,0.0,0.0,0.0,0.0,0.0,0.0,0.0,0.0,0.0,0.0,0.0,8.0,9.0,8.0,8.0,9.0,8.0,7.0,5.0,5.0,10.0,11.0,10.0,7.0,5.0,5.0,0.0,0.0,0.0,0.0,0.0,0.0,0.0,0.0,0.0,0.0,0.0,0.0,0.0
340.0,0,5000.0,Fujian,Limited liability company (Natural person investment or holding),1237.0,30.0,Construction industry,2.0,2.0,0.0,0.0,9.0,0.0,0.0,4.0,4.0,0.0,0.0,0.0,0.0,2.0,3.0,0.0,0.0,0.0,0.0,0.0,0.0,0.0,0.0,0.0,0.0,0.0,0.0,0.0,0.0,0.0,0.0,0.0,0.0,0.0,0.0,0.0,0.0,0.0,0.0,0.0,0.0,0.0,0.0,0.0,0.0,0.0,0.0,0.0,0.0,0.0,0.0,0.0,0.0,3.0,0.0,0.0,3.0,0.0,0.0,0.0,0.0,0.0,3.0,0.0,0.0,0.0,0.0,0.0,0.0,0.0,0.0,0.0,0.0,0.0,0.0,0.0,0.0,0.0,0.0,0.0,0.0
341.0,0,10150.5,Fujian,Limited liability company (Natural person investment or holding),4019.0,100.5,Construction industry,2.0,2.0,33.0,2.0,11.0,17.0,9.0,3.0,25.0,0.0,0.0,0.0,0.0,3.0,0.0,0.0,0.0,0.0,0.0,0.0,1.0,0.0,0.0,0.0,0.0,0.0,0.0,5.0,0.0,0.0,0.0,0.0,0.0,0.0,0.0,0.0,0.0,5.0,0.0,0.0,0.0,0.0,0.0,0.0,0.0,0.0,0.0,0.0,0.0,0.0,0.0,0.0,3.0,20.0,30.0,50.0,0.0,0.0,0.0,0.0,30.0,0.0,0.0,0.0,0.0,0.0,0.0,0.0,0.0,0.0,0.0,1.0,2.0,7.0,0.0,0.0,0.0,1.0,2.0,1.0,0.0
342.0,0,2086.0,Fujian,Limited liability company (Natural person investment or holding),3679.0,2086.0,Construction industry,2.0,2.0,3.0,15.0,0.0,15.0,5.0,2.0,3.0,0.0,0.0,0.0,0.0,0.0,8.0,0.0,0.0,0.0,0.0,0.0,0.0,0.0,0.0,0.0,0.0,0.0,0.0,0.0,1.0,0.0,0.0,0.0,0.0,4.0,0.0,0.0,0.0,0.0,0.0,0.0,0.0,0.0,0.0,0.0,0.0,0.0,0.0,0.0,0.0,0.0,0.0,0.0,0.0,47.0,,110.0,86.0,,110.0,86.0,,110.0,86.0,,110.0,86.0,,110.0,0.0,0.0,0.0,0.0,0.0,0.0,0.0,0.0,0.0,0.0,0.0,0.0,0.0
343.0,0,1000.0,Fujian,Limited liability company (Natural person investment or holding),3412.0,50.0,Construction industry,2.0,2.0,15.0,10.0,0.0,4.0,0.0,2.0,,0.0,0.0,0.0,0.0,0.0,1.0,0.0,0.0,0.0,0.0,0.0,0.0,0.0,0.0,0.0,0.0,0.0,0.0,0.0,0.0,0.0,0.0,0.0,0.0,0.0,0.0,0.0,0.0,0.0,0.0,0.0,0.0,0.0,0.0,0.0,0.0,0.0,0.0,0.0,0.0,0.0,0.0,0.0,0.0,3.0,3.0,0.0,3.0,3.0,0.0,3.0,3.0,0.0,3.0,3.0,0.0,3.0,3.0,0.0,0.0,0.0,0.0,0.0,0.0,0.0,0.0,0.0,0.0,0.0,0.0,0.0,1.0
344.0,0,3000.0,Fujian,Limited liability company (Natural person investment or holding),2289.0,1470.0,Construction industry,3.0,3.0,12.0,3.0,3.0,4.0,0.0,6.0,,0.0,0.0,0.0,0.0,0.0,9.0,0.0,0.0,0.0,0.0,0.0,0.0,0.0,0.0,0.0,0.0,1.0,0.0,0.0,0.0,1.0,0.0,0.0,0.0,0.0,0.0,0.0,0.0,0.0,0.0,0.0,0.0,0.0,0.0,0.0,0.0,0.0,0.0,0.0,0.0,0.0,0.0,0.0,0.0,7.0,7.0,3.0,7.0,7.0,3.0,7.0,7.0,3.0,7.0,7.0,3.0,7.0,7.0,3.0,0.0,0.0,0.0,0.0,0.0,0.0,0.0,0.0,0.0,0.0,0.0,0.0,0.0
345.0,0,3000.0,Fujian,Limited liability company (Natural person investment or holding),2367.0,3000.0,Construction industry,2.0,2.0,7.0,1.0,2.0,4.0,0.0,3.0,,0.0,0.0,0.0,0.0,0.0,10.0,0.0,0.0,0.0,0.0,0.0,0.0,0.0,0.0,0.0,0.0,2.0,0.0,0.0,0.0,1.0,0.0,0.0,0.0,0.0,0.0,0.0,0.0,0.0,0.0,0.0,0.0,0.0,0.0,0.0,0.0,0.0,0.0,0.0,0.0,0.0,0.0,0.0,0.0,13.0,13.0,9.0,13.0,13.0,9.0,13.0,13.0,9.0,13.0,13.0,9.0,13.0,13.0,9.0,0.0,0.0,0.0,0.0,0.0,0.0,0.0,0.0,0.0,0.0,0.0,0.0,0.0
346.0,0,1000.0,Fujian,Limited liability company (Natural person investment or holding),872.0,0.0,Construction industry,2.0,2.0,0.0,0.0,0.0,11.0,32.0,9.0,1.0,0.0,0.0,0.0,0.0,0.0,0.0,0.0,0.0,0.0,0.0,0.0,0.0,0.0,0.0,0.0,0.0,0.0,0.0,0.0,0.0,0.0,0.0,0.0,0.0,0.0,0.0,0.0,0.0,0.0,0.0,0.0,0.0,0.0,0.0,0.0,0.0,0.0,0.0,0.0,0.0,0.0,0.0,0.0,0.0,9.0,7.0,0.0,9.0,7.0,0.0,2.0,0.0,0.0,9.0,7.0,0.0,2.0,0.0,0.0,0.0,0.0,0.0,0.0,0.0,0.0,0.0,0.0,0.0,0.0,0.0,0.0,0.0
347.0,0,1000.0,Fujian,Limited liability company (Natural person investment or holding),1761.0,0.0,Scientific research and technology services,3.0,2.0,0.0,0.0,0.0,10.0,12.0,13.0,,0.0,0.0,0.0,0.0,1.0,3.0,0.0,0.0,0.0,0.0,0.0,0.0,0.0,0.0,0.0,0.0,0.0,0.0,0.0,0.0,0.0,0.0,0.0,0.0,0.0,0.0,0.0,0.0,4.0,0.0,0.0,6.0,0.0,0.0,0.0,0.0,0.0,0.0,0.0,0.0,0.0,10.0,0.0,0.0,9.0,6.0,4.0,9.0,6.0,4.0,9.0,6.0,4.0,9.0,6.0,4.0,9.0,6.0,4.0,0.0,0.0,0.0,0.0,0.0,0.0,0.0,0.0,0.0,0.0,0.0,0.0,0.0
348.0,1,2018.0,Fujian,Limited liability company (Natural person investment or holding),775.0,0.0,Wholesale and retail,2.0,2.0,0.0,0.0,0.0,0.0,9.0,5.0,,0.0,0.0,0.0,0.0,0.0,4.0,0.0,0.0,0.0,0.0,0.0,0.0,0.0,0.0,0.0,0.0,0.0,0.0,0.0,0.0,0.0,0.0,0.0,0.0,0.0,2.0,0.0,0.0,0.0,0.0,0.0,0.0,0.0,0.0,0.0,0.0,0.0,0.0,0.0,0.0,0.0,0.0,0.0,0.0,11.0,0.0,,11.0,0.0,,11.0,0.0,,11.0,0.0,,11.0,0.0,,0.0,0.0,0.0,0.0,0.0,0.0,0.0,0.0,0.0,0.0,0.0,0.0,0.0
349.0,0,3100.0,Fujian,Limited liability company (Natural person investment or holding),6813.0,500.0,"Information transmission, software and information technology services",3.0,2.0,11.0,3.0,6.0,3.0,0.0,6.0,1.0,0.0,0.0,0.0,0.0,2.0,0.0,0.0,0.0,0.0,0.0,1.0,0.0,0.0,0.0,0.0,0.0,0.0,0.0,0.0,0.0,0.0,0.0,0.0,0.0,0.0,0.0,0.0,0.0,0.0,0.0,0.0,0.0,0.0,0.0,0.0,0.0,0.0,0.0,0.0,0.0,0.0,0.0,0.0,0.0,29.0,29.0,0.0,28.0,28.0,0.0,27.0,24.0,0.0,29.0,29.0,0.0,27.0,24.0,0.0,0.0,0.0,1.0,0.0,2.0,1.0,0.0,1.0,0.0,0.0,2.0,1.0,1.0
350.0,0,1000.0,Fujian,Limited liability company (Natural person investment or holding),1570.0,0.0,Construction industry,2.0,2.0,0.0,2.0,11.0,10.0,8.0,5.0,19.0,0.0,0.0,0.0,6.0,0.0,0.0,0.0,0.0,0.0,0.0,0.0,0.0,0.0,0.0,0.0,0.0,0.0,0.0,2.0,0.0,0.0,0.0,0.0,0.0,0.0,0.0,0.0,0.0,0.0,0.0,0.0,0.0,0.0,0.0,0.0,0.0,0.0,0.0,0.0,0.0,0.0,0.0,0.0,0.0,8.0,17.0,10.0,0.0,0.0,0.0,0.0,0.0,0.0,0.0,0.0,0.0,0.0,0.0,0.0,0.0,0.0,0.0,0.0,0.0,0.0,0.0,0.0,0.0,0.0,0.0,0.0,0.0
351.0,0,3000.0,Fujian,Limited liability company (Natural person investment or holding),1233.0,0.0,Construction industry,2.0,2.0,0.0,0.0,0.0,2.0,14.0,0.0,,0.0,0.0,0.0,0.0,10.0,0.0,0.0,0.0,0.0,0.0,0.0,0.0,0.0,0.0,0.0,0.0,0.0,0.0,0.0,0.0,0.0,0.0,0.0,0.0,0.0,0.0,0.0,0.0,0.0,0.0,0.0,0.0,0.0,0.0,0.0,0.0,0.0,0.0,0.0,0.0,0.0,0.0,0.0,0.0,38.0,0.0,0.0,7.0,0.0,0.0,8.0,0.0,0.0,38.0,0.0,0.0,8.0,0.0,0.0,0.0,0.0,0.0,0.0,0.0,0.0,0.0,0.0,0.0,0.0,0.0,0.0,0.0
352.0,0,2600.0,Fujian,Limited liability company (Natural person investment or holding),2024.0,0.0,Construction industry,2.0,2.0,0.0,3.0,15.0,5.0,10.0,2.0,18.0,0.0,0.0,0.0,0.0,0.0,0.0,0.0,0.0,0.0,0.0,0.0,0.0,0.0,0.0,0.0,0.0,0.0,0.0,0.0,0.0,0.0,0.0,0.0,0.0,0.0,0.0,0.0,0.0,0.0,0.0,0.0,0.0,0.0,0.0,0.0,0.0,0.0,0.0,0.0,0.0,0.0,0.0,0.0,0.0,23.0,30.0,30.0,0.0,0.0,0.0,0.0,0.0,0.0,0.0,0.0,0.0,0.0,0.0,0.0,0.0,0.0,0.0,0.0,1.0,2.0,0.0,0.0,0.0,1.0,0.0,3.0,0.0
353.0,0,4188.0,Fujian,Limited liability company (Natural person investment or holding),2067.0,1200.0,Construction industry,2.0,2.0,0.0,14.0,1.0,3.0,8.0,12.0,,0.0,0.0,0.0,0.0,0.0,0.0,0.0,0.0,0.0,0.0,0.0,0.0,0.0,0.0,0.0,0.0,0.0,0.0,0.0,0.0,0.0,0.0,0.0,0.0,0.0,0.0,0.0,0.0,0.0,0.0,0.0,0.0,0.0,0.0,0.0,0.0,0.0,0.0,0.0,0.0,0.0,0.0,0.0,0.0,33.0,38.0,33.0,33.0,38.0,33.0,33.0,38.0,33.0,33.0,38.0,33.0,33.0,38.0,33.0,0.0,0.0,0.0,0.0,0.0,0.0,0.0,0.0,0.0,0.0,0.0,0.0,0.0
354.0,0,1000.0,Fujian,Limited liability company (Natural person investment or holding),746.0,0.0,Construction industry,2.0,2.0,0.0,0.0,0.0,0.0,13.0,3.0,,0.0,0.0,0.0,0.0,5.0,1.0,0.0,0.0,0.0,0.0,0.0,0.0,0.0,0.0,0.0,0.0,0.0,0.0,0.0,0.0,0.0,0.0,0.0,0.0,0.0,0.0,0.0,0.0,0.0,0.0,0.0,0.0,0.0,0.0,0.0,0.0,0.0,0.0,0.0,0.0,0.0,0.0,0.0,0.0,0.0,0.0,,0.0,0.0,,0.0,0.0,,0.0,0.0,,0.0,0.0,,0.0,0.0,0.0,0.0,0.0,0.0,0.0,0.0,0.0,0.0,0.0,0.0,0.0
355.0,0,1000.0,Fujian,Limited liability company (sole proprietorship of natural person),1382.0,0.0,Scientific research and technology services,1.0,2.0,0.0,0.0,2.0,2.0,0.0,21.0,2.0,0.0,0.0,0.0,0.0,0.0,0.0,0.0,0.0,0.0,0.0,0.0,0.0,0.0,0.0,0.0,0.0,0.0,0.0,0.0,0.0,0.0,0.0,0.0,0.0,0.0,0.0,0.0,0.0,0.0,0.0,0.0,0.0,0.0,0.0,0.0,0.0,0.0,0.0,0.0,3.0,1.0,12.0,5.0,7.0,10.0,4.0,1.0,10.0,4.0,1.0,0.0,0.0,0.0,10.0,4.0,1.0,0.0,0.0,0.0,0.0,0.0,0.0,0.0,0.0,0.0,0.0,0.0,0.0,0.0,0.0,0.0,0.0
356.0,0,2000.0,Fujian,Limited liability company (Natural person investment or holding),2044.0,998.85,Manufacturing,5.0,3.0,0.0,7.0,10.0,0.0,3.0,5.0,1.0,0.0,0.0,0.0,0.0,0.0,1.0,0.0,0.0,0.0,0.0,0.0,0.0,0.0,0.0,0.0,0.0,0.0,0.0,0.0,0.0,0.0,0.0,0.0,3.0,0.0,0.0,1.0,0.0,7.0,3.0,13.0,27.0,0.0,0.0,0.0,0.0,0.0,0.0,0.0,0.0,17.0,6.0,6.0,10.0,46.0,52.0,41.0,46.0,52.0,41.0,46.0,52.0,41.0,46.0,52.0,41.0,46.0,52.0,41.0,0.0,0.0,0.0,0.0,0.0,0.0,0.0,0.0,0.0,0.0,0.0,0.0,1.0
357.0,0,2018.0,Fujian,Limited liability company (Natural person investment or holding),3244.0,300.0,Manufacturing,2.0,2.0,6.0,1.0,0.0,19.0,0.0,0.0,1.0,0.0,0.0,0.0,0.0,0.0,0.0,0.0,0.0,0.0,0.0,0.0,0.0,0.0,0.0,0.0,0.0,0.0,0.0,0.0,0.0,0.0,0.0,0.0,0.0,0.0,0.0,0.0,0.0,0.0,0.0,0.0,0.0,0.0,0.0,0.0,0.0,0.0,0.0,0.0,0.0,0.0,0.0,0.0,0.0,24.0,27.0,22.0,24.0,27.0,22.0,24.0,27.0,22.0,24.0,27.0,22.0,24.0,27.0,22.0,0.0,0.0,0.0,1.0,1.0,0.0,0.0,0.0,0.0,2.0,0.0,0.0,1.0
358.0,0,2000.0,Fujian,Limited liability company,8397.0,1000.0,Manufacturing,3.0,3.0,5.0,3.0,5.0,2.0,0.0,7.0,4.0,0.0,1.0,0.0,0.0,1.0,0.0,0.0,0.0,0.0,0.0,0.0,0.0,0.0,0.0,0.0,0.0,0.0,0.0,0.0,0.0,5.0,0.0,0.0,0.0,0.0,0.0,41.0,7.0,5.0,1.0,0.0,4.0,0.0,0.0,0.0,0.0,0.0,0.0,0.0,0.0,5.0,0.0,0.0,0.0,43.0,1198.0,1333.0,43.0,1198.0,1333.0,32.0,567.0,738.0,43.0,1198.0,1368.0,32.0,567.0,812.0,0.0,0.0,4.0,0.0,4.0,0.0,3.0,1.0,1.0,0.0,4.0,0.0,4.0
359.0,0,2000.0,Fujian,Limited liability company (sole proprietorship of legal person invested or controlled by natural person),3592.0,170.0,Scientific research and technology services,1.0,2.0,4.0,0.0,2.0,2.0,6.0,3.0,,0.0,0.0,0.0,0.0,0.0,0.0,0.0,0.0,0.0,0.0,0.0,0.0,0.0,0.0,0.0,0.0,0.0,0.0,0.0,0.0,5.0,0.0,0.0,6.0,0.0,0.0,1.0,0.0,0.0,0.0,0.0,0.0,0.0,0.0,0.0,0.0,0.0,0.0,14.0,0.0,5.0,1.0,2.0,5.0,20.0,14.0,11.0,20.0,13.0,11.0,20.0,13.0,11.0,20.0,13.0,11.0,20.0,13.0,11.0,0.0,0.0,0.0,0.0,0.0,0.0,0.0,0.0,0.0,0.0,0.0,1.0,0.0
360.0,0,1888.0,Fujian,Limited liability company (Natural person investment or holding),3493.0,100.0,Wholesale and retail,2.0,2.0,6.0,7.0,0.0,1.0,0.0,0.0,1.0,0.0,0.0,0.0,2.0,3.0,0.0,0.0,0.0,0.0,0.0,0.0,0.0,0.0,0.0,0.0,0.0,0.0,0.0,1.0,0.0,0.0,0.0,0.0,0.0,0.0,0.0,0.0,0.0,0.0,0.0,0.0,0.0,0.0,0.0,0.0,0.0,0.0,0.0,0.0,0.0,0.0,0.0,15.0,0.0,44.0,38.0,20.0,44.0,38.0,20.0,44.0,38.0,20.0,44.0,38.0,20.0,44.0,38.0,20.0,0.0,0.0,0.0,0.0,0.0,0.0,0.0,0.0,0.0,0.0,0.0,0.0,2.0
361.0,0,501.0,Fujian,Limited liability company (sole proprietorship of natural person),2541.0,0.0,"Information transmission, software and information technology services",1.0,3.0,1.0,9.0,0.0,0.0,0.0,3.0,,0.0,0.0,0.0,0.0,0.0,0.0,0.0,0.0,0.0,0.0,0.0,0.0,0.0,0.0,0.0,0.0,0.0,0.0,0.0,0.0,0.0,0.0,0.0,0.0,0.0,0.0,0.0,0.0,0.0,0.0,0.0,0.0,0.0,0.0,0.0,0.0,0.0,0.0,0.0,0.0,0.0,0.0,0.0,0.0,8.0,4.0,5.0,6.0,4.0,5.0,6.0,2.0,2.0,8.0,4.0,5.0,8.0,2.0,2.0,0.0,0.0,0.0,0.0,0.0,0.0,0.0,0.0,0.0,0.0,0.0,0.0,0.0
362.0,0,100.0,Fujian,Limited liability company (sole proprietorship of natural person),1344.0,0.0,Scientific research and technology services,1.0,2.0,0.0,0.0,0.0,0.0,0.0,0.0,,0.0,0.0,0.0,0.0,0.0,0.0,0.0,0.0,0.0,0.0,0.0,0.0,0.0,0.0,0.0,0.0,0.0,0.0,0.0,0.0,0.0,0.0,0.0,0.0,0.0,0.0,0.0,0.0,0.0,0.0,0.0,0.0,0.0,0.0,0.0,0.0,0.0,0.0,0.0,0.0,0.0,0.0,0.0,0.0,1.0,1.0,0.0,1.0,1.0,0.0,0.0,0.0,0.0,1.0,1.0,0.0,0.0,0.0,0.0,0.0,0.0,0.0,0.0,0.0,0.0,0.0,0.0,0.0,0.0,0.0,0.0,0.0
363.0,0,500.0,Fujian,Limited liability company (Natural person investment or holding),1638.0,0.0,"Water conservancy, environment and public facilities management",2.0,2.0,0.0,0.0,0.0,8.0,2.0,0.0,,0.0,0.0,0.0,0.0,0.0,0.0,0.0,0.0,0.0,0.0,0.0,0.0,0.0,0.0,0.0,0.0,0.0,0.0,0.0,0.0,0.0,0.0,0.0,0.0,0.0,0.0,0.0,0.0,0.0,0.0,0.0,0.0,0.0,0.0,0.0,0.0,0.0,0.0,0.0,0.0,0.0,0.0,0.0,0.0,6.0,2.0,0.0,6.0,2.0,0.0,6.0,2.0,0.0,6.0,2.0,0.0,6.0,2.0,0.0,0.0,0.0,0.0,0.0,0.0,0.0,0.0,0.0,0.0,0.0,0.0,0.0,0.0
364.0,0,500.0,Fujian,Limited liability company (Natural person investment or holding),2590.0,220.2,Leasing and business services,2.0,2.0,9.0,1.0,2.0,0.0,0.0,9.0,,0.0,0.0,0.0,0.0,0.0,0.0,0.0,0.0,0.0,0.0,0.0,0.0,0.0,0.0,0.0,0.0,0.0,0.0,0.0,0.0,2.0,0.0,0.0,0.0,0.0,0.0,0.0,0.0,0.0,0.0,0.0,0.0,0.0,0.0,0.0,0.0,0.0,0.0,0.0,0.0,0.0,0.0,0.0,0.0,4.0,4.0,3.0,4.0,4.0,3.0,3.0,3.0,3.0,4.0,4.0,3.0,3.0,3.0,3.0,0.0,0.0,0.0,0.0,0.0,0.0,0.0,0.0,0.0,0.0,0.0,0.0,0.0
365.0,0,4000.0,Jiangxi,Limited liability company (Natural person investment or holding),3449.0,4000.0,Leasing and business services,3.0,2.0,6.0,2.0,4.0,10.0,2.0,3.0,6.0,0.0,0.0,0.0,0.0,0.0,0.0,0.0,0.0,0.0,0.0,0.0,0.0,0.0,0.0,0.0,0.0,0.0,0.0,0.0,0.0,0.0,0.0,1.0,0.0,0.0,0.0,0.0,0.0,0.0,0.0,0.0,0.0,0.0,0.0,0.0,0.0,0.0,0.0,0.0,0.0,0.0,0.0,0.0,0.0,18.0,15.0,14.0,0.0,0.0,0.0,0.0,0.0,0.0,0.0,0.0,0.0,0.0,0.0,0.0,0.0,0.0,0.0,0.0,0.0,0.0,0.0,0.0,0.0,0.0,0.0,0.0,4.0
366.0,0,2600.0,Anhui,Limited liability company (Natural person investment or holding),2159.0,1000.0,Construction industry,2.0,2.0,0.0,2.0,5.0,2.0,1.0,0.0,1.0,0.0,0.0,0.0,0.0,1.0,0.0,0.0,0.0,0.0,0.0,0.0,0.0,0.0,0.0,0.0,0.0,0.0,0.0,0.0,0.0,0.0,0.0,0.0,0.0,0.0,0.0,0.0,0.0,0.0,0.0,0.0,0.0,0.0,0.0,0.0,0.0,0.0,0.0,0.0,0.0,0.0,0.0,0.0,0.0,11.0,0.0,1.0,11.0,0.0,1.0,11.0,0.0,1.0,11.0,0.0,1.0,11.0,0.0,1.0,0.0,0.0,0.0,0.0,0.0,2.0,0.0,0.0,0.0,0.0,0.0,1.0,0.0
367.0,0,4168.0,Yunnan,Limited liability company (Natural person investment or holding),3401.0,4168.0,Construction industry,2.0,2.0,6.0,0.0,4.0,0.0,0.0,0.0,,0.0,0.0,0.0,0.0,0.0,0.0,0.0,0.0,0.0,0.0,0.0,0.0,0.0,0.0,0.0,0.0,0.0,0.0,0.0,0.0,0.0,0.0,0.0,0.0,0.0,0.0,0.0,0.0,0.0,0.0,0.0,0.0,0.0,0.0,0.0,0.0,0.0,0.0,0.0,0.0,0.0,0.0,0.0,0.0,5.0,4.0,0.0,0.0,0.0,0.0,0.0,0.0,0.0,5.0,4.0,0.0,5.0,0.0,0.0,0.0,0.0,0.0,0.0,0.0,2.0,0.0,0.0,0.0,0.0,0.0,2.0,1.0
368.0,0,4800.0,Gansu,Limited liability company (Natural person investment or holding),2728.0,61.7,Construction industry,2.0,2.0,27.0,5.0,0.0,8.0,2.0,6.0,,0.0,0.0,0.0,0.0,2.0,5.0,0.0,0.0,0.0,0.0,0.0,0.0,0.0,0.0,0.0,0.0,0.0,0.0,0.0,0.0,0.0,0.0,0.0,0.0,0.0,0.0,0.0,0.0,0.0,0.0,0.0,0.0,0.0,0.0,0.0,0.0,0.0,0.0,0.0,0.0,0.0,0.0,0.0,0.0,14.0,14.0,0.0,14.0,14.0,0.0,14.0,14.0,0.0,14.0,14.0,0.0,14.0,14.0,0.0,0.0,0.0,0.0,0.0,0.0,0.0,0.0,0.0,0.0,0.0,0.0,0.0,2.0
369.0,0,1189.5,Gansu,Other limited liability companies,896.0,561.0,"Water conservancy, environment and public facilities management",2.0,4.0,0.0,0.0,0.0,0.0,4.0,3.0,,0.0,0.0,0.0,0.0,0.0,3.0,0.0,0.0,0.0,0.0,0.0,0.0,0.0,0.0,0.0,0.0,0.0,0.0,0.0,0.0,0.0,0.0,0.0,0.0,0.0,0.0,0.0,1.0,2.0,21.0,3.0,0.0,0.0,0.0,0.0,0.0,0.0,0.0,0.0,0.0,0.0,0.0,0.0,8.0,0.0,17.0,,0.0,0.0,,0.0,40.0,,63.0,52.0,,0.0,0.0,,0.0,0.0,0.0,0.0,0.0,0.0,0.0,0.0,0.0,0.0,0.0,0.0,0.0
370.0,0,4900.0,Gansu,Limited liability company (Natural person investment or holding),3555.0,4900.0,Construction industry,2.0,2.0,3.0,1.0,0.0,4.0,1.0,3.0,2.0,0.0,0.0,0.0,0.0,0.0,3.0,0.0,0.0,0.0,0.0,0.0,0.0,0.0,0.0,0.0,0.0,0.0,0.0,0.0,0.0,0.0,0.0,0.0,0.0,0.0,0.0,0.0,0.0,0.0,0.0,0.0,0.0,0.0,0.0,0.0,0.0,0.0,0.0,0.0,0.0,0.0,0.0,0.0,0.0,18.0,19.0,16.0,18.0,19.0,16.0,0.0,0.0,0.0,18.0,19.0,16.0,0.0,0.0,0.0,0.0,0.0,1.0,0.0,1.0,2.0,1.0,0.0,0.0,0.0,0.0,1.0,0.0
371.0,0,2000.0,Gansu,Limited liability company (sole proprietorship of natural person),2484.0,2000.0,Wholesale and retail,1.0,2.0,0.0,1.0,5.0,0.0,0.0,0.0,1.0,0.0,0.0,0.0,0.0,0.0,7.0,0.0,0.0,0.0,0.0,0.0,0.0,0.0,0.0,0.0,0.0,0.0,0.0,0.0,0.0,0.0,0.0,0.0,0.0,0.0,0.0,0.0,0.0,0.0,0.0,0.0,0.0,0.0,0.0,0.0,0.0,0.0,0.0,0.0,0.0,0.0,0.0,0.0,0.0,0.0,0.0,0.0,0.0,0.0,0.0,0.0,0.0,0.0,0.0,0.0,0.0,0.0,0.0,0.0,0.0,0.0,0.0,0.0,0.0,0.0,0.0,0.0,0.0,0.0,0.0,0.0,1.0
372.0,0,4156.0,Gansu,Limited liability company (sole proprietorship of natural person),2201.0,1918.0,Construction industry,1.0,2.0,0.0,1.0,2.0,6.0,9.0,0.0,3.0,0.0,0.0,0.0,0.0,0.0,1.0,0.0,0.0,0.0,0.0,0.0,0.0,0.0,0.0,0.0,0.0,0.0,0.0,0.0,0.0,0.0,0.0,0.0,0.0,0.0,0.0,0.0,0.0,0.0,0.0,0.0,0.0,0.0,0.0,0.0,0.0,0.0,0.0,0.0,0.0,0.0,0.0,0.0,0.0,9.0,7.0,7.0,15.0,7.0,7.0,0.0,0.0,0.0,9.0,7.0,7.0,0.0,0.0,0.0,0.0,0.0,0.0,1.0,1.0,3.0,0.0,0.0,0.0,0.0,0.0,2.0,1.0
373.0,0,1940.0,Shandong,Limited liability company (sole proprietorship of natural person),8933.0,1940.0,Construction industry,1.0,2.0,0.0,0.0,0.0,0.0,0.0,13.0,1.0,0.0,0.0,0.0,0.0,0.0,0.0,0.0,0.0,0.0,0.0,0.0,0.0,0.0,0.0,0.0,0.0,0.0,0.0,0.0,0.0,0.0,0.0,0.0,0.0,0.0,0.0,0.0,0.0,0.0,0.0,0.0,0.0,0.0,0.0,0.0,0.0,0.0,0.0,0.0,0.0,0.0,0.0,0.0,0.0,42.0,46.0,48.0,42.0,46.0,48.0,42.0,46.0,48.0,42.0,46.0,48.0,42.0,46.0,48.0,0.0,0.0,4.0,0.0,0.0,0.0,0.0,0.0,1.0,0.0,0.0,1.0,1.0
374.0,0,2000.0,Sichuan,Limited liability company (Natural person investment or holding),4099.0,2000.0,Construction industry,2.0,2.0,53.0,13.0,1.0,0.0,2.0,2.0,,0.0,0.0,0.0,0.0,16.0,0.0,0.0,0.0,1.0,0.0,0.0,0.0,0.0,0.0,0.0,0.0,0.0,0.0,0.0,0.0,0.0,0.0,0.0,0.0,0.0,1.0,0.0,0.0,0.0,0.0,0.0,0.0,0.0,0.0,0.0,0.0,0.0,0.0,0.0,0.0,0.0,0.0,0.0,0.0,16.0,6.0,6.0,16.0,6.0,6.0,16.0,6.0,6.0,16.0,6.0,6.0,16.0,6.0,6.0,0.0,0.0,1.0,0.0,0.0,0.0,0.0,0.0,0.0,0.0,0.0,0.0,0.0
375.0,0,4188.0,Sichuan,Limited liability company (sole proprietorship of legal person invested or controlled by non natural person),777.0,0.0,Construction industry,1.0,2.0,0.0,0.0,0.0,0.0,0.0,0.0,1.0,0.0,0.0,0.0,0.0,0.0,0.0,0.0,0.0,0.0,0.0,0.0,0.0,0.0,0.0,0.0,0.0,0.0,0.0,0.0,0.0,0.0,0.0,0.0,0.0,0.0,0.0,0.0,0.0,0.0,0.0,0.0,0.0,0.0,0.0,0.0,0.0,0.0,0.0,0.0,0.0,0.0,0.0,0.0,0.0,5.0,0.0,,5.0,0.0,,5.0,0.0,,5.0,0.0,,5.0,0.0,,0.0,0.0,0.0,0.0,0.0,0.0,0.0,0.0,0.0,0.0,0.0,0.0,0.0
376.0,1,4180.0,Guandong,Limited liability company (sole proprietorship of natural person),2011.0,4180.0,Construction industry,1.0,2.0,2.0,0.0,2.0,4.0,2.0,4.0,,0.0,0.0,0.0,0.0,0.0,3.0,0.0,0.0,0.0,0.0,0.0,0.0,0.0,0.0,0.0,0.0,0.0,0.0,0.0,0.0,0.0,0.0,0.0,0.0,0.0,0.0,0.0,0.0,0.0,0.0,0.0,0.0,0.0,0.0,0.0,0.0,0.0,0.0,0.0,0.0,0.0,0.0,0.0,0.0,12.0,10.0,3.0,12.0,10.0,3.0,12.0,10.0,3.0,12.0,10.0,3.0,12.0,10.0,3.0,0.0,0.0,0.0,0.0,0.0,0.0,0.0,0.0,0.0,0.0,0.0,0.0,1.0
377.0,0,1000.0,Guandong,Limited liability company (Natural person investment or holding),4507.0,1000.0,Construction industry,2.0,2.0,1.0,0.0,0.0,0.0,0.0,1.0,2.0,0.0,0.0,0.0,0.0,0.0,0.0,0.0,0.0,0.0,0.0,0.0,0.0,0.0,0.0,0.0,0.0,0.0,0.0,0.0,0.0,0.0,0.0,0.0,0.0,0.0,0.0,0.0,0.0,0.0,0.0,0.0,0.0,0.0,0.0,0.0,0.0,0.0,0.0,0.0,0.0,0.0,0.0,0.0,10.0,20.0,16.0,16.0,20.0,16.0,16.0,7.0,5.0,11.0,20.0,16.0,16.0,18.0,16.0,16.0,0.0,0.0,0.0,0.0,0.0,1.0,0.0,0.0,0.0,0.0,0.0,2.0,2.0
378.0,0,6800.0,Guandong,Limited liability company (Natural person investment or holding),1293.0,706.0,Construction industry,4.0,2.0,0.0,0.0,0.0,4.0,6.0,9.0,1.0,0.0,0.0,0.0,0.0,0.0,17.0,0.0,0.0,0.0,0.0,0.0,0.0,0.0,0.0,0.0,0.0,0.0,0.0,0.0,0.0,0.0,0.0,0.0,0.0,0.0,0.0,0.0,0.0,0.0,0.0,0.0,38.0,0.0,0.0,0.0,0.0,0.0,0.0,0.0,0.0,0.0,0.0,0.0,0.0,32.0,19.0,119.0,32.0,19.0,119.0,32.0,0.0,119.0,32.0,19.0,119.0,32.0,0.0,119.0,0.0,0.0,0.0,0.0,0.0,0.0,0.0,0.0,0.0,0.0,0.0,0.0,1.0
379.0,0,10008.0,Guandong,Limited liability company (Natural person investment or holding),2745.0,0.0,Leasing and business services,2.0,2.0,13.0,2.0,7.0,0.0,4.0,2.0,4.0,0.0,0.0,0.0,0.0,0.0,4.0,0.0,0.0,0.0,0.0,0.0,0.0,0.0,0.0,0.0,0.0,0.0,0.0,0.0,0.0,0.0,0.0,0.0,0.0,0.0,0.0,0.0,0.0,0.0,0.0,0.0,0.0,0.0,0.0,0.0,0.0,0.0,0.0,0.0,0.0,0.0,0.0,0.0,0.0,0.0,30.0,0.0,0.0,30.0,0.0,0.0,30.0,0.0,0.0,30.0,0.0,0.0,30.0,0.0,0.0,0.0,0.0,0.0,0.0,4.0,0.0,0.0,0.0,0.0,5.0,1.0,0.0
380.0,0,2000.0,Guandong,Limited liability company,2187.0,2000.0,Construction industry,3.0,2.0,44.0,4.0,0.0,2.0,9.0,9.0,2.0,0.0,0.0,0.0,0.0,0.0,0.0,0.0,0.0,0.0,0.0,0.0,0.0,0.0,0.0,0.0,0.0,0.0,0.0,0.0,0.0,0.0,0.0,0.0,0.0,0.0,0.0,0.0,0.0,0.0,0.0,0.0,0.0,0.0,0.0,0.0,0.0,0.0,0.0,0.0,0.0,0.0,0.0,0.0,0.0,83.0,84.0,62.0,83.0,86.0,65.0,83.0,86.0,65.0,83.0,86.0,65.0,83.0,86.0,65.0,0.0,0.0,0.0,0.0,0.0,0.0,0.0,0.0,0.0,0.0,0.0,1.0,0.0
381.0,0,2000.0,Guandong,Limited liability company (Natural person investment or holding),3919.0,2000.0,Wholesale and retail,2.0,2.0,14.0,0.0,0.0,3.0,0.0,6.0,5.0,0.0,0.0,0.0,0.0,0.0,0.0,0.0,0.0,0.0,0.0,0.0,0.0,0.0,0.0,0.0,0.0,0.0,1.0,0.0,0.0,0.0,0.0,1.0,0.0,0.0,0.0,0.0,0.0,0.0,0.0,0.0,1.0,0.0,0.0,0.0,0.0,0.0,0.0,0.0,0.0,0.0,0.0,0.0,0.0,23.0,19.0,2.0,23.0,19.0,22.0,23.0,19.0,22.0,23.0,19.0,22.0,23.0,19.0,22.0,0.0,0.0,0.0,0.0,0.0,0.0,0.0,0.0,0.0,0.0,0.0,2.0,2.0
382.0,0,6999.0,Guandong,Limited liability company (Natural person investment or holding),3677.0,800.0,Construction industry,2.0,2.0,3.0,0.0,5.0,0.0,0.0,0.0,,0.0,0.0,0.0,0.0,1.0,0.0,0.0,0.0,0.0,0.0,0.0,0.0,0.0,0.0,0.0,0.0,0.0,0.0,0.0,0.0,0.0,0.0,0.0,0.0,0.0,0.0,0.0,0.0,0.0,0.0,0.0,0.0,0.0,0.0,0.0,0.0,0.0,0.0,0.0,0.0,0.0,0.0,0.0,0.0,0.0,15.0,16.0,0.0,15.0,16.0,0.0,15.0,16.0,0.0,15.0,16.0,0.0,15.0,16.0,0.0,0.0,0.0,0.0,0.0,0.0,0.0,0.0,0.0,0.0,0.0,0.0,2.0
383.0,0,2200.0,Guandong,Limited liability company (Natural person investment or holding),1928.0,0.0,Construction industry,2.0,2.0,0.0,0.0,0.0,0.0,7.0,0.0,3.0,0.0,0.0,0.0,0.0,7.0,0.0,0.0,0.0,0.0,0.0,0.0,0.0,0.0,0.0,0.0,0.0,0.0,0.0,0.0,0.0,0.0,0.0,0.0,0.0,0.0,0.0,0.0,0.0,0.0,0.0,0.0,0.0,0.0,0.0,0.0,0.0,0.0,0.0,0.0,0.0,0.0,0.0,0.0,0.0,17.0,16.0,13.0,17.0,16.0,13.0,17.0,16.0,13.0,17.0,16.0,13.0,17.0,16.0,13.0,0.0,0.0,0.0,0.0,0.0,0.0,0.0,0.0,0.0,0.0,0.0,1.0,0.0
384.0,0,6300.0,Guandong,Limited liability company (sole proprietorship of natural person),2120.0,309.0,Construction industry,1.0,2.0,0.0,2.0,4.0,5.0,0.0,6.0,1.0,0.0,0.0,0.0,0.0,0.0,12.0,0.0,0.0,0.0,0.0,0.0,0.0,0.0,0.0,0.0,0.0,0.0,0.0,0.0,0.0,0.0,0.0,0.0,0.0,0.0,0.0,0.0,0.0,0.0,0.0,0.0,0.0,0.0,0.0,0.0,0.0,0.0,0.0,0.0,0.0,0.0,0.0,0.0,0.0,31.0,30.0,6.0,31.0,30.0,6.0,31.0,30.0,6.0,31.0,30.0,6.0,31.0,30.0,6.0,0.0,0.0,0.0,0.0,0.0,0.0,0.0,0.0,0.0,0.0,0.0,1.0,1.0
385.0,0,2800.0,Guandong,Limited liability company (sole proprietorship of natural person),898.0,320.0,Construction industry,1.0,2.0,0.0,0.0,0.0,1.0,0.0,4.0,3.0,0.0,0.0,0.0,0.0,0.0,0.0,0.0,0.0,0.0,0.0,0.0,0.0,0.0,0.0,0.0,0.0,0.0,0.0,0.0,0.0,0.0,0.0,0.0,0.0,0.0,0.0,0.0,0.0,0.0,0.0,0.0,0.0,0.0,0.0,0.0,0.0,0.0,0.0,0.0,0.0,0.0,0.0,0.0,0.0,0.0,2.0,0.0,0.0,2.0,0.0,0.0,2.0,0.0,0.0,2.0,0.0,0.0,2.0,0.0,0.0,0.0,0.0,0.0,0.0,0.0,0.0,0.0,0.0,0.0,0.0,0.0,0.0
386.0,0,5000.0,Guandong,Other limited liability companies,1344.0,1000.0,Construction industry,3.0,2.0,0.0,0.0,7.0,4.0,2.0,0.0,1.0,0.0,0.0,0.0,0.0,0.0,0.0,0.0,0.0,0.0,0.0,0.0,0.0,0.0,0.0,0.0,0.0,0.0,0.0,0.0,2.0,0.0,0.0,0.0,0.0,0.0,0.0,0.0,0.0,0.0,0.0,0.0,1.0,0.0,0.0,0.0,0.0,0.0,0.0,0.0,0.0,0.0,0.0,0.0,0.0,30.0,23.0,13.0,30.0,23.0,13.0,30.0,23.0,13.0,30.0,23.0,13.0,30.0,23.0,13.0,0.0,0.0,0.0,0.0,0.0,0.0,0.0,0.0,0.0,0.0,0.0,0.0,1.0
387.0,0,2280.0,Guandong,Limited liability company (Natural person investment or holding),1578.0,0.0,Scientific research and technology services,2.0,2.0,0.0,2.0,0.0,0.0,0.0,3.0,1.0,0.0,0.0,0.0,0.0,0.0,0.0,0.0,0.0,0.0,0.0,0.0,0.0,0.0,0.0,0.0,0.0,0.0,0.0,0.0,0.0,0.0,4.0,3.0,2.0,0.0,0.0,0.0,0.0,0.0,7.0,0.0,2.0,0.0,0.0,0.0,0.0,0.0,0.0,0.0,0.0,3.0,0.0,0.0,1.0,10.0,10.0,4.0,10.0,10.0,4.0,10.0,10.0,4.0,10.0,10.0,4.0,10.0,10.0,4.0,0.0,0.0,0.0,0.0,0.0,0.0,0.0,0.0,0.0,0.0,0.0,0.0,0.0
388.0,0,5000.0,Guandong,Limited liability company (Natural person investment or holding),2542.0,0.0,Construction industry,2.0,3.0,13.0,0.0,1.0,0.0,0.0,5.0,1.0,0.0,0.0,2.0,0.0,0.0,0.0,0.0,0.0,0.0,0.0,3.0,0.0,0.0,0.0,0.0,0.0,0.0,0.0,0.0,0.0,0.0,0.0,0.0,2.0,0.0,1.0,0.0,0.0,0.0,2.0,0.0,0.0,0.0,0.0,0.0,0.0,0.0,0.0,0.0,0.0,0.0,0.0,0.0,0.0,26.0,25.0,33.0,26.0,25.0,33.0,26.0,25.0,33.0,26.0,25.0,33.0,26.0,25.0,33.0,0.0,0.0,0.0,0.0,0.0,7.0,0.0,0.0,0.0,2.0,4.0,2.0,1.0
389.0,0,3000.0,Guandong,Limited liability company (Natural person investment or holding),3602.0,1006.0,Construction industry,3.0,2.0,0.0,2.0,5.0,0.0,0.0,0.0,3.0,0.0,0.0,0.0,0.0,0.0,0.0,1.0,0.0,0.0,0.0,0.0,0.0,0.0,0.0,0.0,0.0,0.0,0.0,0.0,0.0,0.0,0.0,0.0,0.0,0.0,0.0,0.0,0.0,0.0,0.0,6.0,0.0,0.0,0.0,0.0,0.0,0.0,0.0,0.0,0.0,0.0,0.0,0.0,0.0,18.0,16.0,10.0,18.0,16.0,10.0,18.0,16.0,10.0,18.0,6.0,10.0,18.0,16.0,10.0,0.0,0.0,0.0,0.0,0.0,0.0,1.0,0.0,0.0,0.0,0.0,2.0,2.0
390.0,0,4800.0,Guandong,Limited liability company (Natural person investment or holding),1085.0,0.0,Construction industry,2.0,2.0,0.0,0.0,0.0,2.0,11.0,4.0,5.0,0.0,0.0,0.0,0.0,3.0,0.0,0.0,0.0,0.0,0.0,0.0,0.0,0.0,0.0,0.0,0.0,0.0,0.0,0.0,0.0,0.0,0.0,0.0,0.0,0.0,1.0,0.0,0.0,0.0,0.0,0.0,1.0,0.0,0.0,0.0,0.0,0.0,0.0,0.0,0.0,0.0,0.0,0.0,0.0,32.0,20.0,0.0,32.0,20.0,0.0,32.0,20.0,0.0,32.0,20.0,0.0,32.0,20.0,0.0,0.0,0.0,0.0,0.0,0.0,0.0,0.0,0.0,0.0,0.0,0.0,1.0,0.0
391.0,0,3195.4,Guandong,Limited liability company (sole proprietorship of natural person),4165.0,2128.0,Construction industry,1.0,2.0,6.0,7.0,1.0,1.0,8.0,0.0,9.0,0.0,0.0,0.0,0.0,0.0,3.0,0.0,0.0,0.0,0.0,0.0,0.0,0.0,0.0,0.0,0.0,0.0,0.0,0.0,0.0,0.0,0.0,0.0,0.0,0.0,0.0,0.0,0.0,0.0,0.0,0.0,0.0,0.0,0.0,0.0,0.0,0.0,0.0,0.0,0.0,0.0,3.0,7.0,0.0,18.0,26.0,21.0,18.0,26.0,21.0,18.0,26.0,21.0,18.0,26.0,21.0,18.0,26.0,21.0,0.0,0.0,0.0,1.0,0.0,0.0,0.0,0.0,0.0,0.0,0.0,0.0,1.0
392.0,0,10800.0,Guandong,Limited liability company (Natural person investment or holding),4085.0,3200.0,Construction industry,3.0,3.0,3.0,0.0,3.0,2.0,0.0,0.0,5.0,0.0,0.0,0.0,0.0,1.0,3.0,0.0,0.0,0.0,0.0,0.0,0.0,0.0,0.0,0.0,0.0,0.0,0.0,0.0,0.0,0.0,0.0,2.0,0.0,4.0,4.0,0.0,0.0,4.0,14.0,4.0,4.0,0.0,0.0,0.0,1.0,0.0,0.0,0.0,0.0,0.0,0.0,0.0,0.0,56.0,44.0,35.0,56.0,44.0,35.0,56.0,44.0,35.0,57.0,44.0,35.0,56.0,44.0,35.0,0.0,0.0,0.0,0.0,0.0,0.0,0.0,0.0,0.0,1.0,1.0,0.0,0.0
393.0,0,1608.0,Guandong,Limited liability company (Natural person investment or holding),6390.0,0.0,Wholesale and retail,2.0,2.0,8.0,5.0,0.0,0.0,6.0,0.0,,0.0,0.0,0.0,0.0,0.0,0.0,0.0,0.0,0.0,0.0,0.0,0.0,0.0,0.0,0.0,0.0,0.0,0.0,0.0,0.0,1.0,0.0,0.0,0.0,0.0,0.0,0.0,0.0,0.0,0.0,0.0,0.0,0.0,0.0,0.0,0.0,0.0,0.0,0.0,0.0,0.0,0.0,0.0,0.0,,,11.0,,,11.0,,,11.0,,,11.0,,,11.0,0.0,0.0,0.0,0.0,0.0,0.0,0.0,0.0,0.0,0.0,0.0,0.0,0.0
394.0,0,1000.0,Guandong,Limited liability company (Natural person investment or holding),1115.0,1000.0,Scientific research and technology services,4.0,2.0,0.0,0.0,0.0,0.0,2.0,0.0,1.0,0.0,0.0,0.0,0.0,0.0,3.0,0.0,0.0,0.0,0.0,0.0,0.0,0.0,0.0,0.0,0.0,0.0,0.0,0.0,0.0,0.0,0.0,0.0,0.0,0.0,0.0,0.0,0.0,0.0,0.0,0.0,0.0,0.0,0.0,0.0,0.0,0.0,0.0,0.0,0.0,0.0,0.0,0.0,0.0,14.0,14.0,14.0,14.0,14.0,14.0,14.0,14.0,14.0,14.0,14.0,14.0,14.0,14.0,14.0,0.0,0.0,0.0,0.0,0.0,0.0,0.0,0.0,0.0,0.0,0.0,0.0,0.0
395.0,0,1000.0,Guandong,Limited liability company (Natural person investment or holding),1020.0,19.24,Construction industry,2.0,2.0,0.0,0.0,0.0,0.0,9.0,3.0,,0.0,0.0,0.0,0.0,11.0,0.0,0.0,0.0,0.0,0.0,0.0,0.0,0.0,0.0,0.0,0.0,0.0,0.0,0.0,0.0,0.0,0.0,0.0,0.0,0.0,0.0,0.0,0.0,0.0,0.0,0.0,0.0,0.0,0.0,0.0,0.0,0.0,0.0,0.0,0.0,0.0,0.0,0.0,0.0,6.0,2.0,0.0,6.0,2.0,0.0,6.0,2.0,0.0,6.0,2.0,0.0,6.0,2.0,0.0,0.0,0.0,0.0,0.0,0.0,0.0,0.0,0.0,0.0,0.0,0.0,0.0,0.0
396.0,1,1000.0,Guandong,Limited liability company (Natural person investment or holding),1047.0,0.0,Construction industry,2.0,2.0,0.0,0.0,0.0,0.0,0.0,0.0,,0.0,0.0,0.0,2.0,0.0,0.0,0.0,0.0,0.0,0.0,0.0,0.0,0.0,0.0,0.0,0.0,0.0,0.0,0.0,0.0,0.0,0.0,0.0,1.0,0.0,0.0,0.0,0.0,0.0,0.0,0.0,0.0,0.0,0.0,0.0,0.0,0.0,0.0,0.0,0.0,0.0,0.0,0.0,0.0,,5.0,0.0,,5.0,0.0,,5.0,0.0,,5.0,0.0,,5.0,0.0,0.0,0.0,0.0,0.0,0.0,0.0,0.0,0.0,0.0,0.0,0.0,0.0,0.0
397.0,0,3800.0,Guandong,Limited liability company (sole proprietorship of natural person),5335.0,1202.0,Construction industry,1.0,2.0,12.0,0.0,4.0,2.0,9.0,0.0,1.0,0.0,0.0,0.0,0.0,0.0,0.0,0.0,0.0,0.0,0.0,0.0,0.0,0.0,0.0,0.0,1.0,1.0,0.0,0.0,0.0,1.0,0.0,3.0,0.0,0.0,0.0,0.0,0.0,0.0,0.0,0.0,0.0,0.0,0.0,0.0,0.0,0.0,0.0,0.0,0.0,0.0,0.0,0.0,0.0,35.0,35.0,0.0,35.0,35.0,0.0,35.0,35.0,0.0,35.0,35.0,0.0,35.0,35.0,0.0,0.0,0.0,0.0,1.0,0.0,1.0,0.0,0.0,1.0,1.0,1.0,1.0,0.0
398.0,0,16888.0,Guandong,Limited liability company (Natural person investment or holding),2241.0,0.0,Construction industry,2.0,1.0,2.0,0.0,2.0,3.0,2.0,3.0,2.0,0.0,0.0,0.0,0.0,0.0,0.0,0.0,0.0,0.0,0.0,0.0,0.0,0.0,0.0,0.0,0.0,0.0,0.0,1.0,1.0,0.0,0.0,0.0,0.0,0.0,0.0,0.0,0.0,0.0,0.0,0.0,0.0,0.0,0.0,0.0,0.0,0.0,0.0,0.0,0.0,0.0,0.0,0.0,0.0,16.0,13.0,9.0,16.0,13.0,9.0,16.0,13.0,9.0,16.0,13.0,9.0,16.0,13.0,9.0,0.0,0.0,0.0,0.0,0.0,0.0,0.0,0.0,0.0,0.0,0.0,0.0,0.0
399.0,0,5000.0,Guandong,Limited liability company (Natural person investment or holding),1637.0,0.0,Wholesale and retail,2.0,2.0,0.0,0.0,4.0,2.0,4.0,0.0,4.0,0.0,0.0,1.0,0.0,14.0,3.0,0.0,0.0,0.0,0.0,0.0,0.0,0.0,0.0,0.0,0.0,0.0,0.0,0.0,0.0,0.0,0.0,0.0,0.0,0.0,0.0,0.0,0.0,0.0,0.0,0.0,0.0,0.0,0.0,0.0,0.0,0.0,0.0,0.0,0.0,0.0,0.0,0.0,0.0,36.0,27.0,22.0,36.0,27.0,22.0,0.0,0.0,0.0,36.0,27.0,22.0,0.0,0.0,0.0,0.0,0.0,0.0,0.0,4.0,2.0,0.0,0.0,0.0,0.0,2.0,2.0,0.0
400.0,0,1000.0,Guandong,Limited liability company (Natural person investment or holding),2580.0,5.0,"Information transmission, software and information technology services",3.0,2.0,7.0,0.0,14.0,2.0,7.0,7.0,,0.0,0.0,0.0,0.0,0.0,0.0,0.0,0.0,0.0,0.0,0.0,1.0,0.0,0.0,0.0,0.0,0.0,0.0,0.0,0.0,0.0,0.0,1.0,0.0,0.0,0.0,0.0,0.0,0.0,0.0,0.0,0.0,0.0,0.0,0.0,0.0,0.0,0.0,0.0,0.0,9.0,0.0,17.0,0.0,8.0,9.0,6.0,8.0,9.0,6.0,8.0,9.0,6.0,8.0,9.0,6.0,8.0,9.0,6.0,0.0,0.0,0.0,0.0,0.0,2.0,0.0,0.0,0.0,0.0,1.0,0.0,0.0
401.0,0,1066.0,Guandong,Limited liability company (Natural person investment or holding),3141.0,100.0,"Information transmission, software and information technology services",2.0,2.0,6.0,2.0,0.0,0.0,2.0,0.0,,0.0,0.0,0.0,0.0,3.0,1.0,0.0,0.0,0.0,0.0,0.0,0.0,0.0,0.0,0.0,0.0,0.0,0.0,0.0,0.0,0.0,0.0,0.0,4.0,0.0,0.0,0.0,0.0,3.0,0.0,0.0,7.0,0.0,0.0,0.0,0.0,0.0,0.0,0.0,0.0,8.0,0.0,0.0,2.0,9.0,8.0,7.0,9.0,8.0,7.0,9.0,8.0,7.0,9.0,8.0,7.0,9.0,8.0,7.0,0.0,0.0,0.0,0.0,0.0,0.0,0.0,0.0,0.0,0.0,0.0,0.0,1.0
402.0,0,2018.0,Guandong,Limited liability company (Natural person investment or holding),1081.0,802.5,Construction industry,7.0,3.0,0.0,0.0,0.0,4.0,0.0,3.0,5.0,0.0,0.0,0.0,0.0,8.0,1.0,0.0,0.0,0.0,0.0,0.0,0.0,0.0,0.0,0.0,0.0,0.0,0.0,0.0,0.0,0.0,0.0,0.0,0.0,0.0,0.0,0.0,0.0,0.0,0.0,0.0,0.0,0.0,0.0,0.0,0.0,0.0,0.0,0.0,0.0,0.0,0.0,0.0,0.0,44.0,96.0,,44.0,96.0,,44.0,96.0,,44.0,96.0,,44.0,96.0,,0.0,0.0,0.0,0.0,0.0,2.0,0.0,0.0,0.0,0.0,0.0,1.0,0.0
403.0,0,5000.0,Guandong,Limited liability company (Natural person investment or holding),1009.0,2500.0,Construction industry,2.0,3.0,0.0,0.0,0.0,0.0,2.0,6.0,2.0,0.0,0.0,0.0,0.0,0.0,10.0,0.0,0.0,0.0,0.0,0.0,0.0,0.0,0.0,0.0,0.0,0.0,0.0,0.0,0.0,0.0,0.0,0.0,0.0,0.0,0.0,0.0,0.0,0.0,0.0,0.0,0.0,0.0,0.0,0.0,0.0,0.0,0.0,0.0,0.0,0.0,0.0,0.0,0.0,6.0,4.0,,6.0,4.0,,6.0,4.0,,6.0,4.0,,6.0,4.0,,0.0,0.0,0.0,0.0,0.0,0.0,0.0,0.0,0.0,0.0,0.0,0.0,0.0
404.0,0,5000.0,Guandong,Limited liability company (Natural person investment or holding),1950.0,400.0,Scientific research and technology services,2.0,2.0,0.0,6.0,2.0,2.0,3.0,8.0,,0.0,0.0,0.0,0.0,2.0,2.0,0.0,0.0,0.0,0.0,0.0,0.0,0.0,0.0,0.0,0.0,0.0,0.0,0.0,0.0,0.0,1.0,1.0,1.0,0.0,10.0,0.0,0.0,1.0,1.0,14.0,27.0,0.0,0.0,0.0,0.0,0.0,0.0,0.0,3.0,4.0,7.0,27.0,9.0,20.0,22.0,14.0,20.0,22.0,14.0,20.0,22.0,14.0,20.0,22.0,14.0,20.0,22.0,14.0,0.0,0.0,0.0,0.0,0.0,0.0,0.0,0.0,0.0,0.0,0.0,0.0,0.0
405.0,0,1000.0,Guandong,Limited liability company (Natural person investment or holding),1024.0,1000.0,Construction industry,2.0,2.0,0.0,0.0,0.0,3.0,0.0,2.0,,0.0,0.0,0.0,0.0,0.0,3.0,0.0,0.0,0.0,0.0,0.0,0.0,0.0,0.0,0.0,0.0,0.0,0.0,0.0,0.0,0.0,0.0,0.0,0.0,0.0,0.0,0.0,0.0,0.0,0.0,0.0,0.0,0.0,0.0,0.0,0.0,0.0,0.0,0.0,0.0,0.0,0.0,0.0,0.0,11.0,6.0,1.0,11.0,6.0,1.0,11.0,6.0,1.0,11.0,6.0,1.0,11.0,6.0,1.0,0.0,0.0,0.0,0.0,0.0,0.0,0.0,0.0,0.0,0.0,0.0,0.0,0.0
406.0,0,2000.0,Guandong,Limited liability company (Natural person investment or holding),1042.0,2000.0,Construction industry,4.0,2.0,0.0,0.0,0.0,0.0,2.0,0.0,1.0,0.0,0.0,0.0,10.0,0.0,0.0,0.0,0.0,0.0,0.0,0.0,0.0,0.0,0.0,0.0,0.0,0.0,0.0,0.0,0.0,0.0,0.0,0.0,0.0,0.0,0.0,0.0,0.0,0.0,0.0,0.0,0.0,0.0,0.0,0.0,0.0,0.0,0.0,0.0,0.0,0.0,0.0,0.0,0.0,20.0,13.0,,20.0,13.0,,20.0,13.0,,20.0,13.0,,20.0,13.0,,0.0,0.0,0.0,0.0,0.0,0.0,0.0,0.0,0.0,0.0,0.0,0.0,0.0
407.0,0,1800.0,Guandong,Limited liability company (Natural person investment or holding),805.0,437.06,Wholesale and retail,3.0,2.0,0.0,0.0,0.0,0.0,0.0,4.0,,0.0,0.0,0.0,0.0,0.0,5.0,0.0,0.0,0.0,0.0,0.0,0.0,0.0,0.0,0.0,0.0,0.0,0.0,0.0,0.0,0.0,0.0,0.0,0.0,0.0,0.0,0.0,0.0,0.0,0.0,0.0,0.0,0.0,0.0,0.0,0.0,0.0,0.0,0.0,0.0,0.0,0.0,0.0,0.0,17.0,30.0,,17.0,30.0,,17.0,30.0,,17.0,30.0,,17.0,30.0,,0.0,0.0,0.0,0.0,0.0,0.0,0.0,0.0,0.0,0.0,0.0,0.0,0.0
408.0,0,10000.8,Guandong,Limited liability company (Natural person investment or holding),11250.0,2128.0,Construction industry,4.0,3.0,11.0,1.0,0.0,2.0,4.0,5.0,9.0,0.0,0.0,0.0,0.0,0.0,1.0,0.0,0.0,0.0,0.0,0.0,0.0,0.0,0.0,0.0,0.0,0.0,0.0,0.0,0.0,0.0,0.0,0.0,1.0,3.0,0.0,0.0,0.0,0.0,0.0,4.0,1.0,0.0,0.0,0.0,0.0,0.0,0.0,0.0,0.0,0.0,0.0,0.0,0.0,33.0,,30.0,33.0,,30.0,33.0,,30.0,33.0,,30.0,33.0,,30.0,0.0,0.0,0.0,0.0,1.0,0.0,0.0,0.0,0.0,0.0,1.0,3.0,1.0
409.0,0,10280.0,Guandong,Limited liability company (Natural person investment or holding),1043.0,0.0,Construction industry,2.0,2.0,0.0,0.0,0.0,2.0,7.0,14.0,2.0,0.0,0.0,0.0,3.0,3.0,0.0,0.0,0.0,0.0,0.0,0.0,0.0,0.0,0.0,0.0,0.0,0.0,0.0,0.0,0.0,0.0,0.0,0.0,3.0,0.0,0.0,0.0,0.0,0.0,0.0,0.0,0.0,0.0,0.0,0.0,0.0,0.0,0.0,0.0,0.0,0.0,0.0,0.0,0.0,38.0,26.0,0.0,38.0,26.0,0.0,38.0,26.0,0.0,38.0,26.0,0.0,38.0,26.0,0.0,0.0,0.0,0.0,0.0,0.0,0.0,0.0,0.0,0.0,0.0,0.0,0.0,0.0
410.0,0,16000.0,Guandong,Other limited liability companies,5582.0,600.0,Construction industry,2.0,2.0,23.0,3.0,2.0,0.0,3.0,9.0,1.0,0.0,0.0,0.0,0.0,0.0,4.0,0.0,0.0,0.0,0.0,0.0,0.0,0.0,0.0,0.0,0.0,0.0,0.0,0.0,0.0,0.0,0.0,0.0,0.0,0.0,0.0,0.0,0.0,0.0,0.0,0.0,0.0,0.0,0.0,0.0,0.0,0.0,0.0,0.0,0.0,0.0,0.0,0.0,0.0,35.0,22.0,22.0,35.0,22.0,22.0,36.0,22.0,22.0,35.0,22.0,22.0,35.0,22.0,22.0,0.0,0.0,0.0,0.0,0.0,0.0,0.0,0.0,0.0,0.0,0.0,2.0,2.0
411.0,0,5000.0,Guandong,Limited liability company (Natural person investment or holding),1703.0,1000.0,Construction industry,2.0,2.0,0.0,3.0,8.0,3.0,4.0,5.0,,0.0,0.0,0.0,0.0,0.0,3.0,0.0,0.0,0.0,0.0,0.0,0.0,0.0,0.0,0.0,0.0,0.0,0.0,0.0,0.0,0.0,0.0,0.0,0.0,0.0,0.0,0.0,0.0,0.0,0.0,0.0,0.0,0.0,0.0,0.0,0.0,0.0,0.0,0.0,0.0,0.0,0.0,0.0,0.0,48.0,43.0,41.0,48.0,43.0,41.0,48.0,43.0,41.0,48.0,43.0,41.0,48.0,43.0,41.0,0.0,0.0,0.0,0.0,0.0,0.0,0.0,0.0,0.0,0.0,0.0,0.0,2.0
412.0,0,1000.0,Guandong,Limited liability company (Natural person investment or holding),3802.0,1000.0,Construction industry,2.0,2.0,9.0,0.0,3.0,0.0,14.0,8.0,5.0,0.0,0.0,0.0,0.0,0.0,3.0,0.0,0.0,0.0,0.0,0.0,0.0,0.0,0.0,0.0,0.0,0.0,0.0,0.0,0.0,0.0,0.0,0.0,0.0,2.0,0.0,0.0,0.0,0.0,0.0,0.0,2.0,0.0,0.0,0.0,0.0,0.0,0.0,0.0,0.0,0.0,0.0,0.0,0.0,24.0,23.0,5.0,24.0,23.0,20.0,24.0,23.0,20.0,24.0,23.0,20.0,24.0,23.0,20.0,0.0,0.0,0.0,0.0,0.0,0.0,0.0,0.0,0.0,0.0,0.0,0.0,1.0
413.0,0,2000.0,Guandong,Limited liability company (Natural person investment or holding),2036.0,0.0,Construction industry,2.0,2.0,0.0,0.0,4.0,1.0,0.0,3.0,,0.0,0.0,0.0,0.0,0.0,0.0,0.0,0.0,0.0,0.0,0.0,0.0,0.0,0.0,0.0,0.0,0.0,0.0,0.0,0.0,0.0,0.0,0.0,0.0,1.0,0.0,0.0,0.0,0.0,0.0,0.0,0.0,0.0,0.0,0.0,0.0,0.0,0.0,0.0,0.0,0.0,0.0,0.0,0.0,14.0,9.0,4.0,14.0,9.0,4.0,14.0,9.0,4.0,14.0,9.0,4.0,14.0,9.0,4.0,0.0,0.0,0.0,0.0,0.0,0.0,0.0,0.0,0.0,0.0,0.0,0.0,0.0
414.0,0,1000.0,Guandong,Limited liability company (Natural person investment or holding),1929.0,359.0,"Electricity, heat, gas and water production and supply",2.0,3.0,0.0,0.0,4.0,2.0,2.0,0.0,,0.0,3.0,0.0,0.0,3.0,0.0,0.0,0.0,0.0,0.0,0.0,0.0,0.0,0.0,0.0,0.0,0.0,0.0,0.0,0.0,0.0,0.0,0.0,0.0,0.0,0.0,0.0,0.0,0.0,0.0,0.0,0.0,0.0,0.0,0.0,0.0,0.0,0.0,0.0,0.0,0.0,0.0,0.0,0.0,23.0,21.0,19.0,23.0,21.0,19.0,23.0,21.0,19.0,23.0,21.0,19.0,23.0,21.0,19.0,0.0,0.0,0.0,0.0,0.0,0.0,0.0,0.0,0.0,0.0,1.0,1.0,0.0
415.0,0,3090.0,Guandong,Limited liability company (sole proprietorship of legal person invested or controlled by non natural person),924.0,3090.0,Construction industry,1.0,3.0,0.0,0.0,0.0,0.0,5.0,3.0,1.0,0.0,0.0,0.0,0.0,0.0,13.0,0.0,0.0,0.0,0.0,0.0,0.0,0.0,0.0,0.0,0.0,0.0,0.0,0.0,0.0,0.0,0.0,0.0,0.0,0.0,0.0,0.0,0.0,0.0,0.0,0.0,0.0,0.0,0.0,0.0,0.0,0.0,0.0,0.0,0.0,0.0,0.0,0.0,0.0,0.0,0.0,0.0,0.0,0.0,0.0,0.0,0.0,0.0,0.0,0.0,0.0,0.0,0.0,0.0,0.0,0.0,0.0,0.0,0.0,0.0,0.0,0.0,0.0,0.0,0.0,0.0,0.0
416.0,0,2200.0,Guandong,Limited liability company (sole proprietorship of natural person),5849.0,2200.0,Leasing and business services,1.0,2.0,15.0,0.0,1.0,4.0,2.0,0.0,2.0,0.0,0.0,0.0,0.0,0.0,0.0,0.0,0.0,0.0,0.0,0.0,0.0,0.0,0.0,0.0,0.0,0.0,0.0,0.0,0.0,0.0,0.0,0.0,0.0,0.0,0.0,0.0,0.0,0.0,0.0,0.0,0.0,0.0,0.0,0.0,0.0,0.0,0.0,0.0,0.0,0.0,0.0,0.0,0.0,35.0,32.0,31.0,35.0,32.0,31.0,35.0,32.0,31.0,35.0,32.0,31.0,35.0,32.0,31.0,0.0,0.0,0.0,0.0,2.0,5.0,1.0,0.0,0.0,2.0,6.0,4.0,2.0
417.0,0,5000.0,Guandong,Limited liability company (sole proprietorship of natural person),928.0,0.0,Construction industry,1.0,2.0,0.0,0.0,0.0,0.0,0.0,0.0,,0.0,0.0,0.0,0.0,0.0,3.0,0.0,0.0,0.0,0.0,0.0,0.0,0.0,0.0,0.0,0.0,0.0,0.0,0.0,1.0,0.0,0.0,0.0,0.0,0.0,0.0,0.0,0.0,0.0,0.0,0.0,0.0,0.0,0.0,0.0,0.0,0.0,0.0,0.0,0.0,0.0,0.0,0.0,0.0,12.0,,1.0,12.0,,1.0,12.0,,1.0,12.0,,1.0,12.0,,1.0,0.0,0.0,0.0,0.0,0.0,0.0,0.0,0.0,0.0,0.0,0.0,0.0,0.0
418.0,0,1000.0,Guandong,Limited liability company (sole proprietorship of natural person),5566.0,1000.0,Construction industry,1.0,2.0,27.0,0.0,3.0,0.0,0.0,0.0,1.0,0.0,0.0,0.0,1.0,0.0,0.0,1.0,0.0,0.0,0.0,0.0,0.0,0.0,0.0,0.0,0.0,0.0,0.0,0.0,0.0,0.0,0.0,0.0,0.0,2.0,0.0,0.0,0.0,0.0,0.0,0.0,0.0,0.0,0.0,0.0,0.0,0.0,0.0,0.0,0.0,0.0,0.0,0.0,0.0,0.0,0.0,12.0,0.0,0.0,12.0,0.0,0.0,12.0,0.0,0.0,12.0,0.0,0.0,12.0,0.0,0.0,0.0,0.0,3.0,1.0,0.0,0.0,0.0,2.0,3.0,1.0,0.0
419.0,0,2000.0,Guandong,Limited liability company (Natural person investment or holding),784.0,440.93,Construction industry,2.0,2.0,0.0,0.0,0.0,0.0,14.0,9.0,1.0,0.0,0.0,0.0,0.0,0.0,0.0,0.0,0.0,0.0,0.0,0.0,0.0,0.0,0.0,0.0,0.0,0.0,0.0,0.0,0.0,0.0,0.0,0.0,0.0,0.0,0.0,0.0,0.0,0.0,0.0,0.0,0.0,0.0,0.0,0.0,0.0,0.0,0.0,0.0,0.0,0.0,0.0,0.0,0.0,1.0,0.0,,1.0,0.0,,1.0,0.0,,1.0,0.0,,1.0,0.0,,0.0,0.0,0.0,0.0,0.0,0.0,0.0,0.0,0.0,0.0,0.0,0.0,0.0
420.0,0,5000.0,Guandong,Limited liability company (Natural person investment or holding),2990.0,5000.0,Construction industry,4.0,2.0,1.0,10.0,2.0,0.0,0.0,7.0,3.0,0.0,0.0,0.0,0.0,0.0,0.0,0.0,0.0,0.0,0.0,0.0,0.0,0.0,0.0,0.0,0.0,0.0,0.0,0.0,0.0,0.0,0.0,0.0,0.0,0.0,0.0,0.0,0.0,0.0,0.0,0.0,0.0,0.0,0.0,0.0,0.0,0.0,0.0,0.0,0.0,6.0,0.0,3.0,0.0,57.0,57.0,36.0,57.0,57.0,63.0,57.0,57.0,63.0,57.0,57.0,63.0,57.0,57.0,63.0,0.0,0.0,0.0,0.0,0.0,0.0,0.0,0.0,0.0,0.0,1.0,2.0,2.0
421.0,0,2000.0,Guandong,Limited liability company (Natural person investment or holding),1334.0,1300.0,Construction industry,2.0,2.0,0.0,0.0,0.0,4.0,0.0,4.0,,0.0,0.0,0.0,0.0,0.0,0.0,0.0,0.0,0.0,0.0,0.0,0.0,0.0,0.0,0.0,0.0,0.0,0.0,0.0,0.0,0.0,0.0,0.0,0.0,0.0,0.0,0.0,0.0,0.0,0.0,0.0,0.0,0.0,0.0,0.0,0.0,0.0,0.0,0.0,0.0,0.0,0.0,0.0,0.0,77.0,63.0,11.0,77.0,63.0,11.0,77.0,63.0,11.0,77.0,63.0,11.0,77.0,63.0,11.0,0.0,0.0,0.0,0.0,0.0,0.0,0.0,0.0,0.0,0.0,1.0,4.0,1.0
422.0,0,2000.0,Guandong,Limited liability company (sole proprietorship of natural person),2698.0,2000.0,Leasing and business services,1.0,2.0,0.0,6.0,0.0,6.0,0.0,3.0,1.0,0.0,0.0,0.0,0.0,0.0,2.0,0.0,0.0,0.0,0.0,0.0,0.0,0.0,0.0,0.0,0.0,0.0,0.0,0.0,0.0,0.0,0.0,0.0,0.0,1.0,0.0,0.0,0.0,0.0,0.0,0.0,0.0,0.0,0.0,0.0,0.0,0.0,0.0,0.0,0.0,0.0,0.0,0.0,0.0,,10.0,8.0,,10.0,8.0,,10.0,8.0,,10.0,8.0,,10.0,8.0,0.0,0.0,0.0,0.0,0.0,0.0,0.0,0.0,0.0,0.0,0.0,0.0,2.0
423.0,0,3200.0,Guandong,Limited liability company (Natural person investment or holding),2808.0,3200.0,Construction industry,2.0,2.0,1.0,1.0,0.0,2.0,4.0,4.0,,0.0,0.0,0.0,0.0,0.0,0.0,0.0,0.0,0.0,0.0,0.0,0.0,0.0,0.0,0.0,0.0,0.0,0.0,0.0,0.0,0.0,0.0,0.0,0.0,0.0,0.0,0.0,0.0,0.0,0.0,0.0,0.0,0.0,0.0,0.0,0.0,0.0,0.0,0.0,0.0,0.0,0.0,0.0,0.0,5.0,4.0,5.0,5.0,4.0,5.0,5.0,4.0,5.0,5.0,4.0,5.0,5.0,4.0,5.0,0.0,0.0,0.0,1.0,1.0,1.0,0.0,1.0,1.0,1.0,1.0,2.0,0.0
424.0,0,1000.0,Guandong,Limited liability company (Natural person investment or holding),4975.0,1000.0,Wholesale and retail,2.0,2.0,4.0,9.0,0.0,1.0,3.0,0.0,1.0,0.0,0.0,0.0,0.0,1.0,0.0,2.0,1.0,1.0,0.0,0.0,0.0,0.0,0.0,0.0,0.0,0.0,0.0,0.0,0.0,0.0,0.0,0.0,0.0,0.0,2.0,0.0,0.0,0.0,0.0,0.0,0.0,0.0,0.0,0.0,0.0,0.0,0.0,0.0,0.0,0.0,0.0,0.0,4.0,,32.0,25.0,,32.0,25.0,,32.0,25.0,,32.0,25.0,,32.0,25.0,0.0,0.0,1.0,0.0,2.0,0.0,1.0,1.0,1.0,1.0,2.0,0.0,2.0
425.0,0,25168.0,Guandong,Limited liability company (sole proprietorship of natural person),9750.0,25168.0,Construction industry,1.0,3.0,46.0,6.0,0.0,5.0,0.0,0.0,1.0,0.0,0.0,0.0,0.0,0.0,0.0,0.0,0.0,0.0,0.0,0.0,0.0,0.0,0.0,0.0,0.0,0.0,0.0,0.0,0.0,11.0,1.0,1.0,0.0,0.0,0.0,0.0,0.0,0.0,0.0,0.0,0.0,0.0,0.0,0.0,0.0,0.0,0.0,0.0,0.0,0.0,0.0,0.0,0.0,47.0,47.0,47.0,47.0,47.0,47.0,47.0,47.0,47.0,47.0,47.0,47.0,47.0,47.0,47.0,0.0,0.0,0.0,5.0,1.0,2.0,0.0,5.0,1.0,1.0,1.0,0.0,2.0
426.0,0,5000.0,Guandong,Limited liability company (Natural person investment or holding),1058.0,0.0,Construction industry,3.0,2.0,0.0,0.0,0.0,2.0,23.0,0.0,3.0,0.0,0.0,0.0,0.0,0.0,3.0,0.0,0.0,0.0,0.0,0.0,0.0,0.0,0.0,0.0,0.0,0.0,0.0,0.0,0.0,0.0,0.0,0.0,0.0,0.0,2.0,0.0,0.0,0.0,0.0,0.0,6.0,0.0,0.0,0.0,0.0,0.0,0.0,0.0,0.0,0.0,0.0,0.0,4.0,39.0,0.0,0.0,39.0,0.0,0.0,39.0,0.0,0.0,39.0,0.0,0.0,39.0,0.0,0.0,0.0,0.0,0.0,0.0,0.0,0.0,0.0,0.0,0.0,0.0,0.0,0.0,0.0
427.0,0,13848.0,Guandong,Limited liability company (Natural person investment or holding),4229.0,0.0,Construction industry,2.0,2.0,14.0,5.0,21.0,10.0,7.0,5.0,12.0,0.0,0.0,0.0,0.0,0.0,0.0,0.0,0.0,0.0,0.0,0.0,0.0,0.0,0.0,0.0,0.0,0.0,0.0,0.0,0.0,2.0,0.0,0.0,0.0,0.0,2.0,0.0,0.0,0.0,0.0,0.0,1.0,0.0,0.0,0.0,0.0,0.0,0.0,0.0,0.0,0.0,0.0,0.0,0.0,,80.0,56.0,,80.0,56.0,,80.0,56.0,,80.0,56.0,,80.0,56.0,0.0,0.0,0.0,1.0,1.0,0.0,0.0,0.0,4.0,0.0,3.0,5.0,3.0
428.0,0,4700.0,Guangxi,Limited liability company (Natural person investment or holding),1596.0,85.0,Leasing and business services,2.0,3.0,0.0,0.0,8.0,8.0,3.0,0.0,4.0,0.0,0.0,0.0,0.0,0.0,10.0,0.0,0.0,0.0,0.0,0.0,0.0,0.0,0.0,0.0,0.0,0.0,0.0,0.0,0.0,0.0,0.0,1.0,0.0,5.0,2.0,0.0,0.0,0.0,0.0,0.0,0.0,0.0,0.0,0.0,0.0,0.0,0.0,0.0,0.0,0.0,0.0,0.0,0.0,11.0,5.0,7.0,11.0,5.0,7.0,11.0,5.0,7.0,11.0,5.0,7.0,11.0,5.0,7.0,0.0,0.0,0.0,0.0,0.0,0.0,0.0,0.0,0.0,0.0,0.0,0.0,1.0
429.0,0,2000.0,Guangxi,Limited liability company (Natural person investment or holding),2424.0,1080.0,Construction industry,3.0,2.0,0.0,0.0,10.0,0.0,1.0,0.0,,0.0,0.0,2.0,0.0,0.0,0.0,0.0,0.0,0.0,0.0,0.0,0.0,0.0,0.0,0.0,0.0,0.0,0.0,0.0,0.0,0.0,0.0,0.0,0.0,0.0,0.0,0.0,0.0,0.0,0.0,0.0,0.0,0.0,0.0,0.0,0.0,0.0,0.0,0.0,0.0,0.0,0.0,0.0,0.0,0.0,0.0,0.0,0.0,0.0,0.0,0.0,0.0,0.0,0.0,0.0,0.0,0.0,0.0,0.0,0.0,0.0,2.0,5.0,4.0,4.0,0.0,0.0,4.0,4.0,1.0,3.0,0.0
430.0,0,1000.0,Guangxi,Limited liability company (Natural person investment or holding),2216.0,500.0,Construction industry,2.0,2.0,0.0,6.0,0.0,0.0,4.0,7.0,,0.0,0.0,0.0,0.0,0.0,0.0,0.0,0.0,0.0,0.0,0.0,0.0,0.0,0.0,0.0,0.0,0.0,0.0,0.0,0.0,0.0,0.0,0.0,0.0,0.0,0.0,0.0,0.0,0.0,0.0,0.0,0.0,0.0,0.0,0.0,0.0,0.0,0.0,0.0,0.0,0.0,0.0,0.0,0.0,14.0,15.0,15.0,14.0,15.0,15.0,14.0,14.0,15.0,14.0,15.0,15.0,14.0,15.0,15.0,0.0,0.0,0.0,0.0,0.0,1.0,0.0,0.0,0.0,0.0,0.0,0.0,0.0
431.0,0,4300.0,Guangxi,Limited liability company (sole proprietorship of natural person),1773.0,0.0,Construction industry,1.0,2.0,0.0,2.0,0.0,4.0,3.0,0.0,2.0,0.0,0.0,0.0,0.0,6.0,0.0,0.0,0.0,0.0,0.0,0.0,0.0,0.0,0.0,0.0,0.0,0.0,0.0,0.0,0.0,0.0,0.0,0.0,0.0,1.0,0.0,0.0,0.0,0.0,0.0,0.0,0.0,0.0,0.0,0.0,0.0,0.0,1.0,0.0,0.0,0.0,0.0,0.0,0.0,0.0,0.0,0.0,0.0,0.0,0.0,0.0,0.0,0.0,0.0,0.0,0.0,0.0,0.0,0.0,0.0,0.0,0.0,0.0,0.0,0.0,0.0,0.0,0.0,0.0,0.0,0.0,0.0
432.0,0,5000.0,Guangxi,Limited liability company (Natural person investment or holding),2395.0,1335.0,Construction industry,2.0,3.0,2.0,4.0,1.0,1.0,0.0,1.0,8.0,0.0,0.0,0.0,9.0,0.0,0.0,0.0,0.0,0.0,0.0,0.0,0.0,0.0,0.0,0.0,0.0,0.0,0.0,0.0,0.0,0.0,0.0,0.0,0.0,0.0,0.0,0.0,0.0,0.0,0.0,0.0,0.0,0.0,0.0,0.0,0.0,0.0,0.0,0.0,0.0,0.0,0.0,0.0,0.0,16.0,11.0,2.0,16.0,11.0,2.0,16.0,11.0,2.0,16.0,11.0,2.0,16.0,11.0,0.0,0.0,0.0,0.0,0.0,0.0,0.0,0.0,0.0,0.0,0.0,0.0,0.0,1.0
433.0,0,2016.0,Guangxi,Limited liability company (Natural person investment or holding),1911.0,2016.0,Construction industry,2.0,2.0,0.0,0.0,0.0,1.0,3.0,0.0,,0.0,0.0,0.0,0.0,0.0,0.0,0.0,0.0,0.0,0.0,0.0,0.0,0.0,0.0,0.0,0.0,0.0,0.0,0.0,0.0,0.0,0.0,0.0,0.0,0.0,0.0,0.0,0.0,0.0,0.0,0.0,0.0,0.0,0.0,0.0,0.0,0.0,0.0,0.0,0.0,0.0,0.0,0.0,0.0,10.0,2.0,1.0,10.0,2.0,1.0,10.0,2.0,1.0,10.0,2.0,1.0,10.0,2.0,1.0,0.0,0.0,0.0,0.0,0.0,0.0,0.0,0.0,0.0,0.0,0.0,0.0,0.0
434.0,0,5000.0,Guangxi,Limited liability company (Natural person investment or holding),1360.0,50.0,Construction industry,2.0,2.0,0.0,0.0,0.0,1.0,4.0,0.0,1.0,0.0,0.0,0.0,0.0,3.0,0.0,0.0,0.0,0.0,0.0,0.0,0.0,0.0,0.0,0.0,0.0,0.0,0.0,0.0,0.0,0.0,0.0,0.0,0.0,0.0,0.0,0.0,0.0,0.0,0.0,0.0,0.0,0.0,0.0,0.0,0.0,0.0,0.0,0.0,0.0,0.0,0.0,0.0,0.0,16.0,4.0,4.0,16.0,4.0,4.0,16.0,4.0,4.0,16.0,4.0,4.0,16.0,4.0,4.0,0.0,0.0,0.0,0.0,0.0,0.0,0.0,0.0,0.0,0.0,0.0,0.0,0.0
435.0,0,500.0,Guangxi,Limited liability company (Natural person investment or holding),3654.0,300.0,Leasing and business services,3.0,1.0,2.0,2.0,1.0,0.0,0.0,7.0,,0.0,0.0,1.0,0.0,0.0,1.0,0.0,0.0,0.0,0.0,0.0,0.0,0.0,0.0,0.0,0.0,0.0,0.0,0.0,0.0,0.0,0.0,0.0,0.0,0.0,0.0,0.0,0.0,0.0,0.0,0.0,0.0,0.0,0.0,0.0,0.0,0.0,0.0,0.0,0.0,0.0,0.0,0.0,0.0,8.0,8.0,7.0,8.0,8.0,7.0,8.0,8.0,7.0,8.0,8.0,7.0,8.0,8.0,7.0,0.0,0.0,0.0,0.0,0.0,0.0,0.0,0.0,0.0,0.0,0.0,0.0,3.0
436.0,0,2600.0,Guangxi,Limited liability company (sole proprietorship of legal person invested or controlled by non natural person),1112.0,0.0,Construction industry,1.0,3.0,0.0,0.0,0.0,11.0,0.0,0.0,,0.0,0.0,0.0,0.0,0.0,0.0,0.0,0.0,0.0,0.0,0.0,0.0,0.0,0.0,0.0,0.0,0.0,0.0,0.0,1.0,0.0,0.0,0.0,0.0,0.0,0.0,0.0,0.0,0.0,0.0,0.0,0.0,0.0,0.0,0.0,0.0,0.0,0.0,0.0,0.0,0.0,0.0,0.0,0.0,18.0,0.0,1.0,18.0,0.0,1.0,18.0,0.0,1.0,18.0,0.0,1.0,18.0,0.0,1.0,0.0,0.0,0.0,0.0,0.0,0.0,0.0,0.0,0.0,0.0,0.0,0.0,0.0
437.0,0,5000.0,Guangxi,Limited liability company (Natural person investment or holding),7261.0,3188.0,Construction industry,2.0,2.0,27.0,9.0,0.0,1.0,5.0,3.0,1.0,0.0,0.0,0.0,0.0,0.0,0.0,0.0,0.0,0.0,0.0,0.0,0.0,0.0,0.0,0.0,0.0,0.0,0.0,0.0,1.0,0.0,0.0,0.0,0.0,2.0,0.0,0.0,0.0,0.0,0.0,0.0,0.0,0.0,0.0,0.0,0.0,0.0,0.0,0.0,0.0,0.0,0.0,0.0,0.0,37.0,3.0,5.0,37.0,3.0,5.0,37.0,3.0,5.0,37.0,3.0,5.0,37.0,3.0,5.0,0.0,0.0,0.0,0.0,1.0,0.0,0.0,0.0,0.0,0.0,1.0,4.0,0.0
438.0,0,5000.0,Guangxi,Limited liability company (Natural person investment or holding),2460.0,5000.0,Construction industry,2.0,2.0,10.0,0.0,0.0,0.0,0.0,8.0,9.0,0.0,0.0,0.0,0.0,0.0,37.0,0.0,0.0,0.0,0.0,0.0,3.0,0.0,0.0,0.0,0.0,0.0,0.0,0.0,0.0,0.0,0.0,0.0,0.0,0.0,0.0,0.0,0.0,0.0,0.0,0.0,0.0,0.0,0.0,0.0,0.0,0.0,0.0,0.0,0.0,0.0,0.0,0.0,0.0,0.0,0.0,0.0,0.0,0.0,0.0,0.0,0.0,0.0,0.0,0.0,0.0,0.0,0.0,0.0,0.0,0.0,0.0,0.0,0.0,24.0,0.0,0.0,1.0,4.0,0.0,7.0,1.0
439.0,0,1000.0,Guangxi,Limited liability company (sole proprietorship of legal person invested or controlled by natural person),1247.0,285.96396,Construction industry,1.0,4.0,0.0,0.0,0.0,7.0,4.0,8.0,1.0,0.0,0.0,0.0,0.0,7.0,0.0,0.0,0.0,0.0,0.0,0.0,0.0,0.0,0.0,0.0,0.0,0.0,0.0,0.0,0.0,0.0,0.0,0.0,0.0,0.0,0.0,0.0,0.0,0.0,0.0,0.0,0.0,0.0,0.0,0.0,0.0,0.0,0.0,0.0,0.0,0.0,0.0,0.0,0.0,21.0,12.0,0.0,21.0,12.0,0.0,21.0,12.0,0.0,21.0,12.0,0.0,21.0,12.0,0.0,0.0,0.0,0.0,0.0,0.0,0.0,0.0,0.0,0.0,0.0,0.0,0.0,0.0
440.0,0,5000.0,Guangxi,Limited liability company (Natural person investment or holding),1422.0,0.0,Construction industry,3.0,3.0,0.0,0.0,2.0,17.0,4.0,15.0,,0.0,0.0,0.0,0.0,0.0,14.0,0.0,0.0,0.0,0.0,0.0,0.0,0.0,0.0,0.0,0.0,0.0,0.0,0.0,0.0,0.0,0.0,0.0,0.0,0.0,0.0,0.0,0.0,0.0,0.0,0.0,0.0,0.0,0.0,0.0,0.0,0.0,0.0,0.0,0.0,0.0,0.0,0.0,0.0,29.0,22.0,0.0,29.0,22.0,0.0,29.0,22.0,0.0,29.0,22.0,0.0,29.0,22.0,0.0,0.0,0.0,0.0,0.0,0.0,0.0,0.0,0.0,0.0,0.0,0.0,1.0,0.0
441.0,0,16000.0,Guangxi,Limited liability company (Natural person investment or holding),4417.0,6000.0,Construction industry,2.0,2.0,46.0,0.0,0.0,4.0,0.0,3.0,1.0,0.0,0.0,0.0,0.0,0.0,0.0,0.0,0.0,0.0,0.0,0.0,0.0,0.0,0.0,0.0,0.0,0.0,0.0,0.0,0.0,0.0,0.0,0.0,0.0,0.0,0.0,0.0,0.0,0.0,0.0,0.0,0.0,0.0,0.0,0.0,0.0,0.0,0.0,0.0,0.0,0.0,0.0,0.0,0.0,34.0,25.0,18.0,34.0,25.0,18.0,34.0,25.0,18.0,34.0,25.0,18.0,34.0,25.0,18.0,0.0,0.0,0.0,0.0,1.0,0.0,0.0,0.0,0.0,0.0,0.0,0.0,2.0
442.0,0,6000.0,Guangxi,Limited liability company (sole proprietorship of legal person invested or controlled by natural person),4171.0,6000.0,Leasing and business services,1.0,2.0,2.0,1.0,5.0,2.0,12.0,0.0,8.0,0.0,0.0,0.0,0.0,0.0,3.0,0.0,0.0,0.0,0.0,0.0,0.0,0.0,0.0,0.0,0.0,0.0,0.0,0.0,0.0,0.0,0.0,0.0,0.0,0.0,0.0,0.0,0.0,0.0,0.0,0.0,0.0,0.0,0.0,0.0,0.0,0.0,0.0,0.0,0.0,0.0,0.0,0.0,0.0,48.0,36.0,26.0,48.0,36.0,26.0,48.0,36.0,26.0,48.0,36.0,26.0,48.0,36.0,26.0,0.0,0.0,0.0,0.0,0.0,0.0,0.0,0.0,0.0,0.0,0.0,0.0,2.0
443.0,0,2000.0,Guangxi,Limited liability company (Natural person investment or holding),904.0,0.0,Construction industry,2.0,2.0,0.0,0.0,0.0,4.0,16.0,0.0,,0.0,0.0,0.0,0.0,18.0,0.0,0.0,0.0,0.0,0.0,0.0,0.0,0.0,0.0,0.0,0.0,0.0,0.0,0.0,0.0,0.0,0.0,0.0,0.0,0.0,0.0,0.0,0.0,0.0,0.0,0.0,0.0,0.0,0.0,0.0,0.0,0.0,0.0,0.0,0.0,0.0,0.0,0.0,0.0,,0.0,0.0,,0.0,0.0,,0.0,0.0,,0.0,0.0,,0.0,0.0,0.0,0.0,0.0,0.0,0.0,0.0,0.0,0.0,0.0,0.0,0.0,0.0,0.0
444.0,0,3000.0,Guangxi,Limited liability company (Natural person investment or holding),5487.0,368.0,Manufacturing,2.0,2.0,23.0,6.0,1.0,0.0,9.0,3.0,1.0,0.0,0.0,0.0,0.0,3.0,2.0,0.0,0.0,0.0,0.0,0.0,0.0,0.0,0.0,0.0,0.0,0.0,0.0,0.0,0.0,0.0,0.0,0.0,0.0,0.0,0.0,0.0,0.0,0.0,0.0,2.0,0.0,0.0,0.0,0.0,0.0,0.0,0.0,0.0,0.0,0.0,0.0,8.0,0.0,18.0,15.0,8.0,18.0,15.0,8.0,18.0,15.0,8.0,18.0,15.0,8.0,18.0,15.0,8.0,0.0,0.0,1.0,0.0,0.0,1.0,0.0,0.0,0.0,0.0,0.0,0.0,0.0
445.0,0,2188.0,Guangxi,Limited liability company (Natural person investment or holding),1310.0,2188.0,Construction industry,2.0,3.0,0.0,0.0,2.0,5.0,0.0,0.0,1.0,0.0,0.0,0.0,9.0,0.0,0.0,0.0,0.0,0.0,0.0,0.0,0.0,0.0,0.0,0.0,0.0,0.0,0.0,0.0,0.0,0.0,0.0,0.0,0.0,0.0,0.0,0.0,0.0,0.0,0.0,0.0,0.0,0.0,0.0,0.0,0.0,0.0,0.0,0.0,0.0,0.0,0.0,0.0,0.0,10.0,11.0,3.0,10.0,11.0,3.0,10.0,11.0,3.0,10.0,11.0,3.0,10.0,11.0,3.0,0.0,0.0,0.0,0.0,0.0,0.0,0.0,0.0,0.0,0.0,0.0,0.0,0.0
446.0,0,2000.0,Guangxi,Limited liability company (sole proprietorship of natural person),5012.0,2000.0,"Residential services, repair and other services",1.0,2.0,26.0,0.0,5.0,3.0,1.0,3.0,,0.0,0.0,0.0,0.0,4.0,0.0,1.0,0.0,0.0,0.0,0.0,0.0,0.0,0.0,0.0,0.0,0.0,0.0,0.0,0.0,0.0,0.0,0.0,0.0,0.0,1.0,0.0,0.0,0.0,0.0,0.0,0.0,0.0,0.0,0.0,0.0,0.0,0.0,0.0,0.0,0.0,0.0,0.0,0.0,17.0,10.0,5.0,17.0,10.0,5.0,17.0,10.0,5.0,17.0,10.0,5.0,17.0,10.0,5.0,0.0,0.0,0.0,0.0,0.0,0.0,0.0,0.0,0.0,0.0,0.0,0.0,1.0
447.0,0,3000.0,Guangxi,Limited liability company (Natural person investment or holding),11318.0,3000.0,Construction industry,2.0,2.0,41.0,1.0,1.0,0.0,2.0,0.0,3.0,0.0,0.0,3.0,0.0,4.0,0.0,0.0,0.0,0.0,0.0,0.0,0.0,0.0,0.0,0.0,0.0,0.0,0.0,0.0,0.0,0.0,0.0,0.0,0.0,0.0,0.0,0.0,0.0,0.0,0.0,0.0,0.0,0.0,0.0,0.0,0.0,0.0,0.0,0.0,0.0,0.0,0.0,0.0,0.0,28.0,23.0,23.0,28.0,23.0,23.0,25.0,23.0,23.0,28.0,23.0,23.0,25.0,22.0,22.0,0.0,0.0,4.0,1.0,0.0,0.0,1.0,1.0,0.0,1.0,0.0,0.0,2.0
448.0,0,6000.0,Guangxi,Limited liability company (Natural person investment or holding),1355.0,0.0,Construction industry,2.0,3.0,0.0,0.0,5.0,6.0,4.0,12.0,,0.0,0.0,0.0,0.0,0.0,0.0,0.0,0.0,0.0,0.0,0.0,0.0,0.0,0.0,0.0,0.0,0.0,0.0,0.0,0.0,0.0,0.0,0.0,0.0,0.0,0.0,0.0,0.0,0.0,0.0,0.0,0.0,0.0,0.0,0.0,0.0,0.0,0.0,0.0,0.0,0.0,0.0,0.0,0.0,0.0,0.0,0.0,0.0,0.0,0.0,0.0,0.0,0.0,0.0,0.0,0.0,0.0,0.0,0.0,0.0,0.0,0.0,0.0,0.0,0.0,0.0,0.0,0.0,0.0,0.0,0.0,0.0
449.0,0,1000.0,Guangxi,Limited liability company (Natural person investment or holding),3627.0,0.0,Construction industry,2.0,3.0,20.0,4.0,0.0,0.0,3.0,3.0,,0.0,0.0,1.0,0.0,0.0,0.0,0.0,0.0,0.0,0.0,0.0,0.0,0.0,0.0,0.0,0.0,0.0,0.0,0.0,0.0,0.0,0.0,0.0,0.0,0.0,0.0,0.0,0.0,0.0,0.0,0.0,0.0,0.0,0.0,0.0,0.0,0.0,0.0,0.0,0.0,0.0,0.0,0.0,0.0,20.0,18.0,10.0,20.0,18.0,10.0,20.0,18.0,10.0,20.0,18.0,10.0,20.0,18.0,10.0,0.0,0.0,0.0,0.0,0.0,0.0,0.0,0.0,0.0,0.0,0.0,0.0,0.0
450.0,1,3000.0,Guangxi,Limited liability company (Natural person investment or holding),574.0,30.0,Construction industry,2.0,4.0,0.0,0.0,0.0,0.0,0.0,10.0,1.0,0.0,0.0,0.0,0.0,0.0,0.0,0.0,0.0,0.0,0.0,0.0,0.0,0.0,0.0,0.0,0.0,0.0,0.0,0.0,0.0,0.0,0.0,0.0,0.0,0.0,0.0,0.0,0.0,0.0,0.0,0.0,0.0,0.0,0.0,0.0,0.0,0.0,0.0,0.0,0.0,0.0,0.0,0.0,0.0,0.0,0.0,,0.0,0.0,,0.0,0.0,,0.0,0.0,,0.0,0.0,,0.0,0.0,0.0,0.0,0.0,0.0,0.0,0.0,0.0,0.0,0.0,0.0,0.0
451.0,1,1000.0,Guangxi,Limited liability company (Natural person investment or holding),1849.0,500.0,"Information transmission, software and information technology services",2.0,3.0,0.0,7.0,6.0,7.0,2.0,12.0,,0.0,0.0,0.0,0.0,0.0,1.0,0.0,0.0,0.0,0.0,0.0,0.0,0.0,0.0,0.0,0.0,0.0,0.0,0.0,0.0,0.0,0.0,0.0,0.0,0.0,0.0,0.0,0.0,0.0,0.0,0.0,0.0,0.0,0.0,0.0,0.0,0.0,0.0,0.0,0.0,0.0,0.0,0.0,0.0,3.0,5.0,5.0,3.0,5.0,5.0,3.0,5.0,5.0,3.0,5.0,5.0,3.0,5.0,5.0,0.0,0.0,0.0,0.0,0.0,0.0,0.0,0.0,0.0,0.0,0.0,0.0,0.0
452.0,0,1100.0,Guangxi,Limited liability company (Natural person investment or holding),1597.0,1001.0,Construction industry,2.0,4.0,0.0,0.0,1.0,3.0,3.0,4.0,,0.0,0.0,0.0,0.0,0.0,4.0,0.0,0.0,0.0,0.0,0.0,0.0,0.0,0.0,0.0,0.0,0.0,0.0,0.0,0.0,0.0,0.0,0.0,0.0,0.0,0.0,0.0,0.0,0.0,0.0,0.0,0.0,0.0,0.0,0.0,0.0,0.0,0.0,0.0,0.0,0.0,0.0,0.0,0.0,28.0,78.0,28.0,28.0,78.0,28.0,28.0,78.0,28.0,28.0,78.0,28.0,28.0,78.0,28.0,0.0,0.0,0.0,0.0,0.0,1.0,0.0,0.0,0.0,0.0,0.0,0.0,2.0
453.0,0,2893.0,Guangxi,Limited liability company (Natural person investment or holding),1279.0,0.0,Construction industry,3.0,3.0,0.0,0.0,2.0,0.0,5.0,2.0,,0.0,0.0,0.0,0.0,0.0,3.0,0.0,0.0,0.0,0.0,0.0,0.0,0.0,0.0,0.0,0.0,0.0,0.0,0.0,0.0,0.0,0.0,0.0,1.0,1.0,2.0,0.0,0.0,0.0,0.0,0.0,0.0,0.0,0.0,0.0,0.0,0.0,0.0,0.0,0.0,0.0,0.0,0.0,0.0,21.0,19.0,8.0,21.0,19.0,8.0,21.0,19.0,8.0,21.0,19.0,8.0,21.0,19.0,8.0,0.0,0.0,0.0,0.0,0.0,0.0,0.0,0.0,0.0,0.0,0.0,0.0,1.0
454.0,0,3000.0,Guangxi,Limited liability company (Natural person investment or holding),1030.0,3000.0,Construction industry,2.0,3.0,0.0,0.0,0.0,0.0,5.0,3.0,9.0,0.0,0.0,0.0,11.0,0.0,0.0,0.0,0.0,0.0,0.0,0.0,0.0,0.0,0.0,0.0,0.0,0.0,0.0,0.0,0.0,0.0,0.0,0.0,0.0,0.0,0.0,0.0,0.0,0.0,0.0,0.0,0.0,0.0,0.0,0.0,0.0,0.0,0.0,0.0,0.0,0.0,0.0,0.0,0.0,14.0,13.0,,14.0,13.0,,14.0,13.0,,14.0,13.0,,14.0,13.0,,0.0,0.0,0.0,0.0,0.0,0.0,0.0,0.0,0.0,0.0,0.0,0.0,0.0
455.0,0,10600.0,Guangxi,Limited liability company (Natural person investment or holding),1533.0,0.0,Construction industry,2.0,3.0,0.0,0.0,3.0,0.0,7.0,0.0,3.0,0.0,0.0,0.0,0.0,0.0,0.0,0.0,0.0,0.0,0.0,0.0,0.0,0.0,0.0,0.0,0.0,0.0,0.0,0.0,0.0,0.0,0.0,0.0,0.0,0.0,0.0,0.0,0.0,0.0,0.0,0.0,0.0,0.0,0.0,0.0,0.0,0.0,0.0,0.0,0.0,0.0,0.0,0.0,0.0,4.0,4.0,1.0,4.0,4.0,1.0,4.0,4.0,1.0,4.0,4.0,1.0,4.0,4.0,1.0,0.0,0.0,0.0,0.0,0.0,0.0,0.0,0.0,0.0,0.0,0.0,0.0,1.0
456.0,0,4588.0,Guangxi,Limited liability company (Natural person investment or holding),2638.0,87.2,Construction industry,2.0,2.0,0.0,7.0,6.0,6.0,1.0,0.0,2.0,0.0,0.0,0.0,0.0,5.0,3.0,0.0,0.0,0.0,0.0,0.0,0.0,0.0,0.0,0.0,0.0,0.0,0.0,0.0,0.0,0.0,0.0,0.0,2.0,0.0,0.0,0.0,0.0,0.0,0.0,0.0,0.0,0.0,0.0,0.0,0.0,0.0,0.0,0.0,0.0,0.0,0.0,0.0,0.0,20.0,20.0,1.0,20.0,20.0,1.0,20.0,20.0,1.0,20.0,20.0,1.0,20.0,20.0,1.0,0.0,0.0,0.0,0.0,0.0,0.0,0.0,0.0,0.0,0.0,0.0,0.0,1.0
457.0,1,1000.0,Guangxi,Limited liability company (Natural person investment or holding),1847.0,820.0,Construction industry,4.0,3.0,0.0,1.0,0.0,0.0,0.0,0.0,,0.0,1.0,0.0,0.0,0.0,0.0,0.0,0.0,0.0,0.0,0.0,0.0,0.0,0.0,0.0,0.0,0.0,0.0,0.0,0.0,0.0,0.0,0.0,0.0,0.0,0.0,0.0,0.0,0.0,0.0,0.0,0.0,0.0,0.0,0.0,0.0,0.0,0.0,0.0,0.0,0.0,0.0,0.0,0.0,0.0,0.0,0.0,0.0,0.0,0.0,0.0,0.0,0.0,0.0,0.0,0.0,0.0,0.0,0.0,0.0,0.0,0.0,0.0,0.0,0.0,0.0,0.0,0.0,0.0,0.0,0.0,2.0
458.0,0,4999.0,Guangxi,Limited liability company (Natural person investment or holding),5903.0,12088.0,Construction industry,2.0,2.0,33.0,0.0,0.0,0.0,2.0,0.0,,0.0,0.0,0.0,0.0,0.0,0.0,0.0,0.0,0.0,0.0,0.0,0.0,0.0,0.0,0.0,0.0,0.0,0.0,0.0,0.0,0.0,0.0,0.0,0.0,0.0,0.0,0.0,0.0,0.0,0.0,0.0,0.0,0.0,0.0,0.0,0.0,0.0,0.0,0.0,0.0,0.0,0.0,0.0,0.0,30.0,31.0,37.0,30.0,31.0,37.0,30.0,31.0,37.0,30.0,31.0,37.0,30.0,31.0,37.0,0.0,0.0,3.0,3.0,2.0,4.0,0.0,2.0,2.0,1.0,2.0,3.0,2.0
459.0,1,1000.0,Guangxi,Limited liability company (Natural person investment or holding),803.0,155.0,Construction industry,2.0,4.0,0.0,0.0,0.0,0.0,0.0,8.0,2.0,0.0,0.0,0.0,0.0,0.0,8.0,0.0,0.0,0.0,0.0,0.0,0.0,0.0,0.0,0.0,0.0,0.0,0.0,0.0,0.0,0.0,0.0,0.0,0.0,0.0,0.0,0.0,0.0,0.0,0.0,0.0,0.0,0.0,0.0,0.0,0.0,0.0,0.0,0.0,0.0,0.0,0.0,0.0,0.0,7.0,0.0,,7.0,0.0,,7.0,0.0,,7.0,0.0,,7.0,0.0,,0.0,0.0,0.0,0.0,0.0,0.0,0.0,0.0,0.0,0.0,0.0,0.0,0.0
460.0,0,2000.0,Guangxi,Limited liability company (sole proprietorship of natural person),2126.0,100.0,Leasing and business services,1.0,2.0,0.0,0.0,9.0,2.0,9.0,7.0,1.0,0.0,0.0,0.0,0.0,3.0,7.0,0.0,0.0,0.0,0.0,0.0,0.0,0.0,0.0,0.0,0.0,0.0,0.0,0.0,0.0,0.0,0.0,0.0,0.0,0.0,0.0,0.0,0.0,0.0,0.0,0.0,0.0,0.0,0.0,0.0,0.0,0.0,0.0,0.0,0.0,0.0,0.0,0.0,0.0,0.0,30.0,1.0,0.0,14.0,1.0,0.0,14.0,1.0,0.0,14.0,1.0,0.0,14.0,1.0,0.0,0.0,0.0,0.0,0.0,0.0,0.0,0.0,0.0,0.0,0.0,0.0,0.0
461.0,0,1000.0,Guangxi,Limited liability company (Natural person investment or holding),3043.0,500.0,Construction industry,2.0,2.0,5.0,4.0,1.0,0.0,4.0,0.0,,0.0,0.0,0.0,0.0,2.0,0.0,0.0,0.0,0.0,0.0,0.0,0.0,0.0,0.0,0.0,0.0,0.0,0.0,0.0,0.0,0.0,0.0,0.0,0.0,0.0,0.0,0.0,0.0,0.0,0.0,0.0,0.0,0.0,0.0,0.0,0.0,0.0,0.0,0.0,0.0,0.0,0.0,0.0,0.0,11.0,9.0,2.0,11.0,9.0,2.0,11.0,9.0,2.0,11.0,9.0,2.0,11.0,9.0,2.0,0.0,0.0,0.0,0.0,0.0,2.0,0.0,0.0,0.0,0.0,0.0,1.0,0.0
462.0,0,12000.0,Guangxi,Limited liability company (Natural person investment or holding),3334.0,2670.0,Scientific research and technology services,2.0,2.0,16.0,2.0,1.0,10.0,5.0,16.0,2.0,0.0,0.0,0.0,0.0,0.0,3.0,0.0,0.0,0.0,0.0,0.0,1.0,0.0,0.0,0.0,0.0,0.0,0.0,0.0,0.0,0.0,0.0,0.0,0.0,0.0,0.0,0.0,0.0,0.0,0.0,0.0,0.0,0.0,0.0,0.0,0.0,0.0,0.0,0.0,0.0,0.0,0.0,0.0,0.0,25.0,31.0,43.0,25.0,31.0,43.0,25.0,31.0,43.0,25.0,31.0,43.0,25.0,31.0,43.0,0.0,0.0,0.0,0.0,2.0,12.0,0.0,0.0,0.0,2.0,2.0,4.0,4.0
463.0,0,10500.0,Guangxi,Other limited liability companies,4638.0,2000.0,Construction industry,2.0,2.0,26.0,0.0,0.0,5.0,0.0,0.0,10.0,0.0,0.0,0.0,0.0,0.0,0.0,0.0,0.0,0.0,0.0,0.0,0.0,0.0,0.0,0.0,0.0,0.0,0.0,0.0,0.0,0.0,0.0,0.0,0.0,0.0,0.0,0.0,0.0,0.0,0.0,0.0,0.0,0.0,0.0,0.0,0.0,0.0,0.0,0.0,0.0,0.0,0.0,0.0,0.0,36.0,43.0,41.0,36.0,43.0,41.0,36.0,43.0,41.0,36.0,43.0,41.0,36.0,43.0,41.0,0.0,0.0,0.0,0.0,1.0,19.0,0.0,3.0,1.0,2.0,8.0,0.0,3.0
464.0,0,1000.0,Guangxi,Limited liability company (Natural person investment or holding),873.0,140.52,Construction industry,2.0,2.0,0.0,0.0,0.0,0.0,9.0,9.0,1.0,0.0,0.0,0.0,0.0,0.0,0.0,0.0,0.0,0.0,0.0,0.0,0.0,0.0,0.0,0.0,0.0,0.0,0.0,0.0,0.0,0.0,0.0,0.0,0.0,0.0,0.0,0.0,0.0,0.0,0.0,0.0,0.0,0.0,0.0,0.0,0.0,0.0,0.0,0.0,0.0,0.0,0.0,0.0,0.0,36.0,0.0,,36.0,0.0,,36.0,0.0,,36.0,0.0,,36.0,0.0,,0.0,0.0,0.0,0.0,0.0,0.0,0.0,0.0,0.0,0.0,0.0,0.0,1.0
465.0,0,2000.0,Guangxi,Limited liability company (Natural person investment or holding),1942.0,85.19,Construction industry,2.0,2.0,0.0,7.0,8.0,0.0,4.0,0.0,1.0,0.0,0.0,3.0,0.0,0.0,0.0,0.0,0.0,0.0,0.0,0.0,0.0,0.0,0.0,0.0,0.0,0.0,0.0,0.0,0.0,0.0,0.0,0.0,0.0,0.0,0.0,0.0,0.0,0.0,0.0,0.0,0.0,0.0,0.0,0.0,0.0,0.0,0.0,0.0,0.0,0.0,0.0,0.0,0.0,25.0,18.0,15.0,25.0,18.0,15.0,25.0,18.0,15.0,25.0,18.0,15.0,25.0,18.0,15.0,0.0,0.0,0.0,0.0,0.0,0.0,0.0,0.0,0.0,0.0,0.0,0.0,0.0
466.0,0,3188.0,Guandong,Limited liability company (Natural person investment or holding),5314.0,1000.0,Construction industry,2.0,2.0,2.0,6.0,0.0,0.0,0.0,0.0,,0.0,0.0,0.0,0.0,0.0,0.0,0.0,0.0,0.0,0.0,0.0,0.0,0.0,0.0,0.0,0.0,0.0,0.0,0.0,0.0,0.0,0.0,0.0,0.0,0.0,0.0,0.0,0.0,0.0,0.0,0.0,0.0,0.0,0.0,0.0,0.0,0.0,0.0,0.0,0.0,0.0,0.0,0.0,0.0,28.0,24.0,19.0,28.0,24.0,19.0,28.0,24.0,19.0,28.0,24.0,19.0,28.0,8.0,19.0,0.0,0.0,0.0,3.0,1.0,0.0,1.0,0.0,1.0,1.0,0.0,0.0,1.0
467.0,0,5310.0,Guandong,Limited liability company (Natural person investment or holding),4953.0,5310.0,Scientific research and technology services,2.0,3.0,6.0,6.0,1.0,0.0,6.0,0.0,1.0,0.0,0.0,0.0,0.0,2.0,3.0,1.0,0.0,0.0,0.0,0.0,0.0,0.0,0.0,0.0,0.0,0.0,0.0,0.0,0.0,0.0,0.0,0.0,0.0,0.0,0.0,9.0,2.0,3.0,2.0,1.0,9.0,0.0,0.0,0.0,0.0,0.0,0.0,2.0,0.0,3.0,0.0,0.0,0.0,25.0,15.0,15.0,25.0,15.0,15.0,25.0,15.0,15.0,25.0,15.0,15.0,25.0,15.0,15.0,0.0,0.0,0.0,0.0,0.0,1.0,0.0,0.0,0.0,0.0,1.0,0.0,1.0
468.0,0,1520.0,Guizhou,Limited liability company (Natural person investment or holding),1758.0,1520.0,Construction industry,2.0,2.0,0.0,0.0,0.0,0.0,0.0,1.0,,0.0,0.0,0.0,3.0,0.0,1.0,0.0,0.0,0.0,0.0,0.0,1.0,0.0,0.0,0.0,0.0,0.0,0.0,0.0,0.0,0.0,0.0,0.0,0.0,0.0,0.0,0.0,0.0,0.0,0.0,0.0,0.0,0.0,0.0,0.0,0.0,0.0,0.0,0.0,0.0,0.0,0.0,0.0,0.0,22.0,0.0,0.0,22.0,0.0,0.0,22.0,0.0,0.0,22.0,0.0,0.0,22.0,0.0,0.0,0.0,0.0,0.0,0.0,0.0,4.0,0.0,0.0,0.0,1.0,1.0,1.0,0.0
469.0,0,8000.0,Guizhou,Limited liability company (Natural person investment or holding),1123.0,8000.0,Construction industry,2.0,3.0,0.0,0.0,0.0,12.0,2.0,3.0,,0.0,0.0,0.0,0.0,0.0,1.0,0.0,0.0,0.0,0.0,0.0,0.0,0.0,0.0,0.0,0.0,0.0,0.0,0.0,0.0,0.0,0.0,0.0,0.0,1.0,0.0,0.0,0.0,0.0,0.0,0.0,0.0,0.0,0.0,0.0,0.0,0.0,0.0,0.0,0.0,0.0,0.0,0.0,0.0,15.0,2.0,0.0,15.0,2.0,0.0,15.0,2.0,0.0,0.0,2.0,0.0,0.0,2.0,0.0,0.0,0.0,0.0,0.0,0.0,1.0,0.0,0.0,0.0,0.0,0.0,0.0,0.0
470.0,0,8600.0,Guizhou,Limited liability company (Natural person investment or holding),592.0,0.0,Construction industry,2.0,3.0,0.0,0.0,0.0,0.0,0.0,3.0,,0.0,0.0,0.0,0.0,0.0,0.0,0.0,0.0,0.0,0.0,0.0,0.0,0.0,0.0,0.0,0.0,0.0,0.0,0.0,0.0,0.0,0.0,0.0,0.0,0.0,0.0,0.0,0.0,0.0,0.0,0.0,0.0,0.0,0.0,0.0,0.0,0.0,0.0,0.0,0.0,0.0,0.0,0.0,0.0,0.0,,,0.0,,,0.0,,,0.0,,,0.0,,,0.0,0.0,0.0,0.0,0.0,0.0,0.0,0.0,0.0,0.0,0.0,0.0,0.0
471.0,0,16000.0,Guizhou,Limited liability company (Natural person investment or holding),1660.0,1030.0,Construction industry,2.0,3.0,0.0,4.0,8.0,4.0,0.0,7.0,3.0,0.0,0.0,0.0,0.0,0.0,4.0,0.0,0.0,0.0,0.0,0.0,0.0,0.0,0.0,0.0,0.0,0.0,0.0,0.0,0.0,0.0,0.0,0.0,0.0,0.0,0.0,0.0,0.0,0.0,0.0,0.0,0.0,0.0,0.0,0.0,0.0,0.0,0.0,0.0,0.0,0.0,0.0,0.0,0.0,34.0,22.0,13.0,34.0,22.0,13.0,34.0,22.0,13.0,34.0,22.0,13.0,34.0,22.0,13.0,0.0,0.0,0.0,0.0,0.0,0.0,0.0,0.0,0.0,0.0,0.0,0.0,0.0
472.0,0,4000.0,Guizhou,Limited liability company (Natural person investment or holding),1047.0,0.0,Construction industry,4.0,3.0,0.0,0.0,0.0,4.0,0.0,7.0,4.0,0.0,0.0,0.0,0.0,0.0,4.0,0.0,0.0,0.0,0.0,0.0,0.0,0.0,0.0,0.0,0.0,0.0,0.0,0.0,0.0,0.0,0.0,0.0,0.0,0.0,0.0,0.0,0.0,0.0,0.0,0.0,0.0,0.0,0.0,0.0,0.0,0.0,0.0,0.0,0.0,0.0,0.0,0.0,0.0,0.0,0.0,,0.0,0.0,,0.0,0.0,,0.0,0.0,,0.0,0.0,,0.0,0.0,0.0,0.0,0.0,3.0,0.0,0.0,0.0,0.0,0.0,1.0,0.0
473.0,0,4800.0,Guizhou,Limited liability company (Natural person investment or holding),1162.0,4.0,Construction industry,2.0,3.0,0.0,0.0,0.0,11.0,3.0,0.0,,0.0,0.0,0.0,0.0,5.0,3.0,0.0,0.0,0.0,0.0,0.0,0.0,0.0,0.0,0.0,0.0,0.0,0.0,0.0,0.0,0.0,0.0,0.0,0.0,0.0,0.0,0.0,0.0,0.0,0.0,0.0,0.0,0.0,0.0,0.0,0.0,0.0,0.0,0.0,0.0,0.0,0.0,0.0,0.0,4.0,0.0,0.0,4.0,0.0,0.0,4.0,0.0,0.0,4.0,0.0,0.0,4.0,0.0,0.0,0.0,0.0,0.0,0.0,0.0,0.0,0.0,0.0,0.0,0.0,0.0,0.0,0.0
474.0,0,4600.0,Guizhou,Limited liability company (Natural person investment or holding),2863.0,4600.0,Construction industry,4.0,3.0,0.0,15.0,12.0,0.0,0.0,0.0,,0.0,0.0,0.0,6.0,0.0,0.0,0.0,0.0,0.0,0.0,0.0,0.0,0.0,0.0,0.0,0.0,0.0,0.0,0.0,0.0,0.0,0.0,0.0,0.0,0.0,0.0,0.0,0.0,0.0,0.0,0.0,0.0,0.0,0.0,0.0,0.0,0.0,0.0,0.0,0.0,0.0,0.0,0.0,0.0,14.0,13.0,9.0,14.0,13.0,9.0,14.0,13.0,9.0,14.0,13.0,9.0,14.0,13.0,9.0,0.0,0.0,0.0,0.0,0.0,0.0,0.0,0.0,0.0,0.0,0.0,0.0,0.0
475.0,0,28800.0,Guizhou,Limited liability company (Natural person investment or holding),943.0,0.0,Construction industry,2.0,3.0,0.0,0.0,0.0,3.0,1.0,0.0,,0.0,0.0,0.0,0.0,0.0,4.0,0.0,0.0,0.0,0.0,0.0,0.0,0.0,0.0,0.0,0.0,0.0,0.0,0.0,0.0,0.0,0.0,0.0,0.0,0.0,0.0,0.0,0.0,0.0,0.0,0.0,0.0,0.0,0.0,0.0,0.0,0.0,0.0,0.0,0.0,0.0,0.0,0.0,0.0,11.0,4.0,,11.0,4.0,,11.0,4.0,,11.0,4.0,,11.0,4.0,,0.0,0.0,0.0,0.0,0.0,1.0,0.0,0.0,0.0,0.0,0.0,0.0,0.0
476.0,0,2400.0,Guizhou,Limited liability company (Natural person investment or holding),5811.0,2400.0,Scientific research and technology services,2.0,2.0,7.0,0.0,0.0,4.0,8.0,6.0,,2.0,0.0,3.0,1.0,0.0,0.0,2.0,0.0,2.0,0.0,0.0,0.0,0.0,0.0,0.0,0.0,0.0,0.0,0.0,0.0,1.0,0.0,0.0,0.0,0.0,0.0,0.0,0.0,0.0,0.0,0.0,3.0,0.0,0.0,0.0,0.0,0.0,0.0,0.0,0.0,0.0,0.0,0.0,0.0,57.0,59.0,57.0,57.0,59.0,57.0,57.0,59.0,57.0,57.0,59.0,57.0,57.0,59.0,57.0,0.0,0.0,2.0,2.0,2.0,2.0,3.0,1.0,0.0,1.0,1.0,1.0,0.0
477.0,0,10000.0,Guizhou,Limited liability company (Natural person investment or holding),1188.0,6340.0,Construction industry,3.0,2.0,0.0,0.0,0.0,3.0,0.0,2.0,5.0,0.0,0.0,0.0,0.0,3.0,1.0,0.0,0.0,0.0,0.0,0.0,1.0,0.0,0.0,0.0,0.0,0.0,0.0,0.0,0.0,0.0,0.0,0.0,39.0,0.0,0.0,0.0,0.0,0.0,8.0,0.0,0.0,0.0,0.0,0.0,1.0,0.0,0.0,0.0,0.0,0.0,0.0,0.0,0.0,45.0,42.0,25.0,45.0,42.0,25.0,45.0,42.0,25.0,45.0,42.0,25.0,45.0,42.0,25.0,0.0,0.0,0.0,0.0,0.0,2.0,0.0,0.0,0.0,0.0,0.0,2.0,0.0
478.0,0,5000.0,Guizhou,Limited liability company (Natural person investment or holding),2142.0,5000.0,Construction industry,2.0,2.0,9.0,0.0,4.0,3.0,1.0,0.0,,0.0,0.0,0.0,0.0,0.0,4.0,0.0,0.0,0.0,0.0,0.0,0.0,0.0,0.0,0.0,0.0,0.0,0.0,0.0,0.0,0.0,0.0,0.0,0.0,0.0,0.0,0.0,0.0,0.0,0.0,0.0,0.0,0.0,0.0,0.0,0.0,0.0,0.0,0.0,0.0,0.0,0.0,0.0,0.0,9.0,7.0,5.0,9.0,7.0,5.0,9.0,7.0,5.0,9.0,7.0,5.0,9.0,7.0,1.0,0.0,0.0,0.0,0.0,0.0,0.0,0.0,0.0,0.0,0.0,0.0,0.0,0.0
479.0,0,4008.0,Guizhou,Limited liability company (Natural person investment or holding),2349.0,2538.2,Construction industry,2.0,3.0,4.0,0.0,42.0,5.0,4.0,1.0,,0.0,0.0,2.0,0.0,0.0,0.0,0.0,0.0,0.0,0.0,0.0,0.0,0.0,0.0,0.0,0.0,0.0,0.0,0.0,0.0,0.0,0.0,0.0,0.0,0.0,0.0,0.0,0.0,0.0,0.0,0.0,0.0,0.0,0.0,0.0,0.0,0.0,0.0,0.0,0.0,0.0,0.0,0.0,0.0,4.0,2.0,0.0,4.0,2.0,0.0,4.0,2.0,0.0,4.0,2.0,0.0,4.0,2.0,0.0,0.0,0.0,0.0,0.0,0.0,1.0,0.0,0.0,0.0,0.0,0.0,0.0,0.0
480.0,1,4000.0,Guizhou,Limited liability company (Natural person investment or holding),2360.0,1842.0,Construction industry,2.0,3.0,0.0,0.0,2.0,0.0,0.0,8.0,,0.0,0.0,0.0,0.0,0.0,8.0,0.0,0.0,0.0,0.0,0.0,0.0,0.0,0.0,0.0,0.0,0.0,0.0,0.0,0.0,0.0,0.0,0.0,0.0,0.0,0.0,0.0,0.0,0.0,0.0,0.0,0.0,0.0,0.0,0.0,0.0,0.0,0.0,0.0,0.0,0.0,0.0,0.0,0.0,15.0,20.0,9.0,15.0,20.0,0.0,15.0,20.0,9.0,15.0,20.0,9.0,15.0,20.0,9.0,0.0,0.0,0.0,0.0,0.0,0.0,0.0,0.0,0.0,0.0,0.0,0.0,0.0
481.0,0,15677.0,Guizhou,Limited liability company (Natural person investment or holding),2997.0,15677.0,Leasing and business services,2.0,3.0,7.0,0.0,0.0,0.0,1.0,4.0,8.0,0.0,0.0,0.0,0.0,0.0,0.0,0.0,0.0,0.0,0.0,1.0,1.0,0.0,0.0,0.0,0.0,0.0,1.0,0.0,1.0,0.0,0.0,0.0,0.0,0.0,0.0,0.0,0.0,0.0,0.0,0.0,0.0,0.0,0.0,0.0,0.0,0.0,0.0,0.0,0.0,0.0,0.0,0.0,0.0,30.0,0.0,42.0,30.0,0.0,42.0,30.0,0.0,42.0,30.0,0.0,68.0,30.0,0.0,42.0,0.0,0.0,0.0,1.0,0.0,3.0,0.0,0.0,1.0,0.0,0.0,3.0,0.0
482.0,0,5000.0,Guizhou,Limited liability company (Natural person investment or holding),2221.0,50.0,Construction industry,2.0,2.0,5.0,0.0,0.0,0.0,0.0,5.0,,0.0,4.0,0.0,0.0,0.0,0.0,0.0,0.0,0.0,0.0,0.0,0.0,0.0,0.0,0.0,0.0,0.0,0.0,0.0,0.0,0.0,0.0,0.0,0.0,0.0,0.0,0.0,0.0,0.0,0.0,0.0,0.0,0.0,0.0,0.0,0.0,0.0,0.0,0.0,0.0,0.0,0.0,0.0,0.0,0.0,0.0,4.0,0.0,0.0,4.0,0.0,0.0,4.0,0.0,0.0,4.0,0.0,0.0,4.0,0.0,0.0,0.0,0.0,0.0,5.0,0.0,0.0,0.0,0.0,0.0,0.0,0.0
483.0,0,5000.0,Guizhou,Limited liability company (Natural person investment or holding),1278.0,300.0,Manufacturing,3.0,2.0,0.0,0.0,11.0,1.0,4.0,0.0,,0.0,0.0,0.0,4.0,0.0,0.0,0.0,0.0,0.0,0.0,0.0,0.0,0.0,0.0,0.0,0.0,0.0,0.0,0.0,0.0,0.0,0.0,1.0,0.0,0.0,0.0,0.0,0.0,0.0,0.0,0.0,0.0,0.0,0.0,0.0,0.0,0.0,0.0,0.0,0.0,0.0,0.0,0.0,0.0,0.0,4.0,0.0,0.0,4.0,0.0,0.0,4.0,0.0,0.0,4.0,0.0,0.0,4.0,0.0,0.0,0.0,0.0,0.0,0.0,2.0,0.0,0.0,0.0,0.0,1.0,1.0,0.0
484.0,0,5600.0,Guizhou,Limited liability company (Natural person investment or holding),2755.0,5600.0,"Information transmission, software and information technology services",2.0,2.0,7.0,0.0,0.0,0.0,2.0,0.0,,0.0,0.0,0.0,0.0,8.0,4.0,0.0,0.0,0.0,0.0,0.0,0.0,0.0,0.0,0.0,0.0,0.0,0.0,0.0,0.0,0.0,0.0,0.0,0.0,0.0,0.0,0.0,0.0,0.0,0.0,0.0,0.0,0.0,0.0,0.0,0.0,0.0,0.0,0.0,0.0,0.0,10.0,5.0,0.0,49.0,27.0,19.0,49.0,27.0,19.0,49.0,27.0,19.0,49.0,27.0,19.0,49.0,27.0,19.0,0.0,0.0,0.0,0.0,0.0,2.0,0.0,0.0,0.0,0.0,1.0,0.0,1.0
485.0,0,12111.0,Guizhou,Limited liability company (Natural person investment or holding),4668.0,2111.0,Construction industry,2.0,3.0,6.0,0.0,23.0,0.0,0.0,0.0,9.0,0.0,0.0,0.0,0.0,0.0,1.0,0.0,0.0,0.0,0.0,0.0,0.0,0.0,0.0,0.0,0.0,0.0,0.0,0.0,0.0,2.0,0.0,0.0,0.0,0.0,45.0,0.0,0.0,0.0,1.0,8.0,0.0,1.0,0.0,0.0,0.0,0.0,1.0,0.0,0.0,0.0,0.0,0.0,0.0,49.0,21.0,4.0,49.0,21.0,4.0,49.0,21.0,4.0,49.0,21.0,4.0,49.0,21.0,4.0,0.0,0.0,0.0,0.0,0.0,16.0,0.0,0.0,0.0,0.0,2.0,4.0,2.0
486.0,0,5800.0,Guizhou,Limited liability company (Natural person investment or holding),2041.0,5800.0,Construction industry,3.0,2.0,0.0,0.0,0.0,0.0,0.0,2.0,2.0,0.0,1.0,0.0,0.0,0.0,0.0,0.0,0.0,0.0,0.0,0.0,0.0,0.0,0.0,0.0,0.0,0.0,0.0,0.0,0.0,0.0,0.0,0.0,0.0,0.0,0.0,0.0,0.0,0.0,0.0,0.0,0.0,0.0,0.0,0.0,0.0,0.0,0.0,0.0,0.0,0.0,0.0,0.0,0.0,9.0,6.0,7.0,9.0,6.0,7.0,9.0,6.0,7.0,9.0,6.0,7.0,9.0,6.0,7.0,0.0,0.0,0.0,0.0,1.0,0.0,0.0,0.0,0.0,1.0,0.0,3.0,2.0
487.0,1,2000.0,Guizhou,Limited liability company (Natural person investment or holding),1377.0,2000.0,Construction industry,2.0,3.0,0.0,0.0,0.0,6.0,0.0,0.0,4.0,0.0,0.0,0.0,5.0,0.0,0.0,0.0,0.0,0.0,0.0,0.0,0.0,0.0,0.0,0.0,0.0,0.0,0.0,0.0,0.0,0.0,0.0,0.0,0.0,18.0,0.0,0.0,0.0,0.0,0.0,0.0,0.0,0.0,0.0,0.0,0.0,1.0,0.0,0.0,0.0,0.0,0.0,0.0,0.0,0.0,0.0,0.0,0.0,0.0,0.0,0.0,0.0,0.0,0.0,0.0,0.0,0.0,0.0,0.0,0.0,0.0,0.0,0.0,0.0,3.0,0.0,0.0,0.0,0.0,0.0,1.0,0.0
488.0,0,3000.0,Guizhou,Limited liability company (Natural person investment or holding),1568.0,3000.0,Construction industry,2.0,3.0,0.0,0.0,1.0,0.0,0.0,3.0,,0.0,0.0,5.0,0.0,0.0,0.0,0.0,0.0,0.0,0.0,0.0,0.0,0.0,0.0,0.0,0.0,0.0,0.0,0.0,0.0,0.0,0.0,0.0,0.0,0.0,0.0,0.0,0.0,0.0,0.0,0.0,0.0,0.0,0.0,0.0,0.0,0.0,0.0,0.0,0.0,0.0,0.0,0.0,0.0,0.0,0.0,0.0,0.0,0.0,0.0,0.0,0.0,0.0,0.0,0.0,0.0,0.0,0.0,0.0,0.0,0.0,0.0,0.0,0.0,0.0,0.0,0.0,0.0,0.0,0.0,0.0,0.0
489.0,0,5000.0,Guizhou,Limited liability company (Natural person investment or holding),519.0,0.0,Construction industry,2.0,3.0,0.0,0.0,0.0,0.0,1.0,0.0,5.0,0.0,0.0,0.0,0.0,0.0,4.0,0.0,0.0,0.0,0.0,0.0,0.0,0.0,0.0,0.0,0.0,0.0,0.0,0.0,0.0,0.0,0.0,0.0,0.0,0.0,0.0,0.0,0.0,0.0,0.0,0.0,0.0,0.0,0.0,0.0,0.0,0.0,0.0,0.0,0.0,0.0,0.0,0.0,0.0,0.0,,,0.0,,,0.0,,,0.0,,,0.0,,,0.0,0.0,0.0,0.0,0.0,0.0,0.0,0.0,0.0,0.0,0.0,0.0,0.0
490.0,0,4900.0,Guizhou,Limited liability company (Natural person investment or holding),1155.0,1210.0,Construction industry,2.0,4.0,0.0,0.0,0.0,5.0,2.0,5.0,1.0,0.0,0.0,0.0,0.0,0.0,0.0,0.0,0.0,0.0,0.0,0.0,0.0,0.0,0.0,0.0,0.0,0.0,0.0,0.0,0.0,0.0,0.0,0.0,0.0,1.0,0.0,0.0,0.0,0.0,0.0,0.0,0.0,0.0,0.0,0.0,0.0,0.0,0.0,0.0,0.0,0.0,0.0,12.0,0.0,25.0,14.0,0.0,25.0,14.0,0.0,25.0,14.0,0.0,25.0,14.0,0.0,25.0,14.0,0.0,0.0,0.0,0.0,0.0,0.0,0.0,0.0,0.0,0.0,0.0,0.0,0.0,0.0
491.0,0,5000.0,Guizhou,Limited liability company (Natural person investment or holding),951.0,3498.0,Wholesale and retail,4.0,2.0,0.0,0.0,0.0,0.0,0.0,0.0,4.0,0.0,0.0,0.0,0.0,0.0,1.0,0.0,0.0,0.0,0.0,0.0,0.0,0.0,0.0,0.0,0.0,0.0,0.0,0.0,0.0,0.0,0.0,0.0,0.0,0.0,0.0,0.0,0.0,0.0,0.0,0.0,0.0,0.0,0.0,0.0,0.0,0.0,0.0,0.0,0.0,0.0,0.0,0.0,0.0,27.0,15.0,0.0,27.0,15.0,0.0,27.0,15.0,0.0,27.0,15.0,0.0,27.0,15.0,0.0,0.0,0.0,0.0,0.0,0.0,4.0,0.0,0.0,0.0,0.0,2.0,3.0,0.0
492.0,0,5000.0,Guizhou,Limited liability company (Natural person investment or holding),1564.0,14.143561,Construction industry,2.0,3.0,0.0,0.0,0.0,4.0,5.0,0.0,1.0,0.0,0.0,0.0,0.0,8.0,0.0,0.0,0.0,0.0,0.0,0.0,0.0,0.0,0.0,0.0,0.0,0.0,0.0,0.0,0.0,0.0,0.0,0.0,0.0,0.0,0.0,0.0,0.0,0.0,0.0,0.0,0.0,0.0,0.0,0.0,0.0,0.0,0.0,0.0,0.0,0.0,0.0,0.0,0.0,30.0,30.0,21.0,30.0,30.0,21.0,30.0,30.0,21.0,30.0,30.0,21.0,30.0,30.0,21.0,0.0,0.0,0.0,0.0,0.0,2.0,0.0,0.0,0.0,0.0,0.0,1.0,0.0
493.0,0,6800.0,Guizhou,Limited liability company (Natural person investment or holding),951.0,6800.0,Construction industry,2.0,3.0,0.0,0.0,0.0,3.0,0.0,0.0,5.0,0.0,0.0,0.0,0.0,0.0,0.0,0.0,0.0,0.0,0.0,0.0,0.0,0.0,0.0,0.0,0.0,0.0,0.0,0.0,0.0,0.0,0.0,0.0,0.0,0.0,10.0,0.0,0.0,0.0,0.0,0.0,0.0,0.0,0.0,0.0,0.0,0.0,0.0,0.0,0.0,0.0,0.0,0.0,0.0,0.0,0.0,,0.0,0.0,,0.0,0.0,,0.0,0.0,,0.0,0.0,,0.0,0.0,0.0,0.0,0.0,0.0,0.0,0.0,0.0,0.0,0.0,0.0,0.0
494.0,0,4000.0,Guizhou,Limited liability company (Natural person investment or holding),5950.0,4000.0,Construction industry,2.0,2.0,6.0,9.0,11.0,0.0,0.0,1.0,3.0,0.0,0.0,0.0,0.0,0.0,5.0,4.0,0.0,0.0,0.0,0.0,0.0,0.0,0.0,0.0,0.0,0.0,0.0,0.0,0.0,0.0,0.0,0.0,0.0,0.0,0.0,0.0,0.0,0.0,0.0,0.0,0.0,0.0,0.0,0.0,0.0,0.0,0.0,0.0,0.0,0.0,0.0,0.0,0.0,17.0,15.0,15.0,17.0,15.0,15.0,17.0,15.0,15.0,17.0,15.0,15.0,17.0,15.0,15.0,0.0,0.0,0.0,3.0,0.0,4.0,0.0,0.0,0.0,0.0,0.0,4.0,1.0
495.0,0,10000.0,Anhui,Limited liability company (Natural person investment or holding),1136.0,0.0,Construction industry,2.0,2.0,0.0,0.0,0.0,2.0,0.0,0.0,1.0,0.0,0.0,0.0,0.0,0.0,0.0,0.0,0.0,0.0,0.0,0.0,0.0,0.0,0.0,0.0,0.0,0.0,0.0,0.0,0.0,1.0,0.0,0.0,0.0,22.0,0.0,0.0,0.0,0.0,0.0,0.0,0.0,0.0,0.0,0.0,0.0,1.0,0.0,0.0,0.0,0.0,0.0,0.0,0.0,5.0,0.0,8.0,5.0,0.0,8.0,5.0,0.0,8.0,5.0,0.0,8.0,5.0,0.0,8.0,0.0,0.0,0.0,0.0,0.0,0.0,0.0,0.0,0.0,0.0,0.0,1.0,0.0
496.0,0,5000.0,Hainan,Limited liability company (Natural person investment or holding),410.0,1536.0,Construction industry,4.0,4.0,0.0,0.0,0.0,0.0,2.0,4.0,,0.0,0.0,0.0,0.0,0.0,0.0,0.0,0.0,0.0,0.0,0.0,0.0,0.0,0.0,0.0,0.0,0.0,0.0,0.0,0.0,0.0,0.0,0.0,0.0,0.0,0.0,0.0,0.0,0.0,0.0,0.0,0.0,0.0,0.0,0.0,0.0,0.0,0.0,0.0,0.0,0.0,0.0,0.0,0.0,57.0,,,57.0,,,57.0,,,57.0,,,0.0,,,0.0,0.0,0.0,0.0,0.0,0.0,0.0,0.0,0.0,0.0,0.0,0.0,0.0
497.0,0,2000.0,Hainan,Limited liability company (Natural person investment or holding),1630.0,80.3179,Construction industry,3.0,2.0,0.0,0.0,0.0,7.0,0.0,6.0,1.0,0.0,0.0,0.0,1.0,0.0,8.0,0.0,0.0,0.0,0.0,0.0,0.0,0.0,0.0,0.0,0.0,0.0,0.0,0.0,0.0,0.0,0.0,0.0,0.0,0.0,0.0,0.0,0.0,0.0,0.0,0.0,0.0,0.0,0.0,0.0,0.0,0.0,0.0,0.0,0.0,0.0,0.0,0.0,0.0,49.0,15.0,6.0,49.0,15.0,6.0,49.0,15.0,6.0,49.0,15.0,6.0,49.0,15.0,6.0,0.0,0.0,0.0,0.0,0.0,0.0,0.0,0.0,0.0,0.0,0.0,0.0,0.0
498.0,0,7500.0,Hainan,Limited liability company (Natural person investment or holding),2094.0,7500.0,Construction industry,2.0,3.0,0.0,2.0,6.0,0.0,3.0,2.0,,0.0,0.0,0.0,0.0,0.0,20.0,0.0,0.0,0.0,0.0,0.0,0.0,0.0,0.0,0.0,1.0,0.0,0.0,0.0,0.0,0.0,0.0,0.0,0.0,0.0,0.0,0.0,0.0,0.0,0.0,0.0,0.0,0.0,0.0,0.0,0.0,0.0,0.0,0.0,0.0,0.0,0.0,0.0,0.0,20.0,34.0,24.0,20.0,34.0,24.0,20.0,34.0,24.0,20.0,34.0,24.0,20.0,34.0,24.0,0.0,0.0,0.0,0.0,0.0,0.0,0.0,0.0,0.0,0.0,0.0,0.0,0.0
499.0,0,8366.0,Fujian,Limited liability company (Natural person investment or holding),1522.0,30.0,Construction industry,2.0,2.0,0.0,0.0,5.0,0.0,0.0,1.0,1.0,0.0,0.0,0.0,0.0,0.0,0.0,0.0,0.0,0.0,0.0,0.0,0.0,0.0,0.0,0.0,0.0,0.0,0.0,0.0,0.0,0.0,0.0,0.0,0.0,0.0,0.0,0.0,0.0,0.0,0.0,0.0,0.0,0.0,0.0,0.0,0.0,0.0,0.0,0.0,0.0,0.0,0.0,0.0,0.0,40.0,23.0,15.0,40.0,23.0,15.0,40.0,2.0,2.0,40.0,23.0,15.0,40.0,2.0,2.0,0.0,0.0,0.0,0.0,0.0,0.0,0.0,0.0,0.0,0.0,0.0,1.0,0.0
500.0,0,10000.0,Fujian,Limited liability company (Natural person investment or holding),620.0,4000.0,Construction industry,2.0,2.0,0.0,0.0,0.0,0.0,10.0,2.0,,0.0,0.0,0.0,0.0,3.0,7.0,0.0,0.0,0.0,0.0,0.0,0.0,0.0,0.0,0.0,0.0,0.0,0.0,0.0,0.0,0.0,0.0,0.0,0.0,1.0,0.0,0.0,0.0,0.0,0.0,0.0,0.0,0.0,0.0,0.0,0.0,0.0,0.0,0.0,0.0,0.0,0.0,0.0,0.0,39.0,14.0,,39.0,14.0,,39.0,14.0,,39.0,14.0,,39.0,14.0,,0.0,0.0,0.0,0.0,0.0,0.0,0.0,0.0,0.0,0.0,0.0,0.0,0.0
501.0,0,2100.0,Shaanxi,Limited liability company,9006.0,2100.027,Construction industry,3.0,2.0,11.0,8.0,0.0,1.0,0.0,0.0,,0.0,1.0,0.0,0.0,0.0,0.0,0.0,0.0,0.0,0.0,0.0,0.0,0.0,0.0,0.0,0.0,0.0,0.0,0.0,0.0,0.0,0.0,0.0,0.0,0.0,0.0,0.0,0.0,0.0,0.0,0.0,0.0,0.0,0.0,0.0,0.0,0.0,0.0,0.0,0.0,0.0,0.0,0.0,0.0,21.0,21.0,11.0,0.0,0.0,0.0,0.0,0.0,0.0,0.0,0.0,0.0,0.0,0.0,0.0,0.0,0.0,0.0,0.0,0.0,0.0,0.0,0.0,0.0,0.0,0.0,0.0,2.0
502.0,0,2000.0,Shaanxi,Limited liability company (Natural person investment or holding),6532.0,2000.0002,Construction industry,24.0,11.0,9.0,7.0,2.0,7.0,4.0,0.0,,0.0,1.0,0.0,5.0,0.0,0.0,1.0,0.0,0.0,0.0,0.0,0.0,0.0,0.0,0.0,0.0,0.0,0.0,0.0,0.0,0.0,0.0,0.0,0.0,0.0,0.0,0.0,0.0,0.0,0.0,0.0,0.0,0.0,0.0,0.0,0.0,0.0,0.0,0.0,0.0,0.0,0.0,0.0,0.0,18.0,,27.0,0.0,0.0,0.0,0.0,0.0,0.0,0.0,0.0,0.0,0.0,0.0,0.0,0.0,0.0,1.0,1.0,0.0,0.0,0.0,0.0,0.0,1.0,0.0,0.0,1.0
503.0,0,4100.0,Sichuan,Limited liability company (Natural person investment or holding),5253.0,4100.0,Construction industry,4.0,,8.0,8.0,3.0,3.0,0.0,3.0,2.0,0.0,0.0,0.0,16.0,10.0,0.0,0.0,0.0,1.0,1.0,0.0,0.0,0.0,0.0,0.0,0.0,0.0,0.0,0.0,0.0,0.0,0.0,0.0,0.0,0.0,0.0,0.0,0.0,0.0,0.0,0.0,0.0,0.0,0.0,0.0,0.0,0.0,0.0,0.0,0.0,0.0,0.0,0.0,0.0,34.0,31.0,48.0,34.0,31.0,48.0,34.0,31.0,48.0,34.0,31.0,48.0,34.0,31.0,48.0,0.0,0.0,0.0,0.0,5.0,33.0,1.0,17.0,1.0,3.0,4.0,3.0,0.0
504.0,0,2200.0,Shaanxi,Limited liability company (Natural person investment or holding),4200.0,2200.0,Construction industry,3.0,3.0,6.0,6.0,0.0,0.0,0.0,0.0,2.0,0.0,3.0,1.0,0.0,0.0,0.0,0.0,0.0,0.0,0.0,0.0,0.0,0.0,0.0,0.0,0.0,0.0,0.0,0.0,0.0,0.0,0.0,0.0,0.0,0.0,0.0,0.0,0.0,0.0,0.0,0.0,0.0,0.0,0.0,0.0,0.0,0.0,0.0,0.0,0.0,0.0,0.0,0.0,0.0,26.0,26.0,25.0,0.0,0.0,0.0,0.0,0.0,0.0,0.0,0.0,0.0,0.0,0.0,0.0,0.0,0.0,0.0,0.0,0.0,0.0,0.0,0.0,0.0,0.0,0.0,0.0,1.0
505.0,0,4280.0,Shaanxi,Limited liability company (Natural person investment or holding),2296.0,250.0,Construction industry,2.0,2.0,0.0,6.0,5.0,3.0,11.0,0.0,,0.0,0.0,3.0,0.0,0.0,0.0,0.0,0.0,0.0,0.0,0.0,0.0,0.0,0.0,0.0,0.0,0.0,0.0,0.0,0.0,1.0,0.0,0.0,0.0,0.0,0.0,0.0,0.0,0.0,0.0,0.0,0.0,0.0,0.0,0.0,0.0,0.0,0.0,0.0,0.0,0.0,0.0,0.0,0.0,10.0,8.0,10.0,0.0,0.0,0.0,0.0,0.0,0.0,10.0,0.0,0.0,0.0,0.0,0.0,0.0,0.0,0.0,0.0,0.0,0.0,0.0,0.0,0.0,0.0,0.0,0.0,0.0
506.0,0,3800.0,Zhejiang,Limited liability company (Natural person investment or holding),8512.0,2030.0,Construction industry,2.0,2.0,0.0,1.0,1.0,0.0,0.0,9.0,,0.0,0.0,0.0,0.0,0.0,0.0,0.0,0.0,0.0,0.0,0.0,0.0,0.0,0.0,0.0,0.0,0.0,0.0,0.0,0.0,0.0,0.0,0.0,0.0,0.0,0.0,0.0,0.0,0.0,0.0,0.0,0.0,0.0,0.0,0.0,0.0,0.0,0.0,0.0,0.0,0.0,0.0,0.0,0.0,50.0,49.0,40.0,50.0,49.0,40.0,50.0,49.0,40.0,50.0,49.0,44.0,50.0,49.0,40.0,0.0,0.0,0.0,0.0,1.0,1.0,0.0,0.0,0.0,0.0,0.0,2.0,3.0
507.0,0,2000.0,Zhejiang,Limited liability company (Natural person investment or holding),1140.0,0.0,Construction industry,3.0,2.0,0.0,0.0,2.0,0.0,9.0,2.0,1.0,0.0,0.0,0.0,0.0,1.0,7.0,0.0,0.0,0.0,0.0,0.0,0.0,0.0,0.0,0.0,0.0,0.0,0.0,0.0,0.0,0.0,0.0,0.0,0.0,0.0,0.0,0.0,0.0,0.0,0.0,0.0,0.0,0.0,0.0,0.0,0.0,0.0,0.0,0.0,0.0,0.0,0.0,0.0,0.0,51.0,43.0,0.0,51.0,43.0,0.0,51.0,43.0,0.0,51.0,43.0,0.0,51.0,43.0,0.0,0.0,0.0,0.0,0.0,0.0,0.0,0.0,0.0,0.0,0.0,0.0,0.0,0.0
508.0,0,10600.0,Anhui,Limited liability company (Natural person investment or holding),6428.0,6800.0,Manufacturing,3.0,2.0,4.0,0.0,4.0,0.0,0.0,0.0,,0.0,0.0,4.0,3.0,9.0,0.0,0.0,0.0,0.0,0.0,0.0,0.0,0.0,0.0,0.0,0.0,0.0,0.0,0.0,0.0,2.0,0.0,0.0,0.0,0.0,0.0,5.0,1.0,1.0,0.0,6.0,1.0,0.0,0.0,0.0,0.0,0.0,0.0,0.0,0.0,0.0,0.0,0.0,7.0,51.0,45.0,43.0,51.0,45.0,43.0,51.0,45.0,43.0,51.0,45.0,43.0,51.0,45.0,43.0,0.0,3.0,1.0,4.0,1.0,2.0,2.0,2.0,0.0,0.0,0.0,0.0,4.0
509.0,0,2450.0,Anhui,Limited liability company (Natural person investment or holding),4288.0,1050.0,Construction industry,2.0,2.0,9.0,2.0,3.0,5.0,0.0,2.0,,0.0,0.0,0.0,0.0,1.0,5.0,0.0,0.0,0.0,0.0,0.0,0.0,0.0,0.0,0.0,0.0,0.0,0.0,0.0,0.0,0.0,0.0,0.0,0.0,0.0,0.0,0.0,0.0,0.0,0.0,0.0,0.0,0.0,0.0,0.0,0.0,0.0,0.0,0.0,6.0,0.0,0.0,0.0,11.0,15.0,143.0,11.0,15.0,143.0,11.0,15.0,143.0,11.0,15.0,143.0,11.0,15.0,143.0,11.0,0.0,0.0,0.0,0.0,0.0,0.0,0.0,0.0,0.0,0.0,0.0,0.0,2.0
510.0,0,5000.0,Shaanxi,Limited liability company (Natural person investment or holding),1721.0,0.0,Construction industry,2.0,2.0,0.0,0.0,5.0,0.0,13.0,0.0,,0.0,0.0,0.0,2.0,0.0,0.0,0.0,0.0,0.0,0.0,0.0,0.0,0.0,0.0,0.0,0.0,0.0,0.0,0.0,0.0,0.0,0.0,0.0,0.0,0.0,0.0,0.0,0.0,0.0,0.0,0.0,0.0,0.0,0.0,0.0,0.0,0.0,0.0,0.0,0.0,0.0,0.0,0.0,0.0,0.0,0.0,0.0,0.0,0.0,0.0,0.0,0.0,0.0,0.0,0.0,0.0,0.0,0.0,0.0,0.0,0.0,0.0,0.0,2.0,4.0,0.0,0.0,0.0,0.0,0.0,1.0,0.0
511.0,0,6000.0,Henan,"Joint stock limited company (unlisted, natural person investment or holding)",7896.0,6000.0,Wholesale and retail,2.0,8.0,2.0,1.0,14.0,1.0,7.0,2.0,4.0,0.0,0.0,0.0,0.0,3.0,3.0,0.0,0.0,0.0,0.0,0.0,0.0,0.0,0.0,0.0,0.0,0.0,0.0,0.0,0.0,0.0,0.0,0.0,4.0,0.0,0.0,0.0,0.0,0.0,1.0,4.0,0.0,0.0,0.0,0.0,0.0,0.0,0.0,0.0,3.0,0.0,5.0,13.0,3.0,49.0,62.0,38.0,49.0,62.0,38.0,49.0,62.0,38.0,49.0,62.0,38.0,49.0,62.0,38.0,0.0,0.0,0.0,0.0,2.0,0.0,0.0,0.0,0.0,0.0,1.0,0.0,2.0
512.0,0,6000.0,Guandong,Limited liability company (Natural person investment or holding),965.0,506.18,Construction industry,2.0,2.0,0.0,0.0,0.0,3.0,0.0,0.0,,0.0,0.0,0.0,0.0,0.0,4.0,0.0,0.0,0.0,0.0,0.0,0.0,0.0,0.0,0.0,0.0,0.0,0.0,0.0,0.0,0.0,0.0,0.0,0.0,0.0,0.0,0.0,0.0,0.0,0.0,0.0,0.0,0.0,0.0,0.0,0.0,0.0,0.0,0.0,0.0,0.0,0.0,0.0,0.0,15.0,22.0,0.0,15.0,22.0,0.0,15.0,22.0,0.0,15.0,22.0,0.0,15.0,22.0,0.0,0.0,0.0,0.0,0.0,0.0,0.0,0.0,0.0,0.0,0.0,0.0,0.0,0.0
513.0,0,2138.0,Guandong,Limited liability company (Natural person investment or holding),6072.0,2138.0,Construction industry,3.0,2.0,8.0,0.0,0.0,0.0,0.0,0.0,,0.0,0.0,0.0,0.0,0.0,0.0,0.0,0.0,0.0,0.0,0.0,0.0,0.0,0.0,0.0,0.0,0.0,0.0,0.0,0.0,0.0,0.0,0.0,0.0,0.0,0.0,0.0,0.0,0.0,0.0,0.0,0.0,0.0,0.0,0.0,0.0,0.0,0.0,0.0,0.0,0.0,0.0,0.0,0.0,15.0,8.0,9.0,15.0,8.0,9.0,15.0,8.0,9.0,15.0,8.0,9.0,15.0,8.0,9.0,0.0,0.0,0.0,0.0,0.0,0.0,0.0,0.0,0.0,0.0,0.0,0.0,2.0
514.0,0,3000.0,Hebei,Limited liability company (sole proprietorship of natural person),2682.0,3000.0,Construction industry,1.0,2.0,0.0,6.0,4.0,2.0,7.0,0.0,,0.0,0.0,0.0,0.0,0.0,2.0,0.0,0.0,0.0,0.0,0.0,0.0,0.0,0.0,0.0,0.0,0.0,0.0,0.0,0.0,0.0,0.0,0.0,0.0,0.0,0.0,0.0,0.0,0.0,0.0,0.0,0.0,0.0,0.0,0.0,0.0,0.0,0.0,0.0,0.0,0.0,0.0,0.0,0.0,0.0,0.0,0.0,0.0,0.0,0.0,0.0,0.0,0.0,0.0,0.0,0.0,0.0,0.0,0.0,0.0,0.0,0.0,0.0,0.0,0.0,0.0,0.0,0.0,0.0,0.0,0.0,1.0
515.0,0,5000.0,Hebei,Limited liability company (sole proprietorship of natural person),1118.0,0.0,Construction industry,1.0,2.0,0.0,0.0,0.0,6.0,0.0,0.0,,0.0,0.0,0.0,0.0,0.0,6.0,0.0,0.0,0.0,0.0,0.0,0.0,0.0,0.0,0.0,0.0,0.0,0.0,0.0,0.0,0.0,0.0,0.0,0.0,0.0,0.0,0.0,0.0,0.0,0.0,0.0,0.0,0.0,0.0,0.0,0.0,0.0,0.0,0.0,0.0,0.0,0.0,0.0,0.0,28.0,4.0,0.0,3.0,0.0,0.0,8.0,0.0,0.0,32.0,4.0,0.0,8.0,0.0,0.0,0.0,0.0,0.0,0.0,0.0,0.0,0.0,0.0,0.0,0.0,0.0,0.0,0.0
516.0,0,1800.0,Hebei,Limited liability company (Natural person investment or holding),1611.0,271.95,Construction industry,5.0,2.0,0.0,1.0,11.0,1.0,6.0,4.0,1.0,0.0,0.0,0.0,0.0,0.0,4.0,0.0,0.0,0.0,0.0,0.0,0.0,0.0,0.0,0.0,0.0,0.0,0.0,0.0,0.0,0.0,0.0,0.0,1.0,0.0,0.0,0.0,0.0,0.0,0.0,0.0,0.0,0.0,0.0,0.0,0.0,0.0,0.0,0.0,0.0,0.0,0.0,0.0,0.0,31.0,16.0,11.0,31.0,16.0,11.0,17.0,16.0,11.0,31.0,16.0,11.0,17.0,16.0,11.0,0.0,0.0,0.0,0.0,1.0,2.0,0.0,0.0,0.0,1.0,0.0,1.0,0.0
517.0,0,5000.0,Hebei,Limited liability company (Natural person investment or holding),3644.0,1500.0,Construction industry,2.0,2.0,1.0,6.0,0.0,2.0,0.0,4.0,57.0,0.0,0.0,0.0,0.0,0.0,0.0,0.0,0.0,0.0,0.0,0.0,0.0,0.0,0.0,0.0,0.0,0.0,0.0,0.0,0.0,0.0,0.0,0.0,0.0,0.0,0.0,0.0,0.0,0.0,0.0,0.0,13.0,0.0,0.0,0.0,0.0,0.0,0.0,0.0,0.0,0.0,0.0,0.0,0.0,27.0,23.0,33.0,0.0,0.0,0.0,16.0,13.0,13.0,27.0,23.0,33.0,16.0,13.0,13.0,0.0,0.0,0.0,0.0,0.0,14.0,0.0,0.0,0.0,1.0,4.0,2.0,1.0
518.0,0,1000.0,Hebei,Limited liability company (Natural person investment or holding),1526.0,34.7,Construction industry,2.0,2.0,0.0,0.0,2.0,2.0,2.0,8.0,,0.0,0.0,0.0,0.0,0.0,11.0,0.0,0.0,0.0,0.0,0.0,0.0,0.0,0.0,0.0,0.0,0.0,0.0,0.0,0.0,0.0,0.0,0.0,0.0,0.0,0.0,0.0,0.0,0.0,0.0,0.0,0.0,0.0,0.0,0.0,0.0,0.0,0.0,0.0,0.0,0.0,0.0,0.0,0.0,45.0,11.0,2.0,22.0,10.0,0.0,20.0,7.0,0.0,45.0,11.0,0.0,20.0,7.0,0.0,0.0,0.0,0.0,0.0,0.0,0.0,0.0,0.0,0.0,0.0,0.0,0.0,0.0
519.0,0,5000.0,Hebei,Limited liability company (Natural person investment or holding),1662.0,1000.0,Construction industry,2.0,2.0,0.0,5.0,3.0,14.0,9.0,3.0,2.0,0.0,0.0,0.0,0.0,0.0,0.0,0.0,0.0,0.0,0.0,0.0,0.0,0.0,0.0,0.0,0.0,0.0,0.0,0.0,0.0,0.0,0.0,0.0,0.0,0.0,0.0,0.0,0.0,0.0,0.0,0.0,0.0,0.0,0.0,0.0,0.0,0.0,0.0,0.0,0.0,0.0,0.0,0.0,0.0,32.0,15.0,0.0,32.0,15.0,0.0,32.0,15.0,0.0,32.0,15.0,0.0,32.0,15.0,0.0,0.0,0.0,0.0,0.0,0.0,0.0,0.0,0.0,0.0,0.0,0.0,0.0,0.0
520.0,0,4800.0,Hebei,Limited liability company (Natural person investment or holding),7163.0,700.0,Construction industry,2.0,2.0,9.0,0.0,0.0,4.0,7.0,0.0,5.0,0.0,0.0,0.0,0.0,0.0,0.0,0.0,0.0,0.0,0.0,0.0,0.0,0.0,0.0,0.0,0.0,0.0,0.0,0.0,0.0,0.0,0.0,0.0,0.0,0.0,0.0,0.0,0.0,0.0,0.0,0.0,0.0,0.0,0.0,0.0,0.0,0.0,0.0,0.0,0.0,0.0,0.0,0.0,0.0,0.0,0.0,0.0,0.0,0.0,0.0,0.0,0.0,0.0,0.0,0.0,0.0,0.0,0.0,0.0,0.0,0.0,0.0,0.0,0.0,1.0,0.0,0.0,0.0,0.0,0.0,1.0,1.0
521.0,0,5000.0,Hebei,Limited liability company (sole proprietorship of natural person),1182.0,861.3,Construction industry,1.0,2.0,0.0,0.0,0.0,1.0,4.0,1.0,,0.0,0.0,0.0,0.0,0.0,4.0,0.0,0.0,0.0,0.0,0.0,0.0,0.0,0.0,0.0,0.0,0.0,0.0,0.0,0.0,0.0,0.0,0.0,0.0,0.0,0.0,0.0,0.0,0.0,0.0,0.0,0.0,0.0,0.0,0.0,0.0,0.0,0.0,0.0,0.0,0.0,0.0,0.0,0.0,58.0,18.0,0.0,0.0,0.0,0.0,3.0,2.0,0.0,68.0,0.0,0.0,3.0,2.0,0.0,0.0,0.0,0.0,0.0,0.0,0.0,0.0,0.0,0.0,0.0,0.0,0.0,0.0
522.0,0,2000.0,Hebei,Limited liability company (sole proprietorship of natural person),779.0,0.0,Construction industry,1.0,2.0,0.0,0.0,0.0,0.0,3.0,0.0,,0.0,0.0,0.0,0.0,6.0,0.0,0.0,0.0,0.0,0.0,0.0,0.0,0.0,0.0,0.0,0.0,0.0,0.0,0.0,0.0,0.0,0.0,0.0,0.0,0.0,0.0,0.0,0.0,0.0,0.0,0.0,0.0,0.0,0.0,0.0,0.0,0.0,0.0,0.0,0.0,0.0,0.0,0.0,0.0,0.0,0.0,,0.0,0.0,,0.0,0.0,,0.0,0.0,,0.0,0.0,,0.0,0.0,0.0,0.0,0.0,0.0,0.0,0.0,0.0,0.0,0.0,0.0,0.0
523.0,0,2000.0,Hebei,Limited liability company (sole proprietorship of natural person),1169.0,1132.0,Construction industry,1.0,2.0,0.0,0.0,0.0,0.0,0.0,0.0,,0.0,0.0,0.0,2.0,0.0,0.0,0.0,0.0,0.0,0.0,0.0,0.0,0.0,0.0,0.0,0.0,0.0,0.0,0.0,0.0,0.0,0.0,0.0,0.0,0.0,0.0,0.0,0.0,0.0,0.0,0.0,0.0,0.0,0.0,0.0,0.0,0.0,0.0,0.0,0.0,0.0,0.0,0.0,0.0,9.0,10.0,3.0,9.0,0.0,0.0,5.0,7.0,0.0,9.0,10.0,3.0,5.0,7.0,0.0,0.0,0.0,0.0,0.0,0.0,0.0,0.0,0.0,0.0,0.0,0.0,0.0,0.0
524.0,0,9000.0,Hebei,Limited liability company (sole proprietorship of natural person),2275.0,2219.0,Manufacturing,1.0,2.0,0.0,2.0,1.0,7.0,4.0,5.0,2.0,0.0,0.0,0.0,0.0,0.0,0.0,0.0,0.0,0.0,0.0,0.0,0.0,0.0,0.0,0.0,0.0,0.0,0.0,0.0,0.0,0.0,0.0,0.0,0.0,0.0,0.0,0.0,0.0,0.0,0.0,0.0,0.0,0.0,0.0,0.0,0.0,0.0,0.0,0.0,0.0,0.0,0.0,0.0,0.0,28.0,0.0,16.0,0.0,0.0,0.0,0.0,0.0,0.0,19.0,0.0,7.0,0.0,0.0,0.0,0.0,0.0,0.0,0.0,1.0,0.0,0.0,0.0,0.0,0.0,0.0,0.0,2.0
525.0,0,10068.0,Hebei,Limited liability company (Natural person investment or holding),2257.0,600.0,Construction industry,3.0,2.0,0.0,5.0,2.0,0.0,0.0,5.0,,0.0,0.0,0.0,0.0,0.0,0.0,0.0,0.0,0.0,0.0,0.0,0.0,0.0,0.0,0.0,0.0,0.0,0.0,0.0,0.0,0.0,0.0,0.0,0.0,0.0,0.0,0.0,0.0,0.0,0.0,0.0,0.0,0.0,0.0,0.0,0.0,0.0,0.0,0.0,0.0,0.0,0.0,0.0,0.0,0.0,0.0,0.0,0.0,0.0,0.0,0.0,0.0,0.0,0.0,0.0,0.0,0.0,0.0,0.0,0.0,0.0,0.0,0.0,0.0,0.0,0.0,0.0,0.0,0.0,0.0,0.0,0.0
526.0,0,1000.0,Hebei,Limited liability company (sole proprietorship of natural person),1624.0,127.92,Construction industry,1.0,2.0,0.0,1.0,0.0,1.0,0.0,0.0,,0.0,0.0,1.0,0.0,0.0,0.0,0.0,0.0,0.0,0.0,0.0,0.0,0.0,0.0,0.0,0.0,0.0,0.0,0.0,0.0,0.0,0.0,0.0,0.0,0.0,0.0,0.0,0.0,0.0,0.0,0.0,0.0,0.0,0.0,0.0,0.0,0.0,0.0,0.0,0.0,0.0,0.0,0.0,0.0,6.0,4.0,4.0,4.0,0.0,0.0,2.0,0.0,0.0,4.0,4.0,4.0,2.0,0.0,0.0,0.0,0.0,0.0,0.0,0.0,0.0,0.0,0.0,0.0,0.0,0.0,0.0,0.0
527.0,0,5000.0,Henan,Limited liability company (Natural person investment or holding),1521.0,5000.0,Construction industry,2.0,3.0,0.0,0.0,2.0,11.0,0.0,0.0,1.0,0.0,0.0,0.0,0.0,0.0,0.0,0.0,0.0,0.0,0.0,0.0,0.0,0.0,0.0,0.0,0.0,0.0,0.0,0.0,0.0,0.0,0.0,0.0,0.0,3.0,1.0,0.0,0.0,0.0,0.0,0.0,0.0,0.0,0.0,0.0,0.0,0.0,0.0,0.0,0.0,0.0,0.0,0.0,0.0,19.0,12.0,5.0,19.0,12.0,5.0,19.0,12.0,5.0,19.0,12.0,5.0,19.0,12.0,5.0,0.0,0.0,0.0,0.0,0.0,0.0,0.0,0.0,0.0,0.0,0.0,0.0,0.0
528.0,0,1600.0,Henan,Other limited liability companies,6862.0,1600.0,Mining industry,3.0,2.0,6.0,0.0,0.0,0.0,3.0,2.0,7.0,0.0,0.0,0.0,0.0,0.0,0.0,0.0,0.0,0.0,0.0,0.0,0.0,0.0,0.0,0.0,0.0,0.0,0.0,0.0,0.0,0.0,0.0,0.0,0.0,0.0,0.0,0.0,0.0,0.0,0.0,0.0,0.0,0.0,0.0,0.0,0.0,0.0,0.0,0.0,0.0,0.0,0.0,0.0,0.0,31.0,31.0,33.0,31.0,31.0,32.0,31.0,31.0,33.0,31.0,31.0,33.0,31.0,31.0,33.0,0.0,0.0,0.0,1.0,7.0,9.0,0.0,0.0,0.0,0.0,2.0,5.0,2.0
529.0,0,3000.0,Henan,Limited liability company (Natural person investment or holding),1284.0,1200.0,Construction industry,2.0,2.0,0.0,0.0,3.0,0.0,6.0,5.0,4.0,0.0,0.0,0.0,0.0,0.0,0.0,0.0,0.0,0.0,0.0,0.0,0.0,0.0,0.0,0.0,0.0,0.0,0.0,0.0,0.0,0.0,0.0,0.0,0.0,0.0,1.0,0.0,0.0,0.0,0.0,0.0,0.0,0.0,0.0,0.0,0.0,0.0,0.0,0.0,0.0,0.0,0.0,0.0,0.0,13.0,0.0,0.0,13.0,0.0,0.0,13.0,0.0,0.0,13.0,0.0,0.0,13.0,0.0,0.0,0.0,0.0,0.0,0.0,0.0,0.0,0.0,0.0,0.0,0.0,0.0,0.0,0.0
530.0,0,5000.0,Henan,Limited liability company (Natural person investment or holding),5794.0,5000.0,Construction industry,2.0,2.0,11.0,1.0,1.0,0.0,0.0,4.0,1.0,0.0,1.0,0.0,0.0,3.0,2.0,0.0,0.0,0.0,0.0,0.0,1.0,0.0,0.0,0.0,0.0,0.0,0.0,0.0,0.0,0.0,0.0,0.0,0.0,0.0,0.0,0.0,1.0,0.0,0.0,0.0,0.0,0.0,0.0,0.0,0.0,0.0,0.0,0.0,0.0,0.0,0.0,0.0,0.0,45.0,45.0,45.0,45.0,45.0,45.0,10.0,10.0,10.0,45.0,45.0,45.0,10.0,10.0,10.0,0.0,0.0,1.0,2.0,4.0,8.0,0.0,1.0,0.0,0.0,1.0,4.0,0.0
531.0,0,4100.0,Henan,Other limited liability companies,3698.0,1000.0,Construction industry,2.0,3.0,8.0,4.0,6.0,4.0,5.0,1.0,,0.0,0.0,0.0,0.0,0.0,0.0,0.0,0.0,0.0,0.0,0.0,0.0,0.0,0.0,0.0,0.0,0.0,0.0,0.0,0.0,0.0,0.0,0.0,0.0,0.0,0.0,0.0,0.0,0.0,0.0,0.0,0.0,0.0,0.0,0.0,0.0,0.0,0.0,0.0,0.0,0.0,0.0,0.0,0.0,0.0,0.0,0.0,0.0,0.0,0.0,0.0,0.0,0.0,0.0,0.0,0.0,0.0,0.0,0.0,0.0,0.0,0.0,1.0,0.0,1.0,0.0,0.0,0.0,0.0,0.0,1.0,0.0
532.0,0,4000.0,Henan,Limited liability company (Natural person investment or holding),1760.0,0.0,Construction industry,3.0,2.0,0.0,12.0,17.0,14.0,6.0,2.0,11.0,0.0,0.0,0.0,0.0,0.0,0.0,0.0,0.0,0.0,0.0,0.0,0.0,0.0,0.0,0.0,0.0,0.0,0.0,0.0,0.0,0.0,0.0,0.0,0.0,0.0,0.0,0.0,0.0,0.0,0.0,0.0,0.0,0.0,0.0,0.0,0.0,0.0,0.0,0.0,0.0,0.0,0.0,0.0,0.0,0.0,,0.0,0.0,,0.0,0.0,,0.0,0.0,,0.0,0.0,,0.0,0.0,0.0,0.0,0.0,0.0,0.0,0.0,0.0,0.0,0.0,0.0,0.0,1.0
533.0,0,10000.0,Henan,Limited liability company (Natural person investment or holding),3135.0,4000.0,Construction industry,3.0,2.0,5.0,2.0,3.0,0.0,0.0,0.0,5.0,0.0,0.0,2.0,0.0,5.0,11.0,0.0,0.0,0.0,0.0,0.0,0.0,0.0,0.0,0.0,0.0,0.0,0.0,0.0,0.0,0.0,0.0,0.0,0.0,0.0,0.0,0.0,0.0,0.0,0.0,0.0,3.0,0.0,0.0,0.0,0.0,0.0,0.0,0.0,0.0,0.0,0.0,0.0,0.0,39.0,41.0,43.0,39.0,0.0,0.0,39.0,0.0,0.0,39.0,0.0,0.0,39.0,0.0,0.0,0.0,2.0,0.0,2.0,3.0,1.0,0.0,2.0,1.0,1.0,0.0,1.0,1.0
534.0,0,5000.0,Henan,Limited liability company (Natural person investment or holding),4383.0,5000.0,Manufacturing,2.0,2.0,8.0,1.0,0.0,3.0,7.0,4.0,1.0,0.0,0.0,0.0,0.0,3.0,0.0,0.0,0.0,0.0,0.0,0.0,0.0,0.0,0.0,0.0,0.0,0.0,0.0,0.0,0.0,0.0,0.0,0.0,0.0,0.0,0.0,0.0,0.0,0.0,0.0,0.0,0.0,0.0,0.0,0.0,0.0,0.0,0.0,0.0,0.0,0.0,0.0,0.0,0.0,10.0,12.0,8.0,10.0,0.0,0.0,10.0,7.0,0.0,10.0,7.0,4.0,10.0,7.0,0.0,0.0,0.0,0.0,0.0,0.0,0.0,0.0,0.0,0.0,0.0,0.0,0.0,1.0
535.0,0,6600.0,Henan,Limited liability company (Natural person investment or holding),4534.0,120.0,Construction industry,2.0,2.0,0.0,10.0,0.0,4.0,0.0,0.0,,0.0,0.0,0.0,0.0,0.0,3.0,0.0,0.0,0.0,0.0,0.0,0.0,0.0,0.0,0.0,0.0,0.0,0.0,0.0,0.0,0.0,0.0,0.0,0.0,0.0,4.0,0.0,0.0,0.0,0.0,0.0,0.0,0.0,0.0,0.0,0.0,0.0,0.0,0.0,0.0,0.0,0.0,0.0,0.0,13.0,0.0,0.0,13.0,0.0,0.0,13.0,0.0,0.0,13.0,0.0,0.0,13.0,0.0,0.0,0.0,0.0,0.0,0.0,0.0,0.0,0.0,0.0,0.0,0.0,0.0,0.0,1.0
536.0,0,15800.0,Henan,Limited liability company (Natural person investment or holding),2242.0,2500.0,Construction industry,2.0,2.0,3.0,0.0,6.0,6.0,4.0,2.0,7.0,0.0,0.0,0.0,0.0,2.0,0.0,0.0,0.0,0.0,0.0,0.0,0.0,0.0,0.0,0.0,0.0,0.0,0.0,0.0,0.0,0.0,0.0,0.0,0.0,0.0,0.0,0.0,0.0,0.0,0.0,0.0,0.0,0.0,0.0,0.0,0.0,0.0,0.0,0.0,0.0,0.0,0.0,0.0,0.0,34.0,23.0,16.0,34.0,22.0,16.0,35.0,23.0,16.0,33.0,25.0,16.0,35.0,22.0,16.0,0.0,0.0,0.0,0.0,0.0,0.0,0.0,0.0,0.0,0.0,0.0,0.0,2.0
537.0,0,4900.0,Henan,Limited liability company (Natural person investment or holding),2174.0,3100.0,Construction industry,2.0,3.0,2.0,6.0,0.0,2.0,0.0,3.0,37.0,0.0,0.0,0.0,0.0,0.0,3.0,0.0,0.0,0.0,0.0,0.0,0.0,0.0,0.0,0.0,0.0,0.0,0.0,0.0,0.0,0.0,0.0,0.0,0.0,0.0,0.0,0.0,0.0,0.0,0.0,0.0,0.0,0.0,0.0,0.0,0.0,0.0,0.0,0.0,0.0,0.0,0.0,0.0,0.0,40.0,40.0,40.0,0.0,0.0,0.0,0.0,0.0,0.0,40.0,40.0,40.0,0.0,0.0,0.0,0.0,0.0,0.0,0.0,1.0,3.0,0.0,0.0,0.0,0.0,1.0,5.0,1.0
538.0,0,2000.0,Henan,Limited liability company (Natural person investment or holding),874.0,0.0,"Information transmission, software and information technology services",3.0,2.0,0.0,0.0,0.0,0.0,0.0,2.0,4.0,0.0,0.0,0.0,0.0,1.0,0.0,0.0,0.0,0.0,0.0,0.0,0.0,0.0,0.0,0.0,0.0,0.0,0.0,0.0,0.0,0.0,0.0,0.0,0.0,0.0,0.0,0.0,0.0,0.0,0.0,0.0,0.0,0.0,0.0,0.0,0.0,0.0,0.0,0.0,0.0,0.0,0.0,7.0,6.0,11.0,5.0,0.0,11.0,5.0,0.0,11.0,5.0,0.0,11.0,5.0,0.0,11.0,5.0,0.0,0.0,0.0,0.0,0.0,0.0,0.0,0.0,0.0,0.0,0.0,0.0,0.0,0.0
539.0,0,5000.0,Henan,Limited liability company (Natural person investment or holding),3087.0,5000.0,Construction industry,9.0,4.0,11.0,4.0,0.0,2.0,2.0,0.0,5.0,0.0,0.0,0.0,0.0,0.0,0.0,0.0,0.0,0.0,0.0,0.0,0.0,0.0,0.0,0.0,0.0,0.0,0.0,0.0,0.0,0.0,0.0,0.0,0.0,0.0,0.0,0.0,0.0,0.0,0.0,0.0,0.0,0.0,0.0,0.0,0.0,0.0,0.0,0.0,0.0,0.0,0.0,0.0,0.0,18.0,10.0,30.0,18.0,10.0,11.0,7.0,8.0,17.0,7.0,8.0,17.0,7.0,8.0,17.0,0.0,0.0,0.0,0.0,0.0,0.0,0.0,0.0,0.0,0.0,0.0,0.0,1.0
540.0,0,4600.0,Henan,Limited liability company (Natural person investment or holding),2722.0,2000.0,Construction industry,2.0,2.0,1.0,2.0,0.0,6.0,12.0,5.0,,0.0,0.0,0.0,0.0,0.0,3.0,0.0,0.0,0.0,0.0,0.0,0.0,0.0,0.0,0.0,0.0,0.0,0.0,0.0,0.0,0.0,0.0,0.0,0.0,0.0,0.0,0.0,0.0,0.0,0.0,0.0,0.0,0.0,0.0,0.0,0.0,0.0,0.0,0.0,0.0,0.0,0.0,0.0,0.0,10.0,2.0,2.0,10.0,2.0,2.0,10.0,2.0,2.0,10.0,2.0,2.0,10.0,2.0,2.0,0.0,0.0,0.0,0.0,0.0,0.0,0.0,0.0,0.0,0.0,0.0,0.0,0.0
541.0,0,1100.0,Henan,Limited liability company (Natural person investment or holding),537.0,9.0,"Information transmission, software and information technology services",2.0,2.0,0.0,0.0,0.0,0.0,2.0,2.0,,0.0,0.0,0.0,0.0,0.0,0.0,0.0,0.0,0.0,0.0,0.0,0.0,0.0,0.0,0.0,0.0,0.0,0.0,0.0,0.0,0.0,0.0,0.0,0.0,0.0,7.0,0.0,0.0,0.0,0.0,0.0,0.0,0.0,0.0,0.0,0.0,0.0,0.0,0.0,0.0,0.0,0.0,0.0,0.0,4.0,0.0,,4.0,0.0,,4.0,0.0,,4.0,0.0,,4.0,0.0,,0.0,0.0,0.0,0.0,0.0,0.0,0.0,0.0,0.0,0.0,0.0,0.0,0.0
542.0,0,1060.0,Henan,Limited liability company (Natural person investment or holding),797.0,0.0,Scientific research and technology services,3.0,2.0,0.0,0.0,0.0,0.0,8.0,4.0,1.0,0.0,0.0,0.0,0.0,0.0,1.0,0.0,0.0,0.0,0.0,0.0,0.0,0.0,0.0,0.0,0.0,0.0,0.0,0.0,0.0,0.0,0.0,0.0,0.0,0.0,0.0,0.0,0.0,0.0,0.0,0.0,0.0,0.0,0.0,0.0,0.0,0.0,0.0,0.0,0.0,0.0,0.0,0.0,0.0,4.0,0.0,,4.0,0.0,,4.0,0.0,,4.0,0.0,,4.0,0.0,,0.0,0.0,0.0,0.0,0.0,0.0,0.0,0.0,0.0,0.0,0.0,0.0,0.0
543.0,0,8000.0,Henan,Limited liability company (Natural person investment or holding),4299.0,3600.0,Construction industry,2.0,2.0,6.0,2.0,3.0,6.0,0.0,0.0,1.0,0.0,0.0,0.0,1.0,0.0,0.0,0.0,0.0,0.0,0.0,0.0,0.0,0.0,0.0,0.0,0.0,0.0,0.0,0.0,0.0,0.0,0.0,0.0,0.0,0.0,0.0,0.0,0.0,0.0,0.0,0.0,3.0,0.0,0.0,0.0,0.0,0.0,0.0,0.0,0.0,0.0,0.0,0.0,0.0,12.0,10.0,13.0,12.0,10.0,13.0,12.0,10.0,13.0,12.0,10.0,13.0,12.0,10.0,13.0,0.0,0.0,0.0,0.0,1.0,0.0,0.0,0.0,0.0,0.0,0.0,0.0,3.0
544.0,0,4000.0,Henan,Limited liability company (sole proprietorship of natural person),1913.0,4000.0,Construction industry,1.0,2.0,0.0,0.0,7.0,4.0,0.0,10.0,8.0,0.0,0.0,0.0,0.0,0.0,3.0,0.0,0.0,0.0,0.0,0.0,0.0,0.0,0.0,0.0,0.0,0.0,0.0,0.0,0.0,0.0,0.0,0.0,0.0,0.0,0.0,0.0,0.0,0.0,0.0,0.0,0.0,0.0,0.0,0.0,0.0,0.0,0.0,0.0,0.0,0.0,0.0,0.0,0.0,0.0,0.0,0.0,0.0,0.0,0.0,0.0,0.0,0.0,0.0,0.0,0.0,0.0,0.0,0.0,0.0,0.0,0.0,0.0,0.0,0.0,0.0,0.0,0.0,0.0,0.0,0.0,0.0
545.0,0,1006.0,Henan,Limited liability company (Natural person investment or holding),1478.0,0.0,Construction industry,2.0,3.0,0.0,0.0,3.0,3.0,6.0,4.0,23.0,0.0,0.0,0.0,4.0,0.0,0.0,0.0,0.0,0.0,0.0,0.0,0.0,0.0,0.0,0.0,0.0,0.0,0.0,0.0,0.0,0.0,0.0,0.0,0.0,0.0,0.0,0.0,0.0,0.0,0.0,0.0,0.0,0.0,0.0,0.0,0.0,0.0,0.0,0.0,0.0,0.0,0.0,0.0,0.0,17.0,3.0,0.0,17.0,3.0,0.0,13.0,3.0,0.0,17.0,3.0,0.0,13.0,3.0,0.0,0.0,0.0,0.0,0.0,0.0,0.0,0.0,0.0,0.0,0.0,0.0,0.0,1.0
546.0,0,6000.0,Henan,Limited liability company (Natural person investment or holding),1216.0,586.766,Construction industry,5.0,2.0,0.0,0.0,0.0,0.0,4.0,0.0,,0.0,0.0,0.0,0.0,4.0,0.0,0.0,0.0,0.0,0.0,0.0,0.0,0.0,0.0,0.0,0.0,0.0,0.0,0.0,0.0,0.0,0.0,0.0,0.0,0.0,0.0,0.0,0.0,0.0,0.0,0.0,0.0,0.0,0.0,0.0,0.0,0.0,0.0,0.0,0.0,0.0,0.0,0.0,0.0,0.0,0.0,0.0,0.0,0.0,0.0,0.0,0.0,0.0,0.0,0.0,0.0,0.0,0.0,0.0,0.0,0.0,0.0,0.0,0.0,0.0,0.0,0.0,0.0,0.0,0.0,0.0,0.0
547.0,0,1500.0,Henan,Limited liability company (sole proprietorship of natural person),1218.0,1500.0,Construction industry,1.0,2.0,0.0,0.0,0.0,2.0,4.0,4.0,27.0,0.0,0.0,0.0,0.0,0.0,6.0,0.0,0.0,0.0,0.0,0.0,0.0,0.0,0.0,0.0,0.0,0.0,0.0,0.0,0.0,0.0,0.0,0.0,0.0,0.0,0.0,0.0,0.0,0.0,0.0,0.0,0.0,0.0,0.0,0.0,0.0,0.0,0.0,0.0,0.0,0.0,0.0,0.0,0.0,28.0,1.0,1.0,0.0,1.0,1.0,0.0,1.0,1.0,10.0,1.0,1.0,0.0,1.0,1.0,0.0,0.0,0.0,0.0,0.0,0.0,0.0,0.0,0.0,0.0,0.0,0.0,0.0
548.0,0,5000.0,Henan,Limited liability company (sole proprietorship of natural person),1360.0,0.0,Construction industry,1.0,2.0,0.0,0.0,0.0,0.0,4.0,0.0,,0.0,0.0,0.0,0.0,4.0,0.0,0.0,0.0,0.0,0.0,0.0,0.0,0.0,0.0,0.0,0.0,0.0,0.0,0.0,0.0,0.0,0.0,0.0,0.0,0.0,0.0,0.0,0.0,0.0,0.0,0.0,0.0,0.0,0.0,0.0,0.0,0.0,0.0,0.0,0.0,0.0,0.0,0.0,0.0,15.0,0.0,0.0,14.0,0.0,0.0,0.0,0.0,0.0,0.0,0.0,0.0,0.0,0.0,0.0,0.0,0.0,0.0,0.0,0.0,0.0,0.0,0.0,0.0,0.0,0.0,0.0,0.0
549.0,0,6800.0,Henan,Limited liability company (Natural person investment or holding),4118.0,1026.0,Construction industry,2.0,2.0,9.0,2.0,2.0,1.0,3.0,0.0,2.0,0.0,0.0,0.0,0.0,1.0,11.0,0.0,0.0,0.0,0.0,0.0,0.0,0.0,0.0,0.0,0.0,0.0,0.0,0.0,0.0,0.0,1.0,0.0,1.0,0.0,0.0,0.0,0.0,0.0,0.0,0.0,0.0,0.0,0.0,0.0,0.0,0.0,0.0,0.0,0.0,0.0,0.0,0.0,0.0,30.0,23.0,7.0,30.0,23.0,7.0,30.0,23.0,7.0,30.0,23.0,7.0,30.0,23.0,7.0,0.0,0.0,1.0,0.0,3.0,1.0,0.0,0.0,0.0,0.0,1.0,1.0,1.0
550.0,0,4000.0,Henan,Limited liability company (sole proprietorship of natural person),1585.0,0.0,Construction industry,1.0,2.0,0.0,0.0,1.0,0.0,1.0,0.0,8.0,0.0,0.0,0.0,2.0,9.0,0.0,0.0,0.0,0.0,0.0,0.0,0.0,0.0,0.0,0.0,0.0,0.0,0.0,0.0,0.0,0.0,0.0,0.0,0.0,0.0,0.0,0.0,0.0,0.0,0.0,0.0,0.0,0.0,0.0,0.0,0.0,0.0,0.0,0.0,0.0,0.0,0.0,0.0,3.0,0.0,0.0,0.0,0.0,0.0,0.0,0.0,0.0,0.0,0.0,0.0,0.0,0.0,0.0,0.0,0.0,0.0,0.0,0.0,0.0,0.0,0.0,0.0,0.0,0.0,0.0,0.0,0.0
551.0,0,1100.0,Henan,Limited liability company (Natural person investment or holding),1709.0,120.0,Construction industry,2.0,2.0,0.0,0.0,0.0,5.0,0.0,0.0,12.0,0.0,0.0,0.0,6.0,0.0,0.0,0.0,0.0,0.0,0.0,0.0,0.0,0.0,0.0,0.0,0.0,0.0,0.0,0.0,0.0,0.0,0.0,0.0,0.0,0.0,0.0,0.0,0.0,0.0,0.0,0.0,0.0,0.0,0.0,0.0,0.0,0.0,0.0,0.0,0.0,0.0,0.0,0.0,0.0,21.0,21.0,10.0,21.0,21.0,10.0,21.0,21.0,10.0,21.0,21.0,10.0,21.0,21.0,10.0,0.0,0.0,0.0,0.0,0.0,0.0,0.0,0.0,0.0,0.0,0.0,0.0,0.0
552.0,0,5000.0,Henan,Limited liability company (Natural person investment or holding),4595.0,518.0,Construction industry,3.0,2.0,3.0,0.0,3.0,0.0,2.0,0.0,1.0,0.0,0.0,0.0,0.0,0.0,4.0,0.0,0.0,0.0,0.0,0.0,0.0,0.0,0.0,0.0,0.0,0.0,0.0,0.0,0.0,0.0,0.0,0.0,1.0,0.0,0.0,0.0,0.0,0.0,0.0,0.0,0.0,0.0,0.0,0.0,0.0,0.0,0.0,0.0,0.0,0.0,0.0,0.0,0.0,19.0,17.0,12.0,19.0,17.0,12.0,19.0,17.0,12.0,19.0,17.0,12.0,19.0,17.0,12.0,0.0,0.0,1.0,0.0,0.0,0.0,0.0,0.0,1.0,0.0,0.0,0.0,1.0
553.0,0,1500.0,Henan,Limited liability company (Natural person investment or holding),2248.0,75.0,Scientific research and technology services,2.0,2.0,0.0,3.0,0.0,0.0,2.0,0.0,,0.0,0.0,0.0,0.0,0.0,3.0,0.0,0.0,0.0,0.0,0.0,0.0,0.0,0.0,0.0,0.0,0.0,0.0,0.0,0.0,0.0,0.0,0.0,0.0,0.0,0.0,0.0,0.0,0.0,0.0,0.0,0.0,0.0,0.0,0.0,0.0,0.0,0.0,0.0,0.0,0.0,0.0,0.0,0.0,7.0,3.0,0.0,7.0,3.0,0.0,7.0,3.0,0.0,7.0,3.0,0.0,7.0,3.0,0.0,0.0,0.0,0.0,0.0,0.0,0.0,0.0,0.0,0.0,0.0,0.0,0.0,1.0
554.0,0,5100.0,Henan,Limited liability company (sole proprietorship of natural person),9019.0,5100.0,Construction industry,1.0,2.0,6.0,0.0,0.0,5.0,15.0,2.0,1.0,0.0,0.0,0.0,0.0,0.0,2.0,2.0,0.0,0.0,0.0,0.0,0.0,0.0,0.0,0.0,0.0,0.0,0.0,0.0,0.0,0.0,0.0,0.0,0.0,0.0,0.0,0.0,0.0,0.0,0.0,0.0,0.0,0.0,0.0,0.0,0.0,0.0,0.0,0.0,0.0,0.0,0.0,0.0,0.0,20.0,20.0,21.0,20.0,20.0,21.0,20.0,20.0,21.0,20.0,20.0,21.0,20.0,20.0,21.0,0.0,0.0,0.0,1.0,0.0,0.0,0.0,0.0,0.0,1.0,0.0,0.0,2.0
555.0,0,3000.0,Henan,Limited liability company (Natural person investment or holding),2071.0,138.0,Construction industry,2.0,2.0,0.0,5.0,0.0,2.0,1.0,0.0,1.0,0.0,0.0,0.0,0.0,0.0,0.0,0.0,0.0,0.0,0.0,0.0,0.0,0.0,0.0,0.0,0.0,0.0,0.0,0.0,0.0,0.0,0.0,0.0,0.0,0.0,0.0,0.0,0.0,0.0,0.0,0.0,0.0,0.0,0.0,0.0,0.0,0.0,0.0,0.0,0.0,0.0,0.0,0.0,0.0,31.0,15.0,14.0,31.0,15.0,14.0,31.0,15.0,14.0,31.0,15.0,14.0,31.0,15.0,14.0,0.0,0.0,0.0,0.0,0.0,1.0,0.0,0.0,0.0,0.0,0.0,1.0,0.0
556.0,0,2000.0,Henan,Limited liability company (Natural person investment or holding),1605.0,0.0,Construction industry,2.0,3.0,0.0,0.0,2.0,4.0,0.0,0.0,,0.0,0.0,0.0,0.0,0.0,0.0,0.0,0.0,0.0,0.0,0.0,0.0,0.0,0.0,0.0,0.0,0.0,0.0,0.0,0.0,0.0,0.0,0.0,0.0,1.0,0.0,0.0,0.0,0.0,0.0,0.0,0.0,0.0,0.0,0.0,0.0,0.0,0.0,0.0,0.0,0.0,0.0,0.0,0.0,14.0,17.0,19.0,14.0,17.0,19.0,14.0,17.0,19.0,14.0,17.0,19.0,14.0,17.0,19.0,0.0,0.0,0.0,0.0,0.0,0.0,0.0,0.0,0.0,0.0,0.0,0.0,0.0
557.0,0,5100.0,Henan,Limited liability company (sole proprietorship of natural person),1411.0,1279.0,Construction industry,1.0,2.0,0.0,0.0,0.0,0.0,2.0,0.0,2.0,0.0,0.0,0.0,0.0,0.0,0.0,0.0,0.0,0.0,0.0,0.0,0.0,0.0,0.0,0.0,0.0,0.0,0.0,0.0,0.0,0.0,0.0,0.0,0.0,1.0,0.0,0.0,0.0,0.0,0.0,0.0,0.0,0.0,0.0,0.0,0.0,0.0,0.0,0.0,0.0,0.0,0.0,0.0,0.0,14.0,10.0,3.0,0.0,0.0,0.0,0.0,0.0,0.0,13.0,0.0,0.0,0.0,0.0,0.0,0.0,0.0,0.0,0.0,0.0,0.0,0.0,0.0,0.0,0.0,0.0,0.0,0.0
558.0,0,2300.0,Guandong,Limited liability company (Natural person investment or holding),2510.0,500.0,Construction industry,4.0,2.0,3.0,1.0,0.0,3.0,3.0,0.0,,0.0,0.0,0.0,0.0,0.0,0.0,0.0,0.0,0.0,0.0,0.0,0.0,0.0,0.0,0.0,0.0,0.0,0.0,0.0,0.0,0.0,0.0,0.0,0.0,0.0,0.0,0.0,0.0,0.0,0.0,0.0,0.0,0.0,0.0,0.0,0.0,0.0,0.0,0.0,0.0,0.0,0.0,0.0,0.0,37.0,33.0,13.0,37.0,33.0,13.0,37.0,33.0,13.0,37.0,33.0,13.0,37.0,33.0,13.0,0.0,0.0,0.0,0.0,0.0,0.0,0.0,0.0,0.0,0.0,0.0,0.0,1.0
559.0,0,3000.0,Guandong,Limited liability company (Natural person investment or holding),1063.0,0.0,Construction industry,2.0,2.0,0.0,0.0,0.0,9.0,2.0,6.0,,0.0,0.0,0.0,0.0,0.0,2.0,0.0,0.0,0.0,0.0,0.0,0.0,0.0,0.0,0.0,0.0,0.0,0.0,0.0,0.0,0.0,0.0,0.0,1.0,0.0,0.0,0.0,0.0,0.0,0.0,0.0,0.0,0.0,0.0,0.0,0.0,0.0,0.0,0.0,0.0,0.0,0.0,0.0,0.0,8.0,9.0,0.0,8.0,9.0,0.0,8.0,9.0,0.0,8.0,9.0,0.0,8.0,9.0,0.0,0.0,0.0,0.0,0.0,1.0,0.0,0.0,0.0,0.0,0.0,1.0,0.0,0.0
560.0,0,2570.0,Guandong,Limited liability company (sole proprietorship of natural person),2657.0,1542.0,Construction industry,1.0,3.0,2.0,2.0,2.0,2.0,2.0,7.0,1.0,0.0,0.0,0.0,0.0,0.0,0.0,0.0,0.0,0.0,0.0,0.0,0.0,0.0,0.0,0.0,0.0,0.0,0.0,0.0,0.0,0.0,0.0,0.0,0.0,1.0,0.0,0.0,0.0,0.0,0.0,0.0,0.0,0.0,0.0,0.0,0.0,1.0,0.0,0.0,0.0,0.0,10.0,0.0,0.0,33.0,27.0,21.0,33.0,27.0,21.0,33.0,27.0,21.0,33.0,27.0,21.0,33.0,27.0,21.0,0.0,0.0,0.0,0.0,0.0,0.0,0.0,0.0,0.0,0.0,0.0,0.0,0.0
561.0,0,1000.0,Guandong,Limited liability company (Natural person investment or holding),2205.0,700.0,Construction industry,2.0,2.0,1.0,2.0,6.0,0.0,0.0,0.0,1.0,0.0,0.0,0.0,0.0,0.0,0.0,0.0,0.0,0.0,0.0,0.0,0.0,0.0,0.0,0.0,0.0,0.0,0.0,0.0,1.0,0.0,0.0,0.0,0.0,0.0,0.0,0.0,0.0,0.0,0.0,0.0,0.0,0.0,0.0,0.0,0.0,0.0,0.0,0.0,0.0,0.0,0.0,0.0,0.0,,25.0,17.0,,25.0,17.0,,25.0,17.0,,25.0,17.0,,25.0,17.0,0.0,0.0,0.0,0.0,0.0,0.0,0.0,0.0,0.0,0.0,0.0,1.0,1.0
562.0,0,4000.0,Heilongjiang,Limited liability company (sole proprietorship of natural person),951.0,4000.0,Construction industry,1.0,2.0,0.0,0.0,0.0,11.0,9.0,5.0,1.0,0.0,0.0,0.0,0.0,0.0,0.0,0.0,0.0,0.0,0.0,0.0,0.0,0.0,0.0,0.0,0.0,0.0,0.0,0.0,0.0,0.0,0.0,0.0,0.0,0.0,0.0,0.0,0.0,0.0,0.0,0.0,0.0,0.0,0.0,0.0,0.0,0.0,0.0,0.0,0.0,0.0,0.0,0.0,0.0,20.0,12.0,0.0,20.0,9.0,0.0,20.0,9.0,0.0,20.0,9.0,0.0,20.0,9.0,0.0,0.0,0.0,0.0,0.0,0.0,0.0,0.0,0.0,0.0,0.0,0.0,0.0,0.0
563.0,0,10880.0,Heilongjiang,Limited liability company (Natural person investment or holding),2970.0,10880.0,Construction industry,2.0,2.0,2.0,2.0,0.0,11.0,6.0,8.0,3.0,0.0,0.0,0.0,0.0,0.0,0.0,0.0,0.0,0.0,1.0,0.0,0.0,0.0,0.0,0.0,0.0,0.0,0.0,0.0,0.0,0.0,0.0,0.0,0.0,0.0,0.0,0.0,0.0,0.0,0.0,1.0,0.0,0.0,0.0,0.0,0.0,0.0,0.0,0.0,0.0,0.0,0.0,0.0,0.0,39.0,27.0,31.0,39.0,27.0,6.0,39.0,27.0,8.0,39.0,27.0,6.0,39.0,27.0,8.0,0.0,0.0,0.0,2.0,0.0,0.0,0.0,0.0,1.0,0.0,0.0,1.0,0.0
564.0,0,2000.0,Heilongjiang,Limited liability company (sole proprietorship of natural person),607.0,2000.0,Construction industry,1.0,4.0,0.0,0.0,0.0,0.0,0.0,1.0,1.0,0.0,0.0,0.0,0.0,5.0,0.0,0.0,0.0,0.0,0.0,0.0,0.0,0.0,0.0,0.0,0.0,0.0,0.0,0.0,0.0,0.0,0.0,0.0,0.0,0.0,0.0,0.0,0.0,0.0,0.0,0.0,0.0,0.0,0.0,0.0,0.0,0.0,0.0,0.0,0.0,0.0,0.0,0.0,0.0,26.0,0.0,,0.0,0.0,,0.0,0.0,,0.0,0.0,,0.0,0.0,,0.0,0.0,0.0,0.0,0.0,0.0,0.0,0.0,0.0,0.0,0.0,0.0,0.0
565.0,0,10500.0,Sichuan,Limited liability company (Natural person investment or holding),3867.0,124.0,Leasing and business services,2.0,3.0,10.0,21.0,6.0,2.0,18.0,4.0,4.0,0.0,0.0,0.0,5.0,0.0,3.0,0.0,0.0,0.0,0.0,0.0,0.0,0.0,0.0,0.0,0.0,0.0,0.0,0.0,0.0,0.0,0.0,0.0,0.0,5.0,0.0,0.0,0.0,0.0,0.0,0.0,0.0,0.0,0.0,0.0,0.0,0.0,0.0,0.0,0.0,0.0,0.0,0.0,7.0,52.0,32.0,32.0,52.0,32.0,32.0,52.0,32.0,32.0,52.0,32.0,32.0,52.0,32.0,32.0,0.0,0.0,0.0,0.0,1.0,1.0,0.0,0.0,0.0,0.0,1.0,2.0,3.0
566.0,0,5000.0,Sichuan,Limited liability company (Natural person investment or holding),1679.0,5000.0,Construction industry,3.0,2.0,0.0,6.0,4.0,12.0,6.0,1.0,2.0,0.0,0.0,0.0,0.0,18.0,3.0,0.0,0.0,0.0,0.0,0.0,0.0,0.0,0.0,0.0,0.0,0.0,0.0,0.0,0.0,0.0,0.0,4.0,0.0,0.0,0.0,0.0,0.0,0.0,0.0,0.0,0.0,0.0,0.0,0.0,0.0,0.0,0.0,0.0,0.0,0.0,0.0,0.0,0.0,35.0,34.0,37.0,0.0,0.0,0.0,35.0,34.0,33.0,35.0,34.0,37.0,35.0,34.0,37.0,0.0,0.0,0.0,0.0,4.0,0.0,0.0,0.0,0.0,0.0,0.0,0.0,0.0
567.0,0,5000.0,Sichuan,Limited liability company (Natural person investment or holding),3973.0,2009.0,Construction industry,2.0,2.0,15.0,5.0,16.0,0.0,1.0,0.0,,0.0,0.0,0.0,0.0,0.0,0.0,0.0,0.0,0.0,0.0,0.0,0.0,0.0,0.0,0.0,0.0,0.0,0.0,0.0,0.0,0.0,0.0,0.0,0.0,0.0,0.0,0.0,0.0,0.0,0.0,0.0,0.0,0.0,0.0,0.0,0.0,0.0,0.0,0.0,0.0,0.0,0.0,0.0,0.0,11.0,12.0,9.0,11.0,12.0,9.0,11.0,12.0,9.0,11.0,12.0,9.0,11.0,12.0,9.0,0.0,0.0,0.0,1.0,0.0,2.0,0.0,0.0,0.0,0.0,0.0,2.0,0.0
568.0,0,6001.0,Hebei,Limited liability company (sole proprietorship of legal person invested or controlled by natural person),8574.0,1601.0,Wholesale and retail,1.0,2.0,6.0,1.0,8.0,1.0,15.0,1.0,,0.0,2.0,0.0,0.0,0.0,3.0,0.0,0.0,0.0,0.0,0.0,0.0,0.0,0.0,0.0,0.0,0.0,0.0,0.0,0.0,1.0,0.0,0.0,0.0,0.0,0.0,1.0,0.0,0.0,0.0,0.0,0.0,0.0,0.0,0.0,0.0,0.0,0.0,0.0,0.0,0.0,0.0,0.0,0.0,16.0,19.0,26.0,16.0,18.0,0.0,16.0,10.0,7.0,16.0,17.0,21.0,16.0,10.0,7.0,0.0,1.0,1.0,0.0,1.0,0.0,0.0,0.0,1.0,0.0,0.0,0.0,0.0
569.0,0,3049.0,Hunan,Limited liability company (Natural person investment or holding),5723.0,3019.0,Wholesale and retail,2.0,2.0,11.0,8.0,5.0,5.0,0.0,3.0,,0.0,0.0,0.0,7.0,2.0,0.0,1.0,0.0,0.0,0.0,1.0,0.0,0.0,0.0,0.0,0.0,0.0,0.0,0.0,0.0,2.0,1.0,0.0,0.0,0.0,0.0,2.0,0.0,1.0,0.0,9.0,42.0,0.0,0.0,0.0,0.0,0.0,0.0,7.0,0.0,10.0,10.0,11.0,17.0,20.0,12.0,8.0,20.0,12.0,5.0,14.0,12.0,2.0,39.0,45.0,51.0,14.0,12.0,2.0,0.0,0.0,0.0,1.0,1.0,0.0,0.0,0.0,0.0,1.0,0.0,0.0,2.0
570.0,0,338.0,Hunan,Limited liability company (sole proprietorship of natural person),1787.0,338.0,Scientific research and technology services,1.0,3.0,0.0,0.0,0.0,2.0,1.0,8.0,,0.0,0.0,0.0,0.0,1.0,0.0,0.0,0.0,0.0,0.0,0.0,0.0,0.0,0.0,0.0,0.0,0.0,0.0,0.0,0.0,0.0,0.0,0.0,0.0,0.0,0.0,0.0,0.0,0.0,0.0,0.0,2.0,0.0,0.0,0.0,0.0,0.0,0.0,0.0,0.0,0.0,0.0,8.0,8.0,3.0,5.0,3.0,0.0,0.0,0.0,0.0,0.0,0.0,0.0,0.0,0.0,0.0,0.0,0.0,0.0,0.0,0.0,0.0,0.0,0.0,0.0,0.0,0.0,0.0,0.0,0.0,1.0
571.0,0,500.0,Hunan,Limited liability company (Natural person investment or holding),2573.0,100.0,"Information transmission, software and information technology services",2.0,3.0,2.0,1.0,1.0,0.0,9.0,0.0,,0.0,0.0,0.0,0.0,0.0,4.0,0.0,0.0,0.0,0.0,0.0,0.0,0.0,0.0,1.0,0.0,0.0,0.0,0.0,0.0,0.0,0.0,0.0,1.0,1.0,0.0,0.0,0.0,0.0,0.0,0.0,0.0,0.0,0.0,0.0,0.0,0.0,0.0,0.0,1.0,0.0,9.0,6.0,12.0,0.0,0.0,10.0,0.0,0.0,0.0,0.0,25.0,0.0,0.0,60.0,28.0,0.0,0.0,0.0,0.0,0.0,0.0,0.0,0.0,0.0,0.0,0.0,0.0,0.0,0.0,0.0,1.0
572.0,0,621.5,Hunan,Other limited liability companies,7077.0,608.0,Construction industry,2.0,8.0,1.0,0.0,5.0,0.0,0.0,0.0,3.0,0.0,1.0,0.0,0.0,0.0,0.0,2.0,0.0,0.0,0.0,0.0,0.0,0.0,0.0,0.0,0.0,0.0,0.0,0.0,0.0,0.0,0.0,0.0,0.0,0.0,0.0,0.0,0.0,0.0,0.0,0.0,0.0,0.0,0.0,0.0,0.0,0.0,0.0,0.0,0.0,0.0,0.0,0.0,0.0,25.0,28.0,33.0,0.0,0.0,0.0,0.0,0.0,0.0,10.0,28.0,18.0,0.0,0.0,0.0,0.0,0.0,0.0,2.0,2.0,0.0,0.0,0.0,0.0,2.0,1.0,1.0,2.0
573.0,0,618.0,Hunan,Other limited liability companies,6853.0,618.0,Construction industry,2.0,2.0,0.0,0.0,0.0,0.0,0.0,6.0,8.0,0.0,2.0,0.0,0.0,0.0,0.0,0.0,0.0,0.0,0.0,0.0,0.0,0.0,0.0,0.0,0.0,0.0,0.0,0.0,0.0,0.0,0.0,0.0,0.0,0.0,0.0,0.0,0.0,0.0,0.0,0.0,0.0,0.0,0.0,0.0,0.0,0.0,0.0,0.0,0.0,0.0,0.0,0.0,0.0,17.0,17.0,20.0,0.0,0.0,0.0,0.0,0.0,0.0,8.0,7.0,9.0,0.0,0.0,0.0,0.0,0.0,0.0,0.0,0.0,0.0,0.0,0.0,0.0,0.0,0.0,0.0,0.0
574.0,0,2000.0,Inner Mongolia,Limited liability company (sole proprietorship of natural person),1334.0,0.0,Construction industry,1.0,2.0,0.0,0.0,0.0,2.0,0.0,2.0,,0.0,0.0,0.0,4.0,0.0,0.0,0.0,0.0,0.0,0.0,0.0,0.0,0.0,0.0,0.0,0.0,0.0,0.0,0.0,0.0,0.0,0.0,0.0,0.0,0.0,0.0,0.0,0.0,0.0,0.0,0.0,0.0,0.0,0.0,0.0,0.0,0.0,0.0,0.0,0.0,0.0,0.0,0.0,0.0,14.0,10.0,2.0,14.0,10.0,2.0,14.0,10.0,2.0,14.0,10.0,2.0,14.0,10.0,2.0,0.0,0.0,0.0,0.0,0.0,0.0,0.0,0.0,0.0,0.0,0.0,0.0,0.0
575.0,0,8000.0,Inner Mongolia,Limited liability company (Natural person investment or holding),1233.0,0.0,Construction industry,2.0,2.0,0.0,0.0,0.0,0.0,1.0,1.0,,0.0,0.0,0.0,2.0,0.0,0.0,0.0,0.0,0.0,0.0,0.0,0.0,0.0,0.0,0.0,0.0,0.0,0.0,0.0,0.0,0.0,0.0,0.0,0.0,0.0,0.0,0.0,0.0,0.0,0.0,0.0,0.0,0.0,0.0,0.0,0.0,0.0,0.0,0.0,0.0,0.0,0.0,0.0,0.0,0.0,0.0,,0.0,0.0,,0.0,0.0,,0.0,0.0,,0.0,0.0,,0.0,0.0,0.0,0.0,0.0,0.0,0.0,0.0,0.0,0.0,0.0,0.0,0.0
576.0,0,4900.0,Hubei,Limited liability company (Natural person investment or holding),848.0,0.0,Construction industry,2.0,2.0,0.0,0.0,0.0,7.0,14.0,8.0,1.0,0.0,0.0,0.0,0.0,0.0,11.0,0.0,0.0,0.0,0.0,0.0,0.0,0.0,0.0,0.0,0.0,0.0,0.0,0.0,0.0,0.0,0.0,0.0,0.0,0.0,0.0,0.0,0.0,0.0,0.0,0.0,0.0,0.0,0.0,0.0,0.0,0.0,0.0,0.0,0.0,0.0,0.0,0.0,0.0,0.0,0.0,,0.0,0.0,,0.0,0.0,,0.0,0.0,,0.0,0.0,,0.0,0.0,0.0,0.0,0.0,0.0,0.0,0.0,0.0,0.0,0.0,0.0,0.0
577.0,0,4000.0,Hubei,Limited liability company (Natural person investment or holding),3760.0,1960.0,Construction industry,2.0,2.0,2.0,0.0,21.0,8.0,0.0,7.0,,0.0,0.0,0.0,0.0,0.0,0.0,0.0,0.0,0.0,0.0,0.0,0.0,0.0,0.0,0.0,0.0,0.0,0.0,0.0,0.0,0.0,0.0,0.0,0.0,0.0,0.0,0.0,0.0,0.0,0.0,0.0,0.0,0.0,0.0,0.0,0.0,0.0,0.0,0.0,0.0,0.0,0.0,0.0,0.0,0.0,0.0,0.0,0.0,0.0,0.0,0.0,0.0,0.0,0.0,0.0,0.0,0.0,0.0,0.0,0.0,0.0,0.0,0.0,0.0,0.0,0.0,0.0,0.0,0.0,0.0,0.0,0.0
578.0,0,3000.0,Hubei,Limited liability company (Natural person investment or holding),1383.0,474.9,Scientific research and technology services,2.0,2.0,0.0,0.0,0.0,0.0,4.0,0.0,1.0,0.0,0.0,0.0,0.0,1.0,2.0,0.0,0.0,0.0,0.0,0.0,0.0,0.0,0.0,0.0,0.0,0.0,0.0,0.0,0.0,0.0,0.0,0.0,0.0,0.0,0.0,0.0,0.0,0.0,0.0,1.0,1.0,0.0,0.0,0.0,0.0,0.0,0.0,0.0,0.0,0.0,0.0,0.0,0.0,15.0,14.0,6.0,15.0,14.0,6.0,15.0,14.0,6.0,15.0,14.0,6.0,15.0,14.0,6.0,0.0,0.0,0.0,0.0,0.0,0.0,0.0,0.0,0.0,0.0,0.0,0.0,0.0
579.0,0,4080.0,Hubei,Limited liability company (Natural person investment or holding),2578.0,2110.8,Construction industry,2.0,2.0,8.0,0.0,0.0,1.0,12.0,4.0,3.0,0.0,0.0,0.0,0.0,4.0,4.0,0.0,0.0,0.0,0.0,0.0,0.0,0.0,0.0,0.0,0.0,0.0,0.0,0.0,0.0,0.0,0.0,0.0,0.0,0.0,0.0,0.0,0.0,0.0,0.0,0.0,0.0,0.0,0.0,0.0,0.0,0.0,0.0,0.0,0.0,0.0,0.0,0.0,0.0,33.0,15.0,2.0,33.0,15.0,2.0,0.0,0.0,0.0,33.0,15.0,2.0,0.0,15.0,0.0,0.0,0.0,0.0,0.0,0.0,0.0,0.0,0.0,0.0,0.0,0.0,0.0,2.0
580.0,0,5180.0,Hubei,Limited liability company (Natural person investment or holding),5834.0,2323.5,Construction industry,9.0,6.0,1.0,0.0,0.0,7.0,0.0,0.0,,0.0,0.0,0.0,0.0,8.0,0.0,0.0,0.0,0.0,0.0,0.0,0.0,0.0,0.0,0.0,0.0,0.0,0.0,0.0,0.0,0.0,0.0,0.0,0.0,0.0,0.0,0.0,0.0,0.0,0.0,0.0,0.0,0.0,0.0,0.0,0.0,0.0,0.0,0.0,0.0,0.0,0.0,0.0,0.0,44.0,40.0,35.0,44.0,40.0,33.0,44.0,40.0,35.0,44.0,40.0,33.0,44.0,40.0,33.0,0.0,0.0,1.0,2.0,0.0,0.0,0.0,1.0,1.0,0.0,0.0,0.0,6.0
581.0,0,4000.0,Hubei,Limited liability company (Natural person investment or holding),1285.0,4000.0,Construction industry,5.0,3.0,0.0,0.0,0.0,5.0,2.0,0.0,1.0,0.0,0.0,0.0,1.0,0.0,0.0,0.0,0.0,0.0,0.0,0.0,0.0,0.0,0.0,0.0,0.0,0.0,0.0,0.0,0.0,0.0,0.0,0.0,0.0,0.0,0.0,0.0,0.0,0.0,0.0,0.0,1.0,0.0,0.0,0.0,0.0,0.0,0.0,0.0,0.0,0.0,0.0,0.0,0.0,33.0,37.0,21.0,33.0,37.0,21.0,33.0,37.0,21.0,33.0,37.0,21.0,33.0,37.0,21.0,0.0,0.0,0.0,0.0,0.0,1.0,0.0,0.0,0.0,0.0,1.0,0.0,0.0
582.0,0,5180.0,Hubei,Limited liability company (sole proprietorship of natural person),6204.0,5180.0,Construction industry,1.0,2.0,4.0,0.0,18.0,0.0,5.0,2.0,4.0,0.0,0.0,0.0,0.0,3.0,6.0,0.0,0.0,0.0,0.0,0.0,0.0,0.0,0.0,0.0,0.0,0.0,0.0,0.0,0.0,0.0,0.0,0.0,0.0,0.0,0.0,0.0,0.0,0.0,0.0,0.0,0.0,0.0,0.0,0.0,0.0,0.0,0.0,0.0,0.0,0.0,0.0,0.0,0.0,29.0,29.0,23.0,29.0,29.0,23.0,29.0,29.0,23.0,29.0,29.0,23.0,29.0,29.0,23.0,0.0,0.0,0.0,0.0,0.0,0.0,0.0,0.0,0.0,0.0,2.0,0.0,3.0
583.0,0,3000.0,Hubei,Limited liability company (Natural person investment or holding),1792.0,718.71,Construction industry,2.0,2.0,0.0,0.0,13.0,3.0,2.0,0.0,1.0,0.0,0.0,0.0,0.0,0.0,0.0,0.0,0.0,0.0,0.0,0.0,0.0,0.0,0.0,0.0,0.0,0.0,0.0,0.0,0.0,0.0,0.0,0.0,1.0,0.0,0.0,0.0,0.0,0.0,2.0,7.0,3.0,0.0,0.0,0.0,0.0,0.0,1.0,0.0,0.0,0.0,0.0,0.0,0.0,67.0,64.0,40.0,67.0,64.0,40.0,67.0,64.0,40.0,67.0,64.0,40.0,67.0,64.0,40.0,0.0,0.0,0.0,0.0,0.0,0.0,0.0,0.0,0.0,0.0,0.0,0.0,3.0
584.0,0,5000.0,Hubei,Limited liability company (Natural person investment or holding),1592.0,4000.0,Construction industry,2.0,2.0,0.0,0.0,1.0,3.0,0.0,0.0,3.0,0.0,0.0,0.0,0.0,0.0,1.0,0.0,0.0,0.0,0.0,0.0,0.0,0.0,0.0,0.0,0.0,0.0,0.0,0.0,0.0,0.0,0.0,0.0,0.0,0.0,0.0,0.0,0.0,0.0,0.0,0.0,0.0,0.0,0.0,0.0,0.0,0.0,0.0,0.0,0.0,0.0,0.0,0.0,0.0,0.0,5.0,0.0,0.0,5.0,0.0,0.0,5.0,0.0,0.0,5.0,0.0,0.0,5.0,0.0,0.0,0.0,0.0,0.0,0.0,0.0,0.0,0.0,0.0,0.0,0.0,0.0,0.0
585.0,0,2060.0,Hubei,Limited liability company (Natural person investment or holding),3825.0,2060.0,Construction industry,3.0,3.0,3.0,0.0,0.0,0.0,3.0,2.0,,0.0,0.0,0.0,0.0,6.0,0.0,0.0,0.0,0.0,0.0,0.0,0.0,0.0,0.0,0.0,0.0,0.0,0.0,0.0,0.0,0.0,0.0,0.0,0.0,0.0,0.0,0.0,0.0,0.0,0.0,0.0,0.0,0.0,0.0,0.0,0.0,0.0,0.0,0.0,0.0,0.0,0.0,0.0,0.0,2.0,0.0,0.0,2.0,0.0,0.0,2.0,0.0,0.0,2.0,0.0,0.0,2.0,0.0,0.0,0.0,0.0,0.0,3.0,0.0,0.0,0.0,1.0,0.0,3.0,0.0,0.0,2.0
586.0,1,1100.0,Hubei,Limited liability company (Natural person investment or holding),1235.0,1100.0,Construction industry,2.0,2.0,0.0,0.0,0.0,8.0,0.0,0.0,,0.0,0.0,0.0,0.0,4.0,0.0,0.0,0.0,0.0,0.0,0.0,0.0,0.0,0.0,0.0,0.0,0.0,0.0,0.0,0.0,0.0,0.0,0.0,0.0,0.0,1.0,0.0,0.0,0.0,0.0,0.0,0.0,0.0,0.0,0.0,0.0,0.0,0.0,0.0,0.0,0.0,0.0,0.0,0.0,4.0,2.0,0.0,4.0,2.0,0.0,4.0,2.0,0.0,4.0,2.0,0.0,4.0,2.0,0.0,0.0,0.0,0.0,0.0,0.0,0.0,0.0,0.0,0.0,0.0,0.0,0.0,0.0
587.0,0,5000.0,Hubei,Limited liability company (Natural person investment or holding),1178.0,2215.0,Leasing and business services,2.0,2.0,0.0,0.0,5.0,6.0,8.0,4.0,,0.0,0.0,0.0,3.0,3.0,1.0,0.0,0.0,0.0,0.0,0.0,0.0,0.0,0.0,0.0,0.0,0.0,0.0,0.0,0.0,0.0,0.0,0.0,0.0,0.0,0.0,0.0,0.0,0.0,0.0,0.0,0.0,0.0,0.0,0.0,0.0,0.0,0.0,0.0,0.0,0.0,0.0,0.0,0.0,8.0,4.0,0.0,8.0,4.0,0.0,8.0,4.0,0.0,8.0,4.0,0.0,8.0,4.0,0.0,0.0,0.0,0.0,0.0,0.0,0.0,0.0,0.0,0.0,0.0,0.0,0.0,0.0
588.0,0,5280.0,Hubei,Limited liability company (Natural person investment or holding),7347.0,3080.0,Construction industry,2.0,2.0,1.0,0.0,12.0,0.0,0.0,0.0,8.0,0.0,0.0,7.0,2.0,1.0,1.0,1.0,0.0,2.0,2.0,0.0,0.0,0.0,0.0,0.0,0.0,0.0,0.0,0.0,0.0,11.0,0.0,0.0,0.0,0.0,2.0,0.0,0.0,0.0,0.0,0.0,0.0,0.0,0.0,0.0,0.0,0.0,0.0,0.0,0.0,0.0,0.0,0.0,0.0,43.0,35.0,30.0,43.0,35.0,30.0,43.0,35.0,30.0,43.0,35.0,30.0,43.0,35.0,30.0,0.0,0.0,2.0,5.0,5.0,1.0,1.0,1.0,3.0,3.0,1.0,1.0,3.0
589.0,0,3000.0,Hubei,Limited liability company (Natural person investment or holding),3186.0,1000.0,Construction industry,2.0,2.0,7.0,1.0,0.0,2.0,9.0,0.0,,0.0,0.0,0.0,0.0,2.0,1.0,0.0,0.0,0.0,0.0,0.0,0.0,0.0,0.0,0.0,0.0,0.0,0.0,0.0,0.0,0.0,0.0,0.0,0.0,0.0,0.0,0.0,0.0,0.0,0.0,0.0,0.0,0.0,0.0,0.0,0.0,0.0,0.0,0.0,0.0,0.0,0.0,0.0,0.0,0.0,0.0,0.0,0.0,0.0,0.0,0.0,0.0,0.0,0.0,0.0,0.0,0.0,0.0,0.0,0.0,0.0,0.0,0.0,0.0,0.0,0.0,0.0,0.0,0.0,0.0,0.0,0.0
590.0,0,15000.0,Hubei,Limited liability company (sole proprietorship of natural person),3507.0,28.0,Construction industry,1.0,2.0,10.0,0.0,6.0,5.0,0.0,6.0,1.0,0.0,0.0,0.0,0.0,0.0,4.0,0.0,0.0,0.0,0.0,0.0,0.0,0.0,0.0,0.0,0.0,0.0,0.0,0.0,0.0,0.0,0.0,0.0,0.0,0.0,0.0,0.0,0.0,0.0,0.0,0.0,0.0,0.0,0.0,0.0,0.0,0.0,0.0,0.0,0.0,0.0,0.0,0.0,0.0,29.0,22.0,20.0,0.0,22.0,20.0,29.0,22.0,20.0,29.0,22.0,20.0,29.0,22.0,0.0,0.0,0.0,0.0,1.0,0.0,0.0,0.0,0.0,0.0,1.0,0.0,2.0,1.0
591.0,0,11000.0,Hubei,Limited liability company (sole proprietorship of natural person),2621.0,5111.0,Construction industry,1.0,2.0,0.0,0.0,2.0,0.0,8.0,1.0,2.0,0.0,0.0,0.0,0.0,0.0,11.0,0.0,0.0,0.0,0.0,0.0,0.0,0.0,0.0,0.0,0.0,0.0,0.0,0.0,0.0,0.0,0.0,2.0,0.0,0.0,0.0,0.0,0.0,0.0,0.0,0.0,0.0,0.0,0.0,0.0,0.0,0.0,0.0,0.0,0.0,0.0,0.0,0.0,0.0,29.0,17.0,26.0,29.0,17.0,26.0,29.0,17.0,26.0,29.0,17.0,26.0,29.0,17.0,26.0,0.0,0.0,0.0,0.0,0.0,0.0,0.0,0.0,0.0,0.0,0.0,0.0,1.0
592.0,0,1200.0,Hubei,Limited liability company (Natural person investment or holding),1604.0,123.75,Construction industry,2.0,4.0,0.0,0.0,0.0,1.0,3.0,8.0,14.0,0.0,0.0,0.0,0.0,1.0,1.0,0.0,0.0,0.0,0.0,0.0,0.0,0.0,0.0,0.0,0.0,0.0,0.0,0.0,0.0,0.0,0.0,0.0,0.0,0.0,0.0,0.0,0.0,0.0,0.0,0.0,0.0,0.0,0.0,0.0,0.0,0.0,0.0,0.0,0.0,0.0,0.0,0.0,0.0,9.0,11.0,2.0,9.0,11.0,2.0,9.0,11.0,2.0,9.0,11.0,2.0,9.0,11.0,2.0,0.0,0.0,0.0,0.0,0.0,0.0,0.0,0.0,0.0,0.0,0.0,0.0,0.0
593.0,0,4111.0,Hubei,Limited liability company (Natural person investment or holding),2808.0,101.0,Leasing and business services,2.0,,6.0,0.0,11.0,2.0,1.0,12.0,,0.0,0.0,0.0,0.0,0.0,0.0,0.0,0.0,0.0,0.0,0.0,0.0,0.0,0.0,0.0,0.0,0.0,0.0,0.0,0.0,0.0,0.0,0.0,0.0,0.0,0.0,0.0,0.0,0.0,0.0,0.0,0.0,0.0,0.0,0.0,0.0,0.0,0.0,0.0,0.0,0.0,0.0,0.0,0.0,10.0,0.0,0.0,10.0,0.0,0.0,10.0,0.0,0.0,10.0,0.0,0.0,10.0,0.0,0.0,0.0,0.0,0.0,0.0,1.0,0.0,0.0,0.0,0.0,0.0,1.0,0.0,1.0
594.0,0,11180.0,Hubei,Limited liability company (Natural person investment or holding),8334.0,11180.0,Construction industry,3.0,3.0,6.0,0.0,0.0,3.0,2.0,0.0,9.0,0.0,1.0,0.0,0.0,0.0,0.0,0.0,0.0,0.0,0.0,0.0,0.0,0.0,0.0,1.0,0.0,0.0,0.0,0.0,0.0,1.0,0.0,0.0,0.0,0.0,0.0,0.0,0.0,0.0,0.0,0.0,0.0,0.0,0.0,0.0,0.0,0.0,1.0,0.0,0.0,0.0,0.0,0.0,0.0,7.0,5.0,5.0,7.0,5.0,5.0,7.0,5.0,5.0,7.0,5.0,5.0,7.0,5.0,5.0,0.0,0.0,0.0,0.0,0.0,1.0,3.0,0.0,0.0,0.0,0.0,0.0,3.0
595.0,0,1060.0,Hubei,Limited liability company (Natural person investment or holding),4258.0,350.0,Leasing and business services,2.0,2.0,5.0,10.0,2.0,3.0,2.0,0.0,2.0,0.0,0.0,0.0,0.0,12.0,1.0,0.0,0.0,0.0,0.0,0.0,0.0,0.0,0.0,0.0,0.0,0.0,0.0,0.0,0.0,0.0,0.0,0.0,0.0,0.0,0.0,0.0,0.0,0.0,0.0,0.0,0.0,0.0,0.0,0.0,0.0,0.0,0.0,0.0,0.0,0.0,0.0,0.0,0.0,24.0,17.0,12.0,24.0,17.0,12.0,24.0,17.0,12.0,24.0,17.0,12.0,24.0,17.0,12.0,0.0,0.0,0.0,0.0,0.0,1.0,0.0,0.0,0.0,0.0,0.0,1.0,1.0
596.0,0,10058.0,Hubei,Limited liability company (Natural person investment or holding),2719.0,4000.0,Construction industry,2.0,3.0,2.0,5.0,0.0,3.0,2.0,0.0,5.0,0.0,0.0,0.0,0.0,0.0,0.0,0.0,0.0,0.0,0.0,0.0,1.0,0.0,0.0,0.0,0.0,0.0,0.0,0.0,0.0,0.0,0.0,0.0,0.0,0.0,0.0,0.0,0.0,0.0,0.0,0.0,0.0,0.0,0.0,0.0,0.0,0.0,0.0,0.0,0.0,0.0,0.0,0.0,0.0,62.0,57.0,39.0,20.0,57.0,39.0,62.0,57.0,39.0,62.0,57.0,39.0,20.0,57.0,39.0,0.0,0.0,0.0,0.0,5.0,15.0,0.0,0.0,0.0,5.0,1.0,8.0,2.0
597.0,0,1000.0,Hubei,Limited liability company (Natural person investment or holding),446.0,100.0,Construction industry,2.0,2.0,0.0,0.0,0.0,0.0,0.0,9.0,,0.0,0.0,0.0,0.0,0.0,3.0,0.0,0.0,0.0,0.0,0.0,0.0,0.0,0.0,0.0,0.0,0.0,0.0,0.0,0.0,0.0,0.0,0.0,0.0,0.0,0.0,0.0,0.0,0.0,0.0,0.0,0.0,0.0,0.0,0.0,0.0,0.0,0.0,0.0,0.0,0.0,0.0,0.0,0.0,0.0,,,0.0,,,0.0,,,0.0,,,0.0,,,0.0,0.0,0.0,0.0,0.0,0.0,0.0,0.0,0.0,0.0,0.0,0.0,0.0
598.0,0,2000.0,Hubei,Limited liability company (Natural person investment or holding),2240.0,200.0,Construction industry,2.0,2.0,1.0,3.0,6.0,4.0,0.0,2.0,1.0,0.0,0.0,0.0,0.0,0.0,9.0,0.0,0.0,0.0,0.0,0.0,0.0,0.0,0.0,0.0,0.0,0.0,0.0,0.0,0.0,0.0,0.0,0.0,0.0,0.0,0.0,0.0,0.0,0.0,0.0,0.0,0.0,0.0,0.0,0.0,0.0,0.0,0.0,0.0,0.0,0.0,0.0,0.0,0.0,0.0,0.0,0.0,0.0,0.0,0.0,0.0,0.0,0.0,0.0,0.0,0.0,0.0,0.0,0.0,0.0,0.0,0.0,0.0,0.0,0.0,0.0,0.0,0.0,0.0,0.0,0.0,0.0
599.0,0,5100.0,Hubei,Limited liability company (Natural person investment or holding),3067.0,100.0,Scientific research and technology services,2.0,2.0,8.0,2.0,0.0,7.0,4.0,5.0,,0.0,0.0,0.0,1.0,0.0,10.0,0.0,0.0,0.0,0.0,0.0,0.0,0.0,0.0,0.0,0.0,0.0,0.0,0.0,0.0,0.0,0.0,0.0,0.0,0.0,0.0,0.0,0.0,0.0,0.0,0.0,0.0,0.0,0.0,0.0,0.0,0.0,0.0,0.0,0.0,0.0,6.0,9.0,0.0,29.0,26.0,24.0,29.0,26.0,24.0,29.0,26.0,24.0,29.0,26.0,24.0,29.0,26.0,24.0,0.0,0.0,0.0,0.0,0.0,0.0,0.0,0.0,0.0,0.0,0.0,0.0,2.0
600.0,0,3962.0,Hubei,Limited liability company (Natural person investment or holding),3130.0,811.95,Construction industry,3.0,2.0,5.0,4.0,29.0,0.0,13.0,0.0,9.0,0.0,0.0,0.0,0.0,1.0,9.0,0.0,0.0,0.0,0.0,0.0,0.0,0.0,0.0,0.0,0.0,0.0,0.0,0.0,0.0,0.0,0.0,0.0,0.0,0.0,0.0,0.0,3.0,0.0,2.0,0.0,4.0,0.0,0.0,0.0,0.0,0.0,0.0,0.0,0.0,0.0,8.0,0.0,0.0,24.0,18.0,13.0,24.0,18.0,13.0,24.0,18.0,13.0,24.0,18.0,13.0,24.0,18.0,13.0,0.0,0.0,0.0,0.0,0.0,0.0,0.0,0.0,0.0,0.0,0.0,0.0,2.0
601.0,0,1000.0,Hubei,Limited liability company (Natural person investment or holding),2642.0,1000.0,Construction industry,2.0,2.0,0.0,0.0,0.0,0.0,0.0,4.0,,0.0,0.0,0.0,0.0,0.0,1.0,0.0,0.0,0.0,0.0,0.0,0.0,0.0,0.0,0.0,0.0,0.0,0.0,0.0,0.0,0.0,0.0,0.0,0.0,2.0,0.0,0.0,0.0,0.0,0.0,0.0,0.0,0.0,0.0,0.0,0.0,0.0,0.0,0.0,0.0,0.0,0.0,0.0,0.0,5.0,5.0,0.0,5.0,5.0,0.0,5.0,5.0,0.0,5.0,5.0,0.0,5.0,5.0,0.0,0.0,1.0,1.0,1.0,1.0,0.0,0.0,4.0,0.0,1.0,0.0,0.0,1.0
602.0,0,16800.0,Hunan,Limited liability company (Natural person investment or holding),3149.0,2000.0,Construction industry,3.0,2.0,1.0,3.0,15.0,0.0,5.0,8.0,9.0,0.0,0.0,0.0,0.0,0.0,3.0,0.0,0.0,0.0,0.0,0.0,0.0,0.0,0.0,0.0,0.0,0.0,0.0,0.0,0.0,0.0,0.0,0.0,0.0,0.0,0.0,0.0,0.0,0.0,0.0,0.0,3.0,0.0,0.0,0.0,0.0,0.0,0.0,0.0,0.0,0.0,0.0,0.0,6.0,19.0,14.0,23.0,19.0,14.0,23.0,19.0,14.0,23.0,19.0,14.0,23.0,19.0,14.0,23.0,0.0,0.0,0.0,0.0,0.0,3.0,0.0,0.0,0.0,0.0,0.0,4.0,0.0
603.0,0,2000.0,Hunan,Limited liability company (Natural person investment or holding),1030.0,0.0,Scientific research and technology services,2.0,2.0,0.0,0.0,0.0,2.0,4.0,4.0,,0.0,0.0,0.0,0.0,0.0,0.0,0.0,0.0,0.0,0.0,0.0,0.0,0.0,0.0,0.0,0.0,0.0,0.0,0.0,0.0,0.0,0.0,0.0,0.0,0.0,0.0,0.0,0.0,0.0,0.0,0.0,0.0,0.0,0.0,0.0,0.0,0.0,0.0,0.0,0.0,0.0,0.0,0.0,0.0,3.0,3.0,0.0,3.0,3.0,0.0,3.0,3.0,0.0,3.0,3.0,0.0,3.0,3.0,0.0,0.0,0.0,0.0,0.0,0.0,0.0,0.0,0.0,0.0,0.0,0.0,0.0,0.0
604.0,0,10000.0,Hunan,Limited liability company (sole proprietorship of legal person invested or controlled by natural person),6530.0,300.0,Construction industry,1.0,2.0,14.0,0.0,7.0,19.0,10.0,4.0,8.0,0.0,0.0,0.0,3.0,10.0,0.0,0.0,0.0,0.0,0.0,0.0,0.0,0.0,0.0,0.0,0.0,0.0,0.0,0.0,0.0,0.0,0.0,0.0,1.0,2.0,0.0,0.0,0.0,0.0,0.0,0.0,0.0,0.0,0.0,0.0,0.0,0.0,0.0,0.0,0.0,0.0,0.0,0.0,0.0,87.0,64.0,54.0,34.0,2.0,0.0,50.0,26.0,0.0,47.0,23.0,12.0,0.0,0.0,0.0,0.0,0.0,0.0,0.0,1.0,1.0,0.0,0.0,0.0,0.0,0.0,0.0,0.0
605.0,0,1000.0,Hunan,Limited liability company (Natural person investment or holding),4176.0,200.0,Scientific research and technology services,2.0,2.0,7.0,5.0,0.0,2.0,0.0,4.0,2.0,0.0,0.0,0.0,0.0,1.0,0.0,0.0,0.0,0.0,0.0,0.0,0.0,0.0,0.0,0.0,0.0,0.0,0.0,0.0,0.0,1.0,0.0,0.0,0.0,0.0,0.0,6.0,1.0,2.0,1.0,2.0,0.0,0.0,0.0,0.0,0.0,0.0,0.0,0.0,0.0,0.0,0.0,2.0,0.0,3.0,,4.0,3.0,,4.0,3.0,,4.0,3.0,,4.0,3.0,,4.0,0.0,0.0,1.0,1.0,2.0,0.0,0.0,0.0,0.0,0.0,0.0,0.0,2.0
606.0,0,3000.0,Hunan,Limited liability company (Natural person investment or holding),945.0,600.0,Construction industry,2.0,2.0,0.0,0.0,0.0,0.0,10.0,0.0,5.0,0.0,0.0,0.0,0.0,1.0,0.0,0.0,0.0,0.0,0.0,0.0,0.0,0.0,0.0,0.0,0.0,0.0,0.0,0.0,0.0,0.0,0.0,0.0,0.0,1.0,0.0,0.0,0.0,0.0,0.0,0.0,0.0,0.0,0.0,0.0,0.0,0.0,0.0,0.0,0.0,0.0,0.0,0.0,0.0,22.0,0.0,,22.0,0.0,,22.0,0.0,,22.0,0.0,,22.0,0.0,,0.0,0.0,0.0,0.0,0.0,0.0,0.0,0.0,0.0,0.0,0.0,0.0,0.0
607.0,0,600.0,Hunan,Limited liability company (sole proprietorship of natural person),1256.0,0.0,"Information transmission, software and information technology services",1.0,3.0,0.0,0.0,1.0,3.0,7.0,7.0,,0.0,0.0,0.0,0.0,0.0,0.0,0.0,0.0,0.0,0.0,0.0,0.0,0.0,0.0,0.0,0.0,0.0,0.0,0.0,0.0,0.0,0.0,0.0,0.0,0.0,0.0,0.0,0.0,0.0,0.0,0.0,0.0,0.0,0.0,0.0,0.0,0.0,0.0,0.0,0.0,0.0,0.0,0.0,0.0,9.0,6.0,0.0,0.0,0.0,0.0,6.0,3.0,0.0,0.0,0.0,0.0,0.0,3.0,0.0,0.0,0.0,0.0,0.0,0.0,0.0,0.0,0.0,0.0,0.0,0.0,0.0,0.0
608.0,0,2000.0,Hunan,Limited liability company (Natural person investment or holding),8698.0,500.0,Construction industry,2.0,3.0,15.0,0.0,5.0,0.0,0.0,8.0,5.0,0.0,0.0,7.0,0.0,0.0,3.0,0.0,0.0,0.0,0.0,0.0,0.0,0.0,0.0,0.0,0.0,0.0,0.0,0.0,0.0,1.0,0.0,0.0,0.0,0.0,0.0,0.0,0.0,0.0,0.0,0.0,0.0,0.0,0.0,0.0,0.0,0.0,0.0,0.0,0.0,0.0,0.0,0.0,0.0,8.0,10.0,10.0,0.0,10.0,10.0,0.0,10.0,10.0,0.0,10.0,10.0,0.0,10.0,10.0,0.0,0.0,0.0,0.0,1.0,1.0,0.0,0.0,0.0,0.0,1.0,1.0,1.0
609.0,0,1000.0,Hunan,Limited liability company (Natural person investment or holding),2735.0,301.0,Scientific research and technology services,2.0,2.0,2.0,0.0,11.0,8.0,7.0,2.0,13.0,0.0,0.0,0.0,0.0,0.0,2.0,0.0,0.0,0.0,0.0,0.0,0.0,0.0,0.0,0.0,0.0,0.0,0.0,0.0,0.0,0.0,0.0,0.0,0.0,0.0,2.0,0.0,0.0,0.0,0.0,0.0,3.0,0.0,0.0,0.0,0.0,0.0,0.0,0.0,0.0,8.0,15.0,3.0,1.0,42.0,32.0,26.0,0.0,32.0,26.0,42.0,32.0,26.0,0.0,32.0,26.0,42.0,32.0,26.0,0.0,0.0,0.0,0.0,0.0,0.0,0.0,0.0,0.0,0.0,0.0,0.0,1.0
610.0,0,10080.0,Hunan,Limited liability company (Natural person investment or holding),6455.0,3080.0,Wholesale and retail,2.0,2.0,23.0,0.0,6.0,0.0,0.0,0.0,,0.0,0.0,3.0,0.0,1.0,8.0,0.0,0.0,0.0,0.0,0.0,0.0,0.0,0.0,0.0,1.0,0.0,0.0,0.0,0.0,4.0,0.0,0.0,0.0,0.0,1.0,0.0,0.0,0.0,0.0,4.0,0.0,0.0,0.0,0.0,0.0,0.0,0.0,0.0,0.0,0.0,4.0,0.0,0.0,,43.0,38.0,,43.0,38.0,,43.0,38.0,,43.0,38.0,,43.0,38.0,0.0,1.0,4.0,4.0,2.0,4.0,0.0,1.0,2.0,1.0,1.0,1.0,3.0
611.0,0,3900.0,Hunan,Limited liability company (Natural person investment or holding),5146.0,2559.9999,Manufacturing,5.0,6.0,11.0,2.0,2.0,2.0,2.0,2.0,6.0,0.0,0.0,0.0,0.0,2.0,0.0,0.0,0.0,0.0,0.0,0.0,0.0,0.0,0.0,0.0,0.0,0.0,0.0,0.0,0.0,7.0,0.0,0.0,0.0,0.0,0.0,1.0,0.0,3.0,3.0,1.0,2.0,0.0,0.0,0.0,0.0,0.0,0.0,0.0,1.0,2.0,3.0,0.0,0.0,7.0,7.0,0.0,36.0,18.0,0.0,12.0,18.0,0.0,36.0,18.0,13.0,36.0,18.0,0.0,0.0,0.0,0.0,0.0,0.0,0.0,0.0,0.0,0.0,0.0,0.0,0.0,0.0
612.0,0,3000.0,Hunan,Limited liability company (Natural person investment or holding),2146.0,490.0,Construction industry,2.0,3.0,6.0,10.0,2.0,2.0,4.0,2.0,1.0,0.0,0.0,0.0,0.0,0.0,0.0,0.0,0.0,0.0,0.0,0.0,0.0,0.0,0.0,0.0,0.0,0.0,0.0,0.0,0.0,0.0,0.0,0.0,0.0,0.0,0.0,0.0,0.0,0.0,0.0,0.0,0.0,0.0,0.0,0.0,0.0,0.0,0.0,0.0,0.0,0.0,0.0,0.0,0.0,0.0,23.0,7.0,0.0,10.0,0.0,0.0,10.0,0.0,0.0,10.0,0.0,0.0,0.0,0.0,0.0,0.0,0.0,0.0,5.0,0.0,0.0,0.0,0.0,0.0,0.0,0.0,3.0
613.0,0,3000.0,Hunan,Limited liability company (Natural person investment or holding),1863.0,0.0,Wholesale and retail,2.0,2.0,0.0,2.0,6.0,1.0,11.0,4.0,,0.0,0.0,3.0,0.0,3.0,0.0,0.0,0.0,0.0,0.0,0.0,0.0,0.0,0.0,0.0,1.0,0.0,0.0,0.0,0.0,0.0,0.0,0.0,0.0,0.0,0.0,0.0,0.0,0.0,0.0,0.0,0.0,0.0,0.0,0.0,0.0,0.0,0.0,0.0,0.0,0.0,0.0,0.0,0.0,22.0,13.0,8.0,22.0,0.0,0.0,22.0,13.0,0.0,22.0,0.0,0.0,22.0,13.0,0.0,0.0,0.0,0.0,0.0,0.0,0.0,0.0,0.0,0.0,0.0,0.0,0.0,0.0
614.0,0,5000.0,Hunan,Limited liability company (Natural person investment or holding),5844.0,500.0,"Information transmission, software and information technology services",2.0,2.0,0.0,14.0,1.0,0.0,0.0,3.0,2.0,0.0,0.0,1.0,0.0,1.0,0.0,0.0,0.0,0.0,0.0,0.0,0.0,0.0,0.0,0.0,0.0,0.0,0.0,0.0,0.0,0.0,0.0,0.0,0.0,0.0,0.0,0.0,0.0,0.0,0.0,0.0,0.0,0.0,0.0,0.0,0.0,0.0,0.0,0.0,0.0,0.0,0.0,0.0,0.0,64.0,60.0,50.0,64.0,60.0,50.0,64.0,60.0,50.0,79.0,68.0,63.0,64.0,60.0,50.0,0.0,0.0,0.0,0.0,0.0,1.0,0.0,0.0,0.0,0.0,0.0,0.0,1.0
615.0,0,3058.0,Hunan,Limited liability company (Natural person investment or holding),2960.0,3058.0,Construction industry,2.0,2.0,8.0,0.0,17.0,4.0,5.0,2.0,3.0,0.0,0.0,0.0,0.0,0.0,0.0,0.0,0.0,0.0,0.0,0.0,0.0,0.0,0.0,0.0,0.0,0.0,0.0,0.0,0.0,0.0,0.0,0.0,0.0,0.0,0.0,0.0,0.0,0.0,0.0,0.0,0.0,0.0,0.0,0.0,0.0,0.0,0.0,0.0,0.0,0.0,0.0,0.0,0.0,10.0,16.0,20.0,1.0,5.0,10.0,1.0,5.0,10.0,1.0,5.0,10.0,1.0,5.0,10.0,0.0,0.0,0.0,0.0,0.0,0.0,0.0,0.0,0.0,0.0,0.0,0.0,0.0
616.0,0,3180.0,Hunan,Limited liability company (Natural person investment or holding),2072.0,190.0,Scientific research and technology services,2.0,4.0,0.0,0.0,13.0,2.0,7.0,6.0,,0.0,0.0,0.0,0.0,0.0,4.0,0.0,0.0,0.0,0.0,0.0,1.0,0.0,0.0,0.0,0.0,0.0,0.0,0.0,0.0,2.0,1.0,0.0,0.0,0.0,0.0,0.0,0.0,2.0,5.0,1.0,4.0,0.0,0.0,0.0,0.0,0.0,0.0,1.0,6.0,0.0,4.0,4.0,3.0,17.0,10.0,6.0,17.0,10.0,6.0,17.0,10.0,6.0,17.0,10.0,6.0,17.0,10.0,6.0,0.0,0.0,0.0,0.0,1.0,1.0,0.0,0.0,0.0,1.0,2.0,1.0,1.0
617.0,0,1100.0,Hunan,Limited liability company (Natural person investment or holding),1209.0,10.8,Construction industry,2.0,2.0,0.0,0.0,2.0,2.0,16.0,0.0,,0.0,0.0,0.0,0.0,10.0,0.0,0.0,0.0,0.0,0.0,0.0,0.0,0.0,0.0,0.0,0.0,0.0,0.0,0.0,0.0,0.0,0.0,0.0,0.0,0.0,0.0,0.0,0.0,0.0,0.0,0.0,0.0,0.0,0.0,0.0,0.0,0.0,0.0,0.0,0.0,0.0,0.0,0.0,0.0,19.0,11.0,7.0,0.0,0.0,0.0,0.0,0.0,0.0,0.0,11.0,7.0,0.0,0.0,0.0,0.0,0.0,0.0,0.0,0.0,0.0,0.0,0.0,0.0,0.0,0.0,0.0,0.0
618.0,0,1000.0,Hunan,Limited liability company (Natural person investment or holding),1072.0,0.0,Construction industry,2.0,2.0,0.0,0.0,0.0,3.0,2.0,3.0,,0.0,0.0,0.0,6.0,1.0,0.0,0.0,0.0,0.0,0.0,0.0,0.0,0.0,0.0,0.0,0.0,0.0,0.0,0.0,0.0,0.0,0.0,0.0,0.0,0.0,0.0,0.0,0.0,0.0,0.0,0.0,0.0,0.0,0.0,0.0,0.0,0.0,0.0,0.0,0.0,0.0,0.0,0.0,0.0,42.0,0.0,0.0,0.0,0.0,0.0,18.0,0.0,0.0,12.0,0.0,0.0,0.0,0.0,0.0,0.0,0.0,0.0,0.0,0.0,0.0,0.0,0.0,0.0,0.0,0.0,0.0,0.0
619.0,0,4000.0,Hunan,Limited liability company (Natural person investment or holding),1573.0,1700.0,Construction industry,2.0,2.0,0.0,4.0,2.0,3.0,0.0,2.0,1.0,0.0,0.0,0.0,0.0,0.0,4.0,0.0,0.0,0.0,0.0,0.0,0.0,0.0,0.0,0.0,0.0,0.0,0.0,0.0,0.0,0.0,0.0,0.0,0.0,0.0,0.0,0.0,0.0,0.0,0.0,0.0,0.0,0.0,0.0,0.0,0.0,0.0,0.0,0.0,0.0,0.0,0.0,0.0,0.0,80.0,76.0,20.0,0.0,0.0,0.0,0.0,0.0,0.0,95.0,101.0,0.0,0.0,0.0,0.0,0.0,0.0,0.0,0.0,0.0,0.0,0.0,0.0,0.0,0.0,0.0,0.0,2.0
620.0,0,3000.0,Hunan,Limited liability company (Natural person investment or holding),667.0,3000.0,Construction industry,2.0,2.0,0.0,0.0,0.0,0.0,4.0,3.0,1.0,0.0,0.0,0.0,0.0,0.0,3.0,0.0,0.0,0.0,0.0,0.0,0.0,0.0,0.0,0.0,0.0,0.0,0.0,0.0,0.0,0.0,0.0,0.0,0.0,0.0,0.0,0.0,0.0,0.0,0.0,0.0,0.0,0.0,0.0,0.0,0.0,0.0,0.0,0.0,0.0,0.0,0.0,0.0,0.0,7.0,7.0,,0.0,7.0,,0.0,7.0,,0.0,7.0,,0.0,7.0,,0.0,0.0,0.0,0.0,0.0,0.0,0.0,0.0,0.0,0.0,0.0,0.0,0.0
621.0,0,15000.0,Hunan,Limited liability company (sole proprietorship of legal person invested or controlled by natural person),2435.0,1000.0,Construction industry,1.0,3.0,10.0,22.0,2.0,9.0,10.0,0.0,17.0,0.0,0.0,0.0,1.0,0.0,2.0,0.0,0.0,0.0,0.0,0.0,0.0,0.0,0.0,0.0,0.0,0.0,0.0,0.0,0.0,0.0,0.0,0.0,0.0,0.0,0.0,0.0,0.0,0.0,0.0,7.0,2.0,0.0,0.0,0.0,0.0,0.0,0.0,0.0,0.0,0.0,0.0,0.0,0.0,20.0,0.0,19.0,20.0,0.0,19.0,20.0,0.0,19.0,20.0,0.0,19.0,20.0,0.0,19.0,0.0,0.0,0.0,0.0,2.0,3.0,0.0,0.0,0.0,0.0,1.0,1.0,1.0
622.0,0,3000.0,Hunan,Limited liability company (Natural person investment or holding),2305.0,3000.0,Scientific research and technology services,2.0,2.0,0.0,0.0,4.0,2.0,0.0,3.0,1.0,0.0,0.0,0.0,0.0,1.0,3.0,0.0,0.0,0.0,0.0,0.0,0.0,0.0,0.0,0.0,0.0,0.0,0.0,0.0,0.0,0.0,0.0,0.0,0.0,0.0,0.0,0.0,0.0,0.0,0.0,0.0,0.0,0.0,0.0,0.0,0.0,0.0,0.0,0.0,0.0,0.0,1.0,7.0,0.0,15.0,11.0,3.0,15.0,11.0,3.0,15.0,11.0,3.0,15.0,11.0,3.0,15.0,11.0,3.0,0.0,0.0,0.0,0.0,0.0,1.0,0.0,0.0,0.0,0.0,0.0,0.0,1.0
623.0,0,1000.0,Hunan,Limited liability company (Natural person investment or holding),7613.0,1000.0,Construction industry,3.0,2.0,4.0,0.0,1.0,1.0,17.0,0.0,2.0,0.0,0.0,0.0,0.0,2.0,0.0,0.0,0.0,0.0,0.0,0.0,0.0,0.0,0.0,0.0,0.0,0.0,0.0,0.0,0.0,0.0,0.0,0.0,0.0,0.0,0.0,0.0,0.0,0.0,0.0,0.0,0.0,0.0,0.0,0.0,0.0,0.0,0.0,0.0,0.0,0.0,0.0,0.0,0.0,,15.0,11.0,,14.0,11.0,,0.0,0.0,,15.0,10.0,,0.0,0.0,0.0,0.0,0.0,0.0,0.0,0.0,0.0,0.0,0.0,0.0,0.0,0.0,3.0
624.0,0,1000.0,Hunan,Limited liability company (Natural person investment or holding),1580.0,476.7,"Information transmission, software and information technology services",2.0,2.0,0.0,0.0,0.0,5.0,3.0,0.0,,0.0,0.0,0.0,0.0,0.0,0.0,0.0,0.0,0.0,0.0,0.0,0.0,0.0,0.0,0.0,0.0,0.0,0.0,0.0,0.0,0.0,0.0,0.0,0.0,0.0,0.0,0.0,0.0,0.0,0.0,0.0,0.0,0.0,0.0,0.0,0.0,0.0,0.0,0.0,0.0,0.0,0.0,0.0,0.0,12.0,15.0,8.0,12.0,12.0,2.0,12.0,12.0,6.0,12.0,15.0,5.0,12.0,12.0,6.0,0.0,0.0,0.0,0.0,0.0,0.0,0.0,0.0,0.0,0.0,0.0,0.0,1.0
625.0,0,11188.0,Hunan,Limited liability company (sole proprietorship of natural person),2151.0,1030.0,Construction industry,1.0,3.0,0.0,6.0,0.0,0.0,5.0,6.0,30.0,0.0,0.0,0.0,0.0,0.0,11.0,0.0,0.0,0.0,0.0,0.0,0.0,0.0,0.0,0.0,0.0,0.0,0.0,0.0,0.0,0.0,0.0,0.0,0.0,0.0,1.0,0.0,0.0,0.0,0.0,7.0,2.0,0.0,0.0,0.0,0.0,0.0,0.0,0.0,0.0,0.0,0.0,0.0,0.0,0.0,0.0,0.0,0.0,0.0,0.0,0.0,0.0,0.0,0.0,0.0,0.0,0.0,0.0,0.0,0.0,0.0,0.0,0.0,4.0,0.0,0.0,0.0,0.0,1.0,0.0,0.0,0.0
626.0,0,5000.0,Hunan,Limited liability company (Natural person investment or holding),1267.0,0.0,Construction industry,2.0,2.0,0.0,0.0,0.0,5.0,1.0,0.0,2.0,0.0,0.0,0.0,0.0,3.0,0.0,0.0,0.0,0.0,0.0,0.0,0.0,0.0,0.0,0.0,0.0,0.0,0.0,0.0,0.0,0.0,0.0,0.0,0.0,0.0,0.0,0.0,0.0,0.0,0.0,0.0,0.0,0.0,0.0,0.0,0.0,0.0,0.0,0.0,0.0,0.0,0.0,0.0,0.0,9.0,1.0,1.0,9.0,1.0,1.0,9.0,1.0,1.0,9.0,1.0,1.0,9.0,1.0,1.0,0.0,0.0,0.0,0.0,0.0,0.0,0.0,0.0,0.0,0.0,0.0,0.0,0.0
627.0,0,4600.0,Hunan,Limited liability company (Natural person investment or holding),2350.0,2000.0,Construction industry,2.0,2.0,2.0,5.0,3.0,3.0,9.0,0.0,17.0,0.0,0.0,0.0,0.0,0.0,0.0,0.0,0.0,0.0,0.0,0.0,0.0,0.0,0.0,0.0,0.0,0.0,0.0,0.0,0.0,0.0,0.0,0.0,0.0,0.0,0.0,0.0,0.0,0.0,0.0,0.0,0.0,0.0,0.0,0.0,0.0,0.0,0.0,0.0,0.0,0.0,0.0,0.0,0.0,190.0,233.0,299.0,84.0,72.0,6.0,84.0,72.0,6.0,84.0,72.0,6.0,84.0,0.0,6.0,0.0,0.0,0.0,1.0,0.0,0.0,0.0,0.0,1.0,0.0,0.0,0.0,1.0
628.0,0,2000.0,Hunan,Limited liability company (Natural person investment or holding),6881.0,1200.0,Construction industry,2.0,2.0,23.0,0.0,0.0,1.0,0.0,0.0,1.0,0.0,5.0,0.0,0.0,0.0,0.0,0.0,0.0,0.0,0.0,0.0,0.0,0.0,0.0,0.0,1.0,0.0,0.0,0.0,0.0,0.0,0.0,0.0,0.0,0.0,0.0,0.0,0.0,0.0,0.0,0.0,0.0,0.0,0.0,0.0,0.0,0.0,0.0,0.0,0.0,0.0,0.0,0.0,0.0,50.0,50.0,0.0,0.0,0.0,0.0,0.0,0.0,0.0,0.0,0.0,0.0,0.0,0.0,0.0,0.0,0.0,1.0,0.0,1.0,2.0,0.0,0.0,1.0,0.0,1.0,1.0,1.0
629.0,0,1018.0,Hunan,Limited liability company (sole proprietorship of natural person),7297.0,1018.0,"Information transmission, software and information technology services",1.0,2.0,12.0,10.0,1.0,0.0,4.0,17.0,,0.0,0.0,0.0,0.0,0.0,1.0,0.0,0.0,0.0,0.0,0.0,0.0,0.0,0.0,0.0,0.0,0.0,0.0,0.0,0.0,0.0,0.0,0.0,0.0,0.0,1.0,0.0,0.0,0.0,0.0,0.0,0.0,0.0,0.0,0.0,0.0,0.0,0.0,3.0,1.0,0.0,0.0,0.0,0.0,18.0,16.0,15.0,18.0,16.0,15.0,18.0,16.0,15.0,18.0,16.0,15.0,18.0,16.0,15.0,0.0,0.0,0.0,1.0,1.0,0.0,0.0,0.0,0.0,0.0,0.0,0.0,4.0
630.0,0,5280.0,Hunan,Limited liability company (Natural person investment or holding),1490.0,768.0,Construction industry,2.0,3.0,0.0,0.0,0.0,11.0,2.0,3.0,6.0,0.0,0.0,0.0,0.0,0.0,0.0,0.0,0.0,0.0,0.0,0.0,0.0,0.0,0.0,0.0,0.0,0.0,0.0,0.0,0.0,0.0,0.0,0.0,0.0,0.0,0.0,0.0,0.0,0.0,0.0,0.0,0.0,0.0,0.0,0.0,0.0,0.0,0.0,0.0,0.0,0.0,0.0,0.0,0.0,21.0,20.0,8.0,0.0,0.0,1.0,0.0,0.0,1.0,0.0,0.0,1.0,0.0,0.0,1.0,0.0,0.0,0.0,0.0,0.0,0.0,0.0,0.0,0.0,0.0,0.0,0.0,0.0
631.0,0,4280.0,Hunan,Limited liability company (Natural person investment or holding),7623.0,4280.0,Construction industry,2.0,2.0,9.0,0.0,4.0,1.0,3.0,2.0,11.0,0.0,0.0,0.0,0.0,5.0,0.0,2.0,1.0,0.0,2.0,0.0,1.0,0.0,0.0,0.0,0.0,0.0,0.0,0.0,0.0,0.0,0.0,0.0,0.0,0.0,0.0,0.0,0.0,0.0,0.0,0.0,0.0,0.0,0.0,0.0,0.0,0.0,0.0,0.0,0.0,0.0,0.0,0.0,0.0,157.0,157.0,160.0,0.0,0.0,0.0,64.0,64.0,64.0,0.0,90.0,90.0,0.0,0.0,0.0,0.0,0.0,0.0,0.0,0.0,78.0,3.0,6.0,7.0,6.0,11.0,2.0,3.0
632.0,0,4200.0,Hunan,Limited liability company (Natural person investment or holding),1589.0,4200.0,Construction industry,2.0,2.0,0.0,0.0,2.0,9.0,1.0,3.0,1.0,0.0,0.0,0.0,0.0,4.0,0.0,0.0,0.0,0.0,0.0,0.0,0.0,0.0,0.0,0.0,0.0,0.0,0.0,0.0,0.0,0.0,0.0,0.0,0.0,0.0,0.0,0.0,0.0,0.0,0.0,0.0,0.0,0.0,0.0,0.0,0.0,0.0,0.0,0.0,0.0,0.0,0.0,0.0,0.0,15.0,14.0,8.0,0.0,0.0,0.0,0.0,0.0,0.0,0.0,0.0,0.0,0.0,0.0,0.0,0.0,0.0,0.0,0.0,0.0,0.0,0.0,0.0,0.0,0.0,0.0,0.0,0.0
633.0,0,3200.0,Hunan,Limited liability company (Natural person investment or holding),5818.0,1200.0,Construction industry,2.0,2.0,4.0,3.0,0.0,5.0,0.0,3.0,5.0,0.0,0.0,0.0,0.0,3.0,5.0,0.0,0.0,0.0,0.0,0.0,0.0,0.0,0.0,0.0,0.0,0.0,1.0,0.0,0.0,1.0,0.0,0.0,0.0,0.0,0.0,0.0,0.0,0.0,0.0,0.0,0.0,0.0,0.0,0.0,0.0,0.0,0.0,0.0,0.0,0.0,0.0,0.0,0.0,70.0,45.0,30.0,70.0,45.0,30.0,70.0,45.0,30.0,70.0,45.0,30.0,70.0,45.0,30.0,0.0,0.0,1.0,1.0,2.0,3.0,0.0,1.0,0.0,2.0,1.0,3.0,2.0
634.0,0,4980.0,Hunan,Limited liability company (Natural person investment or holding),1869.0,0.0,Construction industry,2.0,2.0,0.0,2.0,0.0,10.0,5.0,6.0,,0.0,0.0,0.0,1.0,7.0,0.0,0.0,0.0,0.0,0.0,0.0,0.0,0.0,0.0,0.0,0.0,0.0,0.0,0.0,0.0,0.0,0.0,0.0,0.0,0.0,0.0,0.0,0.0,0.0,0.0,0.0,0.0,0.0,0.0,0.0,0.0,0.0,0.0,0.0,0.0,0.0,0.0,0.0,0.0,6.0,8.0,6.0,0.0,8.0,6.0,3.0,8.0,6.0,2.0,8.0,6.0,3.0,8.0,6.0,0.0,0.0,0.0,0.0,0.0,0.0,0.0,0.0,0.0,0.0,0.0,0.0,1.0
635.0,0,5180.0,Hunan,Limited liability company (Natural person investment or holding),3441.0,1310.8,Wholesale and retail,3.0,2.0,1.0,7.0,6.0,5.0,1.0,0.0,2.0,0.0,0.0,0.0,0.0,9.0,0.0,0.0,0.0,0.0,0.0,0.0,0.0,0.0,0.0,1.0,0.0,1.0,0.0,0.0,0.0,0.0,0.0,0.0,0.0,0.0,0.0,0.0,0.0,0.0,0.0,0.0,0.0,0.0,0.0,0.0,0.0,0.0,0.0,0.0,0.0,0.0,0.0,7.0,0.0,104.0,93.0,70.0,104.0,93.0,70.0,104.0,93.0,70.0,104.0,93.0,71.0,104.0,93.0,70.0,0.0,0.0,0.0,0.0,11.0,5.0,0.0,0.0,0.0,1.0,7.0,2.0,0.0
636.0,0,5020.0,Hunan,Limited liability company (sole proprietorship of natural person),1656.0,800.0,Construction industry,1.0,2.0,0.0,9.0,4.0,2.0,11.0,0.0,,0.0,0.0,0.0,0.0,0.0,10.0,0.0,0.0,0.0,0.0,1.0,0.0,0.0,0.0,0.0,0.0,0.0,0.0,0.0,0.0,0.0,0.0,0.0,0.0,0.0,0.0,0.0,0.0,0.0,0.0,0.0,0.0,0.0,0.0,0.0,0.0,0.0,0.0,0.0,0.0,0.0,0.0,0.0,0.0,52.0,51.0,52.0,40.0,46.0,49.0,45.0,46.0,46.0,45.0,49.0,50.0,45.0,46.0,46.0,0.0,0.0,0.0,0.0,0.0,2.0,0.0,0.0,0.0,0.0,0.0,1.0,1.0
637.0,0,900.0,Hunan,Limited liability company (Natural person investment or holding),3760.0,61.8,Construction industry,2.0,2.0,1.0,1.0,5.0,0.0,7.0,3.0,7.0,0.0,0.0,0.0,0.0,0.0,3.0,0.0,0.0,0.0,0.0,0.0,0.0,0.0,0.0,0.0,0.0,0.0,0.0,0.0,0.0,0.0,0.0,0.0,0.0,0.0,0.0,0.0,0.0,0.0,0.0,0.0,0.0,0.0,0.0,0.0,0.0,0.0,0.0,0.0,0.0,0.0,0.0,0.0,0.0,14.0,17.0,14.0,14.0,17.0,14.0,14.0,17.0,14.0,14.0,17.0,14.0,14.0,17.0,14.0,0.0,0.0,1.0,0.0,0.0,1.0,0.0,0.0,0.0,0.0,0.0,0.0,0.0
638.0,0,2018.0,Hunan,Limited liability company (Natural person investment or holding),8215.0,2018.0,Construction industry,2.0,2.0,1.0,0.0,1.0,2.0,2.0,0.0,2.0,0.0,5.0,0.0,0.0,0.0,0.0,0.0,0.0,0.0,0.0,0.0,0.0,0.0,0.0,0.0,0.0,0.0,0.0,0.0,0.0,0.0,0.0,0.0,0.0,0.0,0.0,0.0,0.0,0.0,0.0,0.0,0.0,0.0,0.0,0.0,0.0,0.0,0.0,0.0,0.0,0.0,0.0,0.0,0.0,36.0,35.0,36.0,12.0,11.0,15.0,15.0,17.0,15.0,18.0,11.0,15.0,15.0,17.0,15.0,0.0,0.0,4.0,1.0,0.0,0.0,0.0,0.0,1.0,0.0,0.0,0.0,2.0
639.0,0,800.0,Hunan,Limited liability company (Natural person investment or holding),3128.0,800.0,Leasing and business services,2.0,3.0,11.0,0.0,0.0,0.0,2.0,2.0,7.0,0.0,0.0,0.0,0.0,0.0,0.0,0.0,0.0,0.0,0.0,0.0,0.0,0.0,0.0,0.0,0.0,0.0,0.0,0.0,0.0,0.0,0.0,0.0,0.0,0.0,0.0,0.0,0.0,0.0,0.0,0.0,0.0,0.0,0.0,0.0,0.0,0.0,0.0,0.0,0.0,0.0,0.0,0.0,0.0,32.0,30.0,0.0,32.0,30.0,0.0,32.0,30.0,0.0,32.0,30.0,0.0,32.0,30.0,0.0,0.0,0.0,0.0,0.0,0.0,0.0,0.0,0.0,0.0,0.0,0.0,0.0,0.0
640.0,0,5980.0,Hunan,Limited liability company (Natural person investment or holding),976.0,1000.0,Construction industry,2.0,2.0,0.0,0.0,0.0,1.0,8.0,0.0,,0.0,0.0,0.0,0.0,4.0,0.0,0.0,0.0,0.0,0.0,0.0,0.0,0.0,0.0,0.0,0.0,0.0,0.0,0.0,0.0,0.0,0.0,0.0,0.0,2.0,0.0,0.0,0.0,0.0,0.0,0.0,0.0,0.0,0.0,0.0,0.0,0.0,0.0,0.0,0.0,0.0,0.0,0.0,0.0,16.0,5.0,0.0,0.0,,0.0,8.0,,0.0,40.0,5.0,0.0,8.0,,0.0,0.0,0.0,0.0,0.0,0.0,0.0,0.0,0.0,0.0,0.0,0.0,0.0,0.0
641.0,0,5180.0,Hunan,Limited liability company (Natural person investment or holding),1328.0,1000.0,Construction industry,2.0,2.0,0.0,0.0,0.0,13.0,2.0,9.0,9.0,0.0,0.0,11.0,0.0,0.0,1.0,0.0,0.0,0.0,0.0,0.0,0.0,0.0,0.0,0.0,0.0,0.0,0.0,0.0,0.0,0.0,0.0,0.0,0.0,0.0,0.0,0.0,0.0,0.0,0.0,4.0,8.0,0.0,0.0,0.0,0.0,0.0,0.0,0.0,0.0,0.0,0.0,0.0,0.0,41.0,33.0,0.0,12.0,0.0,0.0,12.0,8.0,0.0,12.0,8.0,0.0,0.0,0.0,0.0,0.0,0.0,0.0,0.0,0.0,1.0,0.0,0.0,0.0,0.0,0.0,0.0,0.0
642.0,0,2080.0,Hunan,Limited liability company (Natural person investment or holding),1894.0,32.0,Construction industry,2.0,2.0,0.0,0.0,11.0,1.0,2.0,11.0,9.0,0.0,0.0,0.0,0.0,0.0,0.0,0.0,0.0,0.0,0.0,0.0,0.0,0.0,0.0,0.0,0.0,0.0,0.0,0.0,0.0,0.0,0.0,0.0,0.0,0.0,0.0,0.0,0.0,0.0,0.0,0.0,0.0,0.0,0.0,0.0,0.0,0.0,0.0,0.0,0.0,0.0,0.0,0.0,0.0,23.0,21.0,8.0,14.0,0.0,0.0,14.0,0.0,0.0,14.0,8.0,4.0,14.0,0.0,0.0,0.0,0.0,0.0,0.0,0.0,0.0,0.0,0.0,0.0,0.0,0.0,0.0,0.0
643.0,0,1000.0,Hunan,Limited liability company (Natural person investment or holding),5507.0,1000.0,Construction industry,2.0,2.0,5.0,0.0,4.0,0.0,0.0,9.0,,0.0,1.0,0.0,0.0,0.0,5.0,0.0,0.0,0.0,0.0,0.0,0.0,0.0,0.0,0.0,0.0,0.0,0.0,0.0,0.0,0.0,0.0,0.0,0.0,0.0,0.0,0.0,0.0,0.0,0.0,0.0,0.0,0.0,0.0,0.0,0.0,0.0,0.0,0.0,0.0,0.0,0.0,0.0,0.0,18.0,18.0,15.0,18.0,18.0,15.0,18.0,18.0,15.0,18.0,18.0,15.0,18.0,18.0,15.0,0.0,0.0,0.0,0.0,0.0,1.0,0.0,0.0,0.0,0.0,0.0,2.0,0.0
644.0,0,5000.0,Hunan,Limited liability company (sole proprietorship of natural person),1752.0,3000.0,Construction industry,1.0,2.0,0.0,0.0,2.0,7.0,4.0,11.0,33.0,0.0,0.0,3.0,0.0,0.0,0.0,0.0,0.0,0.0,0.0,1.0,1.0,0.0,0.0,0.0,0.0,0.0,0.0,0.0,0.0,0.0,0.0,0.0,0.0,0.0,0.0,0.0,0.0,0.0,0.0,1.0,0.0,0.0,0.0,0.0,0.0,0.0,0.0,0.0,0.0,0.0,0.0,0.0,0.0,41.0,24.0,14.0,18.0,8.0,0.0,9.0,0.0,0.0,139.0,68.0,0.0,0.0,0.0,0.0,0.0,0.0,0.0,1.0,1.0,3.0,0.0,0.0,0.0,0.0,1.0,1.0,0.0
645.0,0,3000.0,Hunan,Limited liability company (Natural person investment or holding),2122.0,70.0,Wholesale and retail,3.0,2.0,0.0,3.0,4.0,3.0,0.0,0.0,,0.0,0.0,1.0,0.0,1.0,1.0,0.0,0.0,0.0,0.0,0.0,0.0,0.0,0.0,0.0,0.0,0.0,0.0,0.0,0.0,0.0,0.0,0.0,0.0,0.0,0.0,0.0,0.0,0.0,0.0,0.0,0.0,0.0,0.0,0.0,0.0,0.0,0.0,0.0,0.0,8.0,0.0,1.0,8.0,23.0,52.0,20.0,23.0,52.0,20.0,23.0,52.0,20.0,23.0,52.0,20.0,23.0,52.0,20.0,0.0,0.0,0.0,0.0,0.0,0.0,0.0,0.0,0.0,0.0,0.0,0.0,0.0
646.0,0,1000.0,Hunan,Limited liability company (sole proprietorship of natural person),2584.0,1000.0,Construction industry,1.0,2.0,0.0,0.0,0.0,0.0,0.0,0.0,,0.0,3.0,0.0,0.0,0.0,0.0,0.0,0.0,0.0,0.0,0.0,0.0,0.0,0.0,0.0,0.0,0.0,0.0,0.0,0.0,0.0,0.0,0.0,0.0,0.0,0.0,0.0,0.0,0.0,0.0,0.0,0.0,0.0,0.0,0.0,0.0,0.0,0.0,0.0,0.0,0.0,0.0,0.0,0.0,0.0,0.0,0.0,0.0,0.0,0.0,0.0,0.0,0.0,0.0,0.0,0.0,0.0,0.0,0.0,0.0,0.0,0.0,0.0,0.0,0.0,0.0,0.0,0.0,0.0,0.0,0.0,0.0
647.0,0,5800.0,Hunan,Limited liability company (sole proprietorship of natural person),2972.0,8400.0,Construction industry,1.0,2.0,9.0,10.0,1.0,4.0,4.0,2.0,18.0,0.0,0.0,0.0,0.0,0.0,12.0,0.0,0.0,0.0,0.0,0.0,0.0,0.0,0.0,0.0,0.0,0.0,0.0,0.0,0.0,0.0,0.0,0.0,0.0,0.0,0.0,0.0,0.0,0.0,0.0,0.0,0.0,0.0,0.0,0.0,0.0,0.0,0.0,0.0,0.0,0.0,0.0,0.0,0.0,37.0,48.0,42.0,37.0,48.0,42.0,30.0,35.0,12.0,30.0,24.0,12.0,10.0,12.0,8.0,0.0,0.0,0.0,4.0,0.0,2.0,0.0,0.0,1.0,1.0,0.0,0.0,1.0
648.0,0,4000.0,Hunan,Limited liability company (Natural person investment or holding),902.0,0.0,Construction industry,4.0,2.0,0.0,0.0,0.0,13.0,3.0,2.0,1.0,0.0,0.0,0.0,0.0,3.0,0.0,0.0,0.0,0.0,0.0,0.0,0.0,0.0,0.0,0.0,0.0,0.0,0.0,0.0,0.0,0.0,0.0,0.0,0.0,1.0,0.0,0.0,0.0,0.0,0.0,0.0,0.0,0.0,0.0,0.0,0.0,1.0,0.0,0.0,0.0,0.0,0.0,0.0,4.0,0.0,0.0,,0.0,0.0,,0.0,0.0,,0.0,0.0,,0.0,0.0,,0.0,0.0,0.0,0.0,0.0,0.0,0.0,0.0,0.0,0.0,0.0,1.0,0.0
649.0,0,2000.0,Hunan,Limited liability company (Natural person investment or holding),5670.0,500.0,Wholesale and retail,3.0,1.0,0.0,0.0,0.0,8.0,0.0,0.0,3.0,0.0,0.0,0.0,0.0,0.0,3.0,0.0,0.0,0.0,0.0,0.0,0.0,0.0,0.0,0.0,0.0,0.0,0.0,0.0,0.0,0.0,0.0,0.0,0.0,0.0,0.0,0.0,0.0,0.0,0.0,0.0,6.0,0.0,0.0,0.0,0.0,0.0,0.0,0.0,0.0,0.0,0.0,0.0,0.0,14.0,5.0,6.0,0.0,0.0,6.0,0.0,0.0,6.0,14.0,5.0,6.0,0.0,0.0,6.0,0.0,0.0,0.0,0.0,5.0,1.0,0.0,0.0,0.0,1.0,0.0,0.0,0.0
650.0,0,1000.0,Hunan,Limited liability company (Natural person investment or holding),2798.0,208.0,Construction industry,2.0,2.0,8.0,0.0,4.0,5.0,1.0,8.0,,0.0,0.0,0.0,0.0,0.0,1.0,0.0,0.0,0.0,0.0,0.0,0.0,0.0,0.0,0.0,0.0,0.0,0.0,0.0,0.0,0.0,0.0,0.0,0.0,0.0,0.0,0.0,0.0,0.0,0.0,0.0,0.0,0.0,0.0,0.0,0.0,0.0,0.0,0.0,0.0,0.0,0.0,0.0,0.0,5.0,0.0,0.0,0.0,0.0,0.0,0.0,0.0,0.0,0.0,0.0,0.0,0.0,0.0,0.0,0.0,0.0,0.0,0.0,0.0,0.0,0.0,0.0,0.0,0.0,0.0,0.0,0.0
651.0,0,4680.0,Hunan,Limited liability company (Natural person investment or holding),1131.0,4680.0,Leasing and business services,2.0,2.0,0.0,0.0,0.0,0.0,4.0,1.0,,0.0,0.0,0.0,3.0,0.0,0.0,0.0,0.0,0.0,0.0,0.0,0.0,0.0,0.0,0.0,0.0,0.0,0.0,0.0,0.0,0.0,0.0,0.0,0.0,0.0,0.0,0.0,0.0,0.0,0.0,0.0,0.0,0.0,0.0,0.0,0.0,0.0,0.0,0.0,0.0,0.0,0.0,0.0,0.0,17.0,30.0,10.0,17.0,30.0,10.0,17.0,30.0,10.0,17.0,30.0,10.0,17.0,30.0,10.0,0.0,0.0,0.0,0.0,0.0,0.0,0.0,0.0,0.0,0.0,0.0,0.0,1.0
652.0,0,2000.0,Hunan,Limited liability company (Natural person investment or holding),1838.0,80.0,Construction industry,4.0,2.0,0.0,3.0,6.0,7.0,0.0,3.0,1.0,0.0,1.0,0.0,0.0,0.0,0.0,0.0,0.0,0.0,0.0,0.0,0.0,0.0,0.0,0.0,0.0,0.0,0.0,0.0,0.0,0.0,0.0,0.0,0.0,0.0,0.0,0.0,0.0,0.0,0.0,0.0,0.0,0.0,0.0,0.0,0.0,0.0,0.0,0.0,0.0,0.0,0.0,0.0,0.0,17.0,15.0,5.0,0.0,0.0,0.0,0.0,0.0,0.0,0.0,0.0,0.0,0.0,0.0,0.0,0.0,0.0,0.0,0.0,0.0,0.0,0.0,0.0,0.0,0.0,0.0,0.0,1.0
653.0,0,4098.0,Hunan,Limited liability company (Natural person investment or holding),6815.0,4098.0,Construction industry,3.0,2.0,0.0,6.0,8.0,3.0,5.0,7.0,16.0,0.0,0.0,0.0,0.0,0.0,0.0,4.0,2.0,0.0,0.0,0.0,1.0,0.0,0.0,0.0,0.0,1.0,2.0,0.0,0.0,0.0,0.0,0.0,0.0,0.0,0.0,0.0,0.0,0.0,0.0,0.0,0.0,0.0,0.0,0.0,0.0,0.0,0.0,0.0,0.0,0.0,0.0,0.0,0.0,51.0,53.0,30.0,0.0,28.0,30.0,6.0,9.0,30.0,20.0,42.0,30.0,6.0,9.0,30.0,0.0,0.0,1.0,1.0,5.0,9.0,4.0,2.0,0.0,1.0,5.0,0.0,1.0
654.0,0,1000.0,Hunan,Limited liability company (Natural person investment or holding),977.0,1000.0,Construction industry,2.0,2.0,0.0,0.0,0.0,0.0,0.0,0.0,5.0,0.0,0.0,0.0,7.0,3.0,0.0,0.0,0.0,0.0,0.0,0.0,0.0,0.0,0.0,0.0,0.0,0.0,0.0,0.0,0.0,0.0,0.0,0.0,0.0,0.0,0.0,0.0,0.0,0.0,0.0,0.0,0.0,0.0,0.0,0.0,0.0,0.0,0.0,0.0,0.0,0.0,0.0,0.0,0.0,0.0,0.0,0.0,0.0,0.0,0.0,0.0,0.0,0.0,0.0,0.0,0.0,0.0,0.0,0.0,0.0,0.0,0.0,0.0,0.0,0.0,0.0,0.0,0.0,0.0,0.0,0.0,0.0
655.0,0,1000.0,Hunan,Limited liability company (Natural person investment or holding),1057.0,0.0,Construction industry,2.0,2.0,0.0,0.0,0.0,9.0,0.0,13.0,,0.0,0.0,0.0,0.0,3.0,0.0,0.0,0.0,0.0,0.0,0.0,0.0,0.0,0.0,0.0,0.0,0.0,0.0,0.0,0.0,0.0,0.0,0.0,0.0,0.0,0.0,0.0,0.0,0.0,0.0,0.0,0.0,0.0,0.0,0.0,0.0,0.0,0.0,0.0,0.0,0.0,0.0,0.0,0.0,1.0,0.0,0.0,1.0,0.0,0.0,1.0,0.0,0.0,1.0,0.0,0.0,1.0,0.0,0.0,0.0,0.0,0.0,0.0,0.0,0.0,0.0,0.0,0.0,0.0,0.0,0.0,0.0
656.0,0,1105.0,Hunan,Limited liability company (Natural person investment or holding),8166.0,105.0,Wholesale and retail,5.0,2.0,6.0,1.0,0.0,7.0,0.0,0.0,5.0,0.0,0.0,0.0,0.0,4.0,1.0,0.0,0.0,0.0,0.0,0.0,0.0,0.0,0.0,0.0,0.0,0.0,0.0,0.0,0.0,0.0,0.0,0.0,4.0,0.0,2.0,0.0,0.0,0.0,0.0,2.0,3.0,0.0,0.0,0.0,0.0,0.0,0.0,2.0,0.0,0.0,4.0,5.0,1.0,17.0,15.0,9.0,17.0,16.0,0.0,5.0,5.0,5.0,18.0,18.0,15.0,5.0,5.0,5.0,0.0,0.0,0.0,0.0,0.0,0.0,0.0,0.0,0.0,0.0,0.0,0.0,3.0
657.0,0,505.0,Hunan,Limited liability company (Natural person investment or holding),4018.0,20.5,"Information transmission, software and information technology services",2.0,3.0,4.0,5.0,0.0,0.0,5.0,6.0,1.0,0.0,0.0,0.0,0.0,0.0,0.0,0.0,0.0,0.0,0.0,0.0,0.0,0.0,0.0,0.0,0.0,0.0,0.0,0.0,0.0,0.0,0.0,0.0,0.0,0.0,0.0,0.0,0.0,0.0,0.0,0.0,0.0,0.0,0.0,0.0,0.0,0.0,0.0,0.0,0.0,0.0,0.0,0.0,0.0,3.0,2.0,2.0,0.0,0.0,0.0,0.0,0.0,0.0,0.0,4.0,4.0,0.0,0.0,0.0,0.0,0.0,0.0,0.0,0.0,0.0,0.0,0.0,0.0,0.0,0.0,0.0,2.0
658.0,0,6088.0,Hunan,Limited liability company (Natural person investment or holding),2510.0,487.92,Leasing and business services,2.0,3.0,5.0,2.0,1.0,7.0,2.0,5.0,9.0,0.0,0.0,0.0,0.0,0.0,0.0,0.0,0.0,0.0,0.0,0.0,0.0,0.0,0.0,0.0,0.0,0.0,0.0,0.0,0.0,0.0,0.0,0.0,0.0,0.0,0.0,0.0,0.0,0.0,0.0,0.0,0.0,0.0,0.0,0.0,0.0,0.0,0.0,0.0,0.0,0.0,0.0,0.0,0.0,54.0,28.0,18.0,19.0,28.0,18.0,19.0,28.0,18.0,29.0,28.0,18.0,0.0,28.0,18.0,0.0,0.0,0.0,0.0,0.0,1.0,0.0,0.0,0.0,0.0,0.0,1.0,1.0
659.0,0,6000.0,Hunan,Limited liability company (Natural person investment or holding),2759.0,4000.0,Construction industry,3.0,2.0,7.0,1.0,1.0,0.0,3.0,0.0,1.0,0.0,0.0,0.0,0.0,0.0,0.0,0.0,0.0,0.0,0.0,0.0,0.0,0.0,0.0,0.0,0.0,0.0,0.0,0.0,0.0,0.0,0.0,0.0,0.0,0.0,0.0,0.0,0.0,0.0,0.0,0.0,0.0,0.0,0.0,0.0,0.0,0.0,0.0,0.0,0.0,0.0,0.0,0.0,0.0,46.0,43.0,33.0,35.0,30.0,0.0,37.0,35.0,0.0,63.0,42.0,42.0,36.0,35.0,0.0,0.0,0.0,1.0,0.0,0.0,3.0,0.0,1.0,0.0,0.0,0.0,3.0,1.0
660.0,0,5000.0,Hunan,Limited liability company (sole proprietorship of natural person),2512.0,500.0,Construction industry,1.0,2.0,11.0,1.0,11.0,2.0,2.0,0.0,5.0,0.0,0.0,0.0,0.0,0.0,1.0,0.0,0.0,0.0,0.0,0.0,0.0,0.0,0.0,0.0,0.0,0.0,0.0,0.0,0.0,0.0,0.0,0.0,0.0,0.0,0.0,1.0,0.0,0.0,0.0,0.0,2.0,0.0,0.0,0.0,0.0,0.0,0.0,0.0,0.0,0.0,0.0,0.0,0.0,10.0,26.0,3.0,11.0,26.0,0.0,0.0,0.0,0.0,11.0,26.0,0.0,0.0,0.0,0.0,0.0,0.0,1.0,0.0,2.0,1.0,0.0,0.0,0.0,1.0,1.0,0.0,2.0
661.0,0,5000.0,Hunan,Limited liability company (Natural person investment or holding),2907.0,228.6,Construction industry,2.0,2.0,1.0,11.0,0.0,0.0,3.0,10.0,,0.0,0.0,0.0,0.0,0.0,0.0,0.0,0.0,0.0,0.0,0.0,0.0,0.0,0.0,0.0,0.0,0.0,0.0,0.0,0.0,0.0,0.0,0.0,0.0,0.0,0.0,0.0,0.0,0.0,0.0,0.0,0.0,0.0,0.0,0.0,0.0,0.0,0.0,0.0,0.0,0.0,0.0,0.0,0.0,42.0,31.0,27.0,0.0,0.0,0.0,5.0,0.0,0.0,17.0,14.0,3.0,0.0,0.0,0.0,0.0,0.0,0.0,0.0,1.0,0.0,0.0,0.0,0.0,1.0,0.0,0.0,1.0
662.0,0,5000.0,Hunan,Limited liability company (sole proprietorship of natural person),850.0,365.91,Construction industry,1.0,2.0,0.0,0.0,0.0,0.0,8.0,7.0,,0.0,0.0,0.0,0.0,0.0,0.0,0.0,0.0,0.0,0.0,0.0,0.0,0.0,0.0,0.0,0.0,0.0,0.0,0.0,0.0,0.0,0.0,0.0,0.0,0.0,0.0,0.0,0.0,0.0,0.0,0.0,0.0,0.0,0.0,0.0,0.0,0.0,0.0,0.0,0.0,0.0,0.0,0.0,0.0,34.0,29.0,0.0,23.0,22.0,0.0,29.0,22.0,0.0,29.0,25.0,0.0,29.0,22.0,0.0,0.0,0.0,0.0,0.0,0.0,0.0,0.0,0.0,0.0,0.0,0.0,0.0,0.0
663.0,0,1000.0,Hunan,Limited liability company (sole proprietorship of natural person),5752.0,30.5,Scientific research and technology services,1.0,2.0,0.0,0.0,0.0,6.0,0.0,0.0,,0.0,0.0,0.0,0.0,0.0,3.0,0.0,0.0,0.0,0.0,0.0,0.0,0.0,0.0,0.0,0.0,0.0,0.0,0.0,0.0,0.0,0.0,0.0,0.0,0.0,0.0,0.0,0.0,0.0,0.0,0.0,0.0,0.0,0.0,0.0,0.0,0.0,0.0,0.0,0.0,0.0,0.0,0.0,0.0,10.0,8.0,7.0,10.0,8.0,7.0,10.0,8.0,7.0,10.0,8.0,7.0,10.0,8.0,7.0,0.0,0.0,0.0,0.0,0.0,0.0,0.0,0.0,0.0,0.0,0.0,0.0,0.0
664.0,0,10008.0,Hunan,Limited liability company (sole proprietorship of legal person invested or controlled by non natural person),3056.0,10008.0,Construction industry,1.0,3.0,11.0,2.0,1.0,8.0,0.0,5.0,14.0,0.0,0.0,0.0,0.0,0.0,0.0,0.0,0.0,0.0,0.0,0.0,1.0,0.0,0.0,0.0,0.0,0.0,0.0,0.0,0.0,0.0,0.0,0.0,0.0,0.0,0.0,0.0,0.0,0.0,0.0,0.0,0.0,0.0,0.0,0.0,0.0,0.0,0.0,0.0,0.0,0.0,0.0,0.0,0.0,88.0,78.0,91.0,69.0,59.0,57.0,69.0,59.0,63.0,101.0,181.0,95.0,69.0,59.0,63.0,0.0,0.0,0.0,0.0,4.0,5.0,0.0,0.0,0.0,0.0,2.0,3.0,4.0
665.0,0,4000.0,Hunan,Limited liability company (Natural person investment or holding),1789.0,0.0,Construction industry,3.0,3.0,0.0,1.0,33.0,2.0,4.0,4.0,7.0,0.0,4.0,0.0,0.0,0.0,0.0,0.0,0.0,0.0,0.0,0.0,0.0,0.0,0.0,0.0,0.0,0.0,0.0,0.0,0.0,0.0,0.0,0.0,0.0,0.0,0.0,0.0,0.0,0.0,0.0,0.0,3.0,0.0,0.0,0.0,0.0,0.0,0.0,0.0,0.0,0.0,0.0,0.0,0.0,60.0,58.0,12.0,0.0,0.0,0.0,16.0,0.0,0.0,60.0,58.0,5.0,16.0,0.0,0.0,0.0,0.0,0.0,1.0,0.0,1.0,0.0,0.0,0.0,0.0,0.0,0.0,1.0
666.0,0,15210.0,Hunan,Limited liability company (sole proprietorship of natural person),7591.0,1778.0,Construction industry,1.0,2.0,6.0,0.0,5.0,6.0,4.0,1.0,9.0,0.0,0.0,0.0,0.0,0.0,2.0,1.0,0.0,1.0,0.0,0.0,0.0,0.0,0.0,0.0,0.0,0.0,0.0,0.0,0.0,0.0,0.0,0.0,0.0,0.0,0.0,0.0,0.0,0.0,0.0,0.0,0.0,0.0,0.0,0.0,0.0,0.0,0.0,0.0,0.0,0.0,0.0,0.0,0.0,14.0,12.0,2.0,14.0,12.0,2.0,14.0,12.0,2.0,14.0,12.0,12.0,14.0,12.0,2.0,0.0,0.0,6.0,1.0,0.0,1.0,0.0,3.0,1.0,1.0,0.0,1.0,1.0
667.0,0,2000.0,Hunan,Limited liability company (sole proprietorship of natural person),1681.0,500.0,Construction industry,1.0,2.0,0.0,0.0,12.0,3.0,0.0,7.0,,0.0,0.0,2.0,0.0,0.0,0.0,0.0,0.0,0.0,0.0,0.0,0.0,0.0,0.0,0.0,0.0,0.0,0.0,0.0,0.0,0.0,0.0,0.0,0.0,0.0,0.0,0.0,0.0,0.0,0.0,0.0,0.0,0.0,0.0,0.0,0.0,0.0,0.0,0.0,0.0,0.0,0.0,0.0,0.0,8.0,0.0,5.0,5.0,0.0,3.0,5.0,0.0,3.0,5.0,0.0,3.0,5.0,0.0,3.0,0.0,0.0,0.0,0.0,0.0,0.0,0.0,0.0,0.0,0.0,0.0,0.0,0.0
668.0,0,6000.0,Hunan,Limited liability company (Natural person investment or holding),1324.0,6000.0,Construction industry,2.0,2.0,0.0,0.0,7.0,1.0,6.0,0.0,,0.0,0.0,0.0,0.0,5.0,0.0,0.0,0.0,0.0,0.0,0.0,0.0,0.0,0.0,0.0,0.0,0.0,0.0,0.0,0.0,0.0,0.0,0.0,0.0,0.0,0.0,0.0,0.0,0.0,0.0,0.0,0.0,0.0,0.0,0.0,0.0,0.0,0.0,0.0,0.0,0.0,0.0,0.0,0.0,0.0,0.0,0.0,0.0,0.0,0.0,0.0,0.0,0.0,0.0,0.0,0.0,0.0,0.0,0.0,0.0,0.0,0.0,0.0,0.0,0.0,0.0,0.0,0.0,0.0,0.0,0.0,0.0
669.0,0,2056.0,Hunan,Limited liability company (Natural person investment or holding),4397.0,600.0,Construction industry,2.0,2.0,8.0,6.0,0.0,2.0,0.0,1.0,2.0,0.0,0.0,0.0,4.0,3.0,0.0,0.0,0.0,0.0,0.0,0.0,0.0,0.0,0.0,0.0,0.0,0.0,0.0,0.0,0.0,0.0,0.0,2.0,0.0,0.0,0.0,0.0,0.0,0.0,0.0,0.0,8.0,0.0,0.0,0.0,0.0,0.0,0.0,0.0,0.0,0.0,0.0,0.0,0.0,35.0,28.0,25.0,35.0,28.0,25.0,35.0,28.0,25.0,35.0,28.0,25.0,35.0,28.0,25.0,0.0,0.0,0.0,0.0,0.0,0.0,0.0,0.0,0.0,0.0,0.0,0.0,3.0
670.0,0,518.0,Hunan,Limited liability company (Natural person investment or holding),3817.0,100.0,Construction industry,2.0,2.0,7.0,0.0,0.0,0.0,0.0,5.0,1.0,0.0,0.0,0.0,0.0,0.0,0.0,0.0,0.0,0.0,0.0,0.0,2.0,0.0,0.0,0.0,0.0,0.0,0.0,0.0,0.0,0.0,0.0,0.0,0.0,0.0,0.0,0.0,0.0,0.0,0.0,0.0,0.0,0.0,0.0,0.0,0.0,0.0,0.0,0.0,0.0,0.0,0.0,0.0,0.0,0.0,0.0,0.0,0.0,0.0,0.0,0.0,0.0,0.0,0.0,0.0,0.0,0.0,0.0,0.0,0.0,0.0,0.0,0.0,2.0,4.0,0.0,0.0,0.0,0.0,1.0,0.0,0.0
671.0,1,5000.0,Hunan,Limited liability company (Natural person investment or holding),6559.0,558.0,Construction industry,3.0,2.0,0.0,2.0,7.0,1.0,0.0,10.0,9.0,0.0,0.0,0.0,0.0,0.0,0.0,0.0,0.0,0.0,0.0,0.0,0.0,0.0,0.0,6.0,0.0,0.0,0.0,0.0,0.0,1.0,0.0,0.0,0.0,0.0,0.0,0.0,0.0,0.0,0.0,0.0,0.0,0.0,0.0,0.0,0.0,0.0,0.0,0.0,0.0,0.0,0.0,0.0,0.0,11.0,11.0,0.0,0.0,0.0,0.0,0.0,0.0,0.0,0.0,0.0,0.0,0.0,0.0,0.0,0.0,0.0,0.0,0.0,0.0,0.0,0.0,0.0,0.0,0.0,0.0,0.0,0.0
672.0,0,4188.0,Hunan,Limited liability company (Natural person investment or holding),2331.0,1256.4,Construction industry,2.0,2.0,4.0,0.0,8.0,2.0,0.0,5.0,,0.0,0.0,0.0,0.0,0.0,0.0,0.0,0.0,0.0,0.0,0.0,0.0,0.0,0.0,0.0,0.0,0.0,0.0,0.0,0.0,0.0,0.0,0.0,0.0,0.0,0.0,0.0,0.0,0.0,0.0,0.0,0.0,0.0,0.0,0.0,0.0,0.0,0.0,0.0,0.0,0.0,0.0,0.0,0.0,31.0,30.0,28.0,9.0,10.0,8.0,10.0,10.0,8.0,10.0,10.0,20.0,10.0,10.0,8.0,0.0,0.0,1.0,1.0,0.0,0.0,0.0,1.0,0.0,0.0,0.0,0.0,0.0
673.0,1,5000.0,Hunan,Limited liability company (Natural person investment or holding),2885.0,0.0,Leasing and business services,2.0,3.0,7.0,1.0,0.0,2.0,2.0,0.0,3.0,0.0,0.0,0.0,0.0,1.0,1.0,0.0,0.0,0.0,0.0,0.0,0.0,0.0,0.0,0.0,0.0,0.0,0.0,0.0,0.0,2.0,0.0,0.0,0.0,0.0,0.0,4.0,3.0,2.0,0.0,0.0,6.0,0.0,0.0,0.0,0.0,0.0,0.0,0.0,0.0,0.0,0.0,0.0,0.0,26.0,24.0,10.0,26.0,24.0,10.0,26.0,24.0,10.0,26.0,24.0,11.0,26.0,24.0,10.0,0.0,0.0,0.0,0.0,0.0,0.0,0.0,0.0,0.0,0.0,0.0,0.0,0.0
674.0,0,5190.0,Hunan,Limited liability company (sole proprietorship of natural person),7103.0,30.0,Construction industry,1.0,2.0,3.0,0.0,0.0,7.0,5.0,5.0,6.0,0.0,0.0,0.0,1.0,0.0,7.0,1.0,0.0,1.0,0.0,0.0,1.0,0.0,0.0,0.0,0.0,0.0,0.0,0.0,0.0,0.0,0.0,0.0,0.0,0.0,0.0,0.0,0.0,0.0,0.0,0.0,0.0,0.0,0.0,0.0,0.0,0.0,0.0,0.0,0.0,0.0,0.0,0.0,0.0,24.0,24.0,22.0,24.0,24.0,0.0,24.0,24.0,26.0,24.0,24.0,26.0,0.0,0.0,26.0,0.0,1.0,3.0,4.0,3.0,4.0,0.0,1.0,3.0,1.0,1.0,2.0,0.0
675.0,0,10028.0,Hunan,Limited liability company (Natural person investment or holding),1446.0,0.0,Construction industry,2.0,2.0,0.0,0.0,0.0,3.0,14.0,3.0,2.0,0.0,0.0,0.0,0.0,0.0,0.0,0.0,0.0,0.0,0.0,0.0,0.0,0.0,0.0,0.0,0.0,0.0,0.0,0.0,0.0,0.0,0.0,0.0,0.0,0.0,0.0,0.0,0.0,0.0,0.0,0.0,0.0,0.0,0.0,0.0,0.0,0.0,0.0,0.0,0.0,0.0,0.0,0.0,0.0,29.0,21.0,0.0,29.0,0.0,0.0,29.0,0.0,0.0,29.0,0.0,0.0,29.0,0.0,0.0,0.0,0.0,0.0,0.0,0.0,0.0,0.0,0.0,0.0,0.0,0.0,0.0,0.0
676.0,1,1000.0,Hunan,Limited liability company (Natural person investment or holding),2206.0,195.0,Construction industry,2.0,4.0,0.0,3.0,1.0,4.0,2.0,0.0,,0.0,0.0,1.0,0.0,0.0,0.0,0.0,0.0,0.0,0.0,0.0,0.0,0.0,0.0,0.0,0.0,0.0,0.0,0.0,0.0,0.0,0.0,0.0,0.0,0.0,0.0,0.0,0.0,0.0,0.0,0.0,0.0,0.0,0.0,0.0,0.0,0.0,0.0,0.0,0.0,0.0,0.0,0.0,0.0,5.0,5.0,5.0,5.0,0.0,0.0,5.0,0.0,0.0,5.0,0.0,0.0,5.0,0.0,0.0,0.0,0.0,0.0,0.0,0.0,6.0,0.0,0.0,0.0,0.0,0.0,3.0,0.0
677.0,0,2180.0,Hunan,Limited liability company (Natural person investment or holding),740.0,302.8,Construction industry,3.0,3.0,0.0,0.0,0.0,0.0,3.0,2.0,11.0,0.0,0.0,0.0,0.0,9.0,0.0,0.0,0.0,0.0,0.0,0.0,0.0,0.0,0.0,0.0,0.0,0.0,0.0,0.0,0.0,0.0,0.0,0.0,0.0,0.0,0.0,0.0,0.0,0.0,0.0,3.0,0.0,0.0,0.0,0.0,0.0,0.0,0.0,0.0,0.0,0.0,0.0,0.0,0.0,12.0,8.0,,5.0,0.0,,2.0,0.0,,3.0,8.0,,2.0,0.0,,0.0,0.0,0.0,0.0,0.0,0.0,0.0,0.0,0.0,0.0,0.0,0.0,0.0
678.0,0,4218.0,Hunan,Limited liability company (Natural person investment or holding),2153.0,4128.0,Construction industry,2.0,2.0,0.0,17.0,4.0,0.0,9.0,2.0,10.0,0.0,0.0,0.0,0.0,4.0,0.0,0.0,0.0,0.0,0.0,0.0,0.0,0.0,0.0,0.0,0.0,0.0,0.0,0.0,0.0,0.0,0.0,0.0,0.0,0.0,0.0,0.0,0.0,0.0,0.0,0.0,0.0,0.0,0.0,0.0,0.0,0.0,0.0,0.0,0.0,0.0,0.0,0.0,0.0,0.0,0.0,0.0,0.0,0.0,0.0,0.0,0.0,0.0,0.0,0.0,0.0,0.0,0.0,0.0,0.0,0.0,0.0,0.0,0.0,1.0,0.0,0.0,0.0,0.0,0.0,0.0,0.0
679.0,0,6000.0,Hunan,Limited liability company (Natural person investment or holding),4051.0,600.0,Construction industry,2.0,2.0,2.0,0.0,0.0,0.0,2.0,16.0,12.0,0.0,0.0,0.0,0.0,0.0,0.0,0.0,0.0,0.0,0.0,0.0,0.0,0.0,0.0,0.0,0.0,0.0,0.0,0.0,0.0,0.0,0.0,0.0,0.0,0.0,0.0,0.0,0.0,0.0,0.0,0.0,0.0,0.0,0.0,0.0,0.0,0.0,0.0,0.0,0.0,0.0,0.0,0.0,0.0,13.0,10.0,10.0,13.0,10.0,10.0,13.0,10.0,10.0,13.0,10.0,10.0,13.0,10.0,10.0,0.0,0.0,0.0,3.0,0.0,2.0,0.0,0.0,0.0,2.0,1.0,0.0,1.0
680.0,0,5000.0,Hunan,Limited liability company (Natural person investment or holding),1409.0,959.0,Construction industry,2.0,2.0,0.0,0.0,0.0,3.0,3.0,4.0,5.0,0.0,0.0,0.0,0.0,0.0,5.0,0.0,0.0,0.0,0.0,0.0,0.0,0.0,0.0,0.0,0.0,0.0,0.0,0.0,0.0,0.0,0.0,0.0,2.0,3.0,0.0,0.0,0.0,0.0,0.0,0.0,6.0,0.0,0.0,0.0,0.0,0.0,0.0,0.0,0.0,0.0,0.0,0.0,0.0,22.0,21.0,13.0,17.0,13.0,6.0,17.0,13.0,6.0,17.0,13.0,6.0,17.0,13.0,6.0,0.0,0.0,0.0,0.0,0.0,0.0,0.0,0.0,0.0,0.0,0.0,0.0,0.0
681.0,0,4600.0,Hunan,Limited liability company (Natural person investment or holding),3190.0,4600.0,Construction industry,4.0,2.0,4.0,0.0,7.0,1.0,1.0,0.0,,0.0,0.0,5.0,0.0,0.0,0.0,0.0,0.0,0.0,0.0,0.0,0.0,0.0,0.0,0.0,0.0,0.0,0.0,0.0,0.0,0.0,0.0,0.0,0.0,0.0,0.0,0.0,0.0,0.0,0.0,0.0,0.0,0.0,0.0,0.0,0.0,0.0,0.0,0.0,0.0,0.0,0.0,0.0,0.0,5.0,1.0,3.0,0.0,0.0,0.0,0.0,0.0,0.0,0.0,0.0,0.0,0.0,0.0,0.0,0.0,0.0,0.0,0.0,0.0,0.0,0.0,0.0,0.0,0.0,0.0,0.0,1.0
682.0,0,1080.0,Hunan,Limited liability company (sole proprietorship of natural person),1960.0,0.0,"Information transmission, software and information technology services",1.0,2.0,0.0,0.0,1.0,0.0,7.0,0.0,,0.0,0.0,0.0,0.0,0.0,0.0,0.0,0.0,0.0,0.0,0.0,0.0,0.0,0.0,0.0,0.0,0.0,0.0,0.0,0.0,0.0,0.0,0.0,0.0,0.0,0.0,0.0,0.0,0.0,0.0,0.0,0.0,0.0,0.0,0.0,0.0,0.0,0.0,0.0,0.0,0.0,0.0,0.0,0.0,3.0,2.0,2.0,3.0,2.0,2.0,3.0,2.0,2.0,3.0,2.0,2.0,3.0,2.0,0.0,0.0,0.0,0.0,0.0,0.0,0.0,0.0,0.0,0.0,0.0,0.0,0.0,0.0
683.0,0,800.0,Hunan,Limited liability company (sole proprietorship of natural person),2599.0,800.0,Construction industry,1.0,2.0,1.0,6.0,0.0,0.0,2.0,8.0,,0.0,2.0,0.0,2.0,0.0,0.0,0.0,0.0,0.0,0.0,0.0,0.0,0.0,0.0,0.0,0.0,0.0,0.0,0.0,0.0,0.0,0.0,0.0,0.0,0.0,0.0,0.0,0.0,0.0,0.0,0.0,0.0,0.0,0.0,0.0,0.0,0.0,0.0,0.0,0.0,0.0,0.0,0.0,0.0,0.0,8.0,0.0,0.0,8.0,0.0,0.0,8.0,0.0,0.0,8.0,0.0,0.0,8.0,0.0,0.0,0.0,0.0,0.0,0.0,0.0,0.0,0.0,0.0,0.0,0.0,0.0,0.0
684.0,0,10000.0,Hunan,Limited liability company (sole proprietorship of natural person),3282.0,3168.0,Construction industry,1.0,2.0,6.0,5.0,7.0,0.0,0.0,3.0,13.0,0.0,0.0,0.0,0.0,3.0,20.0,0.0,0.0,0.0,3.0,0.0,0.0,0.0,0.0,0.0,0.0,0.0,0.0,0.0,0.0,1.0,0.0,0.0,0.0,0.0,0.0,0.0,0.0,0.0,0.0,0.0,0.0,0.0,0.0,0.0,0.0,0.0,0.0,0.0,0.0,0.0,0.0,0.0,0.0,60.0,59.0,75.0,5.0,16.0,0.0,18.0,18.0,0.0,21.0,22.0,0.0,0.0,0.0,0.0,0.0,0.0,0.0,7.0,6.0,8.0,0.0,0.0,0.0,2.0,1.0,2.0,3.0
685.0,0,4100.0,Hunan,Limited liability company (sole proprietorship of natural person),1976.0,1000.0,Construction industry,1.0,2.0,0.0,14.0,15.0,0.0,7.0,1.0,,0.0,0.0,0.0,0.0,0.0,3.0,0.0,0.0,0.0,0.0,0.0,0.0,0.0,0.0,0.0,0.0,0.0,0.0,0.0,0.0,0.0,0.0,0.0,0.0,0.0,0.0,0.0,0.0,0.0,0.0,0.0,0.0,0.0,0.0,0.0,0.0,0.0,0.0,0.0,0.0,0.0,0.0,0.0,0.0,29.0,26.0,33.0,29.0,26.0,33.0,29.0,26.0,33.0,30.0,27.0,34.0,29.0,26.0,33.0,0.0,0.0,0.0,0.0,0.0,0.0,0.0,0.0,0.0,0.0,0.0,0.0,0.0
686.0,0,300.0,Hunan,Limited liability company (Natural person investment or holding),3201.0,83.0,Scientific research and technology services,3.0,2.0,10.0,2.0,0.0,9.0,0.0,2.0,,0.0,0.0,0.0,0.0,1.0,0.0,0.0,0.0,0.0,0.0,0.0,0.0,0.0,0.0,0.0,0.0,0.0,0.0,0.0,0.0,0.0,0.0,0.0,3.0,2.0,1.0,0.0,0.0,0.0,0.0,0.0,0.0,0.0,0.0,0.0,0.0,0.0,0.0,0.0,0.0,0.0,6.0,4.0,0.0,0.0,3.0,0.0,0.0,0.0,0.0,0.0,0.0,0.0,0.0,0.0,0.0,0.0,0.0,0.0,0.0,0.0,0.0,0.0,0.0,0.0,0.0,0.0,0.0,0.0,0.0,0.0,0.0
687.0,0,2800.0,Hunan,Limited liability company (Natural person investment or holding),857.0,0.0,Construction industry,2.0,2.0,0.0,0.0,0.0,1.0,7.0,2.0,2.0,0.0,0.0,0.0,0.0,1.0,0.0,0.0,0.0,0.0,0.0,0.0,0.0,0.0,0.0,0.0,0.0,0.0,0.0,0.0,0.0,0.0,0.0,0.0,0.0,0.0,0.0,0.0,0.0,0.0,0.0,0.0,0.0,0.0,0.0,0.0,0.0,0.0,0.0,0.0,0.0,0.0,0.0,0.0,0.0,0.0,1.0,0.0,0.0,1.0,0.0,0.0,1.0,0.0,0.0,1.0,0.0,0.0,1.0,0.0,0.0,0.0,0.0,0.0,0.0,0.0,0.0,0.0,0.0,0.0,0.0,1.0,0.0
688.0,0,25880.0,Hunan,Limited liability company (Natural person investment or holding),3727.0,666.0,Construction industry,3.0,3.0,4.0,0.0,3.0,8.0,8.0,3.0,11.0,0.0,0.0,0.0,0.0,0.0,0.0,0.0,0.0,0.0,0.0,0.0,0.0,0.0,0.0,0.0,0.0,0.0,0.0,0.0,0.0,0.0,0.0,0.0,2.0,0.0,0.0,0.0,0.0,0.0,0.0,0.0,0.0,0.0,0.0,0.0,0.0,0.0,0.0,0.0,0.0,0.0,0.0,0.0,0.0,36.0,36.0,26.0,36.0,36.0,26.0,36.0,36.0,26.0,36.0,36.0,26.0,36.0,36.0,26.0,0.0,0.0,0.0,0.0,2.0,1.0,0.0,0.0,0.0,0.0,1.0,1.0,2.0
689.0,0,3000.0,Hunan,Limited liability company (Natural person investment or holding),1896.0,377.4,Construction industry,2.0,2.0,1.0,1.0,11.0,1.0,0.0,4.0,1.0,0.0,0.0,0.0,0.0,0.0,0.0,0.0,0.0,0.0,0.0,0.0,0.0,0.0,0.0,0.0,0.0,0.0,0.0,0.0,0.0,0.0,0.0,0.0,26.0,1.0,1.0,0.0,0.0,0.0,0.0,0.0,1.0,0.0,0.0,0.0,0.0,0.0,0.0,0.0,0.0,0.0,0.0,0.0,0.0,37.0,21.0,18.0,37.0,21.0,18.0,37.0,21.0,18.0,37.0,21.0,18.0,37.0,21.0,18.0,0.0,0.0,0.0,0.0,0.0,0.0,0.0,0.0,0.0,0.0,0.0,0.0,2.0
690.0,0,6691.0,Hunan,Limited liability company (Natural person investment or holding),1532.0,1056.0,Construction industry,2.0,2.0,0.0,0.0,0.0,0.0,0.0,0.0,1.0,0.0,0.0,0.0,0.0,0.0,7.0,0.0,0.0,0.0,0.0,0.0,0.0,0.0,0.0,0.0,0.0,0.0,0.0,0.0,0.0,0.0,0.0,3.0,0.0,0.0,1.0,0.0,0.0,0.0,0.0,0.0,0.0,0.0,0.0,0.0,0.0,0.0,0.0,0.0,0.0,0.0,0.0,0.0,0.0,19.0,19.0,14.0,12.0,11.0,10.0,12.0,11.0,10.0,12.0,11.0,10.0,12.0,11.0,10.0,0.0,0.0,0.0,0.0,0.0,0.0,0.0,0.0,0.0,0.0,0.0,0.0,2.0
691.0,0,3000.0,Hunan,Limited liability company (Natural person investment or holding),2434.0,3000.0,Construction industry,2.0,2.0,0.0,2.0,1.0,1.0,0.0,0.0,4.0,0.0,0.0,0.0,0.0,0.0,4.0,0.0,0.0,0.0,0.0,0.0,0.0,0.0,0.0,0.0,0.0,0.0,0.0,0.0,0.0,0.0,0.0,0.0,0.0,0.0,0.0,0.0,0.0,0.0,0.0,0.0,0.0,0.0,0.0,0.0,0.0,0.0,0.0,0.0,0.0,0.0,0.0,0.0,0.0,12.0,13.0,12.0,0.0,0.0,0.0,0.0,0.0,0.0,0.0,0.0,0.0,0.0,0.0,0.0,0.0,0.0,1.0,0.0,1.0,0.0,0.0,0.0,0.0,0.0,0.0,0.0,1.0
692.0,0,2080.0,Hunan,Limited liability company (sole proprietorship of natural person),2361.0,340.0,Construction industry,1.0,2.0,3.0,0.0,0.0,8.0,0.0,0.0,7.0,0.0,0.0,0.0,0.0,0.0,0.0,0.0,0.0,0.0,0.0,1.0,0.0,0.0,0.0,0.0,0.0,0.0,0.0,0.0,0.0,0.0,0.0,0.0,0.0,0.0,0.0,0.0,0.0,0.0,0.0,0.0,0.0,0.0,0.0,0.0,0.0,0.0,0.0,0.0,0.0,0.0,0.0,0.0,0.0,15.0,12.0,0.0,15.0,0.0,0.0,15.0,0.0,0.0,15.0,0.0,0.0,6.0,0.0,0.0,0.0,0.0,0.0,0.0,1.0,3.0,0.0,0.0,0.0,0.0,0.0,1.0,0.0
693.0,0,1500.0,Hunan,Limited liability company (Natural person investment or holding),2002.0,35.0,Construction industry,4.0,2.0,0.0,1.0,1.0,0.0,3.0,5.0,9.0,0.0,7.0,0.0,1.0,0.0,0.0,0.0,0.0,0.0,0.0,0.0,0.0,0.0,0.0,0.0,0.0,0.0,0.0,0.0,0.0,2.0,0.0,0.0,0.0,0.0,0.0,0.0,0.0,0.0,0.0,0.0,0.0,0.0,0.0,0.0,0.0,0.0,0.0,0.0,0.0,0.0,0.0,0.0,0.0,19.0,9.0,20.0,19.0,9.0,20.0,19.0,9.0,20.0,19.0,9.0,20.0,19.0,9.0,20.0,0.0,0.0,0.0,0.0,1.0,1.0,0.0,0.0,0.0,0.0,1.0,0.0,1.0
694.0,0,200.0,Hunan,Limited liability company (Natural person investment or holding),2115.0,30.0,"Information transmission, software and information technology services",2.0,2.0,0.0,0.0,0.0,9.0,2.0,0.0,,0.0,0.0,0.0,0.0,0.0,0.0,0.0,0.0,0.0,0.0,0.0,0.0,0.0,0.0,0.0,0.0,0.0,0.0,0.0,0.0,0.0,0.0,0.0,0.0,0.0,0.0,0.0,0.0,0.0,0.0,0.0,0.0,0.0,0.0,0.0,0.0,0.0,0.0,2.0,4.0,3.0,0.0,6.0,0.0,5.0,5.0,5.0,5.0,5.0,5.0,5.0,5.0,5.0,5.0,5.0,5.0,5.0,5.0,5.0,0.0,0.0,0.0,0.0,0.0,0.0,0.0,0.0,0.0,0.0,0.0,0.0,0.0
695.0,0,1680.0,Hunan,Limited liability company (Natural person investment or holding),3847.0,200.0,"Information transmission, software and information technology services",2.0,2.0,3.0,3.0,0.0,5.0,0.0,0.0,,0.0,0.0,0.0,0.0,0.0,1.0,0.0,0.0,0.0,0.0,0.0,0.0,0.0,0.0,0.0,0.0,0.0,0.0,0.0,0.0,1.0,0.0,0.0,4.0,0.0,0.0,0.0,0.0,0.0,0.0,0.0,0.0,0.0,0.0,0.0,0.0,0.0,0.0,0.0,0.0,0.0,0.0,5.0,13.0,2.0,2.0,2.0,2.0,2.0,2.0,2.0,2.0,2.0,2.0,2.0,2.0,2.0,2.0,2.0,0.0,0.0,0.0,0.0,0.0,0.0,0.0,0.0,0.0,0.0,0.0,0.0,0.0
696.0,0,1000.0,Hunan,Limited liability company (sole proprietorship of natural person),1367.0,85.0,Construction industry,1.0,2.0,0.0,0.0,9.0,0.0,0.0,0.0,4.0,0.0,0.0,5.0,0.0,0.0,0.0,0.0,0.0,0.0,0.0,0.0,0.0,0.0,0.0,0.0,0.0,0.0,0.0,0.0,0.0,0.0,0.0,0.0,0.0,0.0,0.0,0.0,0.0,0.0,0.0,0.0,0.0,0.0,0.0,0.0,0.0,0.0,0.0,0.0,0.0,0.0,0.0,0.0,0.0,30.0,24.0,14.0,28.0,24.0,14.0,27.0,24.0,14.0,30.0,24.0,14.0,27.0,24.0,14.0,0.0,0.0,0.0,0.0,0.0,0.0,0.0,0.0,0.0,0.0,0.0,0.0,0.0
697.0,0,10800.0,Hunan,Limited liability company (Natural person investment or holding),1279.0,14.880936,Construction industry,2.0,2.0,0.0,0.0,0.0,4.0,8.0,4.0,,0.0,0.0,0.0,0.0,0.0,0.0,0.0,0.0,0.0,0.0,0.0,0.0,0.0,0.0,0.0,0.0,0.0,0.0,0.0,0.0,0.0,0.0,4.0,2.0,0.0,0.0,0.0,0.0,0.0,0.0,0.0,1.0,0.0,0.0,0.0,0.0,0.0,0.0,0.0,0.0,0.0,0.0,0.0,0.0,59.0,50.0,0.0,2.0,2.0,0.0,34.0,27.0,0.0,39.0,42.0,0.0,0.0,27.0,0.0,0.0,0.0,0.0,0.0,0.0,0.0,0.0,0.0,0.0,0.0,0.0,0.0,0.0
698.0,0,501.0,Hunan,Limited liability company (Natural person investment or holding),1401.0,0.0,"Information transmission, software and information technology services",2.0,2.0,0.0,0.0,0.0,2.0,0.0,0.0,,0.0,0.0,0.0,0.0,0.0,0.0,0.0,0.0,0.0,0.0,0.0,0.0,0.0,0.0,0.0,0.0,0.0,0.0,0.0,0.0,0.0,0.0,0.0,1.0,0.0,0.0,0.0,0.0,0.0,0.0,0.0,0.0,0.0,0.0,0.0,0.0,0.0,0.0,0.0,0.0,0.0,0.0,0.0,0.0,3.0,4.0,2.0,3.0,4.0,2.0,3.0,4.0,2.0,3.0,4.0,2.0,3.0,4.0,2.0,0.0,0.0,0.0,0.0,0.0,0.0,0.0,0.0,0.0,0.0,0.0,0.0,0.0
699.0,0,2016.0,Hunan,Limited liability company (Natural person investment or holding),1435.0,0.0,"Information transmission, software and information technology services",2.0,2.0,0.0,0.0,5.0,0.0,2.0,13.0,,0.0,0.0,0.0,0.0,0.0,1.0,0.0,0.0,0.0,0.0,0.0,0.0,0.0,0.0,0.0,0.0,0.0,0.0,0.0,0.0,0.0,0.0,0.0,0.0,0.0,0.0,0.0,0.0,0.0,0.0,0.0,0.0,0.0,0.0,0.0,0.0,0.0,0.0,0.0,0.0,0.0,0.0,0.0,7.0,0.0,0.0,0.0,0.0,0.0,0.0,0.0,0.0,0.0,0.0,0.0,0.0,0.0,0.0,0.0,0.0,0.0,0.0,0.0,0.0,1.0,0.0,0.0,0.0,0.0,0.0,1.0,0.0
700.0,0,5000.0,Hunan,Limited liability company (Natural person investment or holding),2807.0,1000.0,Construction industry,2.0,2.0,4.0,4.0,3.0,5.0,0.0,1.0,,0.0,0.0,0.0,0.0,3.0,0.0,0.0,0.0,0.0,0.0,0.0,0.0,0.0,0.0,0.0,0.0,0.0,0.0,0.0,0.0,0.0,0.0,0.0,0.0,0.0,0.0,0.0,0.0,0.0,0.0,0.0,0.0,0.0,0.0,0.0,0.0,0.0,0.0,0.0,0.0,0.0,0.0,0.0,0.0,12.0,8.0,7.0,12.0,8.0,7.0,12.0,8.0,7.0,12.0,8.0,7.0,12.0,8.0,7.0,0.0,0.0,0.0,0.0,0.0,1.0,0.0,0.0,0.0,0.0,0.0,0.0,0.0
701.0,0,3168.0,Hunan,Limited liability company (Natural person investment or holding),932.0,5.0,Construction industry,3.0,2.0,0.0,0.0,0.0,0.0,0.0,0.0,,0.0,0.0,0.0,0.0,2.0,0.0,0.0,0.0,0.0,0.0,0.0,0.0,0.0,0.0,0.0,0.0,0.0,0.0,0.0,0.0,0.0,0.0,0.0,0.0,0.0,0.0,0.0,0.0,0.0,0.0,0.0,0.0,0.0,0.0,0.0,0.0,0.0,0.0,0.0,0.0,0.0,0.0,0.0,0.0,0.0,0.0,,0.0,0.0,,0.0,0.0,,0.0,0.0,,0.0,0.0,,0.0,0.0,0.0,0.0,0.0,0.0,0.0,0.0,0.0,0.0,0.0,0.0,0.0
702.0,0,1600.0,Hunan,Limited liability company (Natural person investment or holding),2529.0,1600.0,Construction industry,2.0,2.0,6.0,8.0,0.0,0.0,1.0,0.0,,0.0,5.0,0.0,0.0,0.0,0.0,0.0,0.0,0.0,0.0,0.0,0.0,0.0,0.0,0.0,0.0,0.0,0.0,0.0,0.0,0.0,0.0,0.0,0.0,0.0,0.0,0.0,0.0,0.0,0.0,0.0,0.0,0.0,0.0,0.0,0.0,0.0,0.0,0.0,0.0,0.0,0.0,0.0,0.0,10.0,14.0,14.0,0.0,0.0,0.0,5.0,0.0,0.0,10.0,14.0,14.0,0.0,0.0,0.0,0.0,0.0,0.0,0.0,0.0,1.0,0.0,0.0,0.0,0.0,0.0,0.0,0.0
703.0,0,3612.0,Hunan,Limited liability company (Natural person investment or holding),1234.0,0.0,Construction industry,2.0,2.0,0.0,0.0,0.0,0.0,2.0,30.0,2.0,0.0,0.0,0.0,0.0,0.0,0.0,0.0,0.0,0.0,0.0,0.0,0.0,0.0,0.0,0.0,0.0,0.0,0.0,0.0,0.0,0.0,0.0,0.0,0.0,0.0,0.0,0.0,0.0,0.0,0.0,0.0,0.0,0.0,0.0,0.0,0.0,0.0,0.0,0.0,0.0,0.0,0.0,0.0,0.0,0.0,9.0,7.0,0.0,0.0,0.0,0.0,0.0,0.0,0.0,9.0,0.0,0.0,0.0,0.0,0.0,0.0,0.0,0.0,2.0,0.0,0.0,0.0,0.0,0.0,1.0,0.0,0.0
704.0,0,3000.0,Hunan,Limited liability company (sole proprietorship of natural person),1228.0,1.0,Construction industry,1.0,2.0,0.0,0.0,0.0,0.0,0.0,0.0,,0.0,0.0,0.0,0.0,0.0,0.0,0.0,0.0,0.0,0.0,0.0,0.0,0.0,0.0,0.0,0.0,0.0,0.0,0.0,0.0,0.0,0.0,0.0,0.0,0.0,0.0,0.0,0.0,0.0,0.0,0.0,0.0,0.0,0.0,0.0,0.0,0.0,0.0,0.0,0.0,0.0,0.0,0.0,0.0,10.0,0.0,0.0,0.0,0.0,0.0,0.0,0.0,0.0,0.0,0.0,0.0,0.0,0.0,0.0,0.0,0.0,0.0,0.0,0.0,0.0,0.0,0.0,0.0,0.0,0.0,0.0,1.0
705.0,0,7000.0,Hunan,Limited liability company (Natural person investment or holding),5004.0,7000.0,Construction industry,2.0,3.0,4.0,1.0,0.0,5.0,8.0,11.0,1.0,0.0,0.0,0.0,0.0,0.0,1.0,0.0,0.0,0.0,0.0,1.0,0.0,0.0,0.0,0.0,0.0,0.0,0.0,0.0,0.0,0.0,0.0,0.0,0.0,0.0,0.0,0.0,0.0,0.0,0.0,0.0,0.0,0.0,0.0,0.0,0.0,0.0,0.0,0.0,0.0,0.0,0.0,0.0,10.0,8.0,21.0,2.0,0.0,21.0,0.0,0.0,21.0,0.0,0.0,21.0,13.0,0.0,21.0,0.0,0.0,0.0,0.0,0.0,3.0,0.0,0.0,0.0,0.0,1.0,1.0,0.0,1.0
706.0,0,2998.0,Hunan,Limited liability company (Natural person investment or holding),1089.0,99.736,Construction industry,3.0,3.0,0.0,0.0,0.0,0.0,4.0,8.0,,0.0,0.0,0.0,0.0,0.0,5.0,0.0,0.0,0.0,0.0,0.0,0.0,0.0,0.0,0.0,0.0,0.0,0.0,0.0,0.0,0.0,0.0,0.0,0.0,0.0,0.0,0.0,0.0,0.0,0.0,0.0,0.0,0.0,0.0,0.0,0.0,0.0,0.0,0.0,0.0,0.0,0.0,0.0,0.0,5.0,6.0,5.0,0.0,0.0,0.0,0.0,0.0,0.0,0.0,0.0,0.0,0.0,0.0,0.0,0.0,0.0,0.0,0.0,0.0,1.0,0.0,0.0,0.0,0.0,0.0,0.0,0.0
707.0,0,5000.0,Hunan,"Joint stock limited company (unlisted, natural person investment or holding)",1343.0,135.0,Construction industry,6.0,8.0,0.0,0.0,0.0,4.0,1.0,3.0,,0.0,0.0,0.0,2.0,0.0,5.0,0.0,0.0,0.0,0.0,0.0,0.0,0.0,0.0,0.0,0.0,0.0,0.0,0.0,0.0,0.0,0.0,2.0,0.0,0.0,0.0,0.0,0.0,0.0,0.0,0.0,0.0,0.0,0.0,0.0,1.0,0.0,0.0,0.0,0.0,0.0,0.0,0.0,0.0,26.0,25.0,27.0,26.0,25.0,22.0,26.0,25.0,22.0,26.0,25.0,22.0,26.0,25.0,22.0,0.0,0.0,0.0,0.0,0.0,0.0,0.0,0.0,0.0,0.0,0.0,0.0,1.0
708.0,0,1000.0,Hunan,Limited liability company (Natural person investment or holding),944.0,0.0,Wholesale and retail,2.0,2.0,0.0,0.0,0.0,0.0,9.0,13.0,,0.0,0.0,0.0,0.0,0.0,0.0,0.0,0.0,0.0,0.0,0.0,0.0,0.0,0.0,0.0,0.0,0.0,0.0,0.0,0.0,0.0,0.0,0.0,0.0,0.0,0.0,0.0,0.0,0.0,0.0,0.0,0.0,0.0,0.0,0.0,0.0,0.0,0.0,0.0,0.0,0.0,0.0,0.0,0.0,14.0,11.0,0.0,14.0,11.0,0.0,14.0,11.0,0.0,14.0,11.0,0.0,14.0,11.0,0.0,0.0,0.0,0.0,0.0,0.0,0.0,0.0,0.0,0.0,0.0,0.0,0.0,0.0
709.0,0,550.0,Hunan,Limited liability company (Natural person investment or holding),959.0,272.3,Wholesale and retail,2.0,2.0,0.0,0.0,0.0,1.0,8.0,0.0,,0.0,0.0,0.0,0.0,0.0,0.0,0.0,0.0,0.0,0.0,0.0,0.0,0.0,0.0,0.0,0.0,0.0,0.0,0.0,0.0,0.0,0.0,0.0,0.0,0.0,0.0,0.0,0.0,0.0,0.0,0.0,0.0,0.0,0.0,0.0,0.0,0.0,0.0,0.0,0.0,0.0,0.0,0.0,0.0,24.0,11.0,0.0,21.0,11.0,0.0,21.0,11.0,0.0,24.0,11.0,0.0,0.0,11.0,0.0,0.0,0.0,0.0,0.0,0.0,0.0,0.0,0.0,0.0,0.0,0.0,0.0,0.0
710.0,0,1800.0,Hunan,Limited liability company (sole proprietorship of natural person),1520.0,0.0,Construction industry,1.0,2.0,0.0,3.0,1.0,0.0,0.0,3.0,9.0,0.0,0.0,0.0,0.0,0.0,0.0,0.0,0.0,0.0,0.0,0.0,0.0,0.0,0.0,0.0,0.0,0.0,0.0,0.0,0.0,0.0,0.0,0.0,0.0,0.0,0.0,0.0,0.0,0.0,0.0,0.0,0.0,0.0,0.0,0.0,0.0,0.0,0.0,0.0,0.0,0.0,0.0,0.0,0.0,24.0,13.0,113.0,0.0,0.0,0.0,0.0,0.0,0.0,24.0,13.0,0.0,0.0,0.0,0.0,0.0,0.0,0.0,0.0,0.0,0.0,0.0,0.0,0.0,0.0,0.0,0.0,0.0
711.0,0,2000.0,Hunan,Limited liability company (Natural person investment or holding),1141.0,2000.0,Construction industry,3.0,2.0,0.0,0.0,0.0,0.0,12.0,3.0,,0.0,0.0,0.0,0.0,0.0,5.0,0.0,0.0,0.0,0.0,0.0,0.0,0.0,0.0,0.0,0.0,0.0,0.0,0.0,0.0,0.0,0.0,0.0,0.0,0.0,0.0,0.0,0.0,0.0,0.0,1.0,0.0,0.0,0.0,0.0,0.0,0.0,0.0,0.0,0.0,0.0,0.0,0.0,0.0,0.0,7.0,0.0,0.0,0.0,0.0,0.0,0.0,0.0,0.0,0.0,0.0,0.0,0.0,0.0,0.0,0.0,0.0,0.0,0.0,0.0,0.0,0.0,0.0,0.0,0.0,0.0,0.0
712.0,0,4000.0,Hunan,Limited liability company (Natural person investment or holding),1359.0,0.0,Construction industry,2.0,2.0,0.0,0.0,0.0,7.0,7.0,0.0,2.0,0.0,0.0,0.0,0.0,0.0,10.0,0.0,0.0,0.0,0.0,0.0,0.0,0.0,0.0,0.0,0.0,0.0,0.0,0.0,0.0,0.0,0.0,0.0,0.0,0.0,0.0,0.0,0.0,0.0,0.0,0.0,0.0,0.0,0.0,0.0,0.0,0.0,0.0,0.0,0.0,0.0,0.0,0.0,0.0,0.0,0.0,0.0,0.0,0.0,0.0,0.0,0.0,0.0,0.0,0.0,0.0,0.0,0.0,0.0,0.0,0.0,0.0,0.0,0.0,0.0,0.0,0.0,0.0,0.0,0.0,0.0,0.0
713.0,0,2090.0,Hunan,Limited liability company (Natural person investment or holding),8096.0,2090.0,Construction industry,2.0,2.0,1.0,0.0,1.0,5.0,3.0,5.0,11.0,7.0,0.0,0.0,0.0,0.0,0.0,0.0,0.0,0.0,0.0,0.0,0.0,0.0,0.0,0.0,0.0,0.0,0.0,0.0,0.0,0.0,0.0,0.0,0.0,0.0,0.0,0.0,0.0,0.0,0.0,0.0,0.0,0.0,0.0,0.0,0.0,0.0,0.0,0.0,0.0,0.0,0.0,0.0,0.0,44.0,43.0,43.0,44.0,43.0,43.0,44.0,43.0,43.0,44.0,263.0,263.0,44.0,43.0,43.0,0.0,1.0,7.0,0.0,0.0,3.0,0.0,0.0,0.0,0.0,1.0,0.0,1.0
714.0,0,6000.0,Hunan,Limited liability company (Natural person investment or holding),1129.0,1000.0,Construction industry,2.0,3.0,0.0,0.0,0.0,7.0,10.0,4.0,28.0,0.0,0.0,0.0,0.0,0.0,0.0,0.0,0.0,0.0,0.0,0.0,0.0,0.0,0.0,0.0,0.0,0.0,0.0,0.0,0.0,0.0,0.0,0.0,0.0,0.0,0.0,0.0,0.0,0.0,0.0,0.0,0.0,0.0,0.0,0.0,0.0,0.0,0.0,0.0,0.0,0.0,0.0,0.0,0.0,1.0,10.0,0.0,1.0,10.0,0.0,1.0,10.0,0.0,1.0,10.0,0.0,1.0,10.0,0.0,0.0,0.0,0.0,0.0,0.0,0.0,0.0,0.0,0.0,0.0,0.0,0.0,0.0
715.0,0,10999.99,Hunan,Limited liability company (Natural person investment or holding),2971.0,10999.99,Construction industry,2.0,3.0,3.0,2.0,1.0,9.0,5.0,1.0,4.0,0.0,0.0,0.0,0.0,0.0,3.0,0.0,0.0,0.0,0.0,0.0,0.0,0.0,0.0,0.0,0.0,0.0,0.0,0.0,0.0,0.0,0.0,0.0,0.0,0.0,0.0,0.0,0.0,0.0,0.0,0.0,0.0,0.0,0.0,0.0,0.0,0.0,0.0,0.0,0.0,0.0,0.0,0.0,0.0,120.0,118.0,118.0,120.0,118.0,118.0,120.0,118.0,118.0,120.0,118.0,118.0,120.0,16.0,8.0,0.0,0.0,5.0,0.0,0.0,1.0,0.0,2.0,1.0,0.0,0.0,2.0,1.0
716.0,0,3000.0,Hunan,Limited liability company (Natural person investment or holding),1749.0,500.0,Construction industry,2.0,2.0,0.0,0.0,0.0,0.0,3.0,2.0,10.0,0.0,0.0,0.0,0.0,0.0,0.0,0.0,0.0,0.0,0.0,0.0,0.0,0.0,0.0,0.0,0.0,0.0,0.0,0.0,0.0,0.0,0.0,0.0,0.0,0.0,0.0,0.0,0.0,0.0,0.0,0.0,0.0,0.0,0.0,0.0,0.0,0.0,0.0,0.0,0.0,0.0,0.0,0.0,0.0,13.0,11.0,16.0,0.0,0.0,0.0,0.0,0.0,0.0,13.0,0.0,0.0,0.0,0.0,0.0,0.0,0.0,0.0,0.0,0.0,0.0,0.0,0.0,0.0,0.0,0.0,0.0,0.0
717.0,0,5188.0,Hunan,Limited liability company (sole proprietorship of natural person),2854.0,2013.0,Construction industry,1.0,2.0,2.0,5.0,4.0,6.0,7.0,9.0,13.0,0.0,0.0,0.0,0.0,0.0,0.0,0.0,0.0,0.0,0.0,0.0,0.0,0.0,0.0,0.0,0.0,0.0,0.0,0.0,0.0,0.0,0.0,0.0,0.0,0.0,1.0,0.0,0.0,0.0,0.0,0.0,0.0,0.0,0.0,0.0,0.0,0.0,0.0,0.0,0.0,0.0,0.0,0.0,0.0,0.0,0.0,0.0,0.0,0.0,0.0,0.0,0.0,0.0,0.0,0.0,0.0,0.0,0.0,0.0,0.0,0.0,0.0,1.0,1.0,2.0,0.0,0.0,1.0,0.0,2.0,0.0,0.0
718.0,0,2168.0,Hunan,Limited liability company (Natural person investment or holding),1379.0,2168.0,Construction industry,4.0,2.0,0.0,0.0,2.0,7.0,5.0,0.0,1.0,0.0,0.0,0.0,1.0,0.0,8.0,0.0,0.0,0.0,0.0,0.0,0.0,0.0,0.0,0.0,0.0,0.0,0.0,0.0,0.0,0.0,0.0,0.0,0.0,0.0,0.0,0.0,0.0,0.0,0.0,0.0,0.0,0.0,0.0,0.0,0.0,0.0,0.0,0.0,0.0,0.0,0.0,0.0,0.0,31.0,30.0,15.0,0.0,0.0,0.0,0.0,0.0,0.0,0.0,0.0,0.0,0.0,0.0,0.0,0.0,0.0,0.0,0.0,0.0,1.0,0.0,0.0,0.0,0.0,0.0,1.0,0.0
719.0,0,510.0,Hunan,Limited liability company (Natural person investment or holding),3272.0,510.0,Wholesale and retail,2.0,2.0,2.0,0.0,0.0,0.0,0.0,0.0,2.0,0.0,0.0,0.0,0.0,0.0,0.0,0.0,0.0,0.0,0.0,0.0,0.0,0.0,0.0,0.0,0.0,0.0,0.0,0.0,0.0,0.0,0.0,0.0,0.0,0.0,0.0,0.0,0.0,0.0,0.0,0.0,0.0,0.0,0.0,0.0,0.0,0.0,0.0,0.0,3.0,3.0,2.0,0.0,8.0,10.0,10.0,15.0,10.0,10.0,15.0,10.0,10.0,15.0,10.0,10.0,15.0,10.0,10.0,15.0,0.0,0.0,0.0,1.0,0.0,0.0,0.0,1.0,0.0,0.0,0.0,0.0,0.0
720.0,0,11168.8,Hunan,Limited liability company (Natural person investment or holding),6779.0,5020.0,Construction industry,2.0,2.0,4.0,0.0,1.0,3.0,4.0,1.0,10.0,0.0,0.0,0.0,0.0,0.0,4.0,0.0,0.0,1.0,0.0,0.0,3.0,0.0,0.0,0.0,0.0,0.0,0.0,0.0,0.0,4.0,0.0,0.0,0.0,0.0,0.0,0.0,0.0,0.0,0.0,0.0,0.0,0.0,0.0,0.0,0.0,0.0,0.0,0.0,0.0,0.0,0.0,0.0,0.0,28.0,42.0,51.0,28.0,42.0,51.0,28.0,42.0,51.0,28.0,42.0,51.0,28.0,42.0,51.0,0.0,0.0,0.0,0.0,4.0,33.0,0.0,2.0,1.0,0.0,1.0,0.0,0.0
721.0,0,1000.0,Hunan,Limited liability company (Natural person investment or holding),2467.0,334.0,Construction industry,2.0,2.0,3.0,4.0,8.0,6.0,4.0,9.0,1.0,0.0,0.0,0.0,0.0,5.0,0.0,0.0,0.0,0.0,0.0,0.0,0.0,0.0,0.0,0.0,0.0,0.0,0.0,0.0,0.0,0.0,0.0,0.0,0.0,0.0,0.0,0.0,0.0,0.0,0.0,0.0,0.0,0.0,0.0,0.0,0.0,0.0,0.0,0.0,0.0,0.0,0.0,0.0,0.0,15.0,13.0,10.0,0.0,0.0,0.0,2.0,0.0,0.0,10.0,0.0,0.0,0.0,0.0,0.0,0.0,0.0,0.0,0.0,0.0,0.0,0.0,0.0,0.0,0.0,0.0,0.0,0.0
722.0,0,1000.0,Hunan,Limited liability company (Natural person investment or holding),1617.0,1000.0,Construction industry,2.0,2.0,0.0,0.0,4.0,2.0,1.0,1.0,,0.0,0.0,0.0,0.0,0.0,0.0,0.0,0.0,0.0,0.0,0.0,0.0,0.0,0.0,0.0,0.0,0.0,0.0,0.0,0.0,0.0,0.0,0.0,0.0,0.0,0.0,0.0,0.0,0.0,0.0,0.0,0.0,0.0,0.0,0.0,0.0,0.0,0.0,0.0,0.0,0.0,0.0,0.0,0.0,20.0,18.0,19.0,20.0,18.0,19.0,20.0,18.0,19.0,20.0,18.0,19.0,20.0,18.0,19.0,0.0,0.0,0.0,0.0,0.0,17.0,0.0,0.0,0.0,0.0,3.0,4.0,0.0
723.0,0,5300.0,Hunan,Limited liability company (sole proprietorship of natural person),1217.0,0.0,"Information transmission, software and information technology services",1.0,2.0,0.0,0.0,0.0,0.0,6.0,4.0,1.0,0.0,0.0,0.0,0.0,0.0,0.0,0.0,0.0,0.0,0.0,0.0,0.0,0.0,0.0,0.0,0.0,0.0,0.0,0.0,0.0,0.0,0.0,0.0,0.0,0.0,0.0,0.0,0.0,0.0,0.0,0.0,0.0,0.0,0.0,0.0,0.0,0.0,0.0,0.0,0.0,0.0,0.0,0.0,0.0,12.0,6.0,0.0,12.0,6.0,0.0,12.0,6.0,0.0,12.0,6.0,0.0,12.0,6.0,0.0,0.0,0.0,0.0,0.0,0.0,0.0,0.0,0.0,0.0,0.0,0.0,0.0,0.0
724.0,0,3976.0,Hunan,Limited liability company (Natural person investment or holding),4904.0,285.0,Construction industry,2.0,2.0,0.0,7.0,0.0,6.0,6.0,0.0,2.0,0.0,0.0,0.0,0.0,0.0,0.0,0.0,0.0,0.0,0.0,0.0,0.0,0.0,0.0,0.0,0.0,0.0,0.0,0.0,0.0,0.0,0.0,0.0,0.0,0.0,0.0,0.0,0.0,0.0,0.0,0.0,0.0,0.0,0.0,0.0,0.0,0.0,0.0,0.0,0.0,0.0,0.0,0.0,0.0,0.0,0.0,0.0,0.0,0.0,0.0,0.0,0.0,0.0,0.0,0.0,0.0,0.0,0.0,0.0,0.0,0.0,0.0,0.0,0.0,0.0,0.0,0.0,0.0,0.0,0.0,0.0,0.0
725.0,0,6000.0,Hunan,Limited liability company (Natural person investment or holding),2622.0,3000.0,Construction industry,3.0,2.0,1.0,13.0,3.0,0.0,1.0,0.0,17.0,0.0,0.0,0.0,0.0,2.0,3.0,0.0,0.0,0.0,0.0,0.0,0.0,0.0,0.0,0.0,0.0,0.0,0.0,0.0,0.0,0.0,0.0,0.0,0.0,0.0,0.0,0.0,0.0,0.0,0.0,1.0,0.0,0.0,0.0,0.0,0.0,0.0,0.0,0.0,0.0,0.0,0.0,0.0,0.0,22.0,32.0,35.0,22.0,32.0,35.0,22.0,32.0,35.0,22.0,32.0,35.0,22.0,32.0,35.0,0.0,0.0,0.0,0.0,0.0,0.0,0.0,0.0,0.0,0.0,0.0,1.0,1.0
726.0,0,5000.0,Hunan,Limited liability company (sole proprietorship of natural person),8520.0,0.0,Construction industry,1.0,2.0,11.0,1.0,0.0,0.0,3.0,0.0,,0.0,0.0,0.0,0.0,0.0,7.0,1.0,0.0,0.0,0.0,0.0,0.0,0.0,0.0,0.0,0.0,0.0,0.0,0.0,0.0,0.0,0.0,0.0,0.0,0.0,0.0,0.0,0.0,0.0,0.0,0.0,0.0,0.0,0.0,0.0,0.0,0.0,0.0,0.0,0.0,0.0,0.0,0.0,0.0,21.0,21.0,21.0,21.0,21.0,21.0,21.0,21.0,21.0,21.0,21.0,21.0,21.0,21.0,21.0,0.0,0.0,0.0,0.0,1.0,0.0,0.0,0.0,0.0,0.0,0.0,0.0,1.0
727.0,0,10000.0,Hunan,Limited liability company (Natural person investment or holding),2400.0,600.0,Construction industry,3.0,3.0,2.0,10.0,9.0,3.0,0.0,5.0,38.0,0.0,0.0,0.0,0.0,0.0,2.0,0.0,0.0,0.0,0.0,0.0,0.0,0.0,0.0,0.0,0.0,0.0,0.0,0.0,0.0,0.0,0.0,0.0,0.0,0.0,0.0,0.0,0.0,0.0,2.0,0.0,3.0,0.0,0.0,0.0,0.0,0.0,0.0,0.0,0.0,0.0,0.0,0.0,0.0,30.0,31.0,10.0,30.0,31.0,10.0,30.0,31.0,10.0,30.0,31.0,10.0,30.0,31.0,10.0,0.0,0.0,0.0,0.0,3.0,1.0,0.0,0.0,0.0,0.0,2.0,1.0,0.0
728.0,0,5018.0,Hunan,Limited liability company (Natural person investment or holding),1493.0,0.0,Construction industry,2.0,2.0,0.0,0.0,0.0,2.0,0.0,4.0,7.0,0.0,0.0,0.0,0.0,4.0,0.0,0.0,0.0,0.0,0.0,0.0,0.0,0.0,0.0,0.0,0.0,0.0,0.0,0.0,0.0,0.0,0.0,0.0,0.0,0.0,0.0,0.0,0.0,0.0,0.0,0.0,0.0,0.0,0.0,0.0,0.0,0.0,0.0,0.0,0.0,0.0,0.0,0.0,0.0,16.0,16.0,18.0,0.0,0.0,0.0,0.0,0.0,0.0,0.0,1.0,1.0,0.0,0.0,0.0,0.0,0.0,0.0,0.0,0.0,0.0,0.0,0.0,0.0,0.0,0.0,0.0,0.0
729.0,0,1000.0,Zhejiang,Limited liability company (Natural person investment or holding),1401.0,0.1,Construction industry,3.0,2.0,0.0,0.0,1.0,4.0,2.0,0.0,1.0,0.0,0.0,0.0,0.0,0.0,0.0,0.0,0.0,0.0,0.0,0.0,0.0,0.0,0.0,0.0,0.0,0.0,0.0,0.0,0.0,0.0,0.0,0.0,0.0,0.0,0.0,0.0,0.0,0.0,0.0,0.0,5.0,0.0,0.0,0.0,0.0,0.0,0.0,0.0,0.0,0.0,0.0,0.0,0.0,62.0,62.0,54.0,62.0,62.0,54.0,62.0,62.0,54.0,62.0,62.0,54.0,62.0,62.0,54.0,0.0,0.0,0.0,0.0,0.0,1.0,0.0,0.0,0.0,0.0,0.0,0.0,1.0
730.0,0,2000.0,Jiangsu,Limited liability company (Natural person investment or holding),6072.0,800.0,Scientific research and technology services,2.0,2.0,2.0,3.0,0.0,0.0,1.0,1.0,,0.0,0.0,0.0,0.0,0.0,0.0,0.0,0.0,0.0,0.0,0.0,0.0,0.0,0.0,0.0,0.0,0.0,0.0,0.0,0.0,2.0,0.0,0.0,5.0,0.0,0.0,0.0,1.0,0.0,3.0,4.0,0.0,0.0,0.0,0.0,0.0,0.0,0.0,0.0,0.0,0.0,0.0,2.0,0.0,14.0,21.0,23.0,14.0,21.0,23.0,14.0,21.0,23.0,14.0,21.0,23.0,14.0,21.0,23.0,0.0,0.0,0.0,0.0,0.0,1.0,0.0,0.0,0.0,0.0,0.0,2.0,3.0
731.0,0,5000.0,Hunan,Limited liability company (Natural person investment or holding),1490.0,0.0,Construction industry,3.0,4.0,0.0,0.0,3.0,0.0,0.0,6.0,15.0,0.0,0.0,0.0,0.0,0.0,0.0,0.0,0.0,0.0,0.0,0.0,0.0,0.0,0.0,0.0,0.0,0.0,0.0,0.0,0.0,0.0,0.0,0.0,0.0,0.0,0.0,0.0,0.0,0.0,0.0,0.0,0.0,0.0,0.0,0.0,0.0,0.0,0.0,0.0,0.0,0.0,0.0,0.0,0.0,65.0,58.0,47.0,26.0,16.0,0.0,26.0,16.0,17.0,37.0,16.0,17.0,26.0,16.0,17.0,0.0,0.0,0.0,0.0,0.0,0.0,0.0,0.0,0.0,0.0,0.0,0.0,1.0
732.0,0,2006.0,Jiangsu,Limited liability company (Natural person investment or holding),2579.0,600.0,Construction industry,2.0,2.0,2.0,0.0,2.0,0.0,0.0,0.0,5.0,0.0,0.0,0.0,0.0,0.0,3.0,0.0,0.0,0.0,0.0,0.0,0.0,0.0,0.0,0.0,0.0,0.0,0.0,0.0,0.0,0.0,0.0,0.0,0.0,0.0,0.0,0.0,0.0,0.0,0.0,0.0,0.0,0.0,0.0,0.0,0.0,0.0,0.0,0.0,0.0,0.0,0.0,0.0,0.0,13.0,13.0,10.0,13.0,13.0,10.0,13.0,13.0,10.0,13.0,13.0,10.0,13.0,13.0,10.0,0.0,0.0,0.0,0.0,0.0,4.0,0.0,0.0,0.0,0.0,0.0,3.0,0.0
733.0,0,3010.0,Jiangsu,Limited liability company (Natural person investment or holding),6443.0,2991.1,Construction industry,21.0,4.0,1.0,0.0,0.0,1.0,0.0,1.0,4.0,0.0,0.0,1.0,0.0,0.0,0.0,0.0,0.0,1.0,0.0,0.0,0.0,0.0,0.0,0.0,0.0,0.0,2.0,0.0,0.0,0.0,0.0,0.0,0.0,0.0,0.0,0.0,0.0,0.0,0.0,0.0,0.0,0.0,0.0,0.0,0.0,0.0,0.0,0.0,0.0,0.0,0.0,0.0,0.0,64.0,65.0,66.0,64.0,65.0,66.0,64.0,65.0,66.0,64.0,65.0,66.0,64.0,65.0,66.0,0.0,0.0,0.0,0.0,5.0,11.0,3.0,1.0,0.0,0.0,4.0,8.0,0.0
734.0,0,1008.0,Jiangsu,Limited liability company (sole proprietorship of natural person),2643.0,126.0,Construction industry,1.0,2.0,3.0,0.0,8.0,1.0,1.0,3.0,5.0,0.0,0.0,0.0,0.0,0.0,3.0,0.0,0.0,0.0,0.0,0.0,0.0,0.0,0.0,0.0,0.0,0.0,0.0,0.0,0.0,0.0,0.0,0.0,0.0,0.0,0.0,0.0,0.0,0.0,0.0,0.0,0.0,0.0,0.0,0.0,0.0,0.0,0.0,0.0,0.0,0.0,0.0,0.0,0.0,17.0,15.0,12.0,17.0,15.0,12.0,17.0,15.0,12.0,17.0,15.0,12.0,17.0,15.0,12.0,0.0,0.0,0.0,0.0,0.0,0.0,0.0,0.0,0.0,0.0,0.0,0.0,0.0
735.0,0,1030.0,Jiangsu,Limited liability company (Natural person investment or holding),7692.0,780.0,Construction industry,3.0,2.0,0.0,0.0,0.0,0.0,0.0,2.0,6.0,0.0,0.0,0.0,0.0,0.0,0.0,0.0,0.0,0.0,0.0,0.0,0.0,0.0,0.0,0.0,0.0,0.0,0.0,0.0,0.0,0.0,0.0,0.0,0.0,0.0,0.0,0.0,0.0,0.0,0.0,0.0,0.0,0.0,0.0,0.0,0.0,0.0,0.0,0.0,0.0,0.0,0.0,0.0,0.0,19.0,20.0,20.0,19.0,20.0,20.0,19.0,20.0,20.0,19.0,20.0,20.0,19.0,20.0,20.0,0.0,0.0,1.0,0.0,0.0,1.0,0.0,0.0,1.0,0.0,0.0,1.0,0.0
736.0,0,1500.0,Anhui,Limited liability company (Natural person investment or holding),1984.0,0.0,Construction industry,2.0,2.0,1.0,0.0,5.0,0.0,8.0,0.0,2.0,0.0,0.0,0.0,0.0,6.0,0.0,0.0,0.0,0.0,0.0,0.0,0.0,0.0,0.0,0.0,0.0,0.0,0.0,0.0,0.0,0.0,0.0,0.0,0.0,0.0,0.0,0.0,0.0,0.0,0.0,0.0,0.0,0.0,0.0,0.0,0.0,0.0,0.0,0.0,0.0,0.0,0.0,0.0,0.0,10.0,0.0,2.0,10.0,0.0,2.0,10.0,0.0,2.0,10.0,0.0,0.0,10.0,0.0,2.0,0.0,0.0,0.0,0.0,0.0,0.0,0.0,0.0,0.0,0.0,0.0,0.0,0.0
737.0,0,1080.0,Anhui,Limited liability company (sole proprietorship of natural person),2206.0,0.0,Construction industry,1.0,2.0,8.0,2.0,0.0,0.0,0.0,3.0,1.0,0.0,8.0,2.0,0.0,0.0,0.0,0.0,0.0,0.0,0.0,0.0,0.0,0.0,0.0,0.0,0.0,0.0,0.0,0.0,0.0,0.0,0.0,0.0,0.0,0.0,0.0,0.0,0.0,0.0,0.0,0.0,0.0,0.0,0.0,0.0,0.0,0.0,0.0,0.0,0.0,0.0,0.0,0.0,0.0,0.0,5.0,6.0,0.0,5.0,6.0,0.0,5.0,6.0,0.0,5.0,6.0,0.0,5.0,6.0,0.0,0.0,0.0,0.0,0.0,0.0,0.0,0.0,0.0,0.0,0.0,0.0,3.0
738.0,0,5000.0,Qinghai,Limited liability company (sole proprietorship of natural person),2681.0,5000.0,Construction industry,1.0,2.0,0.0,23.0,0.0,11.0,0.0,3.0,,0.0,0.0,0.0,2.0,0.0,0.0,0.0,0.0,0.0,0.0,0.0,1.0,0.0,0.0,0.0,0.0,0.0,0.0,0.0,0.0,0.0,0.0,0.0,1.0,0.0,0.0,0.0,0.0,0.0,0.0,0.0,0.0,0.0,0.0,0.0,0.0,0.0,0.0,0.0,0.0,0.0,0.0,0.0,0.0,7.0,2.0,4.0,4.0,4.0,4.0,6.0,2.0,4.0,7.0,8.0,59.0,6.0,2.0,4.0,0.0,0.0,15.0,1.0,3.0,0.0,1.0,17.0,0.0,0.0,0.0,0.0,0.0
739.0,0,1139.0,Jiangxi,Limited liability company (Natural person investment or holding),2408.0,750.0,Construction industry,2.0,2.0,0.0,1.0,0.0,0.0,6.0,1.0,3.0,0.0,0.0,0.0,0.0,0.0,0.0,1.0,0.0,0.0,0.0,0.0,0.0,0.0,0.0,0.0,0.0,0.0,0.0,0.0,0.0,0.0,0.0,0.0,0.0,0.0,0.0,0.0,0.0,0.0,0.0,0.0,0.0,0.0,0.0,0.0,0.0,0.0,0.0,0.0,0.0,0.0,0.0,0.0,0.0,14.0,0.0,0.0,1.0,0.0,0.0,1.0,0.0,0.0,1.0,0.0,0.0,1.0,0.0,0.0,0.0,0.0,0.0,1.0,0.0,0.0,0.0,0.0,1.0,0.0,0.0,0.0,0.0
740.0,0,4200.0,Jiangxi,Limited liability company (Natural person investment or holding),2321.0,48.0,Construction industry,2.0,3.0,1.0,4.0,0.0,0.0,7.0,3.0,5.0,0.0,0.0,0.0,0.0,0.0,0.0,0.0,0.0,0.0,0.0,0.0,0.0,0.0,0.0,0.0,0.0,0.0,0.0,0.0,0.0,0.0,0.0,0.0,0.0,0.0,0.0,0.0,0.0,0.0,0.0,0.0,0.0,0.0,0.0,0.0,0.0,0.0,0.0,0.0,0.0,0.0,0.0,0.0,0.0,0.0,0.0,0.0,0.0,0.0,0.0,0.0,0.0,0.0,0.0,0.0,0.0,0.0,0.0,0.0,0.0,0.0,0.0,0.0,0.0,0.0,0.0,0.0,0.0,0.0,0.0,0.0,0.0
741.0,0,1000.0,Jiangxi,Limited liability company (Natural person investment or holding),1116.0,200.0,Construction industry,2.0,3.0,0.0,0.0,0.0,0.0,7.0,5.0,5.0,0.0,0.0,0.0,0.0,0.0,0.0,0.0,0.0,0.0,0.0,0.0,0.0,0.0,0.0,0.0,0.0,0.0,0.0,0.0,0.0,0.0,0.0,0.0,0.0,0.0,0.0,0.0,0.0,0.0,0.0,0.0,0.0,0.0,0.0,0.0,0.0,0.0,0.0,0.0,0.0,0.0,0.0,0.0,0.0,0.0,0.0,0.0,0.0,0.0,0.0,0.0,0.0,0.0,0.0,0.0,0.0,0.0,0.0,0.0,0.0,0.0,0.0,0.0,0.0,0.0,0.0,0.0,0.0,0.0,0.0,0.0,0.0
742.0,0,2010.0,Jiangxi,Limited liability company (Natural person investment or holding),1271.0,27.0,Construction industry,4.0,2.0,0.0,0.0,0.0,4.0,2.0,1.0,3.0,0.0,0.0,0.0,0.0,3.0,0.0,0.0,0.0,0.0,0.0,0.0,0.0,0.0,0.0,0.0,0.0,0.0,0.0,0.0,0.0,0.0,0.0,0.0,0.0,0.0,0.0,0.0,0.0,0.0,0.0,0.0,0.0,0.0,0.0,0.0,0.0,0.0,0.0,0.0,0.0,0.0,0.0,0.0,0.0,12.0,0.0,0.0,0.0,0.0,0.0,0.0,0.0,0.0,12.0,0.0,0.0,0.0,0.0,0.0,0.0,0.0,0.0,0.0,0.0,0.0,0.0,0.0,0.0,0.0,0.0,0.0,0.0
743.0,0,1000.0,Jilin,Limited liability company (Natural person investment or holding),2816.0,45.0,Scientific research and technology services,8.0,2.0,12.0,0.0,5.0,1.0,0.0,5.0,,0.0,0.0,0.0,0.0,0.0,1.0,0.0,0.0,0.0,0.0,0.0,0.0,0.0,0.0,0.0,0.0,0.0,0.0,0.0,0.0,1.0,0.0,0.0,0.0,0.0,0.0,1.0,0.0,0.0,0.0,0.0,0.0,0.0,0.0,0.0,0.0,0.0,0.0,0.0,2.0,0.0,0.0,0.0,10.0,22.0,20.0,21.0,22.0,20.0,21.0,22.0,20.0,21.0,22.0,20.0,21.0,22.0,20.0,21.0,0.0,0.0,0.0,0.0,0.0,0.0,0.0,0.0,0.0,0.0,0.0,0.0,2.0
744.0,0,4000.0,Jilin,Limited liability company (Natural person investment or holding),2364.0,4000.0,Construction industry,2.0,2.0,6.0,0.0,2.0,0.0,2.0,0.0,3.0,0.0,0.0,0.0,0.0,9.0,4.0,0.0,0.0,0.0,0.0,0.0,0.0,0.0,0.0,0.0,0.0,0.0,0.0,0.0,0.0,3.0,1.0,0.0,0.0,0.0,0.0,0.0,0.0,0.0,0.0,0.0,0.0,0.0,0.0,0.0,0.0,0.0,0.0,0.0,0.0,0.0,0.0,0.0,0.0,56.0,60.0,58.0,56.0,60.0,58.0,56.0,54.0,47.0,56.0,54.0,47.0,56.0,54.0,47.0,0.0,0.0,0.0,0.0,2.0,3.0,0.0,0.0,0.0,0.0,1.0,0.0,0.0
745.0,0,5000.0,Jilin,Limited liability company (sole proprietorship of natural person),1913.0,5000.0,Construction industry,1.0,2.0,0.0,0.0,0.0,0.0,1.0,2.0,,0.0,0.0,1.0,0.0,1.0,0.0,0.0,0.0,0.0,0.0,0.0,0.0,0.0,0.0,0.0,0.0,0.0,0.0,0.0,0.0,0.0,0.0,0.0,0.0,0.0,0.0,0.0,0.0,0.0,0.0,0.0,0.0,0.0,0.0,0.0,0.0,0.0,0.0,0.0,0.0,0.0,0.0,0.0,0.0,2.0,0.0,4.0,2.0,0.0,4.0,2.0,0.0,2.0,2.0,0.0,2.0,2.0,0.0,2.0,0.0,0.0,0.0,1.0,2.0,0.0,0.0,0.0,0.0,1.0,0.0,0.0,0.0
746.0,0,10000.0,Jilin,Limited liability company (Natural person investment or holding),869.0,0.0,Construction industry,2.0,2.0,0.0,0.0,0.0,0.0,35.0,9.0,,0.0,0.0,0.0,0.0,0.0,6.0,0.0,0.0,0.0,0.0,0.0,0.0,0.0,0.0,0.0,0.0,0.0,0.0,0.0,0.0,0.0,0.0,0.0,0.0,0.0,0.0,0.0,0.0,0.0,0.0,0.0,0.0,0.0,0.0,0.0,0.0,0.0,0.0,0.0,0.0,0.0,0.0,0.0,0.0,40.0,19.0,0.0,31.0,19.0,0.0,40.0,19.0,0.0,40.0,19.0,0.0,6.0,19.0,0.0,0.0,0.0,0.0,0.0,0.0,0.0,0.0,0.0,0.0,0.0,0.0,1.0,0.0
747.0,0,4500.0,Jilin,Limited liability company (sole proprietorship of natural person),904.0,0.0,Construction industry,1.0,2.0,0.0,0.0,0.0,0.0,11.0,14.0,3.0,0.0,0.0,0.0,0.0,0.0,0.0,0.0,0.0,0.0,0.0,0.0,0.0,0.0,0.0,0.0,0.0,0.0,0.0,0.0,0.0,0.0,0.0,0.0,0.0,0.0,0.0,0.0,0.0,0.0,0.0,0.0,0.0,0.0,0.0,0.0,0.0,0.0,0.0,0.0,0.0,0.0,0.0,0.0,0.0,0.0,0.0,,0.0,0.0,,0.0,0.0,,0.0,0.0,,0.0,0.0,,0.0,0.0,0.0,0.0,0.0,0.0,0.0,0.0,0.0,0.0,0.0,0.0,0.0
748.0,0,10000.0,Jilin,Limited liability company (Natural person investment or holding),3644.0,10000.0,Construction industry,3.0,2.0,12.0,10.0,4.0,1.0,0.0,1.0,8.0,0.0,0.0,0.0,0.0,0.0,7.0,1.0,0.0,0.0,0.0,0.0,0.0,0.0,0.0,0.0,0.0,0.0,0.0,0.0,0.0,0.0,0.0,0.0,0.0,0.0,0.0,1.0,1.0,0.0,0.0,0.0,0.0,0.0,0.0,0.0,0.0,0.0,0.0,0.0,0.0,0.0,0.0,0.0,0.0,27.0,36.0,45.0,27.0,36.0,45.0,27.0,36.0,45.0,27.0,36.0,46.0,27.0,36.0,46.0,0.0,1.0,2.0,0.0,3.0,0.0,0.0,0.0,0.0,0.0,1.0,2.0,0.0
749.0,0,1000.0,Jilin,Limited liability company (Natural person investment or holding),1064.0,117.0,"Residential services, repair and other services",2.0,2.0,0.0,0.0,0.0,0.0,0.0,1.0,,0.0,0.0,0.0,0.0,1.0,0.0,0.0,0.0,0.0,0.0,0.0,0.0,0.0,0.0,0.0,0.0,0.0,0.0,0.0,0.0,0.0,0.0,0.0,0.0,0.0,6.0,0.0,0.0,0.0,0.0,0.0,0.0,0.0,0.0,0.0,0.0,0.0,0.0,0.0,0.0,0.0,0.0,0.0,0.0,11.0,5.0,0.0,11.0,5.0,0.0,0.0,5.0,0.0,11.0,5.0,0.0,11.0,5.0,0.0,0.0,0.0,0.0,0.0,0.0,0.0,0.0,0.0,0.0,0.0,0.0,0.0,0.0
750.0,0,700.0,Jilin,Limited liability company (Natural person investment or holding),2656.0,700.0,Construction industry,2.0,2.0,2.0,0.0,0.0,3.0,0.0,2.0,,0.0,0.0,0.0,0.0,0.0,2.0,0.0,0.0,0.0,0.0,0.0,0.0,0.0,0.0,0.0,0.0,0.0,0.0,0.0,0.0,0.0,0.0,0.0,0.0,0.0,0.0,0.0,0.0,0.0,0.0,0.0,0.0,0.0,0.0,0.0,0.0,0.0,0.0,0.0,0.0,0.0,0.0,0.0,0.0,18.0,13.0,8.0,18.0,13.0,8.0,15.0,12.0,8.0,15.0,12.0,8.0,15.0,12.0,8.0,0.0,0.0,0.0,0.0,0.0,0.0,0.0,0.0,0.0,0.0,0.0,0.0,0.0
751.0,0,5000.0,Jilin,Limited liability company (sole proprietorship of natural person),2070.0,1000.0,Leasing and business services,1.0,2.0,0.0,0.0,2.0,2.0,6.0,4.0,25.0,0.0,0.0,0.0,0.0,3.0,6.0,0.0,0.0,0.0,0.0,0.0,0.0,0.0,0.0,0.0,0.0,0.0,0.0,0.0,0.0,0.0,0.0,0.0,0.0,0.0,0.0,0.0,0.0,0.0,0.0,0.0,0.0,0.0,0.0,0.0,0.0,0.0,0.0,0.0,0.0,0.0,0.0,0.0,0.0,0.0,0.0,0.0,0.0,0.0,0.0,0.0,0.0,0.0,0.0,0.0,0.0,0.0,0.0,0.0,0.0,0.0,0.0,0.0,0.0,1.0,0.0,0.0,0.0,0.0,0.0,3.0,0.0
752.0,1,2000.0,Jilin,Limited liability company (Natural person investment or holding),2677.0,2000.0,Construction industry,2.0,2.0,7.0,0.0,1.0,0.0,0.0,0.0,,0.0,3.0,1.0,0.0,0.0,0.0,0.0,0.0,0.0,0.0,0.0,0.0,0.0,0.0,0.0,0.0,0.0,0.0,0.0,0.0,0.0,0.0,0.0,0.0,0.0,0.0,0.0,0.0,0.0,0.0,0.0,0.0,0.0,0.0,0.0,0.0,0.0,0.0,0.0,0.0,0.0,0.0,0.0,0.0,6.0,0.0,0.0,6.0,0.0,0.0,6.0,0.0,0.0,6.0,0.0,0.0,6.0,0.0,0.0,0.0,0.0,0.0,0.0,0.0,0.0,0.0,0.0,0.0,0.0,0.0,0.0,1.0
753.0,0,13500.0,Jilin,Limited liability company (Natural person investment or holding),5268.0,2350.0,Construction industry,2.0,5.0,27.0,6.0,11.0,2.0,2.0,1.0,6.0,0.0,0.0,0.0,0.0,5.0,3.0,1.0,0.0,0.0,0.0,0.0,0.0,0.0,0.0,0.0,0.0,0.0,3.0,0.0,0.0,0.0,0.0,0.0,0.0,0.0,0.0,0.0,0.0,0.0,0.0,0.0,0.0,0.0,0.0,0.0,0.0,0.0,0.0,0.0,0.0,0.0,0.0,0.0,0.0,47.0,44.0,35.0,42.0,44.0,35.0,43.0,23.0,23.0,43.0,23.0,23.0,43.0,23.0,23.0,0.0,0.0,0.0,2.0,3.0,10.0,0.0,0.0,1.0,3.0,3.0,1.0,0.0
754.0,0,5000.0,Jilin,Limited liability company (Natural person investment or holding),5992.0,5000.0,"Water conservancy, environment and public facilities management",2.0,2.0,12.0,2.0,3.0,9.0,0.0,6.0,3.0,0.0,0.0,0.0,0.0,0.0,0.0,1.0,0.0,0.0,0.0,0.0,0.0,0.0,0.0,0.0,0.0,0.0,0.0,0.0,0.0,0.0,0.0,0.0,2.0,0.0,0.0,0.0,0.0,0.0,0.0,0.0,0.0,0.0,0.0,0.0,0.0,0.0,0.0,0.0,0.0,0.0,0.0,0.0,0.0,34.0,26.0,12.0,34.0,26.0,12.0,34.0,26.0,12.0,34.0,26.0,12.0,34.0,26.0,12.0,0.0,0.0,0.0,0.0,0.0,0.0,0.0,0.0,0.0,0.0,0.0,0.0,0.0
755.0,0,3000.0,Jilin,Limited liability company (Natural person investment or holding),3788.0,200.0,Construction industry,3.0,3.0,0.0,5.0,8.0,5.0,0.0,0.0,,0.0,0.0,6.0,0.0,0.0,0.0,0.0,0.0,0.0,0.0,0.0,0.0,0.0,0.0,0.0,0.0,0.0,0.0,0.0,0.0,0.0,0.0,0.0,0.0,0.0,0.0,0.0,0.0,0.0,0.0,0.0,0.0,0.0,0.0,0.0,0.0,0.0,0.0,0.0,0.0,0.0,0.0,0.0,0.0,27.0,33.0,8.0,27.0,33.0,8.0,0.0,0.0,0.0,0.0,0.0,8.0,0.0,0.0,0.0,0.0,0.0,0.0,0.0,0.0,3.0,0.0,0.0,0.0,0.0,0.0,0.0,1.0
756.0,0,1200.0,Jilin,Limited liability company (Natural person investment or holding),1534.0,1200.0,Construction industry,2.0,2.0,0.0,0.0,1.0,0.0,6.0,4.0,,0.0,0.0,0.0,0.0,2.0,2.0,0.0,0.0,0.0,0.0,0.0,0.0,0.0,0.0,0.0,0.0,0.0,0.0,0.0,0.0,0.0,0.0,0.0,0.0,0.0,0.0,0.0,0.0,0.0,0.0,0.0,0.0,0.0,0.0,0.0,0.0,0.0,0.0,0.0,0.0,0.0,0.0,0.0,0.0,15.0,14.0,11.0,15.0,14.0,11.0,6.0,14.0,0.0,6.0,14.0,0.0,6.0,14.0,0.0,0.0,0.0,0.0,2.0,0.0,0.0,0.0,0.0,0.0,0.0,0.0,0.0,1.0
757.0,0,2000.0,Jilin,Limited liability company (Natural person investment or holding),2769.0,420.0,Construction industry,2.0,2.0,5.0,8.0,0.0,0.0,1.0,4.0,2.0,0.0,1.0,0.0,0.0,0.0,0.0,0.0,0.0,0.0,0.0,0.0,0.0,0.0,0.0,0.0,0.0,0.0,0.0,0.0,0.0,0.0,0.0,0.0,0.0,0.0,0.0,0.0,0.0,0.0,0.0,0.0,0.0,0.0,0.0,0.0,0.0,0.0,0.0,0.0,0.0,0.0,0.0,0.0,0.0,13.0,11.0,6.0,13.0,11.0,6.0,13.0,11.0,6.0,13.0,11.0,6.0,13.0,11.0,6.0,0.0,0.0,0.0,0.0,0.0,1.0,0.0,0.0,0.0,0.0,0.0,1.0,0.0
758.0,0,5000.0,Jilin,"Joint stock limited company (unlisted, natural person investment or holding)",1462.0,600.0,Wholesale and retail,2.0,8.0,0.0,0.0,2.0,5.0,11.0,18.0,1.0,0.0,0.0,0.0,1.0,2.0,4.0,0.0,0.0,0.0,0.0,0.0,0.0,0.0,0.0,0.0,0.0,0.0,0.0,0.0,0.0,0.0,0.0,0.0,0.0,0.0,0.0,0.0,0.0,0.0,0.0,0.0,0.0,0.0,0.0,0.0,0.0,0.0,0.0,0.0,0.0,0.0,0.0,11.0,0.0,26.0,28.0,1.0,26.0,28.0,1.0,26.0,28.0,1.0,26.0,28.0,1.0,26.0,28.0,1.0,0.0,0.0,0.0,0.0,1.0,0.0,0.0,0.0,0.0,0.0,1.0,0.0,1.0
759.0,0,2000.0,Jilin,Limited liability company (Natural person investment or holding),1276.0,0.0,Construction industry,2.0,3.0,0.0,0.0,0.0,17.0,4.0,12.0,1.0,0.0,0.0,0.0,0.0,0.0,0.0,0.0,0.0,0.0,0.0,0.0,0.0,0.0,0.0,0.0,0.0,0.0,0.0,0.0,0.0,0.0,0.0,0.0,0.0,0.0,0.0,0.0,0.0,0.0,0.0,0.0,0.0,0.0,0.0,0.0,0.0,0.0,0.0,0.0,0.0,0.0,0.0,0.0,0.0,0.0,0.0,0.0,0.0,0.0,0.0,0.0,0.0,0.0,0.0,0.0,0.0,0.0,0.0,0.0,0.0,0.0,0.0,0.0,0.0,0.0,0.0,0.0,0.0,0.0,0.0,0.0,0.0
760.0,1,2000.0,Jilin,Limited liability company (Natural person investment or holding),4488.0,2000.0,Construction industry,2.0,2.0,0.0,3.0,0.0,9.0,10.0,0.0,1.0,0.0,3.0,0.0,4.0,0.0,0.0,1.0,0.0,0.0,0.0,0.0,0.0,0.0,0.0,0.0,0.0,0.0,1.0,0.0,0.0,1.0,0.0,0.0,0.0,0.0,0.0,0.0,0.0,0.0,0.0,0.0,0.0,0.0,0.0,0.0,0.0,0.0,0.0,0.0,0.0,0.0,0.0,0.0,0.0,41.0,0.0,52.0,0.0,0.0,38.0,41.0,0.0,39.0,0.0,0.0,39.0,0.0,0.0,39.0,0.0,0.0,1.0,4.0,4.0,7.0,0.0,1.0,1.0,1.0,1.0,3.0,1.0
761.0,0,5000.0,Jilin,Limited liability company (sole proprietorship of natural person),1055.0,247.0,Construction industry,1.0,2.0,0.0,0.0,0.0,0.0,3.0,0.0,,0.0,0.0,0.0,0.0,1.0,0.0,0.0,0.0,0.0,0.0,0.0,0.0,0.0,0.0,0.0,0.0,0.0,0.0,0.0,0.0,0.0,0.0,0.0,0.0,0.0,0.0,0.0,0.0,0.0,0.0,0.0,0.0,0.0,0.0,0.0,0.0,0.0,0.0,0.0,0.0,0.0,0.0,0.0,0.0,22.0,16.0,3.0,22.0,16.0,3.0,22.0,16.0,3.0,22.0,16.0,3.0,22.0,16.0,3.0,0.0,0.0,0.0,0.0,0.0,0.0,0.0,0.0,0.0,0.0,0.0,0.0,0.0
762.0,0,5000.0,Zhejiang,Limited liability company (Natural person investment or holding),9775.0,1500.0,Construction industry,2.0,3.0,9.0,0.0,3.0,2.0,2.0,0.0,2.0,0.0,0.0,3.0,0.0,0.0,0.0,0.0,0.0,0.0,0.0,0.0,0.0,0.0,0.0,0.0,0.0,0.0,0.0,0.0,0.0,0.0,0.0,0.0,0.0,0.0,0.0,0.0,0.0,0.0,0.0,0.0,0.0,0.0,0.0,0.0,0.0,0.0,0.0,0.0,0.0,0.0,0.0,0.0,0.0,68.0,61.0,61.0,68.0,61.0,61.0,68.0,61.0,61.0,68.0,61.0,61.0,68.0,61.0,61.0,0.0,0.0,0.0,1.0,0.0,2.0,0.0,0.0,0.0,0.0,1.0,0.0,4.0
763.0,0,1169.0,Guandong,Limited liability company (sole proprietorship of natural person),2067.0,200.0,Construction industry,1.0,2.0,0.0,0.0,1.0,2.0,0.0,1.0,,0.0,0.0,0.0,0.0,0.0,2.0,0.0,0.0,0.0,0.0,0.0,0.0,0.0,0.0,0.0,0.0,0.0,0.0,0.0,1.0,0.0,0.0,0.0,1.0,0.0,0.0,0.0,0.0,0.0,0.0,0.0,0.0,0.0,0.0,0.0,0.0,0.0,0.0,0.0,0.0,0.0,0.0,0.0,0.0,21.0,12.0,11.0,21.0,12.0,11.0,21.0,12.0,11.0,21.0,12.0,11.0,21.0,12.0,11.0,0.0,0.0,0.0,0.0,0.0,0.0,0.0,0.0,0.0,0.0,0.0,0.0,0.0
764.0,0,1008.0,Zhejiang,Limited liability company (Natural person investment or holding),2838.0,200.0,"Water conservancy, environment and public facilities management",2.0,2.0,1.0,0.0,11.0,0.0,0.0,2.0,1.0,0.0,0.0,0.0,0.0,0.0,0.0,0.0,0.0,0.0,0.0,0.0,0.0,0.0,0.0,0.0,0.0,0.0,0.0,0.0,0.0,0.0,0.0,0.0,0.0,0.0,0.0,0.0,0.0,0.0,0.0,0.0,0.0,0.0,0.0,0.0,0.0,0.0,0.0,0.0,0.0,0.0,0.0,0.0,0.0,25.0,21.0,19.0,25.0,21.0,19.0,25.0,21.0,19.0,25.0,21.0,19.0,25.0,21.0,19.0,0.0,0.0,0.0,0.0,0.0,0.0,0.0,0.0,0.0,0.0,0.0,0.0,0.0
765.0,0,1100.0,Zhejiang,Limited liability company (Natural person investment or holding),3317.0,1100.0,Construction industry,2.0,2.0,1.0,4.0,0.0,0.0,3.0,0.0,,0.0,0.0,0.0,0.0,0.0,0.0,0.0,0.0,0.0,0.0,0.0,0.0,0.0,0.0,0.0,0.0,0.0,0.0,0.0,0.0,0.0,0.0,0.0,0.0,0.0,0.0,0.0,0.0,0.0,0.0,0.0,0.0,0.0,0.0,0.0,0.0,0.0,0.0,0.0,0.0,0.0,0.0,0.0,0.0,15.0,24.0,13.0,15.0,24.0,13.0,15.0,24.0,13.0,15.0,24.0,13.0,15.0,24.0,13.0,0.0,0.0,0.0,0.0,0.0,0.0,0.0,0.0,0.0,0.0,0.0,0.0,3.0
766.0,0,5018.0,Zhejiang,Limited liability company (Natural person investment or holding),2449.0,480.0,Construction industry,2.0,2.0,2.0,1.0,4.0,4.0,1.0,2.0,1.0,0.0,0.0,0.0,0.0,0.0,0.0,0.0,0.0,0.0,0.0,0.0,0.0,0.0,0.0,0.0,0.0,0.0,0.0,0.0,0.0,0.0,0.0,0.0,0.0,0.0,0.0,0.0,0.0,0.0,0.0,0.0,0.0,0.0,0.0,0.0,0.0,0.0,0.0,0.0,0.0,0.0,0.0,0.0,0.0,40.0,57.0,25.0,40.0,57.0,25.0,40.0,57.0,25.0,40.0,57.0,25.0,40.0,57.0,25.0,0.0,0.0,0.0,0.0,7.0,8.0,0.0,0.0,0.0,0.0,0.0,1.0,1.0
767.0,0,4588.0,Jiangsu,Limited liability company (Natural person investment or holding),4415.0,4588.0,Construction industry,2.0,2.0,1.0,7.0,0.0,2.0,0.0,1.0,1.0,0.0,0.0,0.0,0.0,0.0,0.0,0.0,0.0,0.0,0.0,0.0,0.0,0.0,0.0,0.0,0.0,0.0,0.0,0.0,0.0,1.0,0.0,0.0,0.0,0.0,0.0,0.0,0.0,1.0,0.0,2.0,8.0,0.0,0.0,0.0,0.0,0.0,0.0,0.0,0.0,0.0,0.0,4.0,4.0,7.0,12.0,11.0,7.0,12.0,11.0,7.0,12.0,11.0,7.0,12.0,11.0,7.0,12.0,11.0,0.0,0.0,0.0,0.0,0.0,0.0,0.0,0.0,0.0,0.0,0.0,0.0,1.0
768.0,0,13000.0,Jiangsu,Limited liability company (Natural person investment or holding),3396.0,400.0,Construction industry,2.0,2.0,6.0,0.0,4.0,0.0,0.0,1.0,,0.0,0.0,0.0,0.0,0.0,3.0,0.0,0.0,0.0,0.0,0.0,1.0,0.0,0.0,0.0,0.0,0.0,0.0,0.0,0.0,0.0,0.0,0.0,0.0,0.0,0.0,0.0,0.0,0.0,0.0,0.0,0.0,0.0,0.0,0.0,0.0,0.0,0.0,0.0,0.0,0.0,0.0,0.0,0.0,25.0,26.0,63.0,25.0,26.0,63.0,25.0,26.0,63.0,25.0,26.0,63.0,25.0,26.0,63.0,0.0,0.0,0.0,0.0,0.0,3.0,0.0,0.0,0.0,0.0,2.0,2.0,1.0
769.0,1,1217.0,Jiangsu,Limited liability company (Natural person investment or holding),6123.0,475.0,Construction industry,3.0,2.0,2.0,1.0,2.0,0.0,0.0,1.0,,0.0,0.0,0.0,0.0,0.0,0.0,2.0,0.0,0.0,0.0,0.0,0.0,0.0,0.0,0.0,0.0,0.0,0.0,0.0,0.0,2.0,0.0,0.0,0.0,0.0,0.0,1.0,0.0,0.0,0.0,1.0,0.0,0.0,0.0,0.0,0.0,0.0,0.0,0.0,0.0,0.0,0.0,0.0,0.0,25.0,26.0,32.0,25.0,26.0,32.0,25.0,26.0,32.0,25.0,26.0,32.0,25.0,26.0,32.0,0.0,0.0,1.0,4.0,2.0,3.0,1.0,0.0,5.0,5.0,0.0,1.0,3.0
770.0,0,5188.0,Jiangsu,Limited liability company (Natural person investment or holding),1071.0,1280.0,Construction industry,4.0,2.0,0.0,0.0,0.0,1.0,6.0,4.0,9.0,0.0,0.0,0.0,0.0,0.0,0.0,0.0,0.0,0.0,0.0,0.0,0.0,0.0,0.0,0.0,0.0,0.0,0.0,0.0,0.0,0.0,0.0,0.0,0.0,0.0,0.0,0.0,0.0,0.0,0.0,0.0,0.0,0.0,0.0,0.0,0.0,0.0,0.0,0.0,0.0,0.0,0.0,0.0,0.0,29.0,15.0,10.0,29.0,15.0,10.0,29.0,15.0,10.0,29.0,15.0,10.0,29.0,15.0,10.0,0.0,0.0,0.0,0.0,0.0,0.0,0.0,0.0,0.0,0.0,0.0,0.0,0.0
771.0,0,2200.0,Jiangsu,Limited liability company (Natural person investment or holding),1204.0,0.0,Construction industry,3.0,2.0,0.0,0.0,0.0,1.0,0.0,1.0,,0.0,0.0,0.0,0.0,0.0,0.0,0.0,0.0,0.0,0.0,0.0,0.0,0.0,0.0,0.0,0.0,0.0,0.0,0.0,0.0,0.0,0.0,0.0,0.0,0.0,0.0,0.0,0.0,0.0,0.0,0.0,0.0,0.0,0.0,0.0,0.0,0.0,0.0,0.0,0.0,0.0,0.0,0.0,0.0,13.0,10.0,3.0,13.0,10.0,3.0,13.0,10.0,3.0,13.0,10.0,3.0,13.0,10.0,3.0,0.0,0.0,0.0,0.0,0.0,0.0,0.0,0.0,0.0,0.0,0.0,0.0,0.0
772.0,0,5888.0,Jiangsu,Limited liability company (Natural person investment or holding),2612.0,1100.0,"Water conservancy, environment and public facilities management",2.0,2.0,2.0,0.0,0.0,0.0,4.0,0.0,,0.0,0.0,0.0,0.0,4.0,0.0,0.0,0.0,0.0,0.0,0.0,0.0,0.0,0.0,0.0,0.0,0.0,0.0,0.0,0.0,0.0,0.0,0.0,0.0,0.0,0.0,0.0,0.0,0.0,0.0,0.0,0.0,0.0,0.0,0.0,0.0,0.0,0.0,0.0,0.0,0.0,0.0,0.0,0.0,17.0,20.0,9.0,17.0,20.0,9.0,17.0,20.0,9.0,17.0,20.0,9.0,17.0,20.0,9.0,0.0,0.0,0.0,0.0,2.0,0.0,0.0,0.0,0.0,1.0,1.0,0.0,0.0
773.0,1,1100.0,Jiangsu,Limited liability company (Natural person investment or holding),3149.0,1000.0,Construction industry,2.0,2.0,3.0,1.0,1.0,4.0,5.0,5.0,2.0,0.0,0.0,0.0,0.0,0.0,2.0,0.0,0.0,0.0,0.0,0.0,0.0,0.0,0.0,0.0,0.0,0.0,0.0,0.0,0.0,0.0,0.0,0.0,0.0,0.0,0.0,0.0,0.0,0.0,0.0,0.0,0.0,0.0,0.0,0.0,0.0,0.0,0.0,0.0,0.0,0.0,0.0,0.0,0.0,16.0,16.0,14.0,16.0,16.0,14.0,16.0,16.0,14.0,16.0,16.0,14.0,16.0,16.0,14.0,0.0,0.0,0.0,0.0,0.0,0.0,0.0,0.0,0.0,0.0,0.0,0.0,0.0
774.0,0,4510.0,Jiangsu,Limited liability company (Natural person investment or holding),3630.0,2100.0,Construction industry,2.0,2.0,1.0,0.0,1.0,0.0,4.0,1.0,4.0,0.0,0.0,0.0,0.0,0.0,0.0,0.0,0.0,0.0,0.0,0.0,0.0,0.0,0.0,0.0,0.0,0.0,0.0,0.0,0.0,0.0,0.0,0.0,0.0,0.0,0.0,0.0,0.0,0.0,0.0,0.0,11.0,0.0,0.0,0.0,0.0,0.0,0.0,0.0,0.0,0.0,0.0,0.0,0.0,19.0,16.0,18.0,19.0,16.0,18.0,19.0,16.0,18.0,19.0,16.0,18.0,19.0,16.0,18.0,0.0,0.0,0.0,0.0,0.0,1.0,0.0,0.0,0.0,0.0,0.0,0.0,0.0
775.0,0,6800.0,Jiangsu,Limited liability company (Natural person investment or holding),6042.0,3553.4,Construction industry,3.0,2.0,3.0,0.0,1.0,0.0,2.0,0.0,,0.0,0.0,0.0,0.0,0.0,0.0,0.0,0.0,0.0,0.0,0.0,0.0,0.0,0.0,0.0,0.0,0.0,0.0,0.0,0.0,0.0,0.0,0.0,0.0,0.0,0.0,0.0,0.0,0.0,0.0,0.0,0.0,0.0,0.0,0.0,0.0,0.0,0.0,0.0,0.0,0.0,0.0,0.0,0.0,14.0,8.0,6.0,14.0,8.0,6.0,14.0,8.0,6.0,14.0,8.0,6.0,14.0,8.0,6.0,0.0,0.0,0.0,0.0,0.0,0.0,0.0,0.0,0.0,0.0,0.0,0.0,0.0
776.0,0,5800.0,Jiangsu,Limited liability company (Natural person investment or holding),6315.0,1100.0,Construction industry,2.0,2.0,1.0,0.0,2.0,6.0,0.0,7.0,6.0,0.0,0.0,0.0,0.0,0.0,6.0,0.0,0.0,0.0,0.0,0.0,0.0,0.0,0.0,0.0,0.0,0.0,0.0,0.0,0.0,0.0,0.0,0.0,0.0,0.0,0.0,0.0,0.0,1.0,0.0,0.0,0.0,0.0,0.0,0.0,0.0,0.0,0.0,0.0,0.0,0.0,0.0,0.0,0.0,26.0,23.0,20.0,26.0,23.0,20.0,26.0,23.0,20.0,26.0,23.0,20.0,26.0,23.0,20.0,0.0,0.0,0.0,2.0,3.0,14.0,1.0,1.0,3.0,1.0,5.0,2.0,2.0
777.0,0,3000.0,Jiangsu,Limited liability company (Natural person investment or holding),1861.0,3000.0,Wholesale and retail,2.0,2.0,0.0,0.0,4.0,1.0,0.0,0.0,1.0,0.0,0.0,0.0,0.0,0.0,3.0,0.0,0.0,0.0,0.0,0.0,0.0,0.0,0.0,0.0,0.0,0.0,0.0,0.0,0.0,0.0,0.0,0.0,0.0,0.0,0.0,0.0,0.0,0.0,0.0,0.0,0.0,0.0,0.0,0.0,0.0,0.0,0.0,0.0,0.0,0.0,0.0,0.0,0.0,14.0,13.0,7.0,14.0,13.0,7.0,14.0,13.0,7.0,14.0,13.0,7.0,14.0,13.0,7.0,0.0,0.0,0.0,0.0,0.0,0.0,0.0,0.0,0.0,0.0,0.0,0.0,1.0
778.0,0,5008.0,Jiangsu,Limited liability company (Natural person investment or holding),2592.0,508.0,Construction industry,3.0,3.0,0.0,3.0,1.0,0.0,0.0,3.0,1.0,0.0,0.0,0.0,0.0,0.0,0.0,0.0,0.0,0.0,0.0,0.0,0.0,0.0,0.0,0.0,0.0,0.0,0.0,0.0,0.0,0.0,0.0,0.0,0.0,0.0,0.0,0.0,0.0,0.0,0.0,0.0,0.0,0.0,0.0,0.0,0.0,0.0,0.0,0.0,0.0,0.0,0.0,0.0,0.0,26.0,18.0,29.0,26.0,18.0,29.0,26.0,18.0,29.0,26.0,18.0,29.0,26.0,18.0,29.0,0.0,0.0,0.0,0.0,0.0,13.0,0.0,0.0,1.0,3.0,0.0,5.0,0.0
779.0,0,5368.0,Jiangsu,Limited liability company (Natural person investment or holding),2647.0,101.0,"Water conservancy, environment and public facilities management",2.0,2.0,0.0,9.0,4.0,3.0,5.0,0.0,5.0,0.0,0.0,0.0,0.0,0.0,0.0,0.0,0.0,0.0,0.0,0.0,0.0,0.0,0.0,0.0,0.0,0.0,0.0,0.0,0.0,0.0,0.0,0.0,0.0,0.0,0.0,0.0,0.0,0.0,0.0,0.0,0.0,0.0,0.0,0.0,0.0,0.0,0.0,0.0,0.0,0.0,0.0,0.0,0.0,11.0,5.0,5.0,11.0,5.0,5.0,11.0,5.0,5.0,11.0,5.0,5.0,11.0,5.0,5.0,0.0,0.0,0.0,0.0,0.0,1.0,0.0,0.0,0.0,0.0,0.0,1.0,0.0
780.0,0,10000.0,Jiangsu,Limited liability company (Natural person investment or holding),1359.0,1007.5,Construction industry,2.0,2.0,0.0,0.0,3.0,0.0,4.0,0.0,,0.0,0.0,0.0,0.0,0.0,0.0,0.0,0.0,0.0,0.0,0.0,0.0,0.0,0.0,0.0,0.0,0.0,0.0,0.0,0.0,0.0,0.0,0.0,0.0,0.0,0.0,0.0,0.0,0.0,0.0,0.0,0.0,0.0,0.0,0.0,0.0,0.0,0.0,0.0,0.0,0.0,0.0,0.0,0.0,13.0,9.0,9.0,13.0,9.0,9.0,13.0,9.0,9.0,13.0,9.0,9.0,13.0,9.0,9.0,0.0,0.0,0.0,0.0,1.0,1.0,0.0,0.0,0.0,1.0,0.0,0.0,0.0
781.0,0,10000.0,Jiangsu,Limited liability company (Natural person investment or holding),3373.0,10000.0,Construction industry,2.0,2.0,0.0,0.0,0.0,1.0,1.0,4.0,2.0,0.0,0.0,0.0,0.0,0.0,0.0,0.0,0.0,0.0,0.0,0.0,0.0,0.0,0.0,0.0,0.0,0.0,0.0,0.0,0.0,0.0,0.0,0.0,0.0,0.0,0.0,0.0,0.0,0.0,0.0,0.0,0.0,0.0,0.0,0.0,0.0,0.0,0.0,0.0,0.0,0.0,0.0,0.0,0.0,30.0,38.0,38.0,30.0,38.0,38.0,30.0,38.0,38.0,30.0,38.0,38.0,30.0,38.0,38.0,0.0,0.0,0.0,0.0,1.0,1.0,1.0,0.0,0.0,0.0,0.0,0.0,0.0
782.0,0,2018.0,Jiangsu,Limited liability company (Natural person investment or holding),714.0,0.0,Construction industry,2.0,2.0,0.0,0.0,0.0,0.0,0.0,0.0,1.0,0.0,0.0,0.0,0.0,0.0,0.0,0.0,0.0,0.0,0.0,0.0,0.0,0.0,0.0,0.0,0.0,0.0,0.0,0.0,0.0,0.0,0.0,0.0,0.0,0.0,0.0,0.0,0.0,0.0,0.0,0.0,0.0,0.0,0.0,0.0,0.0,0.0,0.0,0.0,0.0,0.0,0.0,0.0,0.0,15.0,2.0,,15.0,2.0,,15.0,2.0,,15.0,2.0,,15.0,2.0,,0.0,0.0,0.0,0.0,0.0,1.0,0.0,0.0,0.0,0.0,0.0,1.0,0.0
783.0,0,2000.0,Jiangsu,Limited liability company (Natural person investment or holding),862.0,993.12,"Water conservancy, environment and public facilities management",8.0,2.0,0.0,0.0,0.0,0.0,4.0,0.0,1.0,0.0,0.0,0.0,0.0,0.0,0.0,0.0,0.0,0.0,0.0,0.0,0.0,0.0,0.0,0.0,0.0,0.0,0.0,0.0,0.0,0.0,0.0,0.0,0.0,0.0,0.0,0.0,0.0,0.0,0.0,1.0,19.0,0.0,0.0,0.0,0.0,0.0,0.0,0.0,0.0,0.0,0.0,0.0,0.0,38.0,8.0,,38.0,8.0,,38.0,8.0,,38.0,8.0,,38.0,8.0,,0.0,0.0,0.0,0.0,0.0,0.0,0.0,0.0,0.0,0.0,0.0,0.0,0.0
784.0,0,4008.0,Jiangsu,Limited liability company (Natural person investment or holding),3477.0,2008.0,Construction industry,2.0,2.0,0.0,0.0,1.0,2.0,2.0,2.0,4.0,0.0,0.0,0.0,0.0,0.0,3.0,0.0,0.0,0.0,0.0,0.0,0.0,0.0,0.0,0.0,0.0,0.0,0.0,0.0,0.0,0.0,0.0,0.0,0.0,0.0,0.0,0.0,0.0,0.0,0.0,0.0,0.0,0.0,0.0,0.0,0.0,0.0,0.0,0.0,0.0,0.0,0.0,0.0,0.0,23.0,24.0,23.0,23.0,24.0,23.0,23.0,24.0,23.0,23.0,24.0,23.0,23.0,24.0,23.0,0.0,0.0,0.0,0.0,0.0,0.0,0.0,0.0,0.0,0.0,0.0,0.0,1.0
785.0,0,10152.0,Jiangsu,Limited liability company (Natural person investment or holding),8733.0,0.0,Construction industry,3.0,2.0,0.0,14.0,1.0,6.0,6.0,4.0,11.0,0.0,0.0,0.0,0.0,0.0,1.0,0.0,1.0,2.0,0.0,1.0,0.0,0.0,0.0,0.0,0.0,0.0,0.0,0.0,0.0,0.0,0.0,0.0,0.0,0.0,0.0,0.0,0.0,0.0,0.0,0.0,0.0,0.0,0.0,0.0,0.0,0.0,0.0,0.0,0.0,0.0,0.0,0.0,0.0,24.0,27.0,26.0,24.0,27.0,26.0,24.0,27.0,26.0,24.0,27.0,26.0,24.0,27.0,26.0,0.0,0.0,0.0,0.0,0.0,27.0,0.0,0.0,0.0,3.0,7.0,9.0,1.0
786.0,0,3888.0,Jiangsu,Limited liability company (sole proprietorship of legal person invested or controlled by non natural person),1243.0,0.0,Construction industry,1.0,2.0,0.0,0.0,0.0,1.0,5.0,3.0,,0.0,0.0,0.0,0.0,0.0,1.0,0.0,0.0,0.0,0.0,0.0,0.0,0.0,0.0,0.0,0.0,0.0,0.0,0.0,0.0,0.0,0.0,0.0,0.0,0.0,0.0,0.0,0.0,0.0,0.0,0.0,0.0,0.0,0.0,0.0,0.0,0.0,0.0,0.0,0.0,0.0,0.0,0.0,0.0,12.0,8.0,5.0,12.0,8.0,5.0,12.0,8.0,5.0,12.0,8.0,5.0,12.0,8.0,5.0,0.0,0.0,0.0,0.0,0.0,0.0,0.0,0.0,0.0,0.0,0.0,0.0,0.0
787.0,0,4600.0,Jiangsu,Limited liability company (Natural person investment or holding),3451.0,4600.0,Construction industry,2.0,2.0,3.0,3.0,0.0,0.0,4.0,0.0,1.0,0.0,0.0,0.0,0.0,0.0,0.0,0.0,0.0,0.0,0.0,0.0,0.0,0.0,0.0,0.0,0.0,0.0,0.0,0.0,0.0,0.0,0.0,0.0,0.0,0.0,0.0,0.0,0.0,0.0,0.0,0.0,0.0,0.0,0.0,0.0,0.0,0.0,0.0,0.0,0.0,0.0,0.0,0.0,0.0,12.0,10.0,15.0,12.0,10.0,15.0,12.0,10.0,15.0,12.0,10.0,15.0,12.0,10.0,15.0,0.0,0.0,0.0,0.0,0.0,6.0,0.0,0.0,0.0,0.0,1.0,2.0,0.0
788.0,0,5000.0,Jiangsu,Limited liability company (Natural person investment or holding),2926.0,600.0,Construction industry,2.0,2.0,0.0,2.0,2.0,0.0,0.0,2.0,9.0,0.0,0.0,0.0,0.0,0.0,0.0,0.0,0.0,0.0,0.0,0.0,0.0,0.0,0.0,0.0,0.0,0.0,0.0,0.0,0.0,0.0,0.0,0.0,0.0,0.0,0.0,0.0,0.0,1.0,0.0,5.0,0.0,0.0,0.0,0.0,0.0,0.0,0.0,0.0,0.0,0.0,0.0,0.0,0.0,31.0,22.0,16.0,31.0,22.0,16.0,31.0,22.0,16.0,31.0,22.0,16.0,31.0,22.0,16.0,0.0,0.0,0.0,0.0,0.0,0.0,0.0,0.0,0.0,0.0,0.0,0.0,0.0
789.0,0,1501.0,Jiangsu,Limited liability company (Natural person investment or holding),1352.0,911.0044,Construction industry,2.0,2.0,0.0,0.0,2.0,0.0,2.0,5.0,4.0,0.0,0.0,0.0,0.0,0.0,0.0,0.0,0.0,0.0,0.0,0.0,0.0,0.0,0.0,0.0,0.0,0.0,0.0,0.0,0.0,0.0,0.0,0.0,0.0,0.0,0.0,0.0,0.0,0.0,0.0,0.0,0.0,0.0,0.0,0.0,0.0,0.0,0.0,0.0,0.0,0.0,0.0,0.0,0.0,12.0,8.0,8.0,12.0,8.0,8.0,12.0,8.0,8.0,12.0,8.0,8.0,12.0,8.0,8.0,0.0,0.0,0.0,0.0,0.0,0.0,0.0,0.0,0.0,0.0,0.0,0.0,0.0
790.0,0,5000.0,Jiangsu,Limited liability company (Natural person investment or holding),3303.0,2108.0,Construction industry,2.0,2.0,0.0,3.0,2.0,0.0,4.0,2.0,3.0,0.0,0.0,0.0,0.0,0.0,0.0,0.0,0.0,0.0,0.0,0.0,0.0,0.0,0.0,0.0,0.0,0.0,0.0,0.0,0.0,0.0,0.0,0.0,0.0,0.0,0.0,0.0,0.0,0.0,0.0,0.0,0.0,0.0,0.0,0.0,0.0,0.0,0.0,0.0,0.0,0.0,0.0,0.0,0.0,61.0,70.0,38.0,61.0,70.0,38.0,61.0,70.0,38.0,61.0,70.0,38.0,61.0,70.0,38.0,0.0,0.0,0.0,1.0,0.0,0.0,0.0,0.0,1.0,0.0,0.0,0.0,0.0
791.0,0,2200.0,Jiangsu,Limited liability company (Natural person investment or holding),1296.0,642.8,Construction industry,2.0,2.0,0.0,0.0,0.0,1.0,3.0,0.0,3.0,0.0,0.0,0.0,0.0,0.0,0.0,0.0,0.0,0.0,0.0,0.0,0.0,0.0,0.0,0.0,0.0,0.0,0.0,0.0,0.0,0.0,0.0,0.0,0.0,0.0,0.0,0.0,0.0,2.0,0.0,0.0,2.0,0.0,0.0,0.0,0.0,0.0,0.0,0.0,0.0,0.0,0.0,0.0,0.0,30.0,1.0,0.0,30.0,1.0,0.0,30.0,1.0,0.0,30.0,1.0,0.0,30.0,1.0,0.0,0.0,0.0,0.0,0.0,0.0,0.0,0.0,0.0,0.0,0.0,0.0,0.0,0.0
792.0,0,21800.0,Jiangsu,Limited liability company (Natural person investment or holding),1204.0,175.0,Construction industry,2.0,2.0,0.0,0.0,0.0,2.0,0.0,0.0,,0.0,0.0,0.0,0.0,0.0,0.0,0.0,0.0,0.0,0.0,0.0,0.0,0.0,0.0,0.0,0.0,0.0,0.0,0.0,0.0,0.0,0.0,0.0,1.0,2.0,0.0,0.0,0.0,1.0,0.0,1.0,0.0,0.0,0.0,0.0,0.0,0.0,0.0,0.0,0.0,0.0,0.0,0.0,0.0,26.0,21.0,11.0,26.0,21.0,11.0,26.0,21.0,11.0,26.0,21.0,11.0,26.0,21.0,11.0,0.0,0.0,0.0,0.0,0.0,0.0,0.0,0.0,0.0,0.0,0.0,2.0,1.0
793.0,0,10000.0,Jiangsu,Limited liability company (sole proprietorship of natural person),3839.0,800.0,Construction industry,1.0,2.0,0.0,2.0,2.0,4.0,5.0,9.0,4.0,0.0,0.0,0.0,0.0,0.0,10.0,0.0,0.0,0.0,0.0,0.0,0.0,0.0,0.0,0.0,0.0,0.0,0.0,0.0,0.0,0.0,0.0,0.0,0.0,0.0,0.0,0.0,0.0,0.0,0.0,0.0,0.0,0.0,0.0,0.0,0.0,0.0,0.0,0.0,0.0,0.0,0.0,0.0,0.0,76.0,47.0,37.0,76.0,47.0,37.0,76.0,47.0,37.0,76.0,47.0,37.0,76.0,47.0,37.0,0.0,0.0,1.0,1.0,1.0,0.0,1.0,0.0,0.0,1.0,0.0,1.0,2.0
794.0,0,4000.0,Jiangsu,Limited liability company (Natural person investment or holding),874.0,4000.0,Construction industry,2.0,2.0,0.0,0.0,0.0,5.0,1.0,1.0,,0.0,0.0,0.0,0.0,0.0,0.0,0.0,0.0,0.0,0.0,0.0,0.0,0.0,0.0,0.0,0.0,0.0,0.0,0.0,0.0,0.0,0.0,0.0,0.0,0.0,0.0,0.0,0.0,0.0,0.0,0.0,0.0,0.0,0.0,0.0,0.0,0.0,0.0,0.0,0.0,0.0,0.0,0.0,0.0,17.0,9.0,,17.0,9.0,,17.0,9.0,,17.0,9.0,,17.0,9.0,,0.0,0.0,0.0,0.0,0.0,0.0,0.0,0.0,0.0,0.0,0.0,0.0,0.0
795.0,0,1000.0,Jiangsu,Limited liability company (Natural person investment or holding),1527.0,1000.0,Construction industry,2.0,2.0,0.0,0.0,7.0,1.0,3.0,1.0,2.0,0.0,0.0,0.0,0.0,0.0,0.0,0.0,0.0,0.0,0.0,0.0,0.0,0.0,0.0,0.0,0.0,0.0,0.0,0.0,0.0,0.0,0.0,0.0,0.0,0.0,0.0,0.0,0.0,0.0,0.0,0.0,0.0,0.0,0.0,0.0,0.0,0.0,0.0,0.0,0.0,0.0,0.0,0.0,0.0,24.0,20.0,15.0,24.0,20.0,15.0,24.0,20.0,15.0,24.0,20.0,15.0,24.0,20.0,15.0,0.0,0.0,0.0,0.0,0.0,0.0,0.0,0.0,0.0,0.0,0.0,0.0,0.0
796.0,0,5388.0,Jiangsu,Limited liability company (sole proprietorship of natural person),6604.0,500.0,Construction industry,1.0,2.0,4.0,6.0,5.0,5.0,3.0,2.0,10.0,0.0,0.0,0.0,0.0,0.0,6.0,0.0,0.0,0.0,0.0,0.0,1.0,0.0,0.0,0.0,0.0,0.0,0.0,0.0,0.0,0.0,0.0,0.0,0.0,0.0,0.0,0.0,0.0,0.0,2.0,0.0,5.0,0.0,0.0,0.0,0.0,0.0,0.0,0.0,0.0,0.0,0.0,0.0,0.0,29.0,20.0,23.0,29.0,20.0,23.0,29.0,20.0,23.0,29.0,20.0,23.0,29.0,20.0,23.0,0.0,0.0,1.0,0.0,1.0,1.0,0.0,0.0,0.0,1.0,0.0,1.0,2.0
797.0,0,2000.0,Jiangsu,Limited liability company (Natural person investment or holding),9396.0,806.9186,Construction industry,2.0,3.0,1.0,15.0,3.0,0.0,0.0,0.0,,0.0,0.0,0.0,0.0,0.0,0.0,0.0,0.0,0.0,0.0,0.0,2.0,0.0,0.0,0.0,0.0,0.0,0.0,0.0,0.0,0.0,0.0,0.0,0.0,0.0,0.0,0.0,0.0,0.0,0.0,0.0,0.0,0.0,0.0,0.0,0.0,0.0,0.0,0.0,0.0,0.0,0.0,0.0,0.0,28.0,19.0,6.0,28.0,19.0,6.0,28.0,19.0,6.0,28.0,19.0,6.0,28.0,19.0,6.0,0.0,0.0,0.0,0.0,1.0,8.0,0.0,0.0,0.0,0.0,1.0,1.0,1.0
798.0,0,2100.0,Jiangsu,Limited liability company (Natural person investment or holding),9096.0,2080.0,Construction industry,2.0,7.0,1.0,4.0,0.0,1.0,0.0,0.0,8.0,0.0,0.0,0.0,0.0,0.0,0.0,0.0,0.0,0.0,0.0,0.0,1.0,0.0,0.0,0.0,0.0,0.0,0.0,0.0,0.0,0.0,0.0,0.0,0.0,0.0,0.0,0.0,0.0,0.0,0.0,0.0,0.0,0.0,0.0,0.0,0.0,0.0,0.0,0.0,0.0,0.0,0.0,0.0,0.0,16.0,12.0,15.0,16.0,12.0,15.0,16.0,12.0,15.0,16.0,12.0,15.0,16.0,12.0,15.0,0.0,0.0,0.0,0.0,1.0,2.0,0.0,1.0,0.0,0.0,0.0,2.0,3.0
799.0,0,2200.0,Jiangsu,Limited liability company (Natural person investment or holding),1228.0,413.23,Construction industry,2.0,2.0,0.0,0.0,0.0,2.0,0.0,0.0,3.0,0.0,0.0,0.0,0.0,3.0,2.0,0.0,0.0,0.0,0.0,0.0,0.0,0.0,0.0,0.0,0.0,0.0,0.0,0.0,0.0,0.0,0.0,0.0,0.0,0.0,0.0,0.0,0.0,0.0,0.0,0.0,0.0,0.0,0.0,0.0,0.0,0.0,0.0,0.0,0.0,0.0,0.0,0.0,0.0,18.0,8.0,0.0,18.0,8.0,0.0,18.0,8.0,0.0,18.0,8.0,0.0,18.0,8.0,0.0,0.0,0.0,0.0,0.0,0.0,0.0,0.0,0.0,0.0,0.0,0.0,0.0,2.0
800.0,0,5000.0,Jiangsu,Limited liability company (Natural person investment or holding),1000.0,258.0,Construction industry,2.0,4.0,0.0,0.0,0.0,2.0,3.0,5.0,6.0,0.0,0.0,0.0,0.0,0.0,0.0,0.0,0.0,0.0,0.0,0.0,0.0,0.0,0.0,0.0,0.0,0.0,0.0,0.0,0.0,0.0,0.0,0.0,0.0,0.0,0.0,0.0,0.0,0.0,0.0,0.0,0.0,0.0,0.0,0.0,0.0,0.0,0.0,0.0,0.0,0.0,0.0,0.0,0.0,26.0,14.0,0.0,26.0,14.0,0.0,26.0,14.0,0.0,26.0,14.0,0.0,26.0,14.0,0.0,0.0,0.0,0.0,0.0,0.0,0.0,0.0,0.0,0.0,0.0,0.0,0.0,0.0
801.0,0,5000.0,Jiangsu,Limited liability company (Natural person investment or holding),866.0,1034.0,Construction industry,2.0,2.0,0.0,0.0,0.0,7.0,2.0,5.0,,0.0,0.0,0.0,0.0,0.0,0.0,0.0,0.0,0.0,0.0,0.0,0.0,0.0,0.0,0.0,0.0,0.0,0.0,0.0,0.0,0.0,0.0,0.0,0.0,0.0,0.0,0.0,0.0,0.0,0.0,0.0,0.0,0.0,0.0,0.0,0.0,0.0,0.0,0.0,0.0,0.0,0.0,0.0,0.0,23.0,18.0,0.0,23.0,18.0,0.0,23.0,18.0,0.0,23.0,18.0,0.0,23.0,18.0,0.0,0.0,0.0,0.0,0.0,0.0,0.0,0.0,0.0,0.0,0.0,0.0,0.0,0.0
802.0,0,7170.0,Jiangsu,Limited liability company (Natural person investment or holding),1827.0,400.0,Construction industry,2.0,2.0,0.0,0.0,5.0,3.0,3.0,3.0,1.0,0.0,0.0,0.0,0.0,0.0,7.0,0.0,0.0,0.0,0.0,0.0,0.0,0.0,0.0,0.0,0.0,0.0,0.0,0.0,0.0,0.0,0.0,0.0,0.0,0.0,0.0,0.0,0.0,0.0,0.0,0.0,0.0,0.0,0.0,0.0,0.0,0.0,0.0,0.0,0.0,0.0,0.0,0.0,0.0,20.0,17.0,20.0,20.0,17.0,20.0,20.0,17.0,20.0,20.0,17.0,20.0,20.0,17.0,20.0,0.0,0.0,0.0,0.0,0.0,0.0,0.0,0.0,0.0,0.0,0.0,0.0,0.0
803.0,0,4500.0,Jiangsu,Limited liability company,1058.0,3459.5,Scientific research and technology services,2.0,2.0,0.0,0.0,0.0,2.0,0.0,0.0,1.0,0.0,0.0,0.0,0.0,0.0,1.0,0.0,0.0,0.0,0.0,0.0,0.0,0.0,0.0,0.0,0.0,0.0,0.0,0.0,0.0,0.0,0.0,0.0,1.0,0.0,0.0,0.0,0.0,0.0,0.0,0.0,0.0,0.0,0.0,0.0,0.0,0.0,0.0,0.0,0.0,0.0,0.0,0.0,0.0,30.0,31.0,15.0,30.0,31.0,15.0,30.0,31.0,15.0,30.0,31.0,15.0,30.0,31.0,15.0,0.0,0.0,0.0,0.0,0.0,1.0,0.0,0.0,0.0,0.0,1.0,0.0,0.0
804.0,0,700.0,Jiangsu,Limited liability company (Natural person investment or holding),2421.0,700.0,Construction industry,2.0,2.0,1.0,2.0,0.0,0.0,3.0,0.0,1.0,0.0,0.0,0.0,0.0,0.0,0.0,0.0,0.0,0.0,0.0,0.0,0.0,0.0,0.0,0.0,0.0,0.0,0.0,0.0,0.0,1.0,0.0,0.0,0.0,0.0,0.0,0.0,0.0,0.0,0.0,0.0,0.0,0.0,0.0,0.0,0.0,0.0,0.0,0.0,0.0,0.0,0.0,0.0,0.0,13.0,8.0,13.0,13.0,8.0,13.0,13.0,8.0,13.0,13.0,8.0,13.0,13.0,8.0,13.0,0.0,0.0,0.0,0.0,0.0,1.0,0.0,0.0,0.0,0.0,1.0,0.0,1.0
805.0,0,1001.0,Jiangsu,Limited liability company (sole proprietorship of legal person invested or controlled by natural person),2337.0,3.0,Construction industry,1.0,2.0,1.0,0.0,3.0,8.0,0.0,2.0,,0.0,0.0,0.0,0.0,0.0,3.0,0.0,0.0,0.0,0.0,0.0,0.0,0.0,0.0,0.0,0.0,0.0,0.0,0.0,0.0,1.0,0.0,0.0,0.0,5.0,0.0,0.0,0.0,0.0,0.0,12.0,7.0,0.0,0.0,0.0,0.0,1.0,0.0,0.0,0.0,0.0,0.0,0.0,0.0,15.0,7.0,28.0,15.0,7.0,28.0,15.0,7.0,28.0,15.0,7.0,28.0,15.0,7.0,28.0,0.0,0.0,0.0,0.0,0.0,0.0,0.0,0.0,0.0,0.0,0.0,0.0,0.0
806.0,0,5000.0,Jiangsu,Limited liability company (Natural person investment or holding),1658.0,1150.0,Construction industry,2.0,2.0,0.0,0.0,7.0,0.0,2.0,1.0,5.0,0.0,0.0,0.0,0.0,0.0,3.0,0.0,0.0,0.0,0.0,0.0,0.0,0.0,0.0,0.0,0.0,0.0,0.0,0.0,0.0,0.0,0.0,0.0,0.0,0.0,0.0,0.0,0.0,0.0,0.0,0.0,0.0,0.0,0.0,0.0,0.0,0.0,0.0,0.0,0.0,0.0,0.0,0.0,0.0,17.0,13.0,11.0,17.0,13.0,11.0,17.0,13.0,11.0,17.0,13.0,11.0,17.0,13.0,11.0,0.0,0.0,0.0,0.0,0.0,0.0,0.0,0.0,0.0,0.0,0.0,0.0,0.0
807.0,0,4000.0,Jiangsu,Limited liability company (Natural person investment or holding),2812.0,830.0,Scientific research and technology services,2.0,3.0,2.0,0.0,3.0,0.0,3.0,1.0,,0.0,0.0,0.0,0.0,0.0,0.0,0.0,0.0,0.0,0.0,0.0,0.0,0.0,0.0,0.0,0.0,0.0,0.0,0.0,0.0,0.0,1.0,0.0,1.0,0.0,0.0,0.0,0.0,0.0,0.0,0.0,0.0,0.0,0.0,0.0,0.0,0.0,0.0,0.0,0.0,0.0,0.0,0.0,0.0,20.0,20.0,11.0,20.0,20.0,11.0,20.0,20.0,11.0,20.0,20.0,11.0,20.0,20.0,11.0,0.0,0.0,0.0,1.0,1.0,1.0,0.0,0.0,0.0,1.0,1.0,1.0,1.0
808.0,0,2000.0,Jiangsu,Limited liability company (Natural person investment or holding),868.0,100.0,Construction industry,2.0,2.0,0.0,0.0,0.0,0.0,1.0,0.0,,0.0,0.0,0.0,0.0,0.0,3.0,0.0,0.0,0.0,0.0,0.0,0.0,0.0,0.0,0.0,0.0,0.0,0.0,0.0,0.0,0.0,0.0,0.0,0.0,0.0,0.0,0.0,0.0,0.0,0.0,0.0,0.0,0.0,0.0,0.0,0.0,0.0,0.0,0.0,0.0,0.0,0.0,0.0,0.0,10.0,14.0,0.0,10.0,14.0,0.0,10.0,14.0,0.0,10.0,14.0,0.0,10.0,14.0,0.0,0.0,0.0,0.0,0.0,0.0,0.0,0.0,0.0,0.0,0.0,0.0,0.0,0.0
809.0,0,1070.0,Jiangxi,Limited liability company (Natural person investment or holding),2396.0,0.0,Leasing and business services,2.0,2.0,3.0,2.0,1.0,8.0,16.0,17.0,34.0,0.0,0.0,0.0,0.0,0.0,1.0,0.0,0.0,0.0,0.0,0.0,0.0,0.0,0.0,0.0,0.0,0.0,0.0,1.0,0.0,0.0,0.0,0.0,0.0,0.0,0.0,0.0,0.0,0.0,0.0,0.0,0.0,0.0,0.0,0.0,0.0,0.0,0.0,0.0,0.0,0.0,0.0,0.0,10.0,40.0,43.0,21.0,40.0,30.0,21.0,40.0,31.0,21.0,40.0,31.0,21.0,40.0,31.0,21.0,0.0,0.0,0.0,0.0,2.0,0.0,1.0,0.0,0.0,1.0,1.0,0.0,0.0
810.0,0,1000.0,Jiangxi,Limited liability company (Natural person investment or holding),1069.0,0.0,Construction industry,2.0,2.0,0.0,0.0,0.0,5.0,4.0,2.0,10.0,0.0,0.0,0.0,0.0,0.0,0.0,0.0,0.0,0.0,0.0,0.0,0.0,0.0,0.0,0.0,0.0,0.0,0.0,0.0,0.0,0.0,0.0,0.0,0.0,0.0,0.0,0.0,0.0,0.0,0.0,0.0,0.0,0.0,0.0,0.0,0.0,0.0,0.0,0.0,0.0,0.0,0.0,0.0,0.0,0.0,0.0,0.0,0.0,0.0,0.0,0.0,0.0,0.0,0.0,0.0,0.0,0.0,0.0,0.0,0.0,0.0,0.0,0.0,0.0,0.0,0.0,0.0,0.0,0.0,0.0,0.0,0.0
811.0,0,3000.0,Jiangxi,Limited liability company (Natural person investment or holding),1915.0,0.0,Construction industry,3.0,3.0,0.0,4.0,0.0,0.0,9.0,1.0,1.0,0.0,0.0,0.0,0.0,0.0,0.0,0.0,0.0,0.0,0.0,0.0,0.0,0.0,0.0,0.0,0.0,0.0,0.0,0.0,0.0,0.0,0.0,0.0,0.0,0.0,2.0,0.0,0.0,0.0,0.0,0.0,0.0,0.0,0.0,0.0,0.0,0.0,0.0,0.0,0.0,0.0,0.0,0.0,0.0,20.0,0.0,11.0,20.0,0.0,0.0,20.0,0.0,0.0,20.0,0.0,0.0,20.0,0.0,0.0,0.0,0.0,0.0,0.0,0.0,0.0,0.0,0.0,0.0,0.0,0.0,0.0,0.0
812.0,0,2000.0,Jiangxi,Limited liability company (Natural person investment or holding),3955.0,768.0,Wholesale and retail,2.0,2.0,4.0,2.0,3.0,0.0,0.0,0.0,,0.0,0.0,0.0,0.0,0.0,4.0,0.0,0.0,0.0,0.0,0.0,0.0,0.0,0.0,0.0,0.0,0.0,0.0,0.0,0.0,0.0,0.0,0.0,0.0,0.0,0.0,0.0,0.0,0.0,0.0,0.0,0.0,0.0,0.0,0.0,0.0,0.0,0.0,0.0,0.0,0.0,0.0,0.0,0.0,12.0,12.0,0.0,0.0,0.0,0.0,0.0,0.0,0.0,0.0,0.0,0.0,0.0,0.0,0.0,0.0,0.0,0.0,0.0,0.0,0.0,0.0,0.0,0.0,0.0,0.0,0.0,0.0
813.0,0,4500.0,Jiangxi,Limited liability company (Natural person investment or holding),3002.0,2700.0,Construction industry,2.0,2.0,8.0,4.0,0.0,4.0,3.0,3.0,6.0,0.0,0.0,0.0,0.0,0.0,0.0,0.0,0.0,0.0,0.0,0.0,0.0,0.0,0.0,0.0,0.0,0.0,0.0,0.0,0.0,0.0,0.0,0.0,0.0,0.0,0.0,0.0,0.0,0.0,0.0,0.0,0.0,0.0,0.0,0.0,0.0,0.0,0.0,0.0,0.0,0.0,0.0,0.0,0.0,0.0,0.0,0.0,0.0,0.0,0.0,0.0,0.0,0.0,0.0,0.0,0.0,0.0,0.0,0.0,0.0,0.0,0.0,0.0,0.0,0.0,0.0,0.0,0.0,0.0,0.0,0.0,1.0
814.0,0,1000.0,Jiangxi,Limited liability company (Natural person investment or holding),1476.0,0.0,Construction industry,2.0,2.0,0.0,0.0,0.0,5.0,6.0,1.0,3.0,0.0,0.0,0.0,0.0,0.0,0.0,0.0,0.0,0.0,0.0,0.0,0.0,0.0,0.0,0.0,0.0,0.0,0.0,0.0,0.0,0.0,0.0,0.0,0.0,0.0,0.0,0.0,0.0,0.0,0.0,0.0,0.0,0.0,0.0,0.0,0.0,0.0,0.0,0.0,0.0,0.0,0.0,0.0,0.0,8.0,0.0,0.0,8.0,0.0,0.0,8.0,0.0,0.0,8.0,0.0,0.0,8.0,0.0,0.0,0.0,0.0,0.0,0.0,0.0,0.0,0.0,0.0,0.0,0.0,0.0,1.0,0.0
815.0,0,10000.0,Jiangxi,Limited liability company (Natural person investment or holding),3801.0,0.0,Construction industry,2.0,2.0,11.0,4.0,8.0,0.0,9.0,3.0,20.0,0.0,0.0,0.0,0.0,0.0,0.0,0.0,0.0,0.0,1.0,1.0,0.0,0.0,0.0,0.0,0.0,0.0,0.0,0.0,0.0,0.0,0.0,0.0,0.0,0.0,0.0,0.0,0.0,0.0,0.0,0.0,0.0,0.0,0.0,0.0,0.0,0.0,0.0,0.0,0.0,0.0,0.0,0.0,0.0,19.0,13.0,14.0,0.0,0.0,0.0,0.0,0.0,0.0,0.0,0.0,0.0,0.0,0.0,0.0,0.0,0.0,0.0,12.0,0.0,5.0,0.0,0.0,6.0,1.0,2.0,0.0,1.0
816.0,0,5000.0,Jiangxi,Limited liability company (Natural person investment or holding),2371.0,5000.0,Construction industry,3.0,3.0,0.0,5.0,0.0,15.0,3.0,0.0,2.0,0.0,0.0,0.0,0.0,0.0,0.0,0.0,0.0,0.0,0.0,0.0,0.0,0.0,0.0,0.0,0.0,0.0,0.0,0.0,0.0,0.0,0.0,0.0,0.0,0.0,0.0,0.0,0.0,0.0,0.0,0.0,0.0,0.0,0.0,0.0,0.0,0.0,0.0,0.0,0.0,0.0,0.0,0.0,0.0,0.0,0.0,0.0,0.0,0.0,0.0,0.0,0.0,0.0,0.0,0.0,0.0,0.0,0.0,0.0,0.0,0.0,0.0,0.0,0.0,0.0,0.0,0.0,0.0,0.0,0.0,0.0,0.0
817.0,0,1018.0,Jiangxi,Limited liability company (Natural person investment or holding),2241.0,1018.0,Manufacturing,2.0,2.0,7.0,6.0,3.0,0.0,4.0,1.0,3.0,0.0,0.0,0.0,0.0,0.0,3.0,0.0,0.0,0.0,0.0,0.0,0.0,0.0,0.0,0.0,0.0,0.0,0.0,0.0,0.0,0.0,0.0,0.0,0.0,0.0,0.0,0.0,0.0,0.0,0.0,0.0,2.0,0.0,0.0,0.0,0.0,0.0,0.0,0.0,0.0,0.0,0.0,0.0,3.0,7.0,4.0,2.0,0.0,0.0,0.0,0.0,0.0,0.0,0.0,0.0,0.0,0.0,0.0,0.0,0.0,0.0,0.0,0.0,0.0,0.0,0.0,0.0,0.0,0.0,0.0,0.0,0.0
818.0,0,4188.0,Jiangxi,Limited liability company (Natural person investment or holding),3271.0,0.0,Leasing and business services,3.0,2.0,0.0,4.0,0.0,3.0,5.0,1.0,5.0,0.0,0.0,0.0,0.0,0.0,0.0,0.0,0.0,0.0,0.0,0.0,0.0,0.0,0.0,0.0,0.0,0.0,0.0,0.0,0.0,0.0,0.0,0.0,0.0,0.0,2.0,0.0,0.0,0.0,0.0,0.0,0.0,0.0,0.0,0.0,0.0,0.0,0.0,0.0,0.0,0.0,0.0,0.0,0.0,0.0,0.0,10.0,0.0,0.0,0.0,0.0,0.0,0.0,0.0,0.0,0.0,0.0,0.0,0.0,0.0,0.0,0.0,0.0,0.0,0.0,0.0,0.0,0.0,0.0,0.0,0.0,0.0
819.0,0,1000.0,Jiangxi,Limited liability company (Natural person investment or holding),1372.0,1000.0,Construction industry,5.0,4.0,0.0,0.0,0.0,0.0,2.0,6.0,1.0,0.0,0.0,0.0,0.0,0.0,1.0,0.0,0.0,0.0,0.0,0.0,0.0,0.0,0.0,0.0,0.0,0.0,0.0,0.0,0.0,0.0,0.0,0.0,0.0,0.0,0.0,0.0,0.0,0.0,0.0,0.0,2.0,0.0,0.0,0.0,0.0,0.0,0.0,0.0,0.0,0.0,0.0,0.0,0.0,0.0,0.0,0.0,0.0,0.0,0.0,0.0,0.0,0.0,0.0,0.0,0.0,0.0,0.0,0.0,0.0,0.0,0.0,0.0,0.0,0.0,0.0,0.0,0.0,0.0,0.0,0.0,0.0
820.0,0,5000.0,Jiangxi,Limited liability company (Natural person investment or holding),3013.0,1500.0,Construction industry,3.0,2.0,4.0,2.0,0.0,3.0,6.0,6.0,20.0,0.0,0.0,0.0,0.0,0.0,0.0,0.0,0.0,0.0,0.0,0.0,0.0,0.0,0.0,0.0,0.0,0.0,0.0,0.0,0.0,0.0,0.0,0.0,0.0,1.0,1.0,0.0,0.0,0.0,0.0,1.0,0.0,0.0,0.0,0.0,0.0,0.0,0.0,0.0,0.0,0.0,0.0,8.0,0.0,55.0,55.0,36.0,55.0,55.0,36.0,55.0,32.0,36.0,55.0,55.0,126.0,55.0,55.0,36.0,0.0,0.0,2.0,0.0,0.0,1.0,0.0,0.0,2.0,0.0,1.0,0.0,1.0
821.0,0,4000.0,Jiangxi,Limited liability company (Natural person investment or holding),2900.0,50.0,Construction industry,2.0,2.0,0.0,8.0,5.0,2.0,0.0,3.0,6.0,0.0,0.0,0.0,0.0,0.0,0.0,0.0,0.0,0.0,0.0,0.0,0.0,0.0,0.0,0.0,0.0,0.0,0.0,0.0,0.0,0.0,0.0,0.0,0.0,1.0,0.0,0.0,0.0,0.0,0.0,0.0,0.0,0.0,0.0,0.0,0.0,0.0,0.0,0.0,0.0,0.0,0.0,0.0,0.0,0.0,0.0,0.0,0.0,0.0,0.0,0.0,0.0,0.0,0.0,0.0,0.0,0.0,0.0,0.0,0.0,0.0,0.0,0.0,0.0,0.0,0.0,0.0,0.0,0.0,0.0,0.0,0.0
822.0,0,5118.0,Jiangxi,Limited liability company (Natural person investment or holding),8091.0,2018.0,Wholesale and retail,2.0,2.0,5.0,5.0,1.0,1.0,2.0,0.0,21.0,0.0,0.0,0.0,0.0,0.0,5.0,0.0,0.0,0.0,0.0,1.0,0.0,0.0,0.0,0.0,0.0,0.0,0.0,0.0,1.0,1.0,0.0,0.0,0.0,0.0,0.0,0.0,0.0,0.0,0.0,2.0,1.0,0.0,0.0,0.0,0.0,0.0,0.0,0.0,0.0,0.0,0.0,2.0,0.0,53.0,55.0,52.0,53.0,55.0,52.0,53.0,55.0,52.0,53.0,55.0,52.0,53.0,55.0,52.0,0.0,1.0,5.0,6.0,2.0,5.0,3.0,5.0,5.0,1.0,1.0,3.0,0.0
823.0,0,5800.0,Jiangxi,Limited liability company (Natural person investment or holding),2001.0,700.0,Construction industry,3.0,3.0,0.0,4.0,0.0,0.0,0.0,5.0,9.0,0.0,0.0,0.0,0.0,0.0,0.0,0.0,0.0,0.0,0.0,0.0,0.0,0.0,0.0,0.0,0.0,0.0,0.0,0.0,0.0,0.0,0.0,0.0,0.0,0.0,2.0,0.0,0.0,0.0,0.0,0.0,0.0,0.0,0.0,0.0,0.0,0.0,0.0,0.0,0.0,0.0,0.0,0.0,0.0,14.0,12.0,0.0,14.0,12.0,0.0,14.0,12.0,0.0,14.0,12.0,0.0,0.0,12.0,0.0,0.0,0.0,0.0,0.0,0.0,0.0,0.0,0.0,0.0,0.0,0.0,0.0,0.0
824.0,0,15800.0,Jiangxi,Other limited liability companies,3643.0,15.1848,Construction industry,2.0,2.0,6.0,16.0,9.0,4.0,13.0,1.0,8.0,0.0,0.0,0.0,0.0,0.0,0.0,0.0,0.0,0.0,0.0,0.0,0.0,0.0,0.0,0.0,0.0,0.0,0.0,0.0,0.0,0.0,0.0,0.0,0.0,0.0,0.0,0.0,0.0,0.0,0.0,0.0,0.0,0.0,0.0,0.0,0.0,0.0,0.0,0.0,0.0,0.0,0.0,0.0,0.0,66.0,49.0,36.0,66.0,49.0,36.0,66.0,49.0,36.0,66.0,49.0,36.0,66.0,49.0,36.0,0.0,0.0,0.0,0.0,0.0,8.0,0.0,0.0,0.0,0.0,1.0,0.0,0.0
825.0,0,1888.0,Jiangxi,Limited liability company (Natural person investment or holding),1117.0,0.0,Construction industry,5.0,2.0,0.0,0.0,0.0,0.0,1.0,0.0,4.0,0.0,0.0,0.0,0.0,0.0,0.0,0.0,0.0,0.0,0.0,0.0,0.0,0.0,0.0,0.0,0.0,0.0,0.0,0.0,0.0,0.0,0.0,0.0,0.0,0.0,0.0,0.0,0.0,0.0,0.0,0.0,0.0,0.0,0.0,0.0,0.0,0.0,0.0,0.0,0.0,0.0,0.0,0.0,0.0,0.0,0.0,0.0,0.0,0.0,0.0,0.0,0.0,0.0,0.0,0.0,0.0,0.0,0.0,0.0,0.0,0.0,0.0,0.0,0.0,0.0,0.0,0.0,0.0,0.0,0.0,0.0,0.0
826.0,0,1200.0,Jiangxi,Limited liability company (Natural person investment or holding),1059.0,612.0,Construction industry,2.0,3.0,0.0,0.0,0.0,4.0,1.0,1.0,5.0,0.0,0.0,0.0,0.0,0.0,0.0,0.0,0.0,0.0,0.0,0.0,0.0,0.0,0.0,0.0,0.0,0.0,0.0,0.0,0.0,0.0,0.0,0.0,0.0,0.0,0.0,0.0,0.0,0.0,0.0,0.0,0.0,0.0,0.0,0.0,0.0,0.0,0.0,0.0,0.0,0.0,0.0,0.0,0.0,0.0,2.0,0.0,0.0,0.0,0.0,0.0,0.0,0.0,0.0,0.0,0.0,0.0,0.0,0.0,0.0,0.0,0.0,0.0,0.0,0.0,0.0,0.0,0.0,0.0,0.0,0.0,0.0
827.0,0,4000.0,Jiangxi,Limited liability company (Natural person investment or holding),1948.0,3200.0,Construction industry,2.0,3.0,0.0,8.0,0.0,6.0,0.0,2.0,1.0,0.0,0.0,0.0,0.0,0.0,0.0,0.0,0.0,0.0,0.0,0.0,0.0,0.0,0.0,0.0,0.0,0.0,0.0,0.0,0.0,0.0,0.0,0.0,0.0,0.0,0.0,0.0,0.0,0.0,2.0,0.0,0.0,0.0,0.0,0.0,0.0,0.0,0.0,0.0,0.0,0.0,0.0,8.0,0.0,13.0,0.0,0.0,0.0,0.0,0.0,13.0,0.0,0.0,13.0,0.0,0.0,0.0,0.0,0.0,0.0,0.0,0.0,0.0,0.0,0.0,0.0,0.0,0.0,0.0,0.0,0.0,1.0
828.0,0,4000.0,Jiangxi,Limited liability company (Natural person investment or holding),2384.0,800.0,Construction industry,3.0,2.0,0.0,2.0,0.0,8.0,2.0,1.0,5.0,0.0,0.0,0.0,0.0,0.0,0.0,0.0,0.0,0.0,0.0,0.0,0.0,0.0,0.0,0.0,0.0,0.0,0.0,0.0,0.0,0.0,0.0,0.0,0.0,0.0,0.0,0.0,0.0,0.0,0.0,0.0,0.0,0.0,0.0,0.0,0.0,0.0,0.0,0.0,0.0,0.0,0.0,0.0,0.0,24.0,5.0,5.0,24.0,5.0,5.0,14.0,5.0,5.0,24.0,0.0,5.0,24.0,0.0,5.0,0.0,0.0,0.0,3.0,0.0,0.0,0.0,0.0,0.0,3.0,0.0,0.0,0.0
829.0,0,1200.0,Jiangxi,Limited liability company (Natural person investment or holding),1688.0,0.0,Construction industry,2.0,3.0,0.0,0.0,5.0,4.0,9.0,1.0,7.0,0.0,0.0,0.0,0.0,1.0,0.0,0.0,0.0,0.0,0.0,0.0,0.0,0.0,0.0,0.0,0.0,0.0,0.0,0.0,0.0,0.0,0.0,0.0,0.0,0.0,0.0,0.0,0.0,0.0,0.0,0.0,0.0,0.0,0.0,0.0,0.0,0.0,0.0,0.0,0.0,0.0,0.0,0.0,0.0,9.0,0.0,0.0,0.0,0.0,0.0,0.0,0.0,0.0,0.0,0.0,0.0,0.0,0.0,0.0,0.0,0.0,0.0,0.0,0.0,0.0,0.0,0.0,0.0,0.0,0.0,0.0,0.0
830.0,0,5180.0,Jiangxi,Limited liability company (Natural person investment or holding),2126.0,234.0,Construction industry,2.0,2.0,3.0,1.0,0.0,0.0,3.0,2.0,3.0,0.0,0.0,0.0,0.0,0.0,0.0,0.0,0.0,0.0,0.0,0.0,0.0,0.0,0.0,0.0,0.0,0.0,0.0,0.0,0.0,0.0,0.0,0.0,0.0,0.0,0.0,0.0,0.0,0.0,0.0,0.0,0.0,0.0,0.0,0.0,0.0,0.0,0.0,0.0,0.0,0.0,0.0,0.0,0.0,0.0,0.0,0.0,0.0,0.0,0.0,0.0,0.0,0.0,0.0,0.0,0.0,0.0,0.0,0.0,0.0,0.0,0.0,0.0,0.0,0.0,0.0,0.0,0.0,0.0,0.0,0.0,0.0
831.0,0,3000.0,Jiangxi,Limited liability company (Natural person investment or holding),1384.0,3000.0,Construction industry,3.0,2.0,0.0,0.0,2.0,2.0,1.0,1.0,3.0,0.0,0.0,0.0,0.0,1.0,0.0,0.0,0.0,0.0,0.0,0.0,0.0,0.0,0.0,0.0,0.0,0.0,0.0,0.0,0.0,0.0,0.0,0.0,1.0,0.0,0.0,0.0,0.0,0.0,0.0,0.0,0.0,0.0,0.0,0.0,0.0,0.0,0.0,0.0,0.0,0.0,0.0,0.0,0.0,20.0,20.0,0.0,0.0,0.0,0.0,0.0,0.0,0.0,0.0,0.0,0.0,0.0,0.0,0.0,0.0,0.0,0.0,0.0,0.0,0.0,0.0,0.0,0.0,0.0,0.0,0.0,0.0
832.0,0,3680.0,Jiangxi,Limited liability company (Natural person investment or holding),1337.0,3680.0,Construction industry,2.0,2.0,0.0,0.0,0.0,5.0,6.0,8.0,12.0,0.0,0.0,0.0,0.0,0.0,1.0,0.0,0.0,0.0,0.0,0.0,0.0,0.0,0.0,0.0,0.0,0.0,0.0,0.0,0.0,0.0,0.0,0.0,0.0,0.0,0.0,0.0,0.0,0.0,0.0,0.0,0.0,0.0,0.0,0.0,0.0,0.0,0.0,0.0,0.0,0.0,0.0,0.0,0.0,26.0,25.0,8.0,0.0,0.0,8.0,0.0,0.0,8.0,0.0,0.0,8.0,0.0,0.0,8.0,0.0,0.0,0.0,0.0,0.0,0.0,0.0,0.0,0.0,0.0,0.0,0.0,0.0
833.0,0,1200.0,Jiangxi,Limited liability company (Natural person investment or holding),1464.0,0.0,Wholesale and retail,2.0,2.0,0.0,0.0,0.0,4.0,2.0,14.0,17.0,0.0,0.0,0.0,0.0,0.0,3.0,0.0,0.0,0.0,0.0,0.0,0.0,0.0,0.0,0.0,0.0,0.0,0.0,0.0,0.0,0.0,0.0,0.0,0.0,0.0,0.0,0.0,0.0,0.0,1.0,1.0,0.0,0.0,0.0,0.0,0.0,0.0,0.0,0.0,0.0,0.0,0.0,0.0,3.0,6.0,0.0,0.0,5.0,0.0,0.0,5.0,0.0,0.0,5.0,0.0,0.0,5.0,0.0,0.0,0.0,0.0,0.0,0.0,0.0,0.0,0.0,0.0,0.0,0.0,0.0,0.0,0.0
834.0,0,1000.0,Jiangxi,Limited liability company (Natural person investment or holding),954.0,0.0,Construction industry,2.0,2.0,0.0,0.0,0.0,0.0,5.0,6.0,1.0,0.0,0.0,0.0,0.0,0.0,0.0,0.0,0.0,0.0,0.0,0.0,0.0,0.0,0.0,0.0,0.0,0.0,0.0,0.0,0.0,0.0,0.0,0.0,0.0,0.0,0.0,0.0,0.0,0.0,0.0,0.0,0.0,0.0,0.0,0.0,0.0,0.0,0.0,0.0,0.0,0.0,0.0,0.0,0.0,0.0,0.0,0.0,0.0,0.0,0.0,0.0,0.0,0.0,0.0,0.0,0.0,0.0,0.0,0.0,0.0,0.0,0.0,0.0,0.0,0.0,0.0,0.0,0.0,0.0,0.0,0.0,0.0
835.0,0,1000.0,Jiangxi,Limited liability company (Natural person investment or holding),1823.0,800.0,Wholesale and retail,4.0,2.0,0.0,0.0,0.0,8.0,3.0,6.0,8.0,0.0,0.0,0.0,0.0,0.0,0.0,0.0,0.0,0.0,0.0,0.0,0.0,0.0,0.0,0.0,0.0,0.0,0.0,0.0,0.0,0.0,0.0,0.0,0.0,0.0,0.0,0.0,0.0,0.0,0.0,0.0,0.0,0.0,0.0,0.0,0.0,0.0,0.0,0.0,0.0,0.0,0.0,0.0,0.0,9.0,0.0,0.0,9.0,0.0,0.0,9.0,0.0,0.0,9.0,0.0,0.0,9.0,0.0,0.0,0.0,0.0,0.0,0.0,0.0,0.0,0.0,0.0,0.0,0.0,0.0,0.0,0.0
836.0,0,10000.0,Jiangxi,Limited liability company (Natural person investment or holding),3273.0,0.0,Construction industry,2.0,3.0,3.0,5.0,0.0,0.0,6.0,5.0,8.0,0.0,0.0,0.0,0.0,0.0,0.0,0.0,0.0,0.0,0.0,0.0,1.0,0.0,0.0,0.0,0.0,0.0,0.0,0.0,0.0,0.0,0.0,0.0,0.0,0.0,0.0,0.0,0.0,0.0,0.0,0.0,0.0,0.0,0.0,0.0,0.0,0.0,0.0,0.0,0.0,0.0,0.0,0.0,0.0,3.0,0.0,0.0,0.0,0.0,0.0,3.0,0.0,0.0,0.0,0.0,0.0,0.0,0.0,0.0,0.0,0.0,0.0,0.0,0.0,2.0,0.0,0.0,0.0,0.0,2.0,0.0,0.0
837.0,0,616.0,Jiangxi,Limited liability company (Natural person investment or holding),2952.0,616.0,Construction industry,2.0,2.0,0.0,1.0,2.0,0.0,3.0,5.0,3.0,0.0,0.0,0.0,0.0,0.0,0.0,0.0,0.0,0.0,0.0,0.0,0.0,0.0,0.0,0.0,0.0,0.0,0.0,0.0,0.0,0.0,0.0,0.0,0.0,0.0,0.0,0.0,0.0,0.0,0.0,0.0,0.0,0.0,0.0,0.0,0.0,0.0,0.0,0.0,0.0,0.0,0.0,0.0,0.0,0.0,0.0,0.0,0.0,0.0,0.0,0.0,0.0,0.0,0.0,0.0,0.0,0.0,0.0,0.0,0.0,0.0,0.0,0.0,0.0,0.0,0.0,0.0,0.0,0.0,0.0,0.0,0.0
838.0,0,4800.0,Jiangxi,Limited liability company (Natural person investment or holding),1247.0,4800.0,Construction industry,2.0,2.0,0.0,0.0,0.0,2.0,1.0,2.0,5.0,0.0,0.0,0.0,0.0,0.0,0.0,0.0,0.0,0.0,0.0,0.0,0.0,0.0,0.0,0.0,0.0,0.0,0.0,0.0,0.0,0.0,0.0,0.0,0.0,0.0,0.0,0.0,0.0,0.0,0.0,0.0,0.0,0.0,0.0,0.0,0.0,0.0,0.0,0.0,0.0,0.0,0.0,0.0,0.0,7.0,8.0,8.0,1.0,0.0,0.0,1.0,9.0,0.0,1.0,0.0,0.0,1.0,0.0,0.0,0.0,0.0,0.0,0.0,0.0,0.0,0.0,0.0,0.0,0.0,0.0,0.0,0.0
839.0,0,2066.0,Jiangxi,Limited liability company (Natural person investment or holding),2823.0,0.0,Construction industry,2.0,2.0,3.0,1.0,0.0,1.0,0.0,1.0,4.0,0.0,0.0,0.0,0.0,0.0,0.0,0.0,1.0,0.0,0.0,0.0,0.0,0.0,0.0,0.0,0.0,0.0,0.0,0.0,0.0,0.0,0.0,0.0,0.0,0.0,0.0,0.0,0.0,0.0,0.0,0.0,0.0,0.0,0.0,0.0,0.0,0.0,0.0,0.0,0.0,0.0,0.0,0.0,3.0,0.0,8.0,8.0,0.0,0.0,0.0,0.0,0.0,0.0,0.0,0.0,0.0,0.0,0.0,0.0,0.0,0.0,1.0,0.0,0.0,0.0,0.0,1.0,1.0,0.0,0.0,0.0,0.0
840.0,0,1000.0,Jiangxi,Limited liability company (Natural person investment or holding),2186.0,0.0,Construction industry,2.0,2.0,3.0,4.0,0.0,1.0,3.0,2.0,11.0,0.0,0.0,0.0,0.0,0.0,0.0,0.0,0.0,0.0,0.0,0.0,0.0,0.0,0.0,0.0,0.0,0.0,0.0,0.0,0.0,0.0,0.0,0.0,0.0,0.0,0.0,0.0,0.0,0.0,0.0,0.0,0.0,0.0,0.0,0.0,0.0,0.0,0.0,0.0,0.0,0.0,0.0,0.0,0.0,0.0,10.0,11.0,0.0,10.0,0.0,0.0,10.0,0.0,0.0,10.0,0.0,0.0,5.0,0.0,0.0,0.0,0.0,0.0,0.0,0.0,0.0,0.0,0.0,0.0,0.0,0.0,0.0
841.0,1,2000.0,Jiangxi,Limited liability company (Natural person investment or holding),1954.0,0.0,Construction industry,2.0,2.0,1.0,1.0,2.0,3.0,2.0,0.0,4.0,0.0,0.0,0.0,0.0,0.0,0.0,0.0,0.0,0.0,0.0,0.0,0.0,0.0,0.0,0.0,0.0,0.0,0.0,0.0,0.0,0.0,0.0,0.0,1.0,0.0,0.0,0.0,0.0,0.0,0.0,0.0,0.0,0.0,0.0,0.0,0.0,0.0,0.0,0.0,0.0,0.0,0.0,0.0,0.0,14.0,3.0,3.0,14.0,0.0,0.0,0.0,0.0,0.0,14.0,0.0,0.0,0.0,0.0,0.0,0.0,0.0,0.0,0.0,0.0,0.0,0.0,0.0,0.0,0.0,0.0,0.0,0.0
842.0,0,4180.0,Jiangxi,Limited liability company (Natural person investment or holding),11040.0,2180.0,Construction industry,2.0,3.0,14.0,4.0,0.0,0.0,5.0,4.0,7.0,0.0,0.0,0.0,0.0,0.0,0.0,0.0,0.0,0.0,0.0,0.0,0.0,0.0,0.0,0.0,0.0,0.0,0.0,0.0,0.0,0.0,0.0,0.0,0.0,0.0,0.0,0.0,0.0,0.0,0.0,0.0,0.0,0.0,0.0,0.0,0.0,0.0,0.0,0.0,0.0,0.0,0.0,0.0,0.0,13.0,6.0,6.0,0.0,0.0,6.0,1.0,0.0,0.0,0.0,6.0,6.0,0.0,6.0,0.0,0.0,0.0,0.0,0.0,0.0,1.0,0.0,0.0,0.0,0.0,0.0,2.0,0.0
843.0,0,2100.0,Jiangxi,Limited liability company (Natural person investment or holding),3381.0,0.0,Construction industry,2.0,3.0,6.0,0.0,0.0,4.0,1.0,6.0,6.0,0.0,0.0,0.0,0.0,0.0,0.0,0.0,0.0,0.0,0.0,0.0,0.0,0.0,0.0,0.0,1.0,0.0,0.0,0.0,0.0,0.0,0.0,0.0,0.0,0.0,0.0,0.0,0.0,0.0,0.0,0.0,0.0,0.0,0.0,0.0,0.0,0.0,0.0,0.0,0.0,0.0,0.0,0.0,0.0,17.0,0.0,0.0,0.0,0.0,0.0,0.0,0.0,0.0,0.0,0.0,0.0,0.0,0.0,0.0,0.0,0.0,0.0,0.0,0.0,0.0,0.0,0.0,0.0,0.0,0.0,0.0,0.0
844.0,0,1998.0,Jiangxi,Limited liability company (Natural person investment or holding),1114.0,300.0,Leasing and business services,2.0,2.0,0.0,0.0,0.0,7.0,4.0,4.0,9.0,0.0,0.0,0.0,0.0,0.0,0.0,0.0,0.0,0.0,0.0,0.0,0.0,0.0,0.0,0.0,0.0,0.0,0.0,0.0,0.0,0.0,0.0,0.0,0.0,0.0,0.0,0.0,0.0,0.0,0.0,0.0,0.0,0.0,0.0,0.0,0.0,0.0,0.0,0.0,0.0,0.0,0.0,0.0,0.0,26.0,0.0,0.0,0.0,0.0,0.0,0.0,0.0,0.0,26.0,0.0,0.0,26.0,0.0,0.0,0.0,0.0,0.0,0.0,0.0,0.0,0.0,0.0,0.0,0.0,0.0,0.0,0.0
845.0,0,4096.0,Jiangxi,Limited liability company (Natural person investment or holding),2325.0,600.0,Construction industry,2.0,2.0,0.0,1.0,4.0,4.0,2.0,2.0,9.0,0.0,0.0,0.0,0.0,0.0,0.0,0.0,0.0,0.0,0.0,0.0,0.0,0.0,0.0,0.0,0.0,0.0,0.0,0.0,0.0,0.0,0.0,0.0,0.0,0.0,0.0,0.0,0.0,0.0,0.0,0.0,0.0,0.0,0.0,0.0,0.0,0.0,0.0,0.0,0.0,0.0,0.0,0.0,0.0,14.0,1.0,0.0,0.0,0.0,0.0,0.0,0.0,0.0,14.0,0.0,0.0,0.0,0.0,0.0,0.0,0.0,0.0,1.0,1.0,0.0,0.0,0.0,0.0,0.0,0.0,0.0,0.0
846.0,0,700.0,Jiangxi,Limited liability company (Natural person investment or holding),2663.0,700.0,Construction industry,2.0,2.0,1.0,1.0,0.0,0.0,1.0,1.0,5.0,0.0,0.0,0.0,0.0,0.0,0.0,0.0,0.0,0.0,0.0,0.0,0.0,0.0,0.0,0.0,0.0,0.0,0.0,0.0,0.0,0.0,0.0,0.0,0.0,0.0,0.0,0.0,0.0,0.0,0.0,0.0,0.0,0.0,0.0,0.0,0.0,0.0,0.0,0.0,0.0,0.0,0.0,0.0,0.0,18.0,16.0,10.0,0.0,0.0,0.0,4.0,10.0,10.0,4.0,10.0,16.0,4.0,10.0,10.0,0.0,0.0,0.0,0.0,0.0,0.0,0.0,0.0,0.0,0.0,0.0,0.0,1.0
847.0,0,1000.0,Jiangxi,Limited liability company (Natural person investment or holding),2272.0,800.0,Construction industry,2.0,3.0,0.0,4.0,0.0,0.0,3.0,4.0,11.0,0.0,0.0,0.0,0.0,0.0,0.0,0.0,0.0,0.0,0.0,0.0,0.0,0.0,0.0,0.0,0.0,0.0,0.0,0.0,0.0,0.0,0.0,0.0,0.0,0.0,0.0,0.0,0.0,0.0,0.0,0.0,0.0,0.0,0.0,0.0,0.0,0.0,0.0,0.0,0.0,0.0,0.0,0.0,0.0,0.0,0.0,0.0,0.0,0.0,0.0,0.0,0.0,0.0,0.0,0.0,0.0,0.0,0.0,0.0,0.0,0.0,0.0,0.0,0.0,1.0,0.0,0.0,0.0,0.0,1.0,3.0,0.0
848.0,0,6060.0,Jiangxi,Limited liability company (Natural person investment or holding),4582.0,2060.0,Construction industry,2.0,2.0,6.0,3.0,2.0,0.0,2.0,6.0,11.0,0.0,0.0,0.0,0.0,0.0,0.0,0.0,0.0,0.0,1.0,0.0,0.0,0.0,0.0,0.0,0.0,0.0,0.0,0.0,0.0,0.0,0.0,0.0,0.0,0.0,0.0,0.0,0.0,0.0,0.0,0.0,0.0,0.0,0.0,0.0,0.0,0.0,0.0,0.0,0.0,0.0,0.0,0.0,0.0,33.0,24.0,23.0,0.0,0.0,0.0,0.0,0.0,0.0,33.0,24.0,0.0,0.0,0.0,0.0,0.0,0.0,2.0,5.0,0.0,1.0,0.0,1.0,0.0,2.0,1.0,0.0,1.0
849.0,0,10008.0,Jiangxi,Limited liability company (Natural person investment or holding),2574.0,10008.0,Construction industry,2.0,2.0,8.0,7.0,0.0,3.0,3.0,2.0,15.0,0.0,0.0,0.0,0.0,0.0,0.0,0.0,0.0,0.0,0.0,0.0,0.0,0.0,0.0,0.0,0.0,0.0,0.0,0.0,0.0,0.0,0.0,0.0,0.0,0.0,0.0,0.0,0.0,0.0,0.0,0.0,0.0,0.0,0.0,0.0,0.0,0.0,0.0,0.0,0.0,0.0,0.0,0.0,0.0,0.0,0.0,0.0,0.0,0.0,0.0,0.0,0.0,0.0,0.0,0.0,0.0,0.0,0.0,0.0,0.0,0.0,0.0,0.0,0.0,0.0,0.0,0.0,0.0,0.0,0.0,0.0,1.0
850.0,0,1200.0,Jiangxi,Limited liability company (Natural person investment or holding),1752.0,600.0,Construction industry,2.0,2.0,0.0,0.0,5.0,2.0,12.0,4.0,12.0,0.0,0.0,0.0,0.0,0.0,0.0,0.0,0.0,0.0,0.0,0.0,0.0,0.0,0.0,0.0,0.0,0.0,0.0,0.0,0.0,0.0,0.0,0.0,0.0,0.0,0.0,0.0,0.0,0.0,0.0,0.0,0.0,0.0,0.0,0.0,0.0,0.0,0.0,0.0,0.0,0.0,0.0,0.0,0.0,25.0,20.0,0.0,0.0,0.0,0.0,25.0,0.0,0.0,25.0,20.0,0.0,25.0,20.0,0.0,0.0,0.0,0.0,0.0,0.0,0.0,0.0,0.0,0.0,0.0,0.0,0.0,0.0
851.0,0,1000.0,Jiangxi,Limited liability company (Natural person investment or holding),908.0,800.0,Construction industry,2.0,2.0,0.0,0.0,0.0,5.0,12.0,3.0,9.0,0.0,0.0,0.0,0.0,0.0,3.0,0.0,0.0,0.0,0.0,0.0,0.0,0.0,0.0,0.0,0.0,0.0,0.0,0.0,0.0,0.0,0.0,0.0,0.0,0.0,0.0,0.0,0.0,0.0,0.0,0.0,0.0,0.0,0.0,0.0,0.0,0.0,0.0,0.0,0.0,0.0,0.0,0.0,0.0,0.0,3.0,0.0,0.0,0.0,0.0,0.0,0.0,0.0,0.0,0.0,0.0,0.0,0.0,0.0,0.0,0.0,0.0,0.0,0.0,0.0,0.0,0.0,0.0,0.0,0.0,0.0,0.0
852.0,0,11100.0,Jiangxi,Limited liability company (Natural person investment or holding),6879.0,9037.53,Construction industry,5.0,3.0,11.0,1.0,2.0,0.0,5.0,0.0,1.0,0.0,0.0,0.0,0.0,0.0,3.0,0.0,1.0,0.0,1.0,0.0,0.0,0.0,0.0,0.0,0.0,0.0,0.0,0.0,0.0,0.0,0.0,0.0,1.0,0.0,0.0,0.0,0.0,0.0,0.0,0.0,0.0,0.0,0.0,0.0,0.0,0.0,0.0,0.0,0.0,0.0,0.0,0.0,0.0,0.0,15.0,14.0,0.0,0.0,0.0,29.0,1.0,0.0,0.0,3.0,4.0,0.0,0.0,0.0,0.0,0.0,0.0,4.0,0.0,0.0,0.0,1.0,1.0,3.0,0.0,1.0,0.0
853.0,0,1000.0,Jiangxi,Limited liability company (sole proprietorship of natural person),866.0,1000.0,Construction industry,1.0,2.0,0.0,0.0,0.0,0.0,7.0,2.0,1.0,0.0,0.0,0.0,0.0,0.0,0.0,0.0,0.0,0.0,0.0,0.0,0.0,0.0,0.0,0.0,0.0,0.0,0.0,0.0,0.0,0.0,0.0,0.0,0.0,0.0,0.0,0.0,0.0,0.0,0.0,0.0,0.0,0.0,0.0,0.0,0.0,0.0,0.0,0.0,0.0,0.0,0.0,0.0,0.0,0.0,0.0,,0.0,0.0,,0.0,0.0,,0.0,0.0,,0.0,0.0,,0.0,0.0,0.0,0.0,0.0,0.0,0.0,0.0,0.0,0.0,0.0,0.0,0.0
854.0,0,1068.0,Jiangxi,Limited liability company (Natural person investment or holding),888.0,267.0,Construction industry,2.0,2.0,0.0,0.0,0.0,3.0,0.0,5.0,6.0,0.0,0.0,0.0,0.0,0.0,0.0,0.0,0.0,0.0,0.0,0.0,0.0,0.0,0.0,0.0,0.0,0.0,0.0,0.0,0.0,0.0,0.0,0.0,0.0,0.0,0.0,0.0,0.0,0.0,0.0,0.0,0.0,0.0,0.0,0.0,0.0,0.0,0.0,0.0,0.0,0.0,0.0,0.0,0.0,15.0,12.0,0.0,15.0,12.0,0.0,15.0,12.0,0.0,15.0,12.0,0.0,0.0,0.0,0.0,0.0,0.0,0.0,0.0,0.0,0.0,0.0,0.0,0.0,0.0,0.0,0.0,0.0
855.0,0,10000.0,Jiangxi,Limited liability company (Natural person investment or holding),3288.0,10000.0,Leasing and business services,2.0,2.0,0.0,2.0,0.0,0.0,4.0,10.0,17.0,0.0,0.0,0.0,0.0,0.0,0.0,0.0,0.0,0.0,0.0,0.0,0.0,0.0,0.0,0.0,0.0,0.0,0.0,0.0,1.0,0.0,0.0,0.0,0.0,0.0,0.0,0.0,0.0,0.0,0.0,0.0,0.0,0.0,0.0,0.0,0.0,0.0,0.0,0.0,0.0,0.0,0.0,0.0,0.0,9.0,11.0,0.0,0.0,0.0,0.0,0.0,0.0,16.0,0.0,0.0,30.0,0.0,0.0,0.0,0.0,0.0,0.0,0.0,0.0,5.0,0.0,0.0,0.0,0.0,0.0,3.0,1.0
856.0,0,2200.0,Jiangxi,Collective ownership,11311.0,0.0,Construction industry,1.0,,0.0,1.0,4.0,0.0,0.0,0.0,6.0,0.0,0.0,0.0,0.0,0.0,0.0,0.0,0.0,0.0,0.0,0.0,0.0,0.0,0.0,0.0,0.0,0.0,0.0,0.0,0.0,0.0,0.0,0.0,0.0,0.0,0.0,0.0,0.0,0.0,0.0,0.0,0.0,0.0,0.0,0.0,0.0,0.0,0.0,0.0,0.0,0.0,0.0,0.0,0.0,9.0,5.0,5.0,0.0,0.0,0.0,0.0,0.0,0.0,3.0,3.0,3.0,0.0,3.0,3.0,0.0,0.0,0.0,0.0,0.0,2.0,0.0,1.0,1.0,0.0,0.0,2.0,2.0
857.0,0,6000.0,Jiangxi,Limited liability company (Natural person investment or holding),5341.0,5400.0,Construction industry,2.0,3.0,9.0,3.0,1.0,3.0,1.0,6.0,9.0,0.0,0.0,0.0,0.0,0.0,1.0,0.0,1.0,0.0,0.0,0.0,0.0,0.0,0.0,0.0,0.0,0.0,0.0,0.0,0.0,0.0,0.0,0.0,0.0,1.0,0.0,1.0,8.0,0.0,0.0,2.0,0.0,0.0,0.0,0.0,0.0,0.0,0.0,0.0,4.0,0.0,0.0,2.0,0.0,33.0,10.0,10.0,0.0,0.0,0.0,0.0,0.0,0.0,0.0,0.0,0.0,0.0,0.0,0.0,0.0,0.0,1.0,0.0,0.0,0.0,0.0,1.0,0.0,0.0,0.0,0.0,1.0
858.0,1,4000.0,Jiangxi,Limited liability company (Natural person investment or holding),3458.0,800.0,Construction industry,2.0,2.0,3.0,4.0,4.0,1.0,6.0,4.0,10.0,0.0,0.0,0.0,0.0,0.0,0.0,0.0,0.0,0.0,0.0,0.0,0.0,0.0,0.0,0.0,0.0,0.0,1.0,0.0,0.0,0.0,0.0,0.0,0.0,0.0,0.0,0.0,0.0,0.0,0.0,0.0,0.0,0.0,0.0,0.0,0.0,0.0,0.0,0.0,0.0,0.0,0.0,0.0,0.0,0.0,0.0,0.0,0.0,0.0,0.0,0.0,0.0,0.0,0.0,0.0,0.0,0.0,0.0,0.0,0.0,0.0,0.0,0.0,0.0,3.0,0.0,0.0,0.0,0.0,0.0,3.0,0.0
859.0,0,1100.0,Jiangxi,Limited liability company (Natural person investment or holding),1745.0,1100.0,Construction industry,2.0,3.0,0.0,0.0,4.0,0.0,1.0,2.0,,0.0,0.0,0.0,0.0,0.0,3.0,0.0,0.0,0.0,0.0,0.0,0.0,0.0,0.0,0.0,0.0,0.0,0.0,0.0,0.0,0.0,0.0,0.0,0.0,0.0,0.0,0.0,0.0,0.0,0.0,0.0,0.0,0.0,0.0,0.0,0.0,0.0,0.0,0.0,0.0,0.0,0.0,0.0,0.0,0.0,6.0,2.0,0.0,6.0,2.0,0.0,6.0,2.0,0.0,6.0,2.0,0.0,6.0,2.0,0.0,0.0,0.0,0.0,0.0,0.0,0.0,0.0,0.0,0.0,0.0,0.0,0.0
860.0,0,2018.0,Jiangxi,Limited liability company (Natural person investment or holding),2092.0,2018.0,Leasing and business services,2.0,2.0,0.0,1.0,3.0,0.0,3.0,6.0,10.0,0.0,0.0,0.0,0.0,0.0,0.0,0.0,0.0,0.0,0.0,0.0,0.0,0.0,0.0,0.0,0.0,0.0,0.0,0.0,0.0,0.0,0.0,0.0,0.0,0.0,0.0,0.0,0.0,0.0,0.0,0.0,0.0,0.0,0.0,0.0,0.0,0.0,0.0,0.0,0.0,0.0,0.0,0.0,0.0,6.0,3.0,3.0,0.0,0.0,0.0,0.0,0.0,0.0,0.0,0.0,0.0,0.0,0.0,0.0,0.0,0.0,0.0,0.0,0.0,0.0,0.0,0.0,0.0,0.0,0.0,0.0,0.0
861.0,0,3168.0,Jiangxi,Limited liability company (Natural person investment or holding),1476.0,1615.68,Construction industry,2.0,2.0,0.0,0.0,0.0,0.0,3.0,7.0,9.0,0.0,0.0,0.0,0.0,0.0,0.0,0.0,0.0,0.0,0.0,0.0,0.0,0.0,0.0,0.0,0.0,0.0,0.0,0.0,0.0,0.0,0.0,0.0,0.0,0.0,0.0,0.0,0.0,0.0,0.0,0.0,0.0,0.0,0.0,0.0,0.0,0.0,0.0,0.0,0.0,0.0,0.0,0.0,0.0,8.0,0.0,0.0,0.0,0.0,0.0,0.0,0.0,0.0,0.0,0.0,0.0,0.0,0.0,0.0,0.0,0.0,0.0,0.0,0.0,0.0,0.0,0.0,0.0,0.0,0.0,0.0,0.0
862.0,0,1000.0,Jiangxi,Limited liability company (Natural person investment or holding),1017.0,3.0,Construction industry,2.0,2.0,0.0,0.0,0.0,0.0,7.0,1.0,7.0,0.0,0.0,0.0,0.0,0.0,0.0,0.0,0.0,0.0,0.0,0.0,0.0,0.0,0.0,0.0,0.0,0.0,0.0,0.0,0.0,0.0,0.0,0.0,0.0,0.0,0.0,0.0,0.0,0.0,0.0,0.0,0.0,0.0,0.0,0.0,0.0,0.0,0.0,0.0,0.0,0.0,0.0,0.0,0.0,16.0,0.0,,0.0,0.0,,7.0,0.0,,7.0,0.0,,3.0,0.0,,0.0,0.0,0.0,0.0,0.0,0.0,0.0,0.0,0.0,0.0,0.0,0.0,0.0
863.0,0,4200.0,Jiangxi,Limited liability company (Natural person investment or holding),1762.0,1601.0,Leasing and business services,3.0,3.0,0.0,0.0,4.0,5.0,1.0,4.0,6.0,0.0,0.0,0.0,0.0,0.0,0.0,0.0,0.0,0.0,0.0,0.0,0.0,0.0,0.0,0.0,0.0,0.0,0.0,0.0,0.0,0.0,0.0,0.0,0.0,0.0,0.0,0.0,0.0,0.0,0.0,0.0,0.0,0.0,0.0,0.0,0.0,0.0,0.0,0.0,0.0,0.0,0.0,1.0,2.0,17.0,0.0,0.0,17.0,0.0,0.0,17.0,0.0,0.0,17.0,0.0,0.0,17.0,0.0,0.0,0.0,0.0,0.0,0.0,0.0,0.0,0.0,0.0,0.0,0.0,0.0,0.0,0.0
864.0,0,1200.0,Jiangxi,Limited liability company (Natural person investment or holding),1603.0,0.0,Construction industry,3.0,2.0,0.0,0.0,0.0,3.0,5.0,0.0,3.0,0.0,0.0,0.0,0.0,0.0,12.0,0.0,0.0,0.0,0.0,0.0,0.0,0.0,0.0,0.0,0.0,0.0,0.0,0.0,0.0,0.0,0.0,0.0,0.0,0.0,0.0,0.0,0.0,0.0,0.0,0.0,0.0,0.0,0.0,0.0,0.0,0.0,0.0,0.0,0.0,0.0,0.0,0.0,0.0,15.0,13.0,0.0,15.0,0.0,0.0,15.0,13.0,0.0,15.0,0.0,0.0,15.0,0.0,0.0,0.0,0.0,0.0,0.0,0.0,0.0,0.0,0.0,0.0,0.0,0.0,0.0,0.0
865.0,0,2000.0,Jiangxi,Limited liability company (Natural person investment or holding),4549.0,2300.0,"Residential services, repair and other services",2.0,2.0,6.0,2.0,1.0,0.0,3.0,1.0,10.0,0.0,0.0,6.0,0.0,0.0,3.0,0.0,0.0,0.0,0.0,0.0,0.0,0.0,0.0,0.0,0.0,0.0,0.0,0.0,0.0,0.0,0.0,0.0,0.0,0.0,0.0,0.0,0.0,0.0,0.0,0.0,0.0,0.0,0.0,0.0,0.0,0.0,0.0,0.0,0.0,0.0,0.0,0.0,0.0,0.0,0.0,0.0,0.0,0.0,0.0,0.0,0.0,0.0,0.0,0.0,0.0,0.0,0.0,0.0,0.0,0.0,0.0,0.0,0.0,1.0,0.0,0.0,0.0,0.0,0.0,0.0,0.0
866.0,0,4988.0,Jiangxi,Limited liability company (Natural person investment or holding),2401.0,5000.0,Construction industry,2.0,2.0,1.0,6.0,3.0,3.0,4.0,4.0,12.0,0.0,0.0,0.0,0.0,0.0,5.0,0.0,0.0,0.0,0.0,0.0,0.0,0.0,0.0,0.0,0.0,0.0,0.0,0.0,0.0,0.0,0.0,0.0,0.0,0.0,0.0,0.0,0.0,0.0,0.0,0.0,0.0,0.0,0.0,0.0,0.0,0.0,0.0,0.0,0.0,0.0,0.0,0.0,8.0,26.0,35.0,2.0,26.0,35.0,0.0,26.0,35.0,1.0,26.0,35.0,20.0,26.0,35.0,0.0,0.0,0.0,0.0,0.0,0.0,0.0,0.0,0.0,0.0,0.0,0.0,0.0,1.0
867.0,0,2100.0,Jiangxi,Limited liability company (Natural person investment or holding),3013.0,2100.0,Construction industry,2.0,2.0,3.0,1.0,0.0,1.0,3.0,4.0,5.0,0.0,0.0,0.0,0.0,0.0,0.0,0.0,0.0,0.0,0.0,0.0,0.0,0.0,0.0,0.0,0.0,0.0,0.0,0.0,0.0,0.0,0.0,0.0,0.0,0.0,0.0,0.0,0.0,0.0,0.0,0.0,0.0,0.0,0.0,0.0,0.0,0.0,0.0,0.0,0.0,0.0,0.0,0.0,0.0,0.0,0.0,8.0,0.0,0.0,0.0,0.0,0.0,0.0,0.0,0.0,0.0,0.0,0.0,0.0,0.0,0.0,1.0,1.0,4.0,1.0,0.0,2.0,0.0,1.0,5.0,4.0,0.0
868.0,0,1000.0,Jiangxi,Limited liability company (Natural person investment or holding),1105.0,0.0,Construction industry,2.0,2.0,0.0,0.0,0.0,1.0,14.0,9.0,23.0,0.0,0.0,0.0,0.0,0.0,0.0,0.0,0.0,0.0,0.0,0.0,0.0,0.0,0.0,0.0,0.0,0.0,0.0,0.0,0.0,0.0,0.0,0.0,0.0,0.0,0.0,0.0,0.0,0.0,0.0,0.0,0.0,0.0,0.0,0.0,0.0,0.0,0.0,0.0,0.0,0.0,0.0,0.0,0.0,8.0,9.0,2.0,8.0,9.0,2.0,0.0,9.0,2.0,8.0,9.0,2.0,0.0,9.0,2.0,0.0,0.0,0.0,0.0,0.0,0.0,0.0,0.0,0.0,0.0,0.0,0.0,0.0
869.0,0,4008.0,Jiangxi,Limited liability company (Natural person investment or holding),2346.0,4008.0,Construction industry,2.0,2.0,3.0,4.0,0.0,0.0,2.0,8.0,15.0,0.0,0.0,0.0,0.0,0.0,0.0,0.0,0.0,0.0,0.0,0.0,0.0,0.0,0.0,0.0,0.0,0.0,0.0,0.0,0.0,0.0,0.0,1.0,1.0,0.0,0.0,0.0,0.0,0.0,0.0,0.0,0.0,0.0,0.0,0.0,0.0,0.0,0.0,0.0,0.0,0.0,0.0,0.0,0.0,29.0,18.0,21.0,0.0,0.0,0.0,0.0,0.0,0.0,0.0,0.0,21.0,0.0,0.0,0.0,0.0,0.0,0.0,0.0,0.0,0.0,0.0,0.0,0.0,0.0,0.0,0.0,1.0
870.0,0,1200.0,Jiangxi,Limited liability company (Natural person investment or holding),1279.0,240.0,Construction industry,4.0,2.0,0.0,0.0,0.0,6.0,0.0,2.0,3.0,0.0,0.0,0.0,0.0,0.0,0.0,0.0,0.0,0.0,0.0,0.0,0.0,0.0,0.0,0.0,0.0,0.0,0.0,0.0,0.0,0.0,0.0,0.0,0.0,0.0,0.0,0.0,0.0,0.0,0.0,0.0,0.0,0.0,0.0,0.0,0.0,0.0,0.0,0.0,0.0,0.0,0.0,0.0,0.0,0.0,0.0,0.0,0.0,0.0,0.0,0.0,0.0,0.0,0.0,0.0,0.0,0.0,0.0,0.0,0.0,0.0,0.0,0.0,0.0,0.0,0.0,0.0,0.0,0.0,0.0,0.0,0.0
871.0,0,1200.0,Jiangxi,Limited liability company (Natural person investment or holding),999.0,8.4,Construction industry,3.0,2.0,0.0,0.0,0.0,3.0,0.0,1.0,1.0,0.0,0.0,0.0,0.0,0.0,0.0,0.0,0.0,0.0,0.0,0.0,0.0,0.0,0.0,0.0,0.0,0.0,0.0,0.0,0.0,0.0,0.0,0.0,0.0,0.0,0.0,0.0,0.0,0.0,0.0,0.0,0.0,0.0,0.0,0.0,0.0,0.0,0.0,0.0,0.0,0.0,0.0,0.0,0.0,11.0,8.0,0.0,0.0,0.0,0.0,2.0,2.0,0.0,2.0,2.0,0.0,0.0,2.0,0.0,0.0,0.0,0.0,0.0,0.0,0.0,0.0,0.0,0.0,0.0,0.0,0.0,0.0
872.0,0,4800.0,Jiangxi,Limited liability company (Natural person investment or holding),3088.0,350.0,Leasing and business services,2.0,2.0,4.0,1.0,3.0,6.0,4.0,4.0,19.0,0.0,0.0,0.0,0.0,0.0,3.0,0.0,0.0,0.0,0.0,0.0,0.0,0.0,0.0,0.0,0.0,0.0,0.0,0.0,1.0,0.0,0.0,0.0,0.0,0.0,0.0,0.0,0.0,0.0,0.0,0.0,0.0,0.0,0.0,0.0,0.0,0.0,0.0,0.0,0.0,0.0,0.0,0.0,0.0,2.0,0.0,0.0,0.0,0.0,0.0,0.0,0.0,0.0,0.0,0.0,0.0,0.0,0.0,0.0,0.0,0.0,1.0,1.0,1.0,0.0,0.0,1.0,0.0,2.0,0.0,3.0,1.0
873.0,0,4000.0,Jiangxi,Limited liability company (Natural person investment or holding),2195.0,0.0,Construction industry,2.0,2.0,2.0,5.0,3.0,8.0,3.0,1.0,1.0,0.0,0.0,0.0,0.0,0.0,0.0,0.0,0.0,0.0,0.0,0.0,0.0,0.0,0.0,0.0,0.0,0.0,0.0,0.0,0.0,0.0,0.0,0.0,0.0,0.0,0.0,0.0,0.0,0.0,0.0,0.0,0.0,0.0,0.0,0.0,0.0,0.0,0.0,0.0,0.0,0.0,0.0,0.0,0.0,25.0,7.0,0.0,0.0,0.0,0.0,0.0,0.0,0.0,0.0,0.0,0.0,0.0,0.0,0.0,0.0,0.0,0.0,0.0,0.0,1.0,0.0,0.0,0.0,0.0,0.0,0.0,2.0
874.0,0,2080.0,Jiangxi,Limited liability company (Natural person investment or holding),7107.0,2080.0,Construction industry,2.0,2.0,4.0,4.0,0.0,1.0,2.0,1.0,2.0,0.0,0.0,0.0,0.0,0.0,0.0,0.0,0.0,0.0,0.0,0.0,0.0,0.0,0.0,0.0,0.0,0.0,0.0,0.0,0.0,0.0,0.0,0.0,0.0,0.0,0.0,0.0,0.0,0.0,0.0,0.0,0.0,0.0,0.0,0.0,0.0,0.0,0.0,0.0,0.0,0.0,0.0,0.0,0.0,10.0,0.0,0.0,10.0,0.0,0.0,10.0,0.0,0.0,10.0,0.0,0.0,10.0,0.0,0.0,0.0,0.0,0.0,0.0,0.0,0.0,0.0,0.0,0.0,0.0,0.0,0.0,0.0
875.0,0,1000.0,Jiangxi,Limited liability company (Natural person investment or holding),2817.0,600.0,Construction industry,3.0,2.0,6.0,0.0,0.0,0.0,4.0,6.0,3.0,0.0,0.0,0.0,0.0,0.0,0.0,0.0,0.0,0.0,0.0,0.0,0.0,0.0,0.0,0.0,0.0,0.0,0.0,0.0,0.0,0.0,0.0,0.0,0.0,0.0,0.0,0.0,0.0,0.0,0.0,0.0,0.0,0.0,0.0,0.0,0.0,0.0,0.0,0.0,0.0,0.0,0.0,0.0,0.0,6.0,6.0,0.0,0.0,0.0,0.0,0.0,0.0,0.0,0.0,0.0,0.0,0.0,0.0,0.0,0.0,0.0,0.0,0.0,0.0,0.0,0.0,0.0,0.0,0.0,0.0,0.0,0.0
876.0,0,2400.0,Guandong,Limited liability company (Natural person investment or holding),4265.0,2400.0,Construction industry,3.0,2.0,5.0,0.0,0.0,0.0,0.0,0.0,,0.0,0.0,2.0,0.0,0.0,0.0,0.0,0.0,0.0,0.0,0.0,0.0,0.0,0.0,0.0,0.0,0.0,0.0,0.0,0.0,0.0,0.0,0.0,0.0,0.0,0.0,0.0,0.0,0.0,0.0,0.0,0.0,0.0,0.0,0.0,0.0,0.0,0.0,0.0,0.0,0.0,0.0,0.0,0.0,0.0,0.0,0.0,0.0,0.0,0.0,0.0,0.0,0.0,0.0,0.0,0.0,0.0,0.0,0.0,0.0,0.0,0.0,0.0,0.0,0.0,0.0,0.0,0.0,0.0,0.0,0.0,0.0
877.0,0,5000.0,Shaanxi,Limited liability company (Natural person investment or holding),2037.0,1340.0,Construction industry,2.0,2.0,2.0,0.0,4.0,0.0,7.0,0.0,,0.0,0.0,0.0,12.0,0.0,0.0,0.0,0.0,0.0,0.0,0.0,0.0,0.0,0.0,0.0,0.0,0.0,0.0,0.0,0.0,0.0,0.0,0.0,0.0,0.0,0.0,0.0,0.0,0.0,0.0,0.0,6.0,0.0,0.0,0.0,0.0,0.0,0.0,0.0,0.0,0.0,0.0,0.0,0.0,25.0,11.0,1.0,0.0,0.0,0.0,0.0,0.0,0.0,0.0,0.0,0.0,0.0,0.0,0.0,0.0,0.0,0.0,1.0,1.0,0.0,0.0,0.0,0.0,0.0,0.0,0.0,1.0
878.0,0,2016.2,Jiangxi,Ownership by the whole people,10093.0,0.0,Construction industry,,1.0,0.0,1.0,0.0,0.0,0.0,0.0,2.0,0.0,0.0,0.0,0.0,0.0,1.0,0.0,0.0,1.0,0.0,0.0,0.0,0.0,0.0,0.0,0.0,0.0,0.0,0.0,0.0,0.0,0.0,0.0,0.0,0.0,0.0,0.0,0.0,0.0,0.0,2.0,0.0,0.0,0.0,0.0,0.0,0.0,0.0,0.0,0.0,0.0,0.0,0.0,3.0,20.0,16.0,15.0,0.0,0.0,0.0,0.0,0.0,0.0,0.0,0.0,0.0,0.0,0.0,0.0,0.0,0.0,0.0,0.0,0.0,0.0,0.0,0.0,1.0,0.0,0.0,0.0,0.0
879.0,0,5000.0,Shanxi,Limited liability company (Natural person investment or holding),6307.0,3000.0,Leasing and business services,2.0,2.0,0.0,0.0,4.0,0.0,0.0,0.0,,0.0,1.0,1.0,0.0,0.0,0.0,1.0,0.0,0.0,0.0,0.0,0.0,0.0,0.0,0.0,0.0,0.0,0.0,0.0,0.0,0.0,0.0,0.0,0.0,0.0,0.0,0.0,0.0,0.0,0.0,0.0,0.0,0.0,0.0,0.0,0.0,0.0,0.0,0.0,0.0,0.0,0.0,0.0,0.0,38.0,39.0,24.0,38.0,39.0,24.0,39.0,39.0,24.0,38.0,39.0,24.0,0.0,39.0,24.0,0.0,0.0,3.0,5.0,0.0,2.0,0.0,0.0,0.0,2.0,1.0,0.0,1.0
880.0,0,801.0,Henan,Limited liability company (Natural person investment or holding),2021.0,801.0,Construction industry,2.0,2.0,0.0,8.0,0.0,0.0,0.0,2.0,,0.0,1.0,0.0,0.0,0.0,0.0,0.0,0.0,0.0,0.0,0.0,0.0,0.0,0.0,0.0,0.0,0.0,0.0,0.0,0.0,0.0,0.0,0.0,0.0,0.0,0.0,0.0,0.0,0.0,0.0,0.0,0.0,0.0,0.0,0.0,0.0,0.0,0.0,0.0,0.0,0.0,0.0,0.0,0.0,0.0,0.0,0.0,0.0,0.0,0.0,0.0,0.0,0.0,0.0,0.0,0.0,0.0,0.0,0.0,0.0,0.0,0.0,0.0,0.0,0.0,0.0,0.0,0.0,0.0,0.0,0.0,0.0
881.0,0,1000.0,Zhejiang,Limited liability company (Natural person investment or holding),1021.0,0.0,Construction industry,3.0,2.0,0.0,0.0,0.0,4.0,0.0,0.0,,0.0,0.0,0.0,0.0,0.0,0.0,0.0,0.0,0.0,0.0,0.0,0.0,0.0,0.0,0.0,0.0,0.0,0.0,0.0,0.0,0.0,0.0,0.0,0.0,0.0,0.0,0.0,0.0,0.0,0.0,0.0,0.0,0.0,0.0,0.0,0.0,0.0,0.0,0.0,0.0,0.0,0.0,0.0,0.0,29.0,34.0,0.0,29.0,34.0,0.0,29.0,34.0,0.0,29.0,34.0,0.0,29.0,34.0,0.0,0.0,0.0,0.0,0.0,0.0,0.0,0.0,0.0,0.0,0.0,0.0,0.0,1.0
882.0,0,2000.0,Zhejiang,Limited liability company (sole proprietorship of natural person),1754.0,605.5,Scientific research and technology services,1.0,2.0,0.0,0.0,1.0,0.0,5.0,0.0,,0.0,0.0,3.0,3.0,0.0,3.0,0.0,0.0,0.0,0.0,0.0,0.0,0.0,0.0,0.0,0.0,0.0,0.0,0.0,0.0,0.0,0.0,0.0,0.0,0.0,0.0,0.0,0.0,0.0,0.0,0.0,0.0,0.0,0.0,0.0,0.0,0.0,0.0,0.0,0.0,0.0,0.0,0.0,0.0,35.0,55.0,30.0,35.0,55.0,30.0,35.0,55.0,30.0,35.0,55.0,30.0,0.0,0.0,30.0,0.0,0.0,0.0,0.0,0.0,0.0,0.0,0.0,0.0,0.0,0.0,0.0,0.0
883.0,0,2077.0,Zhejiang,Limited liability company (Natural person investment or holding),3777.0,700.0,Construction industry,2.0,2.0,6.0,0.0,0.0,0.0,3.0,3.0,,0.0,0.0,0.0,0.0,0.0,0.0,0.0,0.0,0.0,0.0,0.0,0.0,0.0,0.0,0.0,0.0,0.0,0.0,0.0,0.0,0.0,0.0,0.0,0.0,0.0,0.0,0.0,0.0,2.0,0.0,2.0,0.0,0.0,0.0,0.0,0.0,0.0,0.0,0.0,0.0,0.0,0.0,0.0,0.0,28.0,23.0,28.0,28.0,23.0,28.0,28.0,23.0,28.0,28.0,23.0,28.0,28.0,23.0,28.0,0.0,0.0,0.0,2.0,0.0,0.0,3.0,0.0,1.0,0.0,0.0,0.0,3.0
884.0,0,26000.0,Jiangsu,Limited liability company (sole proprietorship of natural person),2522.0,26000.0,Construction industry,1.0,2.0,10.0,2.0,2.0,5.0,1.0,3.0,4.0,0.0,0.0,0.0,0.0,0.0,0.0,0.0,0.0,0.0,0.0,0.0,0.0,0.0,0.0,0.0,0.0,0.0,0.0,0.0,0.0,0.0,0.0,0.0,0.0,0.0,0.0,0.0,0.0,0.0,0.0,0.0,0.0,0.0,0.0,0.0,0.0,0.0,0.0,0.0,0.0,0.0,0.0,0.0,0.0,25.0,33.0,32.0,25.0,33.0,32.0,25.0,33.0,32.0,25.0,33.0,32.0,25.0,33.0,32.0,0.0,0.0,3.0,0.0,0.0,0.0,0.0,2.0,2.0,0.0,0.0,0.0,0.0
885.0,0,1200.0,Shandong,Limited liability company (Natural person investment or holding),1159.0,10.0,Construction industry,3.0,2.0,0.0,0.0,0.0,1.0,4.0,0.0,,0.0,0.0,0.0,0.0,0.0,0.0,0.0,0.0,0.0,0.0,0.0,0.0,0.0,0.0,0.0,0.0,0.0,0.0,0.0,0.0,0.0,0.0,0.0,0.0,0.0,0.0,0.0,0.0,0.0,0.0,0.0,0.0,0.0,0.0,0.0,0.0,0.0,0.0,0.0,0.0,0.0,0.0,0.0,0.0,0.0,0.0,0.0,0.0,0.0,0.0,0.0,0.0,0.0,0.0,0.0,0.0,0.0,0.0,0.0,0.0,0.0,0.0,0.0,0.0,0.0,0.0,0.0,0.0,0.0,0.0,0.0,0.0
886.0,0,8000.0,Hunan,Limited liability company (Natural person investment or holding),16328.0,2168.0,Construction industry,3.0,2.0,2.0,0.0,6.0,2.0,7.0,0.0,21.0,0.0,0.0,0.0,0.0,0.0,0.0,0.0,0.0,0.0,1.0,1.0,0.0,0.0,0.0,0.0,0.0,0.0,0.0,0.0,0.0,1.0,0.0,0.0,0.0,0.0,0.0,0.0,0.0,0.0,0.0,0.0,0.0,0.0,0.0,0.0,0.0,0.0,0.0,0.0,0.0,0.0,0.0,0.0,0.0,31.0,30.0,24.0,11.0,11.0,6.0,0.0,0.0,0.0,32.0,34.0,30.0,0.0,0.0,0.0,0.0,0.0,0.0,0.0,3.0,15.0,0.0,2.0,1.0,0.0,3.0,0.0,2.0
887.0,0,1000.0,Sichuan,Limited liability company (sole proprietorship of natural person),1152.0,0.0,Construction industry,1.0,2.0,0.0,0.0,0.0,9.0,2.0,0.0,1.0,0.0,0.0,0.0,0.0,0.0,9.0,0.0,0.0,0.0,0.0,0.0,0.0,0.0,0.0,0.0,0.0,0.0,0.0,0.0,0.0,0.0,0.0,0.0,0.0,0.0,0.0,0.0,0.0,0.0,0.0,0.0,0.0,0.0,0.0,0.0,0.0,0.0,0.0,0.0,0.0,0.0,0.0,0.0,0.0,25.0,5.0,0.0,25.0,5.0,0.0,25.0,5.0,0.0,25.0,5.0,0.0,25.0,5.0,0.0,0.0,0.0,0.0,0.0,0.0,0.0,0.0,0.0,0.0,0.0,0.0,0.0,0.0
888.0,0,1000.0,Sichuan,Limited liability company (Natural person investment or holding),1588.0,402.849407,Construction industry,3.0,3.0,0.0,0.0,6.0,17.0,1.0,6.0,2.0,0.0,0.0,0.0,0.0,0.0,3.0,0.0,0.0,0.0,0.0,0.0,0.0,0.0,0.0,0.0,0.0,0.0,0.0,0.0,0.0,0.0,0.0,0.0,0.0,0.0,0.0,0.0,0.0,0.0,0.0,0.0,0.0,0.0,0.0,0.0,0.0,0.0,0.0,0.0,0.0,0.0,0.0,0.0,0.0,21.0,3.0,3.0,21.0,3.0,3.0,21.0,3.0,3.0,21.0,3.0,3.0,21.0,3.0,3.0,0.0,0.0,0.0,0.0,0.0,0.0,0.0,0.0,0.0,0.0,0.0,0.0,0.0
889.0,0,5100.0,Shandong,Limited liability company (Natural person investment or holding),2989.0,600.0,Construction industry,3.0,2.0,7.0,15.0,0.0,19.0,0.0,5.0,2.0,0.0,0.0,0.0,0.0,0.0,0.0,0.0,0.0,0.0,0.0,0.0,0.0,0.0,0.0,0.0,0.0,0.0,0.0,0.0,0.0,0.0,0.0,0.0,1.0,0.0,0.0,0.0,0.0,0.0,0.0,0.0,0.0,0.0,0.0,0.0,0.0,0.0,0.0,0.0,0.0,0.0,0.0,0.0,0.0,57.0,36.0,28.0,57.0,36.0,28.0,57.0,36.0,28.0,57.0,36.0,28.0,57.0,36.0,28.0,0.0,0.0,0.0,0.0,0.0,0.0,0.0,0.0,0.0,0.0,0.0,1.0,0.0
890.0,0,5006.0,Shandong,Limited liability company (Natural person investment or holding),3172.0,500.0,Wholesale and retail,2.0,2.0,9.0,5.0,0.0,0.0,0.0,3.0,1.0,0.0,0.0,0.0,0.0,0.0,1.0,0.0,0.0,0.0,0.0,0.0,0.0,0.0,0.0,0.0,0.0,0.0,0.0,0.0,0.0,0.0,0.0,0.0,0.0,0.0,0.0,0.0,0.0,0.0,0.0,0.0,0.0,0.0,0.0,0.0,0.0,0.0,0.0,0.0,0.0,0.0,0.0,0.0,0.0,0.0,0.0,8.0,0.0,0.0,8.0,0.0,0.0,8.0,0.0,0.0,8.0,0.0,0.0,8.0,0.0,0.0,0.0,0.0,0.0,0.0,0.0,0.0,0.0,0.0,0.0,0.0,1.0
891.0,0,10200.0,Shandong,Limited liability company (Natural person investment or holding),4192.0,3330.0,Construction industry,3.0,2.0,4.0,0.0,2.0,2.0,3.0,0.0,10.0,0.0,0.0,1.0,0.0,0.0,0.0,0.0,0.0,0.0,0.0,0.0,0.0,0.0,0.0,0.0,0.0,0.0,0.0,0.0,0.0,0.0,0.0,0.0,0.0,0.0,0.0,0.0,0.0,0.0,0.0,0.0,0.0,0.0,0.0,0.0,0.0,0.0,0.0,0.0,0.0,0.0,0.0,0.0,0.0,0.0,0.0,0.0,0.0,0.0,0.0,0.0,0.0,0.0,0.0,0.0,0.0,0.0,0.0,0.0,0.0,4.0,3.0,3.0,4.0,2.0,0.0,2.0,1.0,0.0,1.0,0.0,3.0
892.0,0,5000.0,Guangxi,Limited liability company (Natural person investment or holding),1495.0,1000.0,Construction industry,14.0,2.0,0.0,0.0,2.0,0.0,2.0,2.0,,0.0,0.0,0.0,0.0,2.0,0.0,0.0,0.0,0.0,0.0,0.0,0.0,0.0,0.0,0.0,0.0,0.0,0.0,0.0,0.0,0.0,0.0,0.0,0.0,0.0,0.0,0.0,0.0,0.0,0.0,0.0,0.0,0.0,0.0,0.0,0.0,0.0,0.0,0.0,0.0,0.0,0.0,0.0,0.0,40.0,23.0,20.0,40.0,23.0,20.0,40.0,23.0,20.0,40.0,23.0,20.0,40.0,23.0,20.0,0.0,0.0,0.0,0.0,0.0,0.0,0.0,0.0,0.0,0.0,0.0,0.0,1.0
893.0,0,500.0,Guangxi,Limited liability company (sole proprietorship of natural person),3486.0,100.0,Wholesale and retail,1.0,2.0,8.0,1.0,0.0,6.0,0.0,2.0,,0.0,0.0,0.0,0.0,0.0,0.0,0.0,0.0,0.0,0.0,0.0,0.0,0.0,0.0,0.0,0.0,0.0,0.0,0.0,0.0,0.0,0.0,0.0,0.0,0.0,0.0,0.0,0.0,0.0,0.0,0.0,0.0,0.0,0.0,0.0,0.0,0.0,0.0,0.0,0.0,0.0,0.0,0.0,0.0,7.0,7.0,7.0,7.0,7.0,7.0,7.0,7.0,7.0,7.0,7.0,7.0,7.0,7.0,7.0,0.0,0.0,0.0,0.0,0.0,0.0,0.0,0.0,0.0,0.0,0.0,0.0,3.0
894.0,0,5700.0,Anhui,Limited liability company (Natural person investment or holding),4677.0,2560.0,Construction industry,7.0,2.0,6.0,0.0,0.0,0.0,0.0,0.0,,0.0,4.0,2.0,0.0,0.0,0.0,0.0,0.0,0.0,0.0,0.0,0.0,0.0,0.0,0.0,0.0,0.0,0.0,0.0,0.0,0.0,0.0,0.0,0.0,0.0,0.0,0.0,0.0,0.0,0.0,0.0,0.0,0.0,0.0,0.0,0.0,0.0,0.0,0.0,0.0,0.0,0.0,0.0,0.0,8.0,8.0,7.0,8.0,8.0,7.0,8.0,8.0,7.0,8.0,8.0,7.0,8.0,8.0,7.0,0.0,0.0,1.0,1.0,0.0,1.0,1.0,0.0,0.0,0.0,0.0,2.0,0.0
895.0,0,800.0,Jilin,Limited liability company (Natural person investment or holding),5222.0,600.0,Construction industry,4.0,2.0,0.0,4.0,0.0,0.0,0.0,0.0,,0.0,1.0,0.0,0.0,0.0,0.0,0.0,0.0,0.0,0.0,0.0,0.0,0.0,0.0,0.0,0.0,0.0,0.0,0.0,0.0,0.0,0.0,0.0,0.0,0.0,0.0,0.0,0.0,0.0,0.0,0.0,0.0,0.0,0.0,0.0,0.0,0.0,0.0,0.0,0.0,0.0,0.0,0.0,0.0,18.0,18.0,23.0,18.0,18.0,23.0,18.0,23.0,23.0,18.0,18.0,23.0,18.0,18.0,23.0,0.0,0.0,0.0,0.0,1.0,0.0,0.0,0.0,0.0,0.0,1.0,0.0,3.0
896.0,0,100.0,Fujian,Limited liability company (sole proprietorship of natural person),1508.0,50.0,Construction industry,1.0,2.0,0.0,0.0,3.0,2.0,2.0,1.0,,0.0,0.0,0.0,0.0,0.0,2.0,0.0,0.0,0.0,0.0,0.0,0.0,0.0,0.0,0.0,0.0,0.0,0.0,0.0,0.0,0.0,0.0,0.0,0.0,0.0,0.0,0.0,0.0,0.0,0.0,0.0,0.0,0.0,0.0,0.0,0.0,0.0,0.0,0.0,0.0,0.0,0.0,0.0,0.0,12.0,4.0,4.0,12.0,4.0,4.0,12.0,4.0,4.0,12.0,4.0,4.0,12.0,4.0,4.0,0.0,0.0,0.0,0.0,0.0,0.0,0.0,0.0,0.0,0.0,0.0,0.0,0.0
897.0,0,3000.0,Sichuan,Other limited liability companies,1120.0,0.0,Construction industry,2.0,3.0,0.0,0.0,0.0,0.0,4.0,2.0,1.0,0.0,0.0,0.0,0.0,0.0,16.0,0.0,0.0,0.0,0.0,0.0,0.0,0.0,0.0,0.0,0.0,0.0,0.0,0.0,0.0,0.0,0.0,0.0,0.0,0.0,0.0,0.0,0.0,0.0,0.0,0.0,0.0,0.0,0.0,0.0,0.0,0.0,0.0,0.0,0.0,0.0,0.0,0.0,0.0,14.0,10.0,2.0,14.0,10.0,2.0,14.0,10.0,2.0,14.0,10.0,2.0,14.0,10.0,2.0,0.0,0.0,0.0,0.0,0.0,0.0,0.0,0.0,0.0,0.0,0.0,0.0,0.0
898.0,0,5000.0,Sichuan,Limited liability company (sole proprietorship of natural person),1637.0,0.0,Construction industry,1.0,2.0,0.0,3.0,7.0,3.0,3.0,0.0,,0.0,0.0,0.0,0.0,0.0,0.0,0.0,0.0,0.0,0.0,0.0,0.0,0.0,0.0,0.0,0.0,0.0,0.0,0.0,0.0,0.0,0.0,0.0,0.0,0.0,0.0,0.0,0.0,0.0,0.0,0.0,0.0,0.0,0.0,0.0,0.0,0.0,0.0,0.0,0.0,0.0,0.0,0.0,0.0,7.0,7.0,3.0,7.0,7.0,3.0,7.0,7.0,3.0,7.0,7.0,3.0,7.0,7.0,3.0,0.0,0.0,0.0,0.0,0.0,0.0,0.0,0.0,0.0,0.0,0.0,0.0,0.0
899.0,0,9900.0,Sichuan,Limited liability company (Natural person investment or holding),4050.0,0.0,Construction industry,2.0,2.0,34.0,7.0,3.0,0.0,0.0,3.0,7.0,0.0,0.0,0.0,0.0,0.0,16.0,1.0,0.0,3.0,8.0,2.0,0.0,0.0,0.0,0.0,0.0,0.0,0.0,0.0,0.0,0.0,0.0,0.0,0.0,0.0,0.0,0.0,0.0,0.0,0.0,0.0,0.0,0.0,0.0,0.0,0.0,0.0,0.0,0.0,0.0,0.0,0.0,0.0,0.0,32.0,32.0,30.0,32.0,32.0,30.0,32.0,32.0,30.0,32.0,32.0,30.0,32.0,32.0,30.0,0.0,0.0,0.0,0.0,0.0,94.0,2.0,0.0,1.0,6.0,3.0,5.0,1.0
900.0,0,4000.0,Yunnan,Limited liability company (sole proprietorship of legal person invested or controlled by non natural person),3200.0,510.0,Real estate,1.0,2.0,6.0,3.0,11.0,7.0,2.0,0.0,,0.0,0.0,0.0,0.0,0.0,0.0,0.0,0.0,0.0,0.0,0.0,0.0,0.0,0.0,0.0,0.0,0.0,0.0,0.0,0.0,0.0,0.0,0.0,0.0,0.0,0.0,0.0,0.0,0.0,0.0,0.0,0.0,0.0,0.0,0.0,0.0,0.0,0.0,0.0,0.0,0.0,0.0,0.0,0.0,0.0,6.0,0.0,0.0,6.0,0.0,0.0,6.0,0.0,0.0,6.0,0.0,0.0,6.0,0.0,0.0,0.0,0.0,0.0,0.0,0.0,0.0,0.0,0.0,0.0,0.0,0.0,0.0
901.0,0,1100.0,Henan,Limited liability company (sole proprietorship of natural person),1210.0,406.0,Construction industry,1.0,2.0,0.0,0.0,1.0,0.0,0.0,5.0,4.0,0.0,0.0,0.0,3.0,0.0,0.0,0.0,0.0,0.0,0.0,0.0,0.0,0.0,0.0,0.0,0.0,0.0,0.0,0.0,0.0,0.0,0.0,0.0,0.0,0.0,0.0,0.0,0.0,0.0,0.0,0.0,0.0,0.0,0.0,0.0,0.0,0.0,0.0,0.0,0.0,0.0,0.0,0.0,0.0,13.0,20.0,0.0,13.0,20.0,0.0,13.0,20.0,0.0,13.0,20.0,0.0,13.0,20.0,0.0,0.0,0.0,0.0,0.0,0.0,0.0,0.0,0.0,0.0,0.0,0.0,0.0,0.0
902.0,0,5600.0,Guangxi,Limited liability company (sole proprietorship of legal person invested or controlled by natural person),788.0,0.0,Construction industry,1.0,4.0,0.0,0.0,0.0,0.0,6.0,3.0,2.0,0.0,0.0,0.0,0.0,0.0,0.0,0.0,0.0,0.0,0.0,0.0,0.0,0.0,0.0,0.0,0.0,0.0,0.0,0.0,0.0,0.0,0.0,0.0,0.0,0.0,0.0,0.0,0.0,0.0,0.0,0.0,0.0,0.0,0.0,0.0,0.0,0.0,0.0,0.0,0.0,0.0,0.0,0.0,0.0,0.0,0.0,,0.0,0.0,,0.0,0.0,,0.0,0.0,,0.0,0.0,,0.0,0.0,0.0,0.0,0.0,0.0,0.0,0.0,0.0,0.0,0.0,0.0,0.0
903.0,0,4000.0,Sichuan,Limited liability company (Natural person investment or holding),2211.0,1952.7949,Construction industry,2.0,3.0,2.0,0.0,14.0,2.0,0.0,5.0,,0.0,0.0,0.0,0.0,0.0,9.0,0.0,0.0,0.0,0.0,0.0,0.0,0.0,0.0,0.0,0.0,0.0,0.0,0.0,0.0,0.0,0.0,0.0,0.0,0.0,0.0,0.0,0.0,0.0,0.0,0.0,0.0,0.0,0.0,0.0,0.0,0.0,0.0,0.0,0.0,0.0,0.0,0.0,0.0,20.0,15.0,19.0,20.0,15.0,19.0,20.0,15.0,19.0,20.0,15.0,19.0,20.0,15.0,19.0,0.0,0.0,0.0,1.0,1.0,0.0,0.0,0.0,0.0,0.0,0.0,0.0,0.0
904.0,0,1200.0,Anhui,Limited liability company (sole proprietorship of natural person),1259.0,900.0,Construction industry,1.0,3.0,0.0,0.0,0.0,2.0,2.0,0.0,,0.0,0.0,0.0,3.0,0.0,0.0,0.0,0.0,0.0,0.0,0.0,0.0,0.0,0.0,0.0,0.0,0.0,0.0,0.0,0.0,0.0,0.0,0.0,0.0,2.0,0.0,0.0,0.0,0.0,0.0,0.0,0.0,0.0,0.0,0.0,0.0,0.0,0.0,0.0,0.0,0.0,0.0,0.0,0.0,13.0,6.0,0.0,13.0,6.0,0.0,11.0,6.0,0.0,13.0,6.0,0.0,13.0,6.0,0.0,0.0,0.0,0.0,0.0,0.0,0.0,0.0,0.0,0.0,0.0,0.0,0.0,0.0
905.0,0,4880.0,Anhui,Limited liability company (sole proprietorship of natural person),1164.0,1200.0,Construction industry,1.0,3.0,0.0,0.0,1.0,9.0,2.0,7.0,,0.0,0.0,0.0,0.0,0.0,0.0,0.0,0.0,0.0,0.0,0.0,0.0,0.0,0.0,0.0,0.0,0.0,0.0,0.0,0.0,0.0,0.0,0.0,0.0,0.0,0.0,0.0,0.0,0.0,0.0,0.0,0.0,0.0,0.0,0.0,0.0,0.0,0.0,0.0,0.0,0.0,0.0,0.0,0.0,10.0,3.0,0.0,10.0,3.0,0.0,8.0,3.0,0.0,58.0,3.0,0.0,0.0,3.0,0.0,0.0,0.0,0.0,0.0,0.0,0.0,0.0,0.0,0.0,0.0,0.0,0.0,0.0
906.0,0,1000.0,Anhui,Limited liability company (Natural person investment or holding),1369.0,1000.0,Construction industry,3.0,3.0,0.0,0.0,9.0,8.0,4.0,0.0,,0.0,0.0,0.0,5.0,0.0,0.0,0.0,0.0,0.0,0.0,0.0,0.0,0.0,0.0,0.0,0.0,0.0,0.0,0.0,0.0,0.0,0.0,0.0,0.0,0.0,0.0,0.0,0.0,0.0,0.0,0.0,5.0,0.0,0.0,0.0,0.0,0.0,0.0,0.0,0.0,0.0,0.0,0.0,0.0,12.0,9.0,5.0,12.0,9.0,5.0,12.0,9.0,5.0,12.0,9.0,5.0,12.0,9.0,5.0,0.0,0.0,0.0,0.0,0.0,0.0,0.0,0.0,0.0,0.0,0.0,0.0,0.0
907.0,0,3118.0,Jiangsu,Limited liability company (Natural person investment or holding),3059.0,100.0,Construction industry,3.0,2.0,0.0,5.0,0.0,1.0,0.0,0.0,3.0,0.0,0.0,0.0,0.0,0.0,0.0,0.0,0.0,0.0,0.0,0.0,0.0,0.0,0.0,0.0,0.0,0.0,0.0,0.0,1.0,0.0,0.0,0.0,0.0,0.0,0.0,0.0,0.0,0.0,0.0,0.0,0.0,0.0,0.0,0.0,0.0,0.0,0.0,0.0,0.0,0.0,0.0,0.0,0.0,26.0,20.0,8.0,26.0,20.0,8.0,26.0,20.0,8.0,26.0,20.0,8.0,26.0,20.0,8.0,0.0,0.0,0.0,0.0,0.0,0.0,0.0,0.0,0.0,0.0,0.0,0.0,1.0
908.0,0,1500.0,Jiangsu,Limited liability company (Natural person investment or holding),747.0,558.8145,Construction industry,2.0,2.0,0.0,0.0,0.0,0.0,5.0,0.0,,0.0,0.0,0.0,0.0,0.0,0.0,0.0,0.0,0.0,0.0,0.0,0.0,0.0,0.0,0.0,0.0,0.0,0.0,0.0,0.0,0.0,0.0,0.0,0.0,0.0,0.0,0.0,0.0,0.0,0.0,0.0,0.0,0.0,0.0,0.0,0.0,0.0,0.0,0.0,0.0,0.0,0.0,0.0,0.0,29.0,19.0,,29.0,19.0,,29.0,19.0,,29.0,19.0,,29.0,19.0,,0.0,0.0,0.0,0.0,0.0,0.0,0.0,0.0,0.0,0.0,0.0,0.0,0.0
909.0,0,5000.0,Jiangsu,Limited liability company (sole proprietorship of natural person),2543.0,1010.0,Construction industry,1.0,2.0,0.0,3.0,1.0,5.0,0.0,0.0,2.0,0.0,0.0,0.0,0.0,0.0,0.0,0.0,0.0,0.0,0.0,0.0,0.0,0.0,0.0,0.0,0.0,0.0,0.0,0.0,0.0,0.0,0.0,0.0,0.0,0.0,0.0,0.0,0.0,0.0,0.0,0.0,0.0,0.0,0.0,0.0,0.0,0.0,0.0,0.0,0.0,0.0,0.0,0.0,0.0,16.0,19.0,18.0,16.0,19.0,18.0,16.0,19.0,18.0,16.0,19.0,18.0,16.0,19.0,18.0,0.0,0.0,0.0,0.0,0.0,0.0,0.0,0.0,0.0,0.0,0.0,1.0,1.0
910.0,0,800.0,Jiangsu,Limited liability company (Natural person investment or holding),3248.0,800.0,Construction industry,2.0,2.0,2.0,0.0,0.0,0.0,0.0,2.0,1.0,0.0,0.0,0.0,0.0,0.0,3.0,0.0,0.0,0.0,0.0,0.0,0.0,0.0,0.0,0.0,0.0,0.0,0.0,0.0,0.0,0.0,0.0,0.0,0.0,0.0,0.0,0.0,0.0,0.0,0.0,0.0,0.0,0.0,0.0,0.0,0.0,0.0,0.0,0.0,0.0,0.0,0.0,0.0,0.0,17.0,18.0,17.0,17.0,18.0,17.0,17.0,18.0,17.0,17.0,18.0,17.0,17.0,18.0,17.0,0.0,0.0,0.0,0.0,0.0,0.0,0.0,0.0,0.0,0.0,0.0,0.0,0.0
911.0,0,4890.0,Jiangsu,Limited liability company (Natural person investment or holding),2540.0,600.0,Construction industry,2.0,2.0,1.0,0.0,2.0,2.0,0.0,2.0,4.0,0.0,0.0,0.0,0.0,0.0,0.0,0.0,0.0,0.0,0.0,0.0,0.0,0.0,0.0,0.0,0.0,0.0,0.0,0.0,0.0,0.0,0.0,0.0,0.0,0.0,0.0,0.0,0.0,0.0,0.0,0.0,0.0,0.0,0.0,0.0,0.0,0.0,0.0,0.0,0.0,0.0,0.0,0.0,0.0,13.0,20.0,9.0,13.0,20.0,9.0,13.0,20.0,9.0,13.0,20.0,9.0,13.0,20.0,9.0,0.0,0.0,0.0,0.0,0.0,0.0,0.0,0.0,0.0,0.0,1.0,2.0,0.0
912.0,0,4000.0,Jiangsu,Limited liability company (Natural person investment or holding),3445.0,601.0,Construction industry,2.0,2.0,2.0,1.0,0.0,7.0,2.0,0.0,,0.0,0.0,0.0,0.0,0.0,1.0,0.0,0.0,0.0,0.0,0.0,0.0,0.0,0.0,0.0,0.0,0.0,1.0,0.0,0.0,0.0,0.0,0.0,0.0,0.0,0.0,0.0,0.0,0.0,0.0,0.0,0.0,0.0,0.0,0.0,0.0,0.0,0.0,0.0,0.0,0.0,0.0,0.0,0.0,28.0,23.0,20.0,28.0,23.0,20.0,28.0,23.0,20.0,28.0,23.0,20.0,28.0,23.0,20.0,0.0,0.0,1.0,0.0,0.0,4.0,0.0,1.0,0.0,0.0,1.0,3.0,0.0
913.0,1,2816.0,Jiangsu,Limited liability company (Natural person investment or holding),2685.0,1000.0,Construction industry,2.0,2.0,2.0,1.0,0.0,3.0,2.0,0.0,2.0,0.0,0.0,0.0,0.0,3.0,0.0,0.0,0.0,0.0,0.0,0.0,0.0,0.0,0.0,0.0,0.0,0.0,0.0,0.0,0.0,0.0,0.0,0.0,0.0,0.0,0.0,0.0,0.0,0.0,0.0,0.0,0.0,0.0,0.0,0.0,0.0,0.0,0.0,0.0,0.0,0.0,0.0,0.0,0.0,14.0,23.0,25.0,14.0,23.0,25.0,14.0,23.0,25.0,14.0,23.0,25.0,14.0,23.0,25.0,0.0,0.0,0.0,0.0,0.0,0.0,0.0,0.0,0.0,0.0,0.0,1.0,0.0
914.0,0,8000.0,Jiangsu,Limited liability company (Natural person investment or holding),8428.0,1217.0622,Construction industry,6.0,2.0,0.0,5.0,0.0,1.0,0.0,0.0,3.0,0.0,0.0,0.0,0.0,0.0,0.0,9.0,0.0,1.0,0.0,1.0,0.0,0.0,0.0,0.0,0.0,0.0,0.0,0.0,0.0,0.0,0.0,0.0,0.0,0.0,0.0,0.0,0.0,0.0,0.0,0.0,0.0,0.0,0.0,0.0,0.0,0.0,0.0,0.0,0.0,0.0,0.0,0.0,0.0,29.0,44.0,45.0,29.0,44.0,45.0,29.0,44.0,45.0,29.0,44.0,45.0,29.0,44.0,45.0,0.0,0.0,1.0,1.0,3.0,7.0,6.0,2.0,2.0,2.0,6.0,3.0,3.0
915.0,0,4088.0,Jiangsu,Limited liability company (Natural person investment or holding),5961.0,4088.0,Construction industry,3.0,2.0,0.0,1.0,0.0,3.0,0.0,2.0,2.0,0.0,0.0,0.0,0.0,0.0,0.0,3.0,0.0,0.0,0.0,0.0,0.0,0.0,0.0,0.0,0.0,0.0,0.0,1.0,0.0,0.0,0.0,0.0,0.0,0.0,0.0,0.0,0.0,0.0,0.0,0.0,0.0,0.0,0.0,0.0,0.0,0.0,0.0,0.0,0.0,0.0,0.0,0.0,0.0,25.0,29.0,29.0,25.0,29.0,29.0,25.0,29.0,29.0,25.0,29.0,29.0,25.0,29.0,29.0,0.0,0.0,1.0,3.0,3.0,2.0,0.0,2.0,0.0,3.0,0.0,2.0,3.0
916.0,0,1000.0,Jiangsu,Limited liability company (Natural person investment or holding),2190.0,1000.0,Construction industry,2.0,2.0,0.0,1.0,0.0,1.0,1.0,0.0,3.0,0.0,0.0,0.0,0.0,0.0,0.0,0.0,0.0,0.0,0.0,0.0,0.0,0.0,0.0,0.0,0.0,0.0,0.0,0.0,0.0,0.0,0.0,0.0,0.0,0.0,0.0,0.0,0.0,0.0,0.0,0.0,0.0,0.0,0.0,0.0,0.0,0.0,0.0,0.0,0.0,0.0,0.0,0.0,0.0,20.0,15.0,15.0,20.0,15.0,15.0,20.0,15.0,15.0,20.0,15.0,15.0,20.0,15.0,15.0,0.0,0.0,0.0,0.0,0.0,0.0,0.0,0.0,0.0,0.0,0.0,0.0,0.0
917.0,0,5008.0,Jiangsu,Limited liability company (Natural person investment or holding),1654.0,1011.5,Construction industry,2.0,2.0,0.0,0.0,8.0,0.0,0.0,7.0,2.0,0.0,0.0,0.0,0.0,0.0,2.0,0.0,0.0,0.0,0.0,0.0,0.0,0.0,0.0,0.0,0.0,0.0,0.0,0.0,0.0,0.0,0.0,0.0,0.0,0.0,0.0,0.0,0.0,0.0,0.0,0.0,0.0,0.0,0.0,0.0,0.0,0.0,0.0,0.0,0.0,0.0,0.0,0.0,0.0,27.0,26.0,16.0,27.0,26.0,16.0,27.0,26.0,16.0,27.0,26.0,16.0,27.0,26.0,16.0,0.0,0.0,0.0,0.0,0.0,0.0,0.0,0.0,0.0,0.0,0.0,0.0,1.0
918.0,0,2588.0,Jiangsu,Limited liability company (Natural person investment or holding),1923.0,0.0,Construction industry,2.0,2.0,0.0,0.0,7.0,1.0,6.0,0.0,5.0,0.0,0.0,0.0,0.0,0.0,0.0,0.0,0.0,0.0,0.0,0.0,0.0,0.0,0.0,0.0,0.0,0.0,0.0,0.0,0.0,0.0,0.0,0.0,0.0,0.0,0.0,0.0,0.0,0.0,0.0,0.0,0.0,0.0,0.0,0.0,0.0,0.0,0.0,0.0,0.0,0.0,0.0,0.0,0.0,14.0,15.0,9.0,14.0,15.0,9.0,14.0,15.0,9.0,14.0,15.0,9.0,14.0,15.0,9.0,0.0,0.0,0.0,0.0,0.0,0.0,0.0,0.0,0.0,0.0,0.0,0.0,2.0
919.0,0,1000.0,Jiangsu,Limited liability company (Natural person investment or holding),2607.0,0.0,Construction industry,2.0,2.0,2.0,7.0,3.0,0.0,2.0,5.0,,0.0,0.0,0.0,0.0,0.0,0.0,0.0,0.0,0.0,0.0,0.0,0.0,0.0,0.0,0.0,0.0,0.0,0.0,0.0,0.0,0.0,0.0,0.0,0.0,0.0,0.0,0.0,0.0,0.0,0.0,0.0,0.0,0.0,0.0,0.0,0.0,0.0,0.0,0.0,0.0,0.0,0.0,0.0,0.0,6.0,7.0,6.0,6.0,7.0,6.0,6.0,7.0,6.0,6.0,7.0,6.0,6.0,7.0,6.0,0.0,0.0,0.0,0.0,0.0,0.0,0.0,0.0,0.0,0.0,0.0,0.0,1.0
920.0,0,38800.0,Jiangsu,Limited liability company (Natural person investment or holding),6278.0,1010.0,Construction industry,2.0,2.0,6.0,0.0,1.0,0.0,0.0,0.0,5.0,0.0,0.0,0.0,4.0,0.0,0.0,0.0,0.0,0.0,0.0,0.0,1.0,0.0,0.0,0.0,0.0,0.0,0.0,0.0,0.0,0.0,0.0,4.0,0.0,0.0,0.0,0.0,0.0,0.0,0.0,0.0,0.0,0.0,0.0,0.0,0.0,0.0,0.0,0.0,0.0,0.0,0.0,0.0,0.0,26.0,33.0,33.0,26.0,33.0,33.0,26.0,33.0,33.0,26.0,33.0,33.0,26.0,33.0,33.0,0.0,0.0,0.0,0.0,1.0,21.0,0.0,1.0,2.0,3.0,6.0,7.0,3.0
921.0,0,2000.0,Jiangsu,Limited liability company (Natural person investment or holding),657.0,300.0,Construction industry,8.0,2.0,0.0,0.0,0.0,0.0,3.0,1.0,,0.0,0.0,0.0,0.0,0.0,0.0,0.0,0.0,0.0,0.0,0.0,0.0,0.0,0.0,0.0,0.0,0.0,0.0,0.0,0.0,0.0,0.0,0.0,0.0,0.0,0.0,0.0,0.0,0.0,0.0,0.0,0.0,0.0,0.0,0.0,0.0,0.0,0.0,0.0,0.0,0.0,0.0,0.0,0.0,41.0,19.0,,41.0,19.0,,41.0,19.0,,41.0,19.0,,41.0,19.0,,0.0,0.0,0.0,0.0,0.0,0.0,0.0,0.0,0.0,0.0,0.0,0.0,0.0
922.0,0,1010.0,Jiangsu,Limited liability company (Natural person investment or holding),3648.0,676.7,Construction industry,3.0,2.0,5.0,0.0,2.0,1.0,0.0,1.0,4.0,0.0,0.0,0.0,0.0,0.0,0.0,0.0,0.0,0.0,0.0,0.0,0.0,0.0,0.0,0.0,0.0,0.0,0.0,0.0,1.0,1.0,0.0,0.0,0.0,0.0,0.0,0.0,0.0,0.0,0.0,0.0,0.0,0.0,0.0,0.0,0.0,0.0,0.0,0.0,0.0,0.0,0.0,0.0,0.0,25.0,26.0,25.0,25.0,26.0,25.0,25.0,26.0,25.0,25.0,26.0,25.0,25.0,26.0,25.0,0.0,0.0,0.0,1.0,0.0,1.0,0.0,0.0,0.0,0.0,0.0,2.0,2.0
923.0,0,1000.0,Jiangsu,Limited liability company (Natural person investment or holding),2416.0,1000.0,Scientific research and technology services,3.0,2.0,0.0,2.0,0.0,3.0,0.0,0.0,,0.0,0.0,0.0,0.0,0.0,0.0,0.0,0.0,0.0,0.0,0.0,0.0,0.0,0.0,0.0,0.0,0.0,0.0,0.0,0.0,0.0,0.0,2.0,0.0,0.0,0.0,2.0,1.0,4.0,2.0,3.0,1.0,0.0,0.0,0.0,0.0,0.0,0.0,0.0,0.0,0.0,0.0,0.0,2.0,40.0,35.0,38.0,40.0,35.0,38.0,40.0,35.0,38.0,40.0,35.0,38.0,40.0,35.0,38.0,0.0,0.0,0.0,0.0,0.0,2.0,0.0,0.0,0.0,1.0,2.0,1.0,0.0
924.0,0,1260.0,Jiangsu,Limited liability company,2275.0,4.36,Construction industry,2.0,2.0,1.0,3.0,0.0,0.0,6.0,0.0,1.0,0.0,0.0,0.0,0.0,2.0,2.0,0.0,0.0,0.0,0.0,0.0,0.0,0.0,0.0,0.0,0.0,0.0,0.0,0.0,0.0,0.0,0.0,0.0,0.0,0.0,0.0,0.0,0.0,0.0,0.0,0.0,0.0,0.0,0.0,0.0,0.0,0.0,0.0,0.0,0.0,0.0,0.0,0.0,0.0,23.0,20.0,24.0,23.0,20.0,24.0,23.0,20.0,24.0,23.0,20.0,24.0,23.0,20.0,24.0,0.0,0.0,0.0,0.0,0.0,0.0,0.0,0.0,0.0,0.0,0.0,0.0,0.0
925.0,0,4988.0,Jiangsu,Limited liability company (Natural person investment or holding),1657.0,800.0,Construction industry,2.0,2.0,0.0,1.0,0.0,1.0,3.0,1.0,3.0,0.0,0.0,0.0,0.0,0.0,5.0,0.0,0.0,0.0,0.0,0.0,0.0,0.0,0.0,0.0,0.0,0.0,0.0,0.0,0.0,0.0,0.0,0.0,0.0,0.0,0.0,0.0,0.0,0.0,0.0,0.0,0.0,0.0,0.0,0.0,0.0,0.0,0.0,0.0,0.0,0.0,0.0,0.0,0.0,71.0,66.0,95.0,71.0,66.0,95.0,71.0,66.0,95.0,71.0,66.0,95.0,71.0,66.0,95.0,0.0,0.0,0.0,0.0,0.0,0.0,0.0,0.0,0.0,0.0,0.0,0.0,1.0
926.0,0,1200.0,Jiangsu,Limited liability company,1000.0,100.0,Construction industry,2.0,2.0,0.0,0.0,0.0,2.0,13.0,1.0,3.0,0.0,0.0,0.0,0.0,0.0,1.0,0.0,0.0,0.0,0.0,0.0,0.0,0.0,0.0,0.0,0.0,0.0,0.0,0.0,1.0,0.0,0.0,0.0,0.0,0.0,0.0,0.0,0.0,0.0,0.0,0.0,0.0,0.0,0.0,0.0,0.0,0.0,0.0,0.0,0.0,0.0,0.0,0.0,0.0,12.0,0.0,0.0,12.0,0.0,0.0,12.0,0.0,0.0,12.0,0.0,0.0,12.0,0.0,0.0,0.0,0.0,0.0,0.0,0.0,0.0,0.0,0.0,0.0,0.0,0.0,0.0,0.0
927.0,0,506.0,Jiangsu,Limited liability company (Natural person investment or holding),3241.0,506.0,Leasing and business services,2.0,2.0,1.0,7.0,0.0,0.0,0.0,1.0,1.0,0.0,0.0,0.0,0.0,0.0,0.0,0.0,0.0,0.0,0.0,0.0,0.0,0.0,0.0,0.0,0.0,0.0,0.0,0.0,0.0,0.0,0.0,0.0,0.0,0.0,1.0,0.0,0.0,0.0,0.0,0.0,0.0,0.0,0.0,0.0,0.0,0.0,0.0,0.0,0.0,0.0,0.0,0.0,0.0,10.0,10.0,9.0,10.0,10.0,9.0,10.0,10.0,9.0,10.0,10.0,9.0,10.0,10.0,9.0,0.0,0.0,0.0,0.0,0.0,0.0,0.0,0.0,0.0,0.0,0.0,0.0,0.0
928.0,0,5188.0,Jiangsu,Limited liability company (Natural person investment or holding),3971.0,501.0,Construction industry,2.0,2.0,0.0,0.0,3.0,1.0,1.0,0.0,,0.0,0.0,0.0,0.0,0.0,0.0,0.0,0.0,0.0,0.0,0.0,0.0,0.0,0.0,0.0,0.0,0.0,0.0,0.0,0.0,0.0,0.0,0.0,0.0,0.0,0.0,0.0,0.0,0.0,0.0,0.0,0.0,0.0,0.0,0.0,0.0,0.0,0.0,0.0,0.0,0.0,0.0,0.0,0.0,12.0,12.0,6.0,12.0,12.0,6.0,12.0,12.0,6.0,12.0,12.0,6.0,12.0,12.0,6.0,0.0,0.0,0.0,0.0,0.0,0.0,0.0,0.0,0.0,0.0,0.0,0.0,0.0
929.0,0,1888.0,Jiangsu,Limited liability company (Natural person investment or holding),1027.0,927.0,Construction industry,2.0,2.0,0.0,0.0,0.0,2.0,7.0,0.0,,0.0,0.0,0.0,1.0,0.0,0.0,0.0,0.0,0.0,0.0,0.0,0.0,0.0,0.0,0.0,0.0,0.0,0.0,0.0,0.0,0.0,0.0,0.0,0.0,0.0,0.0,0.0,0.0,0.0,0.0,0.0,0.0,0.0,0.0,0.0,0.0,0.0,0.0,0.0,0.0,0.0,0.0,0.0,0.0,14.0,11.0,5.0,14.0,11.0,5.0,14.0,11.0,5.0,14.0,11.0,5.0,14.0,11.0,5.0,0.0,0.0,0.0,0.0,0.0,0.0,0.0,0.0,0.0,0.0,0.0,0.0,0.0
930.0,0,1000.0,Jiangsu,Limited liability company (sole proprietorship of natural person),1056.0,0.0,Construction industry,1.0,2.0,0.0,0.0,0.0,0.0,1.0,0.0,3.0,0.0,0.0,0.0,0.0,0.0,2.0,0.0,0.0,0.0,0.0,0.0,0.0,0.0,0.0,0.0,0.0,0.0,0.0,0.0,0.0,0.0,0.0,0.0,0.0,0.0,0.0,0.0,0.0,0.0,0.0,0.0,0.0,0.0,0.0,0.0,0.0,0.0,0.0,0.0,0.0,0.0,0.0,0.0,0.0,11.0,2.0,1.0,11.0,2.0,1.0,11.0,2.0,1.0,11.0,2.0,1.0,11.0,2.0,1.0,0.0,0.0,0.0,0.0,0.0,0.0,0.0,0.0,0.0,0.0,0.0,0.0,0.0
931.0,0,2020.0,Jiangsu,Limited liability company (Natural person investment or holding),3162.0,2020.0,Wholesale and retail,2.0,2.0,0.0,1.0,3.0,1.0,3.0,1.0,,0.0,0.0,0.0,0.0,0.0,3.0,0.0,0.0,0.0,0.0,0.0,0.0,0.0,0.0,0.0,0.0,0.0,0.0,0.0,0.0,0.0,0.0,0.0,0.0,0.0,0.0,0.0,0.0,0.0,0.0,2.0,2.0,0.0,0.0,0.0,0.0,0.0,0.0,0.0,0.0,0.0,0.0,18.0,4.0,14.0,14.0,11.0,14.0,14.0,11.0,14.0,14.0,11.0,14.0,14.0,11.0,14.0,14.0,11.0,0.0,0.0,0.0,0.0,0.0,0.0,0.0,0.0,0.0,0.0,0.0,0.0,1.0
932.0,0,2200.0,Jiangsu,Limited liability company (sole proprietorship of natural person),1521.0,160.0,Construction industry,1.0,2.0,0.0,0.0,1.0,1.0,0.0,0.0,2.0,0.0,0.0,0.0,0.0,0.0,0.0,0.0,0.0,0.0,0.0,0.0,0.0,0.0,0.0,0.0,0.0,0.0,0.0,0.0,0.0,0.0,0.0,0.0,0.0,0.0,0.0,0.0,0.0,0.0,0.0,0.0,0.0,0.0,0.0,0.0,0.0,0.0,0.0,0.0,0.0,0.0,0.0,0.0,0.0,0.0,12.0,4.0,0.0,12.0,4.0,0.0,12.0,4.0,0.0,12.0,4.0,0.0,12.0,4.0,0.0,0.0,0.0,0.0,2.0,0.0,0.0,0.0,0.0,0.0,2.0,0.0,0.0
933.0,0,19800.0,Jiangsu,Limited liability company (Natural person investment or holding),1837.0,1200.0,Construction industry,2.0,2.0,0.0,0.0,1.0,1.0,1.0,1.0,3.0,0.0,0.0,0.0,0.0,0.0,0.0,0.0,0.0,0.0,0.0,0.0,0.0,0.0,0.0,0.0,0.0,0.0,0.0,0.0,0.0,0.0,0.0,0.0,0.0,0.0,0.0,0.0,0.0,0.0,0.0,0.0,0.0,0.0,0.0,0.0,0.0,0.0,0.0,0.0,0.0,0.0,0.0,0.0,0.0,17.0,15.0,2.0,17.0,15.0,2.0,17.0,15.0,2.0,17.0,15.0,2.0,17.0,15.0,2.0,0.0,0.0,0.0,0.0,0.0,0.0,0.0,0.0,0.0,0.0,0.0,0.0,1.0
934.0,0,2700.0,Jiangsu,Limited liability company (Natural person investment or holding),1802.0,0.0,Construction industry,2.0,2.0,0.0,0.0,0.0,8.0,1.0,0.0,1.0,0.0,0.0,0.0,0.0,4.0,3.0,0.0,0.0,0.0,0.0,0.0,0.0,0.0,0.0,0.0,0.0,0.0,0.0,0.0,0.0,0.0,0.0,0.0,0.0,0.0,0.0,0.0,0.0,0.0,0.0,0.0,0.0,0.0,0.0,0.0,0.0,0.0,0.0,0.0,0.0,0.0,0.0,0.0,0.0,22.0,22.0,1.0,22.0,22.0,1.0,22.0,22.0,1.0,22.0,22.0,1.0,22.0,22.0,1.0,0.0,0.0,0.0,0.0,0.0,0.0,0.0,0.0,0.0,0.0,0.0,0.0,0.0
935.0,0,1500.0,Jiangsu,Limited liability company (Natural person investment or holding),4272.0,1500.0,Scientific research and technology services,3.0,2.0,1.0,1.0,0.0,0.0,5.0,0.0,4.0,0.0,0.0,0.0,0.0,1.0,0.0,0.0,0.0,0.0,0.0,0.0,1.0,0.0,0.0,0.0,0.0,0.0,0.0,0.0,0.0,0.0,0.0,0.0,3.0,0.0,0.0,0.0,0.0,0.0,0.0,1.0,5.0,0.0,0.0,0.0,0.0,0.0,0.0,0.0,0.0,0.0,0.0,0.0,0.0,30.0,25.0,25.0,30.0,25.0,25.0,30.0,25.0,25.0,30.0,25.0,25.0,30.0,25.0,25.0,0.0,0.0,0.0,1.0,0.0,5.0,0.0,0.0,2.0,3.0,1.0,6.0,0.0
936.0,0,1180.0,Jiangsu,Limited liability company (Natural person investment or holding),2244.0,1180.0,Wholesale and retail,3.0,2.0,0.0,1.0,2.0,1.0,0.0,1.0,5.0,0.0,0.0,0.0,0.0,0.0,0.0,0.0,0.0,0.0,0.0,0.0,0.0,0.0,0.0,0.0,0.0,0.0,0.0,0.0,0.0,0.0,0.0,0.0,0.0,0.0,0.0,0.0,0.0,0.0,0.0,0.0,0.0,0.0,0.0,0.0,0.0,0.0,0.0,0.0,0.0,0.0,0.0,0.0,0.0,26.0,22.0,21.0,26.0,22.0,21.0,26.0,22.0,21.0,26.0,22.0,21.0,26.0,22.0,21.0,0.0,0.0,0.0,0.0,0.0,1.0,0.0,0.0,0.0,0.0,0.0,1.0,1.0
937.0,0,1000.0,Jiangsu,Limited liability company (sole proprietorship of natural person),1209.0,0.0,Construction industry,1.0,2.0,0.0,0.0,0.0,0.0,4.0,2.0,1.0,0.0,0.0,0.0,0.0,3.0,0.0,0.0,0.0,0.0,0.0,0.0,0.0,0.0,0.0,0.0,0.0,0.0,0.0,0.0,0.0,0.0,0.0,0.0,0.0,1.0,0.0,0.0,0.0,0.0,0.0,0.0,0.0,0.0,0.0,0.0,0.0,0.0,0.0,0.0,0.0,0.0,0.0,0.0,0.0,15.0,15.0,9.0,15.0,15.0,9.0,15.0,15.0,9.0,15.0,15.0,9.0,15.0,15.0,9.0,0.0,0.0,0.0,0.0,0.0,0.0,0.0,0.0,0.0,0.0,0.0,0.0,0.0
938.0,0,1500.0,Jiangsu,Limited liability company (Natural person investment or holding),6115.0,1500.0,Construction industry,4.0,2.0,1.0,2.0,0.0,0.0,4.0,3.0,3.0,0.0,0.0,0.0,0.0,0.0,0.0,0.0,0.0,0.0,0.0,0.0,0.0,0.0,0.0,0.0,0.0,0.0,0.0,0.0,0.0,1.0,0.0,0.0,0.0,0.0,0.0,0.0,0.0,0.0,0.0,0.0,0.0,0.0,0.0,0.0,0.0,0.0,0.0,0.0,0.0,0.0,0.0,0.0,0.0,17.0,19.0,13.0,17.0,19.0,13.0,17.0,19.0,13.0,17.0,19.0,13.0,17.0,19.0,13.0,0.0,0.0,0.0,0.0,1.0,1.0,0.0,0.0,0.0,1.0,0.0,1.0,2.0
939.0,0,1800.0,Jiangsu,Limited liability company (Natural person investment or holding),811.0,1800.0,Construction industry,2.0,2.0,0.0,0.0,0.0,6.0,0.0,0.0,3.0,0.0,0.0,0.0,0.0,0.0,0.0,0.0,0.0,0.0,0.0,0.0,0.0,0.0,0.0,0.0,0.0,0.0,0.0,0.0,0.0,0.0,0.0,0.0,0.0,0.0,0.0,0.0,0.0,0.0,0.0,0.0,0.0,0.0,0.0,0.0,0.0,0.0,0.0,0.0,0.0,0.0,0.0,0.0,0.0,14.0,0.0,,14.0,0.0,,14.0,0.0,,14.0,0.0,,14.0,0.0,,0.0,0.0,0.0,0.0,0.0,0.0,0.0,0.0,0.0,0.0,0.0,0.0,0.0
940.0,0,1010.0,Jiangsu,Limited liability company (sole proprietorship of natural person),1235.0,959.5,Construction industry,1.0,2.0,0.0,0.0,3.0,0.0,1.0,2.0,1.0,0.0,0.0,0.0,0.0,0.0,0.0,0.0,0.0,0.0,0.0,0.0,0.0,0.0,0.0,0.0,0.0,0.0,0.0,0.0,0.0,0.0,0.0,0.0,0.0,0.0,0.0,0.0,0.0,0.0,0.0,0.0,0.0,0.0,0.0,0.0,0.0,0.0,0.0,0.0,0.0,0.0,0.0,0.0,0.0,24.0,23.0,17.0,24.0,23.0,17.0,24.0,23.0,17.0,24.0,23.0,17.0,24.0,23.0,17.0,0.0,0.0,0.0,0.0,0.0,0.0,0.0,0.0,0.0,0.0,0.0,0.0,0.0
941.0,0,3999.0,Jiangsu,Limited liability company (Natural person investment or holding),2211.0,300.0,Wholesale and retail,2.0,2.0,0.0,0.0,0.0,1.0,7.0,1.0,,0.0,0.0,0.0,0.0,0.0,0.0,0.0,0.0,0.0,0.0,0.0,0.0,0.0,0.0,0.0,0.0,0.0,0.0,0.0,0.0,0.0,0.0,0.0,0.0,0.0,0.0,0.0,0.0,0.0,0.0,0.0,0.0,0.0,0.0,0.0,0.0,0.0,0.0,0.0,0.0,0.0,0.0,0.0,0.0,8.0,6.0,1.0,8.0,6.0,1.0,8.0,6.0,1.0,8.0,6.0,1.0,8.0,6.0,1.0,0.0,0.0,0.0,0.0,0.0,0.0,0.0,0.0,0.0,0.0,0.0,0.0,0.0
942.0,0,1000.0,Jiangsu,Limited liability company (Natural person investment or holding),1742.0,90.7,Construction industry,2.0,2.0,0.0,1.0,11.0,6.0,0.0,0.0,,0.0,0.0,0.0,0.0,0.0,2.0,0.0,0.0,0.0,0.0,0.0,0.0,0.0,0.0,0.0,0.0,0.0,0.0,0.0,0.0,0.0,0.0,2.0,0.0,0.0,0.0,0.0,0.0,0.0,0.0,0.0,0.0,0.0,0.0,0.0,0.0,0.0,0.0,0.0,0.0,0.0,0.0,0.0,0.0,25.0,17.0,17.0,25.0,17.0,17.0,25.0,17.0,17.0,25.0,17.0,17.0,25.0,17.0,17.0,0.0,0.0,0.0,0.0,0.0,0.0,0.0,0.0,0.0,0.0,0.0,0.0,1.0
943.0,0,2100.0,Jiangsu,Limited liability company (Natural person investment or holding),1478.0,40.0,Construction industry,6.0,2.0,0.0,0.0,2.0,2.0,0.0,1.0,5.0,0.0,0.0,0.0,0.0,5.0,0.0,0.0,0.0,0.0,0.0,0.0,0.0,0.0,0.0,0.0,0.0,0.0,0.0,0.0,0.0,0.0,0.0,0.0,1.0,0.0,0.0,0.0,0.0,0.0,0.0,0.0,0.0,0.0,0.0,0.0,0.0,0.0,0.0,0.0,0.0,0.0,0.0,0.0,0.0,15.0,0.0,0.0,15.0,0.0,0.0,15.0,0.0,0.0,15.0,0.0,0.0,15.0,0.0,0.0,0.0,0.0,0.0,0.0,0.0,0.0,0.0,0.0,0.0,0.0,0.0,0.0,0.0
944.0,0,5000.0,Jiangsu,Limited liability company (sole proprietorship of natural person),2493.0,1100.0,Construction industry,1.0,2.0,0.0,1.0,4.0,1.0,2.0,0.0,5.0,0.0,0.0,0.0,0.0,6.0,0.0,0.0,0.0,0.0,1.0,1.0,0.0,0.0,0.0,0.0,0.0,0.0,0.0,0.0,0.0,0.0,0.0,0.0,0.0,0.0,0.0,0.0,0.0,0.0,0.0,0.0,0.0,0.0,0.0,0.0,0.0,0.0,0.0,0.0,0.0,0.0,0.0,0.0,0.0,13.0,13.0,35.0,13.0,13.0,35.0,13.0,13.0,35.0,13.0,13.0,35.0,13.0,13.0,35.0,0.0,0.0,1.0,1.0,1.0,0.0,0.0,0.0,1.0,0.0,0.0,0.0,0.0
945.0,0,65000.0,Inner Mongolia,Limited liability company (Natural person investment or holding),5836.0,7910.0,Construction industry,6.0,2.0,4.0,4.0,0.0,4.0,0.0,2.0,1.0,0.0,0.0,0.0,0.0,0.0,3.0,1.0,1.0,1.0,0.0,1.0,0.0,0.0,0.0,0.0,0.0,0.0,0.0,0.0,0.0,0.0,0.0,0.0,0.0,0.0,0.0,0.0,0.0,0.0,0.0,0.0,0.0,0.0,0.0,0.0,0.0,0.0,0.0,0.0,0.0,0.0,0.0,0.0,0.0,33.0,31.0,,33.0,31.0,,33.0,31.0,,33.0,31.0,,33.0,31.0,,0.0,0.0,2.0,5.0,5.0,5.0,1.0,0.0,2.0,0.0,1.0,0.0,0.0
946.0,0,1000.0,Inner Mongolia,Limited liability company (Natural person investment or holding),2303.0,1000.0,Construction industry,2.0,2.0,6.0,0.0,0.0,0.0,0.0,0.0,1.0,0.0,0.0,0.0,0.0,0.0,4.0,0.0,0.0,0.0,0.0,0.0,0.0,0.0,0.0,0.0,0.0,0.0,0.0,0.0,0.0,0.0,0.0,0.0,0.0,0.0,0.0,0.0,0.0,0.0,0.0,0.0,0.0,0.0,0.0,0.0,0.0,0.0,0.0,0.0,0.0,0.0,0.0,0.0,0.0,17.0,5.0,,17.0,5.0,,17.0,5.0,,17.0,5.0,,17.0,5.0,,0.0,0.0,0.0,0.0,0.0,0.0,0.0,0.0,0.0,0.0,0.0,0.0,0.0
947.0,0,1518.0,Inner Mongolia,Limited liability company (Natural person investment or holding),3933.0,518.0,Wholesale and retail,2.0,2.0,2.0,3.0,0.0,2.0,1.0,5.0,,0.0,0.0,0.0,0.0,0.0,2.0,0.0,0.0,0.0,0.0,0.0,0.0,0.0,0.0,0.0,0.0,0.0,0.0,0.0,0.0,0.0,0.0,2.0,0.0,0.0,0.0,0.0,0.0,0.0,0.0,2.0,2.0,0.0,0.0,0.0,0.0,0.0,0.0,0.0,0.0,0.0,2.0,1.0,3.0,42.0,22.0,,42.0,22.0,,42.0,22.0,,42.0,22.0,,42.0,22.0,,0.0,0.0,0.0,0.0,0.0,0.0,0.0,0.0,0.0,0.0,0.0,0.0,1.0
948.0,0,3000.0,Inner Mongolia,Limited liability company (Natural person investment or holding),2600.0,120.0,Construction industry,2.0,2.0,9.0,0.0,9.0,1.0,4.0,3.0,,0.0,9.0,0.0,0.0,0.0,0.0,0.0,0.0,0.0,0.0,0.0,0.0,0.0,0.0,0.0,0.0,0.0,0.0,0.0,0.0,0.0,0.0,0.0,0.0,0.0,0.0,0.0,0.0,0.0,0.0,0.0,0.0,0.0,0.0,0.0,0.0,0.0,0.0,0.0,0.0,0.0,0.0,0.0,0.0,5.0,3.0,,5.0,3.0,,5.0,3.0,,5.0,3.0,,5.0,3.0,,0.0,0.0,0.0,0.0,0.0,0.0,0.0,0.0,0.0,0.0,0.0,0.0,0.0
949.0,0,1000.0,Inner Mongolia,Limited liability company (Natural person investment or holding),2870.0,0.0,Construction industry,2.0,2.0,5.0,1.0,2.0,0.0,2.0,2.0,1.0,0.0,0.0,0.0,0.0,3.0,0.0,0.0,0.0,0.0,0.0,1.0,0.0,0.0,0.0,0.0,0.0,0.0,0.0,0.0,0.0,0.0,1.0,0.0,0.0,6.0,0.0,0.0,0.0,0.0,0.0,0.0,0.0,0.0,0.0,0.0,0.0,0.0,0.0,0.0,0.0,0.0,0.0,0.0,0.0,27.0,21.0,13.0,27.0,21.0,13.0,27.0,21.0,0.0,27.0,21.0,13.0,27.0,21.0,0.0,0.0,0.0,0.0,0.0,0.0,2.0,0.0,0.0,0.0,0.0,0.0,0.0,1.0
950.0,0,1000.0,Fujian,Limited liability company (sole proprietorship of natural person),752.0,0.0,Construction industry,1.0,2.0,0.0,0.0,0.0,0.0,0.0,1.0,,0.0,0.0,0.0,0.0,5.0,0.0,0.0,0.0,0.0,0.0,0.0,0.0,0.0,0.0,0.0,0.0,0.0,0.0,0.0,0.0,0.0,0.0,0.0,0.0,0.0,0.0,0.0,0.0,0.0,0.0,0.0,0.0,0.0,0.0,0.0,0.0,0.0,0.0,0.0,0.0,0.0,0.0,0.0,0.0,7.0,0.0,,7.0,0.0,,7.0,0.0,,7.0,0.0,,7.0,0.0,,0.0,0.0,0.0,0.0,0.0,0.0,0.0,0.0,0.0,0.0,0.0,0.0,0.0
951.0,0,4610.0,Ningxia,Limited liability company (Natural person investment or holding),1386.0,794.0,Construction industry,2.0,3.0,0.0,0.0,6.0,10.0,0.0,0.0,1.0,0.0,0.0,0.0,12.0,0.0,0.0,0.0,0.0,0.0,0.0,0.0,0.0,0.0,0.0,0.0,0.0,0.0,0.0,0.0,0.0,0.0,0.0,0.0,0.0,0.0,0.0,0.0,0.0,0.0,0.0,0.0,2.0,0.0,0.0,0.0,0.0,0.0,0.0,0.0,0.0,0.0,0.0,0.0,0.0,21.0,21.0,19.0,21.0,21.0,19.0,21.0,21.0,4.0,21.0,21.0,4.0,21.0,21.0,4.0,0.0,0.0,0.0,0.0,0.0,0.0,0.0,0.0,0.0,0.0,0.0,0.0,0.0
952.0,0,4000.0,Ningxia,Limited liability company (Natural person investment or holding),1885.0,1951.0,Construction industry,2.0,3.0,0.0,0.0,5.0,1.0,0.0,0.0,3.0,0.0,0.0,0.0,0.0,0.0,0.0,0.0,0.0,0.0,0.0,0.0,0.0,0.0,0.0,0.0,0.0,0.0,0.0,0.0,0.0,0.0,0.0,0.0,0.0,0.0,0.0,0.0,0.0,0.0,0.0,0.0,6.0,0.0,0.0,0.0,0.0,0.0,0.0,0.0,0.0,0.0,0.0,0.0,3.0,54.0,50.0,548.0,54.0,50.0,548.0,54.0,50.0,432.0,54.0,50.0,432.0,54.0,50.0,432.0,0.0,0.0,0.0,2.0,4.0,5.0,0.0,0.0,0.0,2.0,1.0,2.0,2.0
953.0,0,3000.0,Hunan,Limited liability company (Natural person investment or holding),4234.0,600.0,Construction industry,2.0,2.0,4.0,0.0,5.0,1.0,0.0,0.0,5.0,0.0,0.0,2.0,0.0,0.0,0.0,0.0,0.0,0.0,0.0,0.0,0.0,0.0,0.0,0.0,0.0,0.0,0.0,0.0,0.0,0.0,0.0,0.0,0.0,0.0,0.0,0.0,0.0,0.0,0.0,0.0,0.0,0.0,0.0,0.0,0.0,0.0,0.0,0.0,0.0,0.0,0.0,0.0,0.0,8.0,12.0,14.0,8.0,12.0,6.0,8.0,12.0,6.0,8.0,12.0,6.0,8.0,12.0,6.0,0.0,0.0,0.0,0.0,1.0,0.0,0.0,0.0,0.0,1.0,0.0,0.0,1.0
954.0,0,11369.0,Henan,Limited liability company (sole proprietorship of natural person),3230.0,11369.0,Construction industry,1.0,2.0,2.0,0.0,5.0,7.0,0.0,4.0,5.0,0.0,0.0,0.0,1.0,1.0,4.0,0.0,0.0,0.0,0.0,0.0,0.0,0.0,0.0,0.0,0.0,0.0,0.0,0.0,0.0,0.0,0.0,0.0,32.0,9.0,4.0,0.0,0.0,2.0,4.0,9.0,6.0,0.0,0.0,0.0,0.0,0.0,0.0,0.0,0.0,0.0,0.0,0.0,0.0,28.0,27.0,22.0,28.0,24.0,18.0,28.0,27.0,22.0,28.0,27.0,22.0,28.0,27.0,22.0,0.0,2.0,0.0,0.0,0.0,0.0,2.0,0.0,0.0,0.0,0.0,0.0,3.0
955.0,0,1000.0,Jiangxi,Limited liability company (Natural person investment or holding),2388.0,1000.0,Construction industry,2.0,2.0,4.0,0.0,2.0,9.0,7.0,3.0,9.0,0.0,0.0,0.0,0.0,0.0,0.0,0.0,0.0,0.0,0.0,0.0,0.0,0.0,0.0,0.0,0.0,0.0,0.0,0.0,0.0,0.0,0.0,0.0,0.0,0.0,2.0,0.0,0.0,0.0,0.0,0.0,0.0,0.0,0.0,0.0,0.0,0.0,0.0,0.0,0.0,0.0,0.0,0.0,0.0,10.0,0.0,0.0,0.0,0.0,0.0,5.0,0.0,0.0,50.0,0.0,0.0,0.0,0.0,0.0,0.0,0.0,0.0,0.0,0.0,0.0,0.0,0.0,0.0,0.0,0.0,0.0,0.0
956.0,0,1000.0,Yunnan,Limited liability company (Natural person investment or holding),1099.0,300.0,Construction industry,2.0,3.0,0.0,0.0,0.0,4.0,2.0,0.0,1.0,0.0,0.0,0.0,0.0,0.0,0.0,0.0,0.0,0.0,0.0,0.0,0.0,0.0,0.0,0.0,0.0,0.0,0.0,0.0,0.0,0.0,0.0,0.0,0.0,0.0,0.0,0.0,0.0,0.0,0.0,0.0,0.0,0.0,0.0,0.0,0.0,0.0,0.0,0.0,0.0,0.0,0.0,0.0,0.0,12.0,4.0,0.0,0.0,0.0,0.0,0.0,0.0,0.0,25.0,4.0,0.0,0.0,4.0,0.0,0.0,0.0,0.0,0.0,0.0,0.0,0.0,0.0,0.0,0.0,0.0,0.0,0.0
957.0,0,6300.0,Shandong,Limited liability company (Natural person investment or holding),3541.0,6300.0,Construction industry,3.0,3.0,13.0,9.0,0.0,0.0,3.0,6.0,4.0,0.0,0.0,0.0,0.0,0.0,0.0,0.0,0.0,0.0,0.0,0.0,0.0,0.0,0.0,0.0,0.0,0.0,0.0,0.0,0.0,0.0,0.0,0.0,0.0,0.0,0.0,0.0,0.0,0.0,0.0,0.0,0.0,0.0,0.0,0.0,0.0,0.0,0.0,0.0,0.0,0.0,0.0,0.0,0.0,30.0,63.0,69.0,30.0,63.0,69.0,30.0,63.0,69.0,30.0,63.0,69.0,30.0,63.0,69.0,0.0,0.0,0.0,0.0,3.0,0.0,0.0,0.0,0.0,2.0,1.0,0.0,4.0
958.0,0,500.0,Shandong,Limited liability company (sole proprietorship of natural person),4655.0,500.0,"Water conservancy, environment and public facilities management",1.0,2.0,2.0,2.0,2.0,0.0,2.0,0.0,2.0,0.0,0.0,0.0,0.0,1.0,1.0,0.0,0.0,0.0,0.0,0.0,0.0,0.0,0.0,0.0,0.0,0.0,0.0,0.0,0.0,2.0,0.0,0.0,0.0,0.0,0.0,7.0,3.0,3.0,1.0,2.0,2.0,1.0,0.0,0.0,0.0,0.0,0.0,0.0,0.0,0.0,0.0,0.0,0.0,21.0,21.0,21.0,21.0,15.0,16.0,21.0,21.0,21.0,21.0,21.0,21.0,21.0,21.0,21.0,0.0,1.0,0.0,1.0,0.0,3.0,0.0,0.0,0.0,0.0,0.0,1.0,1.0
959.0,0,1500.0,Shandong,Other limited liability companies,2933.0,1500.0,Wholesale and retail,4.0,2.0,5.0,21.0,0.0,11.0,0.0,0.0,2.0,0.0,0.0,0.0,0.0,0.0,7.0,0.0,0.0,0.0,0.0,0.0,0.0,0.0,0.0,0.0,0.0,0.0,0.0,0.0,0.0,0.0,0.0,1.0,0.0,0.0,0.0,7.0,1.0,0.0,1.0,1.0,1.0,0.0,0.0,0.0,0.0,0.0,0.0,9.0,1.0,3.0,2.0,2.0,8.0,39.0,32.0,26.0,39.0,32.0,26.0,39.0,32.0,26.0,39.0,32.0,26.0,39.0,32.0,26.0,0.0,0.0,0.0,0.0,0.0,0.0,0.0,0.0,0.0,0.0,0.0,0.0,1.0
960.0,0,8000.0,Shandong,Limited liability company (sole proprietorship of natural person),1618.0,0.0,Construction industry,1.0,3.0,0.0,0.0,0.0,0.0,3.0,9.0,3.0,0.0,0.0,0.0,0.0,0.0,0.0,0.0,0.0,0.0,0.0,0.0,0.0,0.0,0.0,0.0,0.0,0.0,0.0,0.0,0.0,0.0,0.0,0.0,0.0,0.0,0.0,0.0,0.0,0.0,0.0,0.0,0.0,0.0,0.0,0.0,0.0,0.0,0.0,0.0,0.0,0.0,0.0,0.0,0.0,54.0,57.0,50.0,54.0,57.0,50.0,54.0,57.0,50.0,54.0,57.0,50.0,54.0,57.0,50.0,0.0,0.0,0.0,0.0,0.0,0.0,0.0,0.0,0.0,0.0,0.0,0.0,0.0
961.0,0,2300.0,Qinghai,Limited liability company (Natural person investment or holding),1354.0,494.0,Construction industry,2.0,2.0,0.0,0.0,0.0,0.0,4.0,0.0,,0.0,0.0,0.0,0.0,0.0,0.0,0.0,0.0,0.0,0.0,0.0,0.0,0.0,0.0,0.0,0.0,0.0,0.0,0.0,0.0,0.0,0.0,0.0,0.0,0.0,0.0,0.0,0.0,0.0,0.0,0.0,0.0,0.0,0.0,0.0,0.0,0.0,0.0,0.0,0.0,0.0,0.0,0.0,0.0,,19.0,13.0,,0.0,0.0,,8.0,8.0,,19.0,0.0,,8.0,8.0,0.0,0.0,0.0,0.0,0.0,0.0,0.0,0.0,0.0,0.0,0.0,0.0,0.0
962.0,0,1000.0,Qinghai,Limited liability company (sole proprietorship of natural person),857.0,0.0,Scientific research and technology services,1.0,2.0,0.0,0.0,0.0,0.0,7.0,3.0,,0.0,0.0,0.0,0.0,0.0,0.0,0.0,0.0,0.0,0.0,0.0,0.0,0.0,0.0,0.0,0.0,0.0,0.0,0.0,0.0,0.0,0.0,0.0,0.0,0.0,0.0,0.0,0.0,0.0,0.0,0.0,0.0,0.0,0.0,0.0,0.0,0.0,0.0,0.0,0.0,0.0,0.0,0.0,0.0,,6.0,0.0,,0.0,0.0,,0.0,0.0,,0.0,0.0,,0.0,0.0,0.0,0.0,0.0,0.0,0.0,0.0,0.0,0.0,0.0,0.0,0.0,0.0,0.0
963.0,0,2000.0,Qinghai,Limited liability company (Natural person investment or holding),2177.0,254.0,Construction industry,2.0,2.0,0.0,18.0,1.0,0.0,3.0,0.0,,0.0,0.0,0.0,1.0,1.0,0.0,0.0,0.0,0.0,0.0,0.0,0.0,0.0,0.0,0.0,0.0,0.0,0.0,0.0,0.0,0.0,0.0,0.0,0.0,0.0,0.0,0.0,0.0,0.0,0.0,0.0,0.0,0.0,0.0,0.0,0.0,0.0,0.0,0.0,0.0,0.0,0.0,0.0,0.0,6.0,0.0,0.0,0.0,0.0,0.0,1.0,0.0,0.0,0.0,0.0,0.0,1.0,0.0,0.0,0.0,0.0,0.0,0.0,0.0,0.0,0.0,0.0,0.0,0.0,0.0,0.0,0.0
964.0,0,7000.0,Qinghai,Limited liability company (sole proprietorship of natural person),7860.0,7000.0,Construction industry,1.0,2.0,7.0,0.0,0.0,0.0,3.0,0.0,1.0,0.0,0.0,0.0,0.0,6.0,0.0,2.0,0.0,0.0,0.0,0.0,0.0,0.0,0.0,0.0,0.0,0.0,0.0,0.0,0.0,0.0,0.0,0.0,0.0,0.0,0.0,0.0,0.0,0.0,0.0,0.0,0.0,0.0,0.0,0.0,0.0,0.0,0.0,0.0,0.0,0.0,0.0,0.0,0.0,19.0,17.0,13.0,0.0,0.0,0.0,15.0,12.0,11.0,14.0,12.0,11.0,15.0,12.0,11.0,0.0,0.0,1.0,0.0,0.0,0.0,0.0,0.0,0.0,0.0,0.0,0.0,1.0
965.0,0,4000.0,Qinghai,Limited liability company (Natural person investment or holding),960.0,90.5,Construction industry,2.0,2.0,0.0,0.0,0.0,0.0,0.0,0.0,,0.0,0.0,0.0,0.0,4.0,0.0,0.0,0.0,0.0,0.0,0.0,0.0,0.0,0.0,0.0,0.0,0.0,0.0,0.0,0.0,0.0,0.0,0.0,0.0,0.0,0.0,0.0,0.0,0.0,0.0,0.0,0.0,0.0,0.0,0.0,0.0,0.0,0.0,0.0,0.0,0.0,0.0,0.0,0.0,,4.0,0.0,,0.0,0.0,,0.0,0.0,,3.0,0.0,,0.0,0.0,0.0,0.0,0.0,0.0,0.0,0.0,0.0,0.0,0.0,0.0,0.0,0.0,0.0
966.0,0,1000.0,Qinghai,Limited liability company (sole proprietorship of natural person),1455.0,1000.0,Construction industry,1.0,1.0,0.0,0.0,0.0,0.0,0.0,0.0,,0.0,0.0,1.0,0.0,0.0,0.0,0.0,0.0,0.0,0.0,0.0,0.0,0.0,0.0,0.0,0.0,0.0,0.0,0.0,0.0,0.0,0.0,0.0,1.0,0.0,0.0,0.0,0.0,0.0,0.0,0.0,0.0,0.0,0.0,0.0,0.0,0.0,0.0,0.0,0.0,0.0,0.0,0.0,0.0,,5.0,3.0,,0.0,0.0,,0.0,0.0,,0.0,0.0,,0.0,0.0,0.0,0.0,0.0,0.0,0.0,0.0,0.0,0.0,0.0,0.0,0.0,0.0,0.0
967.0,0,1000.0,Qinghai,Limited liability company (sole proprietorship of natural person),1290.0,20.22,Construction industry,1.0,3.0,0.0,0.0,0.0,0.0,0.0,0.0,,0.0,0.0,0.0,0.0,1.0,0.0,0.0,0.0,0.0,0.0,0.0,0.0,0.0,0.0,0.0,0.0,0.0,0.0,0.0,0.0,0.0,0.0,0.0,0.0,0.0,0.0,0.0,0.0,0.0,0.0,0.0,0.0,0.0,0.0,0.0,0.0,0.0,0.0,0.0,0.0,0.0,0.0,0.0,0.0,3.0,2.0,0.0,0.0,0.0,0.0,0.0,0.0,0.0,0.0,0.0,0.0,0.0,0.0,0.0,0.0,0.0,0.0,0.0,0.0,0.0,0.0,0.0,0.0,0.0,0.0,0.0,0.0
968.0,0,1010.0,Qinghai,Limited liability company (sole proprietorship of natural person),5518.0,1010.0,Wholesale and retail,1.0,2.0,6.0,0.0,0.0,4.0,0.0,0.0,4.0,0.0,0.0,0.0,0.0,1.0,0.0,0.0,0.0,0.0,0.0,0.0,0.0,0.0,0.0,0.0,0.0,0.0,0.0,0.0,0.0,2.0,0.0,0.0,0.0,0.0,0.0,2.0,1.0,0.0,0.0,0.0,2.0,0.0,0.0,0.0,0.0,0.0,0.0,10.0,0.0,0.0,0.0,0.0,0.0,,14.0,11.0,,0.0,0.0,,9.0,8.0,,9.0,8.0,,9.0,8.0,0.0,0.0,0.0,0.0,0.0,0.0,0.0,0.0,0.0,0.0,0.0,0.0,0.0
969.0,0,2500.0,Qinghai,Limited liability company (Natural person investment or holding),7206.0,2500.0,Construction industry,2.0,2.0,1.0,1.0,1.0,0.0,3.0,2.0,,0.0,0.0,0.0,0.0,0.0,11.0,0.0,0.0,0.0,0.0,0.0,0.0,0.0,0.0,0.0,0.0,0.0,0.0,0.0,0.0,0.0,0.0,0.0,0.0,0.0,0.0,0.0,0.0,0.0,0.0,0.0,0.0,0.0,0.0,0.0,0.0,0.0,0.0,0.0,0.0,0.0,0.0,0.0,0.0,,37.0,36.0,,35.0,35.0,,34.0,35.0,,18.0,280.0,,34.0,35.0,0.0,0.0,0.0,0.0,1.0,1.0,0.0,0.0,0.0,1.0,0.0,0.0,4.0
970.0,0,1680.0,Qinghai,Limited liability company (sole proprietorship of natural person),6094.0,500.0,Construction industry,1.0,2.0,10.0,2.0,7.0,0.0,0.0,0.0,,0.0,0.0,2.0,0.0,0.0,0.0,0.0,0.0,0.0,0.0,0.0,0.0,0.0,0.0,0.0,0.0,0.0,0.0,0.0,0.0,0.0,0.0,0.0,0.0,0.0,0.0,0.0,0.0,0.0,0.0,0.0,0.0,0.0,0.0,0.0,0.0,0.0,0.0,0.0,0.0,0.0,0.0,0.0,0.0,,3.0,0.0,,0.0,0.0,,0.0,0.0,,0.0,0.0,,0.0,0.0,0.0,0.0,0.0,0.0,2.0,1.0,0.0,0.0,0.0,0.0,2.0,0.0,0.0
971.0,0,8800.0,Qinghai,Limited liability company (Natural person investment or holding),3637.0,4100.0,Leasing and business services,2.0,2.0,3.0,4.0,0.0,0.0,4.0,4.0,1.0,0.0,0.0,0.0,0.0,0.0,0.0,0.0,0.0,0.0,0.0,0.0,0.0,0.0,0.0,0.0,0.0,0.0,0.0,0.0,0.0,0.0,0.0,0.0,0.0,5.0,0.0,0.0,0.0,0.0,0.0,0.0,1.0,0.0,0.0,0.0,0.0,0.0,0.0,0.0,0.0,0.0,0.0,0.0,0.0,,13.0,9.0,,13.0,9.0,,13.0,9.0,,13.0,9.0,,13.0,9.0,0.0,0.0,0.0,1.0,0.0,2.0,0.0,0.0,0.0,1.0,0.0,1.0,1.0
972.0,0,1000.0,Qinghai,Limited liability company (sole proprietorship of natural person),854.0,0.0,Construction industry,1.0,2.0,0.0,0.0,0.0,0.0,10.0,4.0,,0.0,0.0,0.0,0.0,1.0,0.0,0.0,0.0,0.0,0.0,0.0,0.0,0.0,0.0,0.0,0.0,0.0,0.0,0.0,0.0,0.0,0.0,0.0,0.0,0.0,0.0,0.0,0.0,0.0,0.0,0.0,0.0,0.0,0.0,0.0,0.0,0.0,0.0,0.0,0.0,0.0,0.0,0.0,0.0,,0.0,0.0,,0.0,0.0,,0.0,0.0,,0.0,0.0,,0.0,0.0,0.0,0.0,0.0,0.0,0.0,0.0,0.0,0.0,0.0,0.0,0.0,0.0,0.0
973.0,0,5000.0,Qinghai,Limited liability company (sole proprietorship of natural person),1336.0,0.0,Construction industry,1.0,2.0,0.0,0.0,14.0,2.0,0.0,5.0,1.0,0.0,0.0,2.0,0.0,0.0,0.0,0.0,0.0,0.0,0.0,0.0,0.0,0.0,0.0,0.0,0.0,0.0,0.0,0.0,0.0,0.0,0.0,0.0,0.0,0.0,0.0,0.0,0.0,0.0,0.0,0.0,0.0,0.0,0.0,0.0,0.0,0.0,0.0,0.0,0.0,0.0,0.0,0.0,0.0,,0.0,0.0,,0.0,0.0,,0.0,0.0,,0.0,0.0,,0.0,0.0,0.0,0.0,0.0,0.0,0.0,0.0,0.0,0.0,0.0,0.0,0.0,0.0,0.0
974.0,0,1000.0,Qinghai,Limited liability company (sole proprietorship of natural person),852.0,225.0,Construction industry,1.0,2.0,0.0,0.0,0.0,0.0,0.0,0.0,,0.0,0.0,0.0,0.0,6.0,0.0,0.0,0.0,0.0,0.0,0.0,0.0,0.0,0.0,0.0,0.0,0.0,0.0,0.0,0.0,0.0,0.0,0.0,0.0,0.0,0.0,0.0,0.0,0.0,0.0,0.0,0.0,0.0,0.0,0.0,0.0,0.0,0.0,0.0,0.0,0.0,0.0,0.0,0.0,,7.0,,,0.0,,,2.0,,,2.0,,,2.0,,0.0,0.0,0.0,0.0,0.0,0.0,0.0,0.0,0.0,0.0,0.0,0.0,0.0
975.0,0,1200.0,Qinghai,Limited liability company (Natural person investment or holding),668.0,0.0,Construction industry,2.0,2.0,0.0,0.0,0.0,0.0,0.0,24.0,,0.0,0.0,0.0,0.0,0.0,8.0,0.0,0.0,0.0,0.0,0.0,0.0,0.0,0.0,0.0,0.0,0.0,0.0,0.0,0.0,0.0,0.0,0.0,0.0,0.0,0.0,0.0,0.0,0.0,0.0,0.0,0.0,0.0,0.0,0.0,0.0,0.0,0.0,0.0,0.0,0.0,0.0,0.0,0.0,,0.0,,,0.0,,,0.0,,,0.0,,,0.0,,0.0,0.0,0.0,0.0,0.0,0.0,0.0,0.0,0.0,0.0,0.0,0.0,0.0
976.0,0,5000.0,Qinghai,Limited liability company (sole proprietorship of natural person),3348.0,1220.0,Construction industry,1.0,2.0,10.0,4.0,11.0,5.0,6.0,0.0,,0.0,0.0,0.0,0.0,0.0,0.0,0.0,0.0,0.0,0.0,0.0,0.0,0.0,0.0,0.0,0.0,0.0,0.0,0.0,0.0,0.0,0.0,1.0,0.0,0.0,0.0,0.0,0.0,6.0,4.0,0.0,0.0,0.0,0.0,0.0,0.0,0.0,0.0,0.0,0.0,0.0,0.0,0.0,0.0,,5.0,4.0,,0.0,0.0,,4.0,1.0,,4.0,1.0,,4.0,1.0,0.0,0.0,0.0,0.0,0.0,0.0,0.0,0.0,0.0,0.0,0.0,0.0,2.0
977.0,0,2000.0,Qinghai,Limited liability company (sole proprietorship of natural person),1990.0,622.6,Leasing and business services,1.0,2.0,0.0,9.0,8.0,7.0,0.0,0.0,,0.0,0.0,0.0,0.0,1.0,5.0,0.0,0.0,0.0,0.0,0.0,0.0,0.0,0.0,0.0,0.0,0.0,0.0,0.0,0.0,0.0,0.0,0.0,0.0,0.0,1.0,0.0,0.0,0.0,0.0,0.0,0.0,0.0,0.0,0.0,0.0,0.0,0.0,0.0,0.0,0.0,0.0,0.0,0.0,,10.0,11.0,,0.0,0.0,,10.0,11.0,,10.0,11.0,,10.0,11.0,0.0,0.0,0.0,0.0,0.0,2.0,0.0,0.0,0.0,0.0,0.0,1.0,1.0
978.0,0,4008.0,Qinghai,Limited liability company (Natural person investment or holding),2637.0,320.0,Scientific research and technology services,3.0,2.0,1.0,8.0,6.0,0.0,18.0,0.0,,0.0,0.0,3.0,0.0,9.0,5.0,0.0,0.0,0.0,0.0,0.0,0.0,0.0,0.0,0.0,0.0,0.0,0.0,0.0,0.0,0.0,0.0,0.0,0.0,0.0,0.0,0.0,0.0,0.0,0.0,0.0,0.0,0.0,0.0,0.0,0.0,0.0,0.0,0.0,0.0,0.0,0.0,0.0,0.0,,23.0,14.0,,23.0,0.0,,23.0,16.0,,23.0,18.0,,23.0,18.0,0.0,0.0,0.0,0.0,0.0,2.0,0.0,0.0,0.0,0.0,0.0,1.0,0.0
979.0,0,5168.0,Qinghai,Limited liability company (Natural person investment or holding),1892.0,5168.0,Wholesale and retail,3.0,2.0,0.0,0.0,4.0,12.0,0.0,9.0,,0.0,0.0,0.0,0.0,0.0,0.0,0.0,0.0,0.0,0.0,0.0,0.0,0.0,0.0,0.0,0.0,0.0,0.0,0.0,0.0,0.0,0.0,0.0,0.0,0.0,0.0,0.0,0.0,0.0,0.0,0.0,0.0,0.0,0.0,0.0,0.0,0.0,0.0,0.0,0.0,0.0,0.0,0.0,0.0,11.0,11.0,1.0,0.0,0.0,0.0,0.0,0.0,0.0,0.0,0.0,0.0,0.0,0.0,0.0,0.0,0.0,0.0,1.0,4.0,2.0,0.0,0.0,0.0,1.0,2.0,1.0,0.0
980.0,0,1000.0,Qinghai,Limited liability company (sole proprietorship of natural person),1295.0,17.89,Construction industry,1.0,2.0,0.0,0.0,0.0,1.0,10.0,0.0,,0.0,0.0,0.0,0.0,7.0,0.0,0.0,0.0,0.0,0.0,0.0,0.0,0.0,0.0,0.0,0.0,0.0,0.0,0.0,0.0,0.0,0.0,0.0,0.0,0.0,0.0,0.0,0.0,0.0,0.0,0.0,0.0,0.0,0.0,0.0,0.0,0.0,0.0,0.0,0.0,0.0,0.0,0.0,0.0,,4.0,0.0,,4.0,0.0,,4.0,0.0,,4.0,0.0,,4.0,0.0,0.0,0.0,0.0,0.0,0.0,1.0,0.0,0.0,0.0,0.0,0.0,0.0,0.0
981.0,0,1000.0,Qinghai,Limited liability company (Natural person investment or holding),2291.0,1000.0,Leasing and business services,2.0,2.0,0.0,0.0,0.0,0.0,2.0,0.0,,0.0,0.0,0.0,0.0,2.0,0.0,0.0,0.0,0.0,0.0,0.0,0.0,0.0,0.0,0.0,0.0,0.0,0.0,0.0,0.0,0.0,3.0,0.0,0.0,0.0,0.0,0.0,0.0,0.0,0.0,0.0,0.0,0.0,0.0,0.0,0.0,0.0,0.0,0.0,0.0,0.0,0.0,0.0,0.0,,3.0,3.0,,0.0,0.0,,0.0,0.0,,0.0,0.0,,0.0,0.0,0.0,0.0,0.0,0.0,0.0,0.0,0.0,0.0,0.0,0.0,0.0,0.0,0.0
982.0,0,1000.0,Qinghai,Limited liability company (Natural person investment or holding),3812.0,90.0,Construction industry,3.0,2.0,12.0,1.0,2.0,0.0,11.0,0.0,,0.0,0.0,0.0,0.0,1.0,5.0,0.0,0.0,0.0,0.0,0.0,0.0,0.0,0.0,0.0,0.0,0.0,0.0,0.0,0.0,0.0,0.0,0.0,0.0,0.0,0.0,0.0,0.0,0.0,0.0,0.0,0.0,0.0,0.0,0.0,0.0,0.0,0.0,0.0,0.0,0.0,0.0,0.0,0.0,,6.0,0.0,,0.0,0.0,,0.0,0.0,,0.0,0.0,,0.0,0.0,0.0,0.0,0.0,0.0,0.0,0.0,0.0,0.0,0.0,0.0,0.0,0.0,0.0
983.0,0,5000.0,Qinghai,Limited liability company (Natural person investment or holding),648.0,5000.0,Scientific research and technology services,3.0,,0.0,0.0,0.0,0.0,3.0,0.0,,0.0,0.0,0.0,0.0,0.0,4.0,0.0,0.0,0.0,0.0,0.0,0.0,0.0,0.0,0.0,0.0,0.0,0.0,0.0,0.0,0.0,0.0,0.0,0.0,0.0,0.0,0.0,0.0,0.0,0.0,0.0,0.0,0.0,0.0,0.0,0.0,0.0,0.0,0.0,0.0,0.0,0.0,0.0,0.0,,0.0,,,0.0,,,0.0,,,0.0,,,0.0,,0.0,0.0,0.0,0.0,0.0,0.0,0.0,0.0,0.0,0.0,0.0,0.0,0.0
984.0,0,4000.0,Qinghai,Limited liability company (Natural person investment or holding),1102.0,2.0,Construction industry,2.0,2.0,0.0,0.0,0.0,27.0,4.0,1.0,,0.0,0.0,0.0,0.0,10.0,0.0,0.0,0.0,0.0,0.0,0.0,0.0,0.0,0.0,0.0,0.0,0.0,0.0,0.0,0.0,0.0,0.0,0.0,2.0,0.0,0.0,0.0,0.0,0.0,0.0,0.0,0.0,0.0,0.0,0.0,0.0,0.0,0.0,0.0,0.0,0.0,0.0,0.0,0.0,,6.0,0.0,,6.0,0.0,,6.0,0.0,,6.0,0.0,,6.0,0.0,0.0,0.0,0.0,0.0,0.0,0.0,0.0,0.0,0.0,0.0,0.0,0.0,0.0
985.0,0,2000.0,Qinghai,Limited liability company (sole proprietorship of natural person),2534.0,2000.0,Scientific research and technology services,1.0,2.0,6.0,0.0,4.0,0.0,6.0,0.0,,0.0,0.0,0.0,0.0,6.0,0.0,0.0,0.0,0.0,0.0,0.0,0.0,0.0,0.0,0.0,0.0,0.0,0.0,0.0,0.0,0.0,0.0,2.0,0.0,0.0,0.0,0.0,0.0,0.0,0.0,0.0,0.0,0.0,0.0,0.0,0.0,0.0,0.0,0.0,0.0,0.0,0.0,0.0,0.0,,3.0,0.0,,0.0,0.0,,0.0,0.0,,0.0,0.0,,0.0,0.0,0.0,0.0,0.0,0.0,0.0,0.0,0.0,0.0,0.0,0.0,0.0,0.0,1.0
986.0,0,4088.0,Qinghai,Limited liability company (Natural person investment or holding),548.0,0.0,Construction industry,2.0,2.0,0.0,0.0,0.0,0.0,0.0,0.0,,0.0,0.0,0.0,0.0,10.0,0.0,0.0,0.0,0.0,0.0,0.0,0.0,0.0,0.0,0.0,0.0,0.0,0.0,0.0,0.0,0.0,0.0,0.0,0.0,0.0,14.0,0.0,0.0,0.0,0.0,0.0,0.0,0.0,0.0,0.0,0.0,0.0,0.0,0.0,0.0,0.0,0.0,0.0,0.0,,0.0,,,0.0,,,0.0,,,0.0,,,0.0,,0.0,0.0,0.0,0.0,0.0,0.0,0.0,0.0,0.0,0.0,0.0,0.0,0.0
987.0,0,10000.0,Sichuan,Limited liability company (sole proprietorship of legal person invested or controlled by non natural person),808.0,5685.0,Construction industry,1.0,6.0,0.0,0.0,0.0,9.0,4.0,2.0,,0.0,0.0,0.0,0.0,0.0,0.0,0.0,0.0,0.0,0.0,0.0,0.0,0.0,0.0,0.0,0.0,0.0,0.0,0.0,0.0,0.0,0.0,0.0,0.0,0.0,0.0,0.0,0.0,0.0,0.0,0.0,0.0,0.0,0.0,0.0,0.0,0.0,0.0,0.0,0.0,0.0,0.0,0.0,0.0,7.0,5.0,,7.0,5.0,,7.0,5.0,,7.0,5.0,,7.0,5.0,,0.0,0.0,0.0,0.0,0.0,0.0,0.0,0.0,0.0,0.0,0.0,0.0,0.0
988.0,0,1008.0,Zhejiang,Limited liability company (Natural person investment or holding),1650.0,0.0,Construction industry,2.0,2.0,0.0,0.0,4.0,0.0,3.0,1.0,,0.0,0.0,0.0,0.0,0.0,0.0,0.0,0.0,0.0,0.0,0.0,0.0,0.0,0.0,0.0,0.0,0.0,0.0,0.0,0.0,0.0,0.0,0.0,0.0,0.0,0.0,0.0,0.0,0.0,0.0,0.0,0.0,0.0,0.0,0.0,0.0,0.0,0.0,0.0,0.0,0.0,0.0,0.0,0.0,4.0,4.0,6.0,4.0,4.0,6.0,4.0,4.0,6.0,4.0,4.0,6.0,4.0,4.0,6.0,0.0,0.0,0.0,0.0,0.0,0.0,0.0,0.0,0.0,0.0,0.0,0.0,1.0
989.0,0,2183.0,Zhejiang,Limited liability company (Natural person investment or holding),922.0,79.2202,Construction industry,4.0,3.0,0.0,0.0,0.0,3.0,6.0,2.0,,0.0,0.0,0.0,0.0,0.0,0.0,0.0,0.0,0.0,0.0,0.0,0.0,0.0,0.0,0.0,0.0,0.0,0.0,0.0,0.0,0.0,0.0,0.0,0.0,0.0,0.0,0.0,0.0,0.0,0.0,0.0,3.0,0.0,0.0,0.0,0.0,0.0,0.0,0.0,0.0,0.0,0.0,0.0,0.0,15.0,14.0,11.0,15.0,14.0,11.0,15.0,14.0,11.0,15.0,14.0,11.0,0.0,14.0,11.0,0.0,0.0,0.0,0.0,0.0,0.0,0.0,0.0,0.0,0.0,0.0,0.0,0.0
990.0,0,5000.0,Fujian,Limited liability company (Natural person investment or holding),7208.0,4410.31,Construction industry,2.0,2.0,20.0,1.0,10.0,3.0,2.0,5.0,4.0,0.0,0.0,0.0,0.0,0.0,5.0,0.0,1.0,1.0,0.0,0.0,0.0,0.0,0.0,0.0,0.0,0.0,0.0,0.0,0.0,2.0,0.0,0.0,0.0,0.0,0.0,0.0,0.0,0.0,2.0,0.0,0.0,0.0,0.0,0.0,0.0,0.0,0.0,0.0,0.0,0.0,0.0,0.0,0.0,24.0,24.0,20.0,24.0,24.0,20.0,22.0,20.0,17.0,24.0,24.0,20.0,22.0,20.0,17.0,0.0,0.0,2.0,3.0,0.0,0.0,0.0,1.0,3.0,0.0,0.0,2.0,1.0
991.0,0,1200.0,Hebei,Limited liability company (Natural person investment or holding),1355.0,0.0,Construction industry,2.0,2.0,0.0,0.0,3.0,1.0,2.0,0.0,,0.0,0.0,0.0,0.0,1.0,0.0,0.0,0.0,0.0,0.0,0.0,0.0,0.0,0.0,0.0,0.0,0.0,0.0,0.0,0.0,0.0,0.0,0.0,0.0,0.0,0.0,0.0,0.0,0.0,0.0,0.0,0.0,0.0,0.0,0.0,0.0,0.0,0.0,0.0,0.0,0.0,0.0,0.0,0.0,0.0,0.0,0.0,0.0,0.0,0.0,0.0,0.0,0.0,0.0,0.0,0.0,0.0,0.0,0.0,0.0,0.0,0.0,0.0,0.0,2.0,0.0,0.0,0.0,0.0,0.0,4.0,0.0
992.0,0,2100.0,Hebei,Limited liability company (Natural person investment or holding),8181.0,2100.0,Construction industry,2.0,2.0,0.0,0.0,3.0,1.0,4.0,2.0,,0.0,0.0,0.0,0.0,0.0,0.0,0.0,0.0,0.0,0.0,0.0,0.0,0.0,0.0,0.0,0.0,0.0,0.0,0.0,0.0,0.0,0.0,0.0,0.0,0.0,0.0,0.0,0.0,0.0,0.0,0.0,0.0,0.0,0.0,0.0,0.0,0.0,0.0,0.0,0.0,0.0,0.0,0.0,0.0,17.0,17.0,19.0,0.0,0.0,0.0,17.0,0.0,0.0,10.0,10.0,13.0,17.0,0.0,0.0,0.0,0.0,0.0,1.0,0.0,0.0,0.0,0.0,0.0,1.0,0.0,0.0,1.0
993.0,0,608.0,Shandong,Limited liability company,11333.0,608.5,Construction industry,36.0,7.0,0.0,0.0,0.0,0.0,3.0,0.0,,0.0,1.0,0.0,0.0,0.0,0.0,0.0,0.0,0.0,0.0,3.0,0.0,0.0,0.0,0.0,0.0,0.0,0.0,0.0,0.0,0.0,0.0,0.0,0.0,0.0,0.0,0.0,0.0,0.0,0.0,0.0,0.0,0.0,0.0,0.0,0.0,0.0,0.0,0.0,0.0,0.0,0.0,0.0,0.0,35.0,32.0,35.0,35.0,32.0,35.0,35.0,32.0,35.0,35.0,32.0,35.0,35.0,32.0,35.0,0.0,0.0,0.0,0.0,4.0,2.0,0.0,0.0,0.0,0.0,1.0,0.0,2.0
994.0,0,2005.0,Shandong,Limited liability company,8172.0,1848.0,Wholesale and retail,36.0,8.0,6.0,0.0,7.0,0.0,0.0,3.0,2.0,0.0,0.0,3.0,0.0,0.0,0.0,0.0,0.0,0.0,0.0,0.0,0.0,0.0,0.0,0.0,0.0,0.0,0.0,0.0,0.0,0.0,0.0,0.0,0.0,0.0,0.0,0.0,0.0,0.0,0.0,0.0,0.0,0.0,0.0,0.0,0.0,0.0,0.0,0.0,0.0,0.0,0.0,0.0,0.0,68.0,80.0,73.0,68.0,80.0,73.0,68.0,80.0,73.0,68.0,80.0,73.0,68.0,80.0,73.0,0.0,0.0,0.0,0.0,2.0,0.0,0.0,0.0,0.0,0.0,0.0,1.0,2.0
995.0,0,3500.0,Jiangxi,Limited liability company (Natural person investment or holding),1289.0,0.0,Construction industry,3.0,2.0,0.0,0.0,0.0,7.0,2.0,2.0,7.0,0.0,0.0,0.0,0.0,0.0,0.0,0.0,0.0,0.0,0.0,0.0,0.0,0.0,0.0,0.0,0.0,0.0,0.0,0.0,0.0,0.0,0.0,0.0,0.0,0.0,0.0,0.0,0.0,0.0,0.0,0.0,0.0,0.0,0.0,0.0,0.0,0.0,0.0,0.0,0.0,0.0,0.0,0.0,0.0,0.0,0.0,0.0,0.0,0.0,0.0,0.0,0.0,0.0,0.0,0.0,0.0,0.0,0.0,0.0,0.0,0.0,0.0,0.0,0.0,0.0,0.0,0.0,0.0,0.0,0.0,0.0,0.0
996.0,0,5860.0,Fujian,Limited liability company (Natural person investment or holding),3321.0,5860.0,Wholesale and retail,4.0,3.0,8.0,4.0,28.0,13.0,10.0,0.0,,0.0,0.0,0.0,1.0,0.0,0.0,0.0,0.0,0.0,0.0,0.0,0.0,0.0,0.0,0.0,0.0,0.0,0.0,0.0,0.0,1.0,0.0,0.0,0.0,0.0,0.0,0.0,0.0,0.0,0.0,0.0,0.0,0.0,0.0,0.0,0.0,0.0,0.0,0.0,0.0,0.0,0.0,0.0,0.0,83.0,,61.0,83.0,,61.0,83.0,,61.0,83.0,,61.0,83.0,,61.0,0.0,0.0,0.0,0.0,0.0,0.0,0.0,0.0,0.0,0.0,0.0,0.0,1.0
997.0,0,2500.0,Fujian,Limited liability company (Natural person investment or holding),4963.0,2500.0,Wholesale and retail,2.0,2.0,2.0,2.0,2.0,0.0,0.0,1.0,4.0,0.0,0.0,1.0,1.0,0.0,3.0,2.0,0.0,0.0,0.0,0.0,0.0,2.0,1.0,0.0,0.0,0.0,0.0,1.0,2.0,3.0,0.0,0.0,0.0,0.0,0.0,0.0,0.0,0.0,0.0,0.0,0.0,0.0,0.0,0.0,0.0,0.0,0.0,0.0,0.0,0.0,0.0,0.0,0.0,55.0,,53.0,55.0,,53.0,55.0,,53.0,55.0,,53.0,55.0,,53.0,0.0,0.0,0.0,2.0,1.0,1.0,0.0,0.0,0.0,0.0,1.0,1.0,0.0
998.0,0,1000.0,Fujian,Limited liability company (sole proprietorship of natural person),3281.0,100.0,Scientific research and technology services,1.0,2.0,10.0,1.0,0.0,0.0,8.0,3.0,,0.0,0.0,0.0,0.0,0.0,0.0,0.0,0.0,0.0,0.0,0.0,0.0,0.0,0.0,0.0,0.0,0.0,0.0,0.0,0.0,1.0,1.0,2.0,0.0,0.0,4.0,0.0,0.0,0.0,0.0,0.0,10.0,0.0,0.0,0.0,0.0,0.0,0.0,0.0,0.0,0.0,0.0,0.0,0.0,10.0,,6.0,10.0,,6.0,10.0,,6.0,10.0,,6.0,10.0,,6.0,0.0,0.0,0.0,0.0,0.0,0.0,0.0,0.0,0.0,0.0,0.0,0.0,2.0
999.0,0,5000.0,Fujian,Limited liability company (Natural person investment or holding),4279.0,50.0,Construction industry,2.0,2.0,22.0,1.0,9.0,0.0,0.0,1.0,,0.0,0.0,0.0,0.0,1.0,0.0,0.0,0.0,0.0,0.0,0.0,0.0,0.0,0.0,0.0,0.0,0.0,0.0,0.0,0.0,0.0,0.0,0.0,0.0,0.0,0.0,0.0,0.0,0.0,0.0,0.0,0.0,0.0,0.0,0.0,0.0,0.0,0.0,0.0,0.0,0.0,0.0,0.0,3.0,12.0,,13.0,12.0,,13.0,12.0,,13.0,12.0,,13.0,12.0,,13.0,0.0,0.0,0.0,0.0,0.0,0.0,0.0,0.0,0.0,0.0,0.0,0.0,1.0
1000.0,0,3300.0,Fujian,Limited liability company (Natural person investment or holding),7573.0,1000.0,Construction industry,2.0,4.0,3.0,2.0,0.0,7.0,3.0,1.0,,0.0,0.0,0.0,0.0,7.0,0.0,0.0,0.0,0.0,0.0,0.0,0.0,0.0,0.0,0.0,0.0,0.0,0.0,0.0,0.0,0.0,0.0,0.0,0.0,0.0,0.0,0.0,0.0,0.0,0.0,0.0,0.0,0.0,0.0,0.0,0.0,0.0,0.0,0.0,0.0,0.0,0.0,0.0,0.0,26.0,,28.0,26.0,,28.0,26.0,,28.0,26.0,,28.0,26.0,,28.0,0.0,0.0,0.0,0.0,0.0,0.0,0.0,0.0,0.0,0.0,0.0,0.0,0.0
1001.0,0,5000.0,Fujian,Limited liability company (Natural person investment or holding),3233.0,2900.0,Construction industry,2.0,3.0,4.0,1.0,5.0,6.0,1.0,2.0,,0.0,0.0,0.0,0.0,0.0,0.0,0.0,0.0,0.0,0.0,0.0,0.0,0.0,0.0,0.0,0.0,0.0,0.0,0.0,0.0,1.0,0.0,0.0,0.0,0.0,0.0,0.0,0.0,0.0,0.0,0.0,0.0,0.0,0.0,0.0,0.0,0.0,0.0,0.0,0.0,0.0,0.0,0.0,0.0,81.0,104.0,105.0,81.0,104.0,105.0,81.0,104.0,105.0,81.0,104.0,105.0,81.0,104.0,105.0,0.0,0.0,0.0,0.0,0.0,0.0,0.0,0.0,0.0,0.0,0.0,1.0,2.0
1002.0,0,1050.0,Fujian,Limited liability company (Natural person investment or holding),3870.0,310.0,"Information transmission, software and information technology services",2.0,2.0,16.0,4.0,1.0,0.0,0.0,0.0,,0.0,0.0,0.0,0.0,0.0,5.0,0.0,0.0,0.0,0.0,0.0,0.0,0.0,0.0,0.0,0.0,0.0,0.0,0.0,0.0,0.0,0.0,0.0,0.0,0.0,0.0,0.0,0.0,0.0,0.0,0.0,0.0,0.0,0.0,0.0,0.0,0.0,0.0,0.0,0.0,0.0,0.0,0.0,0.0,9.0,8.0,,9.0,8.0,,9.0,8.0,,9.0,8.0,,9.0,8.0,,0.0,0.0,0.0,0.0,0.0,0.0,0.0,0.0,0.0,0.0,0.0,0.0,1.0
1003.0,0,5518.0,Fujian,Limited liability company (Natural person investment or holding),6151.0,5518.0,Real estate,3.0,2.0,8.0,1.0,0.0,7.0,15.0,6.0,3.0,0.0,0.0,0.0,0.0,0.0,0.0,0.0,0.0,1.0,0.0,0.0,0.0,0.0,0.0,0.0,0.0,0.0,0.0,0.0,0.0,0.0,0.0,0.0,0.0,0.0,0.0,0.0,0.0,0.0,0.0,0.0,0.0,0.0,0.0,0.0,0.0,0.0,0.0,0.0,0.0,0.0,0.0,0.0,0.0,75.0,,84.0,75.0,,84.0,75.0,,84.0,75.0,,84.0,75.0,,84.0,0.0,0.0,1.0,3.0,0.0,0.0,0.0,0.0,1.0,0.0,0.0,0.0,0.0
1004.0,0,5888.0,Fujian,Limited liability company (Natural person investment or holding),4137.0,1188.0,Construction industry,2.0,2.0,3.0,1.0,5.0,4.0,0.0,4.0,,0.0,0.0,0.0,0.0,0.0,6.0,0.0,0.0,0.0,0.0,0.0,0.0,0.0,0.0,0.0,0.0,0.0,0.0,0.0,0.0,0.0,0.0,0.0,0.0,0.0,0.0,0.0,0.0,0.0,0.0,0.0,0.0,0.0,0.0,0.0,0.0,0.0,0.0,0.0,0.0,0.0,0.0,0.0,0.0,16.0,13.0,20.0,16.0,13.0,20.0,16.0,13.0,20.0,16.0,13.0,20.0,16.0,13.0,20.0,0.0,0.0,0.0,0.0,0.0,0.0,0.0,0.0,0.0,0.0,0.0,0.0,1.0
1005.0,0,1020.0,Fujian,Limited liability company (Natural person investment or holding),4084.0,1020.0,Construction industry,2.0,3.0,3.0,1.0,2.0,2.0,14.0,3.0,8.0,3.0,0.0,0.0,0.0,0.0,0.0,0.0,0.0,0.0,0.0,0.0,0.0,0.0,0.0,0.0,0.0,0.0,0.0,0.0,0.0,0.0,0.0,0.0,0.0,0.0,0.0,0.0,0.0,0.0,0.0,0.0,0.0,0.0,0.0,0.0,0.0,0.0,0.0,0.0,0.0,0.0,0.0,0.0,0.0,31.0,44.0,43.0,31.0,44.0,43.0,31.0,44.0,43.0,31.0,44.0,43.0,31.0,44.0,43.0,0.0,0.0,2.0,0.0,0.0,0.0,0.0,0.0,2.0,0.0,0.0,0.0,0.0
1006.0,0,500.0,Fujian,Limited liability company (sole proprietorship of natural person),1427.0,500.0,Construction industry,1.0,2.0,0.0,0.0,0.0,15.0,0.0,0.0,,0.0,0.0,0.0,0.0,0.0,1.0,0.0,0.0,0.0,0.0,0.0,0.0,0.0,0.0,0.0,0.0,0.0,0.0,0.0,0.0,0.0,0.0,0.0,0.0,0.0,0.0,0.0,0.0,0.0,0.0,0.0,0.0,0.0,0.0,0.0,0.0,0.0,0.0,0.0,0.0,0.0,0.0,0.0,0.0,5.0,,0.0,5.0,,0.0,5.0,,0.0,5.0,,0.0,5.0,,0.0,0.0,0.0,0.0,0.0,0.0,0.0,0.0,0.0,0.0,0.0,0.0,0.0,0.0
1007.0,0,5080.0,Fujian,Limited liability company (Natural person investment or holding),1822.0,1100.0,"Information transmission, software and information technology services",3.0,4.0,0.0,7.0,10.0,12.0,9.0,7.0,,0.0,0.0,0.0,0.0,4.0,0.0,0.0,0.0,0.0,0.0,0.0,0.0,0.0,0.0,0.0,0.0,0.0,0.0,0.0,1.0,0.0,0.0,0.0,2.0,0.0,0.0,0.0,0.0,0.0,0.0,0.0,0.0,0.0,0.0,0.0,0.0,0.0,0.0,0.0,0.0,0.0,2.0,2.0,2.0,23.0,13.0,10.0,23.0,13.0,10.0,23.0,13.0,10.0,23.0,13.0,10.0,23.0,13.0,10.0,0.0,0.0,0.0,0.0,0.0,0.0,0.0,0.0,0.0,0.0,0.0,0.0,1.0
1008.0,0,1008.0,Fujian,Limited liability company (sole proprietorship of natural person),3665.0,100.0,"Information transmission, software and information technology services",1.0,2.0,8.0,1.0,4.0,0.0,14.0,0.0,,0.0,0.0,0.0,1.0,0.0,0.0,0.0,0.0,0.0,0.0,0.0,0.0,0.0,0.0,0.0,0.0,0.0,0.0,0.0,0.0,0.0,0.0,0.0,0.0,0.0,0.0,0.0,0.0,0.0,0.0,0.0,0.0,0.0,0.0,0.0,0.0,0.0,0.0,0.0,0.0,0.0,2.0,0.0,0.0,20.0,18.0,18.0,20.0,18.0,18.0,20.0,18.0,18.0,20.0,18.0,18.0,20.0,18.0,18.0,0.0,0.0,0.0,0.0,0.0,0.0,0.0,0.0,0.0,0.0,0.0,0.0,3.0
1009.0,0,5000.0,Fujian,Limited liability company (Natural person investment or holding),5726.0,10300.0,Construction industry,3.0,2.0,11.0,2.0,0.0,3.0,8.0,10.0,3.0,0.0,0.0,0.0,0.0,0.0,0.0,0.0,0.0,0.0,0.0,0.0,0.0,0.0,0.0,0.0,0.0,0.0,0.0,0.0,0.0,0.0,0.0,0.0,0.0,0.0,0.0,0.0,0.0,0.0,0.0,0.0,0.0,0.0,0.0,0.0,0.0,0.0,0.0,0.0,0.0,0.0,0.0,0.0,0.0,85.0,86.0,,85.0,86.0,,85.0,86.0,,85.0,86.0,,85.0,86.0,,0.0,0.0,1.0,0.0,0.0,2.0,1.0,0.0,0.0,0.0,0.0,1.0,3.0
1010.0,0,5088.0,Fujian,Limited liability company (Natural person investment or holding),3095.0,5088.0,Construction industry,2.0,2.0,3.0,8.0,0.0,0.0,0.0,0.0,2.0,0.0,0.0,0.0,0.0,0.0,0.0,0.0,0.0,0.0,0.0,0.0,1.0,0.0,0.0,0.0,0.0,0.0,0.0,0.0,0.0,0.0,0.0,0.0,2.0,0.0,0.0,0.0,0.0,0.0,0.0,0.0,0.0,0.0,0.0,0.0,0.0,0.0,0.0,0.0,0.0,0.0,0.0,0.0,0.0,86.0,103.0,122.0,86.0,103.0,122.0,86.0,103.0,122.0,86.0,103.0,122.0,86.0,103.0,122.0,0.0,0.0,0.0,0.0,0.0,3.0,0.0,0.0,0.0,0.0,0.0,0.0,0.0
1011.0,0,4500.6,Fujian,Limited liability company (Natural person investment or holding),9483.0,4500.6,Construction industry,3.0,2.0,19.0,0.0,2.0,2.0,0.0,1.0,5.0,0.0,0.0,0.0,5.0,0.0,2.0,0.0,0.0,0.0,0.0,0.0,0.0,0.0,0.0,0.0,0.0,0.0,0.0,0.0,0.0,2.0,0.0,5.0,0.0,0.0,0.0,0.0,0.0,0.0,15.0,2.0,4.0,0.0,0.0,0.0,0.0,0.0,0.0,0.0,0.0,0.0,0.0,0.0,0.0,95.0,88.0,69.0,95.0,88.0,69.0,95.0,88.0,69.0,95.0,88.0,69.0,95.0,88.0,69.0,0.0,0.0,0.0,1.0,1.0,0.0,0.0,0.0,0.0,2.0,0.0,1.0,1.0
1012.0,0,2868.0,Fujian,Limited liability company (Natural person investment or holding),2822.0,2868.0,Scientific research and technology services,2.0,2.0,5.0,17.0,3.0,5.0,0.0,3.0,2.0,0.0,0.0,0.0,0.0,4.0,0.0,0.0,0.0,0.0,0.0,0.0,0.0,0.0,0.0,0.0,0.0,0.0,0.0,0.0,0.0,2.0,0.0,1.0,0.0,0.0,0.0,0.0,0.0,0.0,0.0,0.0,0.0,0.0,0.0,0.0,0.0,0.0,0.0,0.0,0.0,0.0,0.0,0.0,0.0,38.0,37.0,,38.0,37.0,,38.0,37.0,,38.0,37.0,,38.0,37.0,,0.0,0.0,0.0,0.0,0.0,0.0,0.0,0.0,0.0,0.0,0.0,0.0,0.0
1013.0,0,3100.0,Fujian,Limited liability company (Natural person investment or holding),5826.0,1000.0,Wholesale and retail,2.0,2.0,3.0,5.0,12.0,0.0,7.0,0.0,,0.0,0.0,0.0,0.0,3.0,0.0,0.0,0.0,0.0,0.0,0.0,0.0,0.0,0.0,0.0,0.0,0.0,0.0,0.0,0.0,0.0,0.0,0.0,0.0,3.0,0.0,0.0,0.0,0.0,0.0,0.0,0.0,0.0,0.0,0.0,0.0,0.0,0.0,0.0,0.0,0.0,0.0,0.0,0.0,64.0,,16.0,64.0,,16.0,64.0,,16.0,64.0,,16.0,64.0,,16.0,0.0,0.0,0.0,1.0,0.0,0.0,0.0,0.0,1.0,0.0,0.0,0.0,2.0
1014.0,0,3677.0,Fujian,Limited liability company (Natural person investment or holding),3151.0,1100.0,Construction industry,2.0,2.0,14.0,8.0,10.0,2.0,0.0,0.0,,0.0,0.0,0.0,0.0,0.0,0.0,0.0,0.0,0.0,0.0,0.0,0.0,0.0,0.0,0.0,0.0,0.0,0.0,0.0,0.0,0.0,0.0,0.0,0.0,2.0,1.0,0.0,0.0,0.0,0.0,1.0,0.0,0.0,0.0,0.0,0.0,0.0,0.0,0.0,0.0,0.0,0.0,0.0,0.0,49.0,,54.0,49.0,,54.0,49.0,,54.0,49.0,,54.0,49.0,,54.0,0.0,0.0,0.0,0.0,0.0,0.0,0.0,0.0,0.0,0.0,0.0,0.0,0.0
1015.0,0,3000.0,Fujian,Limited liability company (Natural person investment or holding),2190.0,500.0,Scientific research and technology services,2.0,2.0,0.0,8.0,4.0,7.0,10.0,6.0,,0.0,0.0,0.0,0.0,0.0,2.0,0.0,0.0,0.0,0.0,0.0,0.0,0.0,0.0,0.0,0.0,0.0,0.0,0.0,0.0,0.0,0.0,0.0,0.0,0.0,0.0,0.0,0.0,0.0,0.0,0.0,0.0,0.0,0.0,0.0,0.0,0.0,0.0,0.0,0.0,0.0,0.0,19.0,0.0,108.0,0.0,0.0,108.0,0.0,0.0,108.0,0.0,0.0,108.0,0.0,0.0,108.0,0.0,0.0,0.0,0.0,0.0,0.0,0.0,0.0,0.0,0.0,0.0,0.0,0.0,0.0,0.0
1016.0,0,1080.0,Fujian,Limited liability company (sole proprietorship of natural person),7669.0,1080.0,Construction industry,1.0,2.0,3.0,1.0,0.0,8.0,8.0,2.0,2.0,0.0,0.0,0.0,1.0,0.0,0.0,1.0,0.0,0.0,0.0,0.0,0.0,0.0,0.0,0.0,0.0,0.0,0.0,0.0,0.0,0.0,0.0,0.0,0.0,0.0,0.0,0.0,0.0,0.0,0.0,0.0,0.0,0.0,0.0,0.0,0.0,0.0,0.0,0.0,0.0,0.0,0.0,0.0,0.0,22.0,,22.0,22.0,,22.0,22.0,,22.0,22.0,,22.0,22.0,,22.0,0.0,0.0,0.0,0.0,0.0,2.0,0.0,0.0,0.0,0.0,0.0,1.0,0.0
1017.0,0,5600.0,Fujian,Limited liability company (Natural person investment or holding),6077.0,500.0,Construction industry,2.0,2.0,5.0,3.0,1.0,0.0,0.0,5.0,1.0,0.0,0.0,0.0,0.0,0.0,0.0,0.0,2.0,0.0,0.0,0.0,0.0,0.0,0.0,0.0,0.0,0.0,0.0,0.0,0.0,2.0,0.0,0.0,0.0,0.0,0.0,0.0,0.0,0.0,0.0,0.0,0.0,0.0,0.0,0.0,0.0,0.0,0.0,0.0,0.0,0.0,0.0,0.0,0.0,36.0,12.0,37.0,36.0,12.0,37.0,36.0,12.0,37.0,36.0,12.0,37.0,36.0,12.0,37.0,0.0,0.0,1.0,1.0,0.0,0.0,0.0,1.0,1.0,0.0,0.0,0.0,0.0
1018.0,0,13888.0,Fujian,Limited liability company (Natural person investment or holding),1807.0,6888.0,Construction industry,2.0,2.0,0.0,2.0,7.0,2.0,0.0,15.0,1.0,0.0,0.0,0.0,0.0,0.0,0.0,0.0,0.0,0.0,0.0,0.0,0.0,0.0,0.0,0.0,0.0,0.0,0.0,0.0,0.0,0.0,0.0,0.0,0.0,0.0,2.0,0.0,0.0,0.0,0.0,0.0,0.0,0.0,0.0,0.0,0.0,0.0,0.0,0.0,0.0,0.0,0.0,0.0,0.0,33.0,,52.0,33.0,,52.0,33.0,,52.0,33.0,,52.0,33.0,,52.0,0.0,0.0,0.0,0.0,0.0,2.0,0.0,0.0,0.0,0.0,0.0,2.0,0.0
1019.0,0,2080.0,Fujian,Limited liability company (Natural person investment or holding),3657.0,508.0,Scientific research and technology services,2.0,2.0,7.0,0.0,1.0,3.0,0.0,4.0,5.0,0.0,0.0,1.0,0.0,0.0,1.0,1.0,0.0,0.0,0.0,0.0,1.0,0.0,0.0,0.0,0.0,0.0,0.0,0.0,1.0,1.0,0.0,0.0,0.0,0.0,0.0,0.0,0.0,0.0,0.0,0.0,0.0,0.0,0.0,0.0,0.0,0.0,0.0,6.0,0.0,1.0,0.0,0.0,0.0,15.0,,10.0,15.0,,10.0,15.0,,10.0,15.0,,10.0,15.0,,10.0,0.0,0.0,0.0,0.0,2.0,6.0,2.0,0.0,0.0,1.0,2.0,0.0,0.0
1020.0,0,11800.0,Shandong,Limited liability company (sole proprietorship of natural person),5299.0,3470.0,Construction industry,1.0,2.0,7.0,0.0,13.0,2.0,0.0,0.0,5.0,0.0,0.0,1.0,0.0,0.0,3.0,0.0,0.0,2.0,0.0,0.0,0.0,0.0,0.0,0.0,0.0,0.0,0.0,0.0,0.0,0.0,0.0,0.0,0.0,0.0,0.0,0.0,0.0,0.0,0.0,0.0,0.0,0.0,0.0,0.0,0.0,0.0,0.0,0.0,0.0,0.0,0.0,0.0,0.0,76.0,28.0,0.0,76.0,28.0,0.0,76.0,28.0,0.0,76.0,28.0,0.0,76.0,28.0,0.0,0.0,0.0,0.0,0.0,0.0,19.0,0.0,0.0,1.0,0.0,2.0,4.0,1.0
1021.0,0,1680.0,Shandong,Limited liability company (Natural person investment or holding),2642.0,5.0,Leasing and business services,3.0,2.0,10.0,9.0,9.0,4.0,3.0,15.0,13.0,0.0,0.0,0.0,0.0,0.0,0.0,0.0,0.0,0.0,0.0,0.0,0.0,0.0,0.0,0.0,0.0,0.0,0.0,0.0,0.0,0.0,0.0,0.0,0.0,0.0,0.0,0.0,0.0,0.0,2.0,0.0,0.0,0.0,0.0,0.0,0.0,0.0,0.0,0.0,0.0,0.0,7.0,0.0,4.0,0.0,0.0,31.0,0.0,0.0,31.0,0.0,0.0,31.0,0.0,0.0,31.0,0.0,0.0,31.0,0.0,0.0,0.0,0.0,0.0,1.0,0.0,0.0,0.0,0.0,0.0,0.0,2.0
1022.0,0,700.0,Shandong,Other limited liability companies,3068.0,700.0,Construction industry,2.0,2.0,4.0,0.0,16.0,0.0,4.0,12.0,,0.0,0.0,0.0,0.0,0.0,0.0,0.0,0.0,0.0,0.0,0.0,0.0,0.0,0.0,0.0,0.0,0.0,0.0,0.0,0.0,0.0,0.0,0.0,0.0,0.0,0.0,0.0,0.0,0.0,0.0,0.0,0.0,0.0,0.0,0.0,0.0,0.0,0.0,0.0,0.0,0.0,0.0,0.0,0.0,17.0,0.0,0.0,17.0,0.0,0.0,17.0,0.0,0.0,0.0,0.0,0.0,17.0,0.0,0.0,0.0,0.0,0.0,0.0,0.0,0.0,0.0,0.0,0.0,0.0,0.0,0.0,0.0
1023.0,0,2000.0,Shandong,Limited liability company (Natural person investment or holding),3755.0,2000.0,Construction industry,2.0,2.0,3.0,0.0,0.0,18.0,0.0,1.0,1.0,0.0,0.0,0.0,2.0,1.0,0.0,0.0,0.0,0.0,0.0,0.0,0.0,0.0,0.0,0.0,0.0,0.0,0.0,0.0,0.0,0.0,0.0,0.0,0.0,0.0,0.0,0.0,0.0,0.0,0.0,0.0,0.0,0.0,0.0,0.0,0.0,0.0,0.0,0.0,0.0,0.0,0.0,0.0,0.0,14.0,11.0,27.0,14.0,11.0,27.0,14.0,11.0,27.0,14.0,11.0,27.0,14.0,11.0,27.0,0.0,0.0,0.0,0.0,0.0,0.0,0.0,0.0,0.0,0.0,0.0,0.0,0.0
1024.0,0,2100.0,Shandong,Limited liability company (Natural person investment or holding),2945.0,852.9,Construction industry,2.0,2.0,5.0,5.0,0.0,8.0,15.0,0.0,6.0,0.0,0.0,3.0,0.0,2.0,0.0,0.0,0.0,0.0,0.0,0.0,0.0,0.0,0.0,0.0,0.0,0.0,0.0,0.0,0.0,0.0,0.0,0.0,0.0,0.0,0.0,0.0,0.0,0.0,0.0,0.0,0.0,0.0,0.0,0.0,0.0,0.0,0.0,0.0,0.0,0.0,0.0,0.0,0.0,26.0,26.0,0.0,26.0,26.0,0.0,26.0,26.0,0.0,26.0,26.0,0.0,26.0,26.0,0.0,0.0,0.0,0.0,0.0,0.0,0.0,0.0,0.0,0.0,0.0,0.0,0.0,1.0
1025.0,1,5005.0,Shandong,Limited liability company (sole proprietorship of natural person),2702.0,1251.28,"Transportation, storage and postal services",1.0,2.0,5.0,0.0,17.0,0.0,18.0,10.0,,0.0,0.0,0.0,0.0,0.0,0.0,0.0,0.0,0.0,0.0,0.0,0.0,0.0,0.0,0.0,0.0,0.0,0.0,0.0,0.0,0.0,0.0,0.0,0.0,0.0,0.0,0.0,0.0,0.0,0.0,0.0,0.0,0.0,0.0,0.0,0.0,0.0,0.0,0.0,0.0,0.0,0.0,0.0,0.0,14.0,0.0,0.0,14.0,0.0,0.0,14.0,0.0,0.0,14.0,0.0,0.0,14.0,0.0,0.0,0.0,0.0,0.0,0.0,0.0,1.0,0.0,0.0,0.0,0.0,0.0,1.0,0.0
1026.0,0,3177.0,Shandong,Limited liability company (sole proprietorship of natural person),1645.0,0.0,Construction industry,1.0,2.0,0.0,0.0,0.0,0.0,13.0,0.0,,0.0,0.0,0.0,0.0,1.0,0.0,0.0,0.0,0.0,0.0,0.0,0.0,0.0,0.0,0.0,0.0,0.0,0.0,0.0,0.0,0.0,0.0,0.0,0.0,0.0,0.0,0.0,0.0,0.0,0.0,0.0,0.0,0.0,0.0,0.0,0.0,0.0,0.0,0.0,0.0,0.0,0.0,0.0,0.0,7.0,8.0,10.0,7.0,8.0,10.0,7.0,8.0,10.0,7.0,8.0,10.0,7.0,8.0,10.0,0.0,0.0,0.0,0.0,0.0,0.0,0.0,0.0,0.0,0.0,0.0,0.0,0.0
1027.0,0,5001.0,Shandong,Limited liability company (Natural person investment or holding),7481.0,2101.0,Wholesale and retail,2.0,2.0,20.0,0.0,2.0,4.0,0.0,3.0,2.0,0.0,0.0,1.0,1.0,3.0,33.0,0.0,0.0,0.0,0.0,0.0,0.0,0.0,0.0,0.0,0.0,0.0,0.0,0.0,0.0,0.0,0.0,0.0,0.0,4.0,1.0,0.0,0.0,0.0,0.0,0.0,1.0,0.0,0.0,0.0,0.0,0.0,0.0,6.0,0.0,4.0,4.0,12.0,7.0,47.0,35.0,35.0,47.0,35.0,35.0,47.0,35.0,35.0,47.0,35.0,35.0,47.0,35.0,35.0,0.0,0.0,0.0,1.0,2.0,0.0,1.0,1.0,0.0,0.0,1.0,0.0,4.0
1028.0,0,2900.0,Shandong,Limited liability company (Natural person investment or holding),2268.0,800.0,Construction industry,2.0,2.0,0.0,8.0,0.0,0.0,9.0,5.0,,0.0,0.0,0.0,0.0,0.0,2.0,0.0,0.0,0.0,0.0,0.0,0.0,0.0,0.0,0.0,0.0,0.0,0.0,0.0,0.0,0.0,0.0,0.0,0.0,0.0,0.0,0.0,0.0,0.0,0.0,0.0,0.0,0.0,0.0,0.0,0.0,0.0,0.0,0.0,0.0,0.0,0.0,0.0,0.0,23.0,13.0,13.0,23.0,13.0,13.0,23.0,13.0,13.0,23.0,13.0,13.0,23.0,13.0,13.0,0.0,0.0,0.0,0.0,0.0,0.0,0.0,0.0,0.0,0.0,0.0,0.0,0.0
1029.0,0,10000.0,Shandong,Limited liability company,5404.0,50.0,Construction industry,2.0,2.0,0.0,0.0,24.0,0.0,0.0,0.0,,0.0,0.0,0.0,6.0,0.0,1.0,0.0,0.0,0.0,0.0,0.0,0.0,0.0,0.0,0.0,0.0,0.0,0.0,0.0,0.0,0.0,0.0,0.0,0.0,0.0,0.0,0.0,0.0,0.0,0.0,1.0,7.0,0.0,0.0,0.0,0.0,0.0,0.0,0.0,0.0,0.0,0.0,0.0,0.0,6.0,6.0,0.0,6.0,6.0,0.0,6.0,6.0,0.0,6.0,6.0,0.0,6.0,6.0,0.0,0.0,0.0,0.0,0.0,2.0,5.0,0.0,0.0,0.0,0.0,0.0,1.0,0.0
1030.0,0,1000.0,Shandong,Limited liability company (Natural person investment or holding),2641.0,1000.0,Scientific research and technology services,2.0,2.0,3.0,0.0,1.0,5.0,0.0,0.0,2.0,0.0,0.0,0.0,0.0,0.0,0.0,0.0,0.0,0.0,0.0,0.0,0.0,0.0,0.0,0.0,0.0,0.0,0.0,0.0,0.0,5.0,0.0,0.0,0.0,0.0,0.0,0.0,0.0,1.0,3.0,0.0,0.0,0.0,0.0,0.0,0.0,0.0,0.0,4.0,0.0,0.0,7.0,0.0,2.0,19.0,14.0,13.0,19.0,14.0,13.0,19.0,14.0,13.0,19.0,14.0,13.0,19.0,14.0,13.0,0.0,0.0,0.0,0.0,0.0,0.0,0.0,0.0,0.0,0.0,0.0,0.0,1.0
1031.0,0,6000.0,Shandong,Limited liability company (Natural person investment or holding),1512.0,10.0,Construction industry,2.0,2.0,0.0,0.0,0.0,23.0,9.0,2.0,11.0,0.0,0.0,0.0,0.0,0.0,3.0,0.0,0.0,0.0,0.0,0.0,0.0,0.0,0.0,0.0,0.0,0.0,0.0,0.0,0.0,0.0,0.0,0.0,0.0,0.0,0.0,0.0,0.0,0.0,0.0,0.0,0.0,0.0,0.0,0.0,0.0,0.0,0.0,0.0,0.0,0.0,0.0,0.0,0.0,20.0,18.0,0.0,20.0,18.0,0.0,0.0,0.0,0.0,20.0,18.0,0.0,0.0,0.0,0.0,0.0,0.0,0.0,0.0,0.0,0.0,0.0,0.0,0.0,0.0,0.0,0.0,0.0
1032.0,0,5170.0,Shandong,Limited liability company (Natural person investment or holding),5084.0,4630.0,Construction industry,2.0,2.0,7.0,0.0,2.0,3.0,14.0,0.0,1.0,0.0,0.0,0.0,0.0,6.0,0.0,0.0,0.0,0.0,0.0,0.0,0.0,0.0,0.0,0.0,0.0,0.0,0.0,0.0,1.0,0.0,0.0,0.0,0.0,0.0,0.0,0.0,0.0,0.0,0.0,0.0,1.0,0.0,0.0,0.0,0.0,0.0,0.0,0.0,0.0,0.0,0.0,0.0,0.0,30.0,22.0,18.0,30.0,22.0,0.0,30.0,22.0,18.0,30.0,22.0,18.0,30.0,22.0,0.0,0.0,0.0,1.0,1.0,2.0,4.0,0.0,0.0,0.0,0.0,1.0,1.0,4.0
1033.0,1,2100.0,Shandong,Limited liability company (Natural person investment or holding),5168.0,2100.0,Construction industry,2.0,2.0,4.0,0.0,6.0,2.0,15.0,4.0,9.0,0.0,0.0,0.0,0.0,0.0,5.0,0.0,0.0,0.0,0.0,0.0,0.0,0.0,0.0,0.0,0.0,0.0,0.0,0.0,0.0,0.0,0.0,0.0,0.0,0.0,0.0,0.0,0.0,0.0,0.0,0.0,0.0,0.0,0.0,0.0,0.0,0.0,0.0,0.0,0.0,0.0,0.0,0.0,0.0,42.0,36.0,31.0,42.0,36.0,31.0,42.0,36.0,31.0,42.0,36.0,31.0,42.0,36.0,31.0,0.0,0.0,0.0,4.0,1.0,3.0,0.0,0.0,0.0,1.0,0.0,0.0,1.0
1034.0,0,10000.0,Shandong,Other limited liability companies,9193.0,2000.0,"Water conservancy, environment and public facilities management",2.0,8.0,8.0,0.0,7.0,18.0,2.0,8.0,1.0,0.0,0.0,0.0,0.0,0.0,0.0,0.0,0.0,0.0,0.0,0.0,0.0,0.0,0.0,0.0,0.0,0.0,0.0,0.0,0.0,0.0,0.0,0.0,0.0,0.0,0.0,1.0,1.0,0.0,5.0,4.0,0.0,0.0,0.0,0.0,0.0,0.0,0.0,0.0,0.0,0.0,0.0,0.0,0.0,93.0,84.0,61.0,93.0,84.0,61.0,93.0,84.0,61.0,93.0,84.0,61.0,29.0,33.0,13.0,0.0,0.0,0.0,0.0,1.0,0.0,0.0,0.0,0.0,0.0,1.0,1.0,2.0
1035.0,0,5000.0,Shandong,Limited liability company (Natural person investment or holding),6195.0,1553.04,Manufacturing,2.0,4.0,16.0,6.0,8.0,11.0,3.0,2.0,5.0,0.0,0.0,0.0,3.0,0.0,4.0,0.0,0.0,0.0,0.0,0.0,0.0,0.0,0.0,0.0,0.0,0.0,0.0,0.0,0.0,1.0,0.0,0.0,0.0,0.0,1.0,12.0,3.0,15.0,11.0,11.0,12.0,0.0,0.0,0.0,0.0,0.0,0.0,0.0,0.0,0.0,0.0,0.0,0.0,84.0,85.0,62.0,84.0,85.0,62.0,84.0,85.0,62.0,84.0,85.0,62.0,84.0,85.0,62.0,0.0,0.0,1.0,2.0,1.0,1.0,2.0,0.0,0.0,1.0,1.0,0.0,5.0
1036.0,0,10000.0,Shandong,Limited liability company (Natural person investment or holding),4325.0,1482.0,Construction industry,2.0,2.0,17.0,0.0,20.0,2.0,0.0,0.0,,0.0,0.0,1.0,3.0,0.0,4.0,0.0,0.0,0.0,0.0,0.0,0.0,0.0,0.0,0.0,0.0,0.0,0.0,0.0,0.0,1.0,0.0,1.0,1.0,0.0,0.0,0.0,0.0,0.0,0.0,0.0,0.0,0.0,0.0,0.0,0.0,0.0,0.0,0.0,0.0,0.0,0.0,0.0,0.0,24.0,15.0,15.0,24.0,15.0,0.0,24.0,15.0,15.0,24.0,15.0,0.0,24.0,15.0,15.0,0.0,0.0,0.0,0.0,2.0,1.0,0.0,0.0,0.0,1.0,0.0,0.0,4.0
1037.0,0,1510.0,Shandong,Limited liability company (sole proprietorship of legal person invested or controlled by natural person),1099.0,0.0,Construction industry,1.0,2.0,0.0,0.0,0.0,8.0,10.0,0.0,1.0,0.0,0.0,0.0,0.0,2.0,3.0,0.0,0.0,0.0,0.0,0.0,0.0,0.0,0.0,0.0,0.0,0.0,0.0,0.0,0.0,0.0,0.0,0.0,3.0,3.0,0.0,0.0,0.0,0.0,0.0,0.0,1.0,0.0,0.0,0.0,0.0,0.0,0.0,0.0,0.0,0.0,0.0,0.0,0.0,25.0,13.0,0.0,25.0,13.0,0.0,22.0,13.0,0.0,25.0,13.0,0.0,22.0,13.0,0.0,0.0,0.0,0.0,0.0,0.0,0.0,0.0,0.0,0.0,0.0,0.0,0.0,0.0
1038.0,0,1008.0,Shandong,Limited liability company (Natural person investment or holding),2485.0,608.0,Construction industry,2.0,2.0,8.0,2.0,1.0,2.0,6.0,1.0,1.0,0.0,0.0,0.0,0.0,0.0,0.0,0.0,0.0,0.0,0.0,0.0,0.0,0.0,0.0,0.0,0.0,0.0,0.0,0.0,0.0,0.0,0.0,0.0,0.0,0.0,0.0,0.0,0.0,0.0,0.0,0.0,0.0,0.0,0.0,0.0,0.0,0.0,0.0,0.0,0.0,0.0,0.0,0.0,0.0,0.0,13.0,16.0,0.0,0.0,0.0,0.0,0.0,0.0,0.0,0.0,0.0,0.0,0.0,0.0,0.0,0.0,0.0,0.0,0.0,0.0,0.0,0.0,0.0,0.0,0.0,0.0,2.0
1039.0,0,5000.0,Shandong,Limited liability company (wholly state-owned),11575.0,0.0,Construction industry,1.0,8.0,24.0,3.0,2.0,0.0,0.0,0.0,12.0,0.0,1.0,0.0,0.0,0.0,0.0,2.0,0.0,1.0,1.0,0.0,2.0,0.0,0.0,0.0,0.0,0.0,0.0,0.0,0.0,0.0,0.0,0.0,0.0,0.0,0.0,0.0,0.0,0.0,0.0,0.0,0.0,0.0,0.0,0.0,0.0,0.0,0.0,0.0,0.0,0.0,0.0,8.0,0.0,94.0,111.0,92.0,94.0,111.0,92.0,93.0,111.0,92.0,94.0,111.0,92.0,76.0,79.0,61.0,0.0,1.0,1.0,2.0,3.0,1.0,1.0,0.0,1.0,0.0,1.0,2.0,3.0
1040.0,0,620.0,Shandong,Collective ownership,10899.0,0.0,Construction industry,,,8.0,0.0,0.0,4.0,0.0,0.0,1.0,0.0,1.0,0.0,0.0,0.0,0.0,0.0,0.0,0.0,0.0,1.0,0.0,0.0,0.0,0.0,0.0,0.0,0.0,0.0,0.0,0.0,0.0,0.0,0.0,0.0,0.0,0.0,0.0,0.0,0.0,0.0,0.0,0.0,0.0,0.0,0.0,0.0,0.0,0.0,0.0,0.0,0.0,0.0,0.0,8.0,8.0,20.0,0.0,0.0,0.0,0.0,0.0,0.0,0.0,0.0,0.0,0.0,0.0,0.0,0.0,0.0,0.0,1.0,1.0,3.0,0.0,0.0,0.0,1.0,0.0,2.0,0.0
1041.0,0,6060.0,Shandong,Limited liability company,6587.0,2020.0,Scientific research and technology services,2.0,2.0,1.0,4.0,3.0,3.0,0.0,2.0,7.0,0.0,0.0,2.0,0.0,3.0,0.0,0.0,0.0,0.0,0.0,0.0,0.0,0.0,0.0,0.0,0.0,0.0,0.0,0.0,0.0,3.0,0.0,4.0,0.0,0.0,0.0,0.0,0.0,0.0,0.0,0.0,0.0,0.0,0.0,0.0,0.0,0.0,0.0,0.0,0.0,0.0,0.0,0.0,0.0,23.0,22.0,30.0,23.0,22.0,30.0,23.0,22.0,30.0,23.0,22.0,30.0,0.0,22.0,30.0,0.0,0.0,0.0,1.0,0.0,5.0,0.0,0.0,1.0,0.0,0.0,0.0,2.0
1042.0,0,3000.0,Shandong,Limited liability company (Natural person investment or holding),2128.0,1140.11,Construction industry,2.0,2.0,0.0,4.0,0.0,0.0,13.0,7.0,13.0,0.0,0.0,0.0,0.0,0.0,12.0,0.0,0.0,0.0,0.0,0.0,0.0,0.0,0.0,0.0,0.0,0.0,0.0,0.0,0.0,0.0,0.0,0.0,0.0,0.0,0.0,0.0,0.0,0.0,0.0,0.0,6.0,0.0,0.0,0.0,0.0,0.0,0.0,0.0,0.0,0.0,0.0,0.0,6.0,36.0,54.0,3.0,36.0,54.0,0.0,36.0,54.0,0.0,36.0,54.0,0.0,0.0,54.0,0.0,0.0,0.0,0.0,0.0,0.0,0.0,0.0,0.0,0.0,0.0,0.0,0.0,2.0
1043.0,0,1000.0,Shandong,Limited liability company (sole proprietorship of natural person),5550.0,1000.0,Construction industry,1.0,2.0,0.0,0.0,15.0,0.0,3.0,11.0,,0.0,0.0,0.0,0.0,0.0,3.0,1.0,0.0,0.0,0.0,1.0,0.0,0.0,0.0,0.0,0.0,0.0,0.0,0.0,0.0,0.0,0.0,0.0,0.0,0.0,0.0,0.0,0.0,0.0,0.0,0.0,0.0,0.0,0.0,0.0,0.0,0.0,0.0,0.0,0.0,0.0,0.0,0.0,0.0,0.0,11.0,0.0,0.0,11.0,0.0,0.0,11.0,0.0,0.0,11.0,0.0,0.0,11.0,0.0,0.0,0.0,0.0,0.0,2.0,6.0,1.0,0.0,0.0,1.0,2.0,4.0,1.0
1044.0,0,3000.0,Shandong,"Joint stock limited company (unlisted, natural person investment or holding)",3281.0,3060.0,"Information transmission, software and information technology services",6.0,8.0,2.0,0.0,12.0,7.0,3.0,3.0,1.0,0.0,1.0,0.0,0.0,1.0,1.0,0.0,0.0,0.0,0.0,0.0,0.0,0.0,0.0,0.0,0.0,0.0,0.0,0.0,0.0,0.0,0.0,2.0,4.0,0.0,0.0,0.0,0.0,0.0,0.0,0.0,1.0,0.0,0.0,0.0,0.0,0.0,0.0,6.0,0.0,0.0,12.0,6.0,8.0,125.0,98.0,126.0,125.0,98.0,126.0,125.0,98.0,126.0,125.0,98.0,126.0,125.0,98.0,126.0,0.0,0.0,0.0,0.0,0.0,0.0,0.0,0.0,0.0,0.0,0.0,1.0,6.0
1045.0,0,1200.0,Shandong,Limited liability company (Natural person investment or holding),1283.0,1200.0,Construction industry,2.0,2.0,0.0,0.0,2.0,0.0,5.0,4.0,1.0,0.0,0.0,0.0,0.0,3.0,2.0,0.0,0.0,0.0,0.0,0.0,1.0,0.0,0.0,0.0,0.0,0.0,0.0,0.0,0.0,0.0,0.0,0.0,0.0,0.0,0.0,0.0,0.0,0.0,2.0,1.0,0.0,0.0,0.0,0.0,0.0,0.0,0.0,0.0,0.0,0.0,0.0,0.0,0.0,55.0,6.0,6.0,55.0,6.0,6.0,55.0,6.0,6.0,55.0,6.0,6.0,55.0,6.0,6.0,0.0,0.0,0.0,0.0,0.0,3.0,0.0,0.0,0.0,0.0,0.0,1.0,0.0
1046.0,0,2500.0,Shandong,Limited liability company (Natural person investment or holding),6545.0,1000.0,Scientific research and technology services,7.0,2.0,25.0,0.0,0.0,10.0,4.0,1.0,1.0,0.0,1.0,0.0,0.0,3.0,3.0,0.0,0.0,0.0,0.0,0.0,0.0,0.0,0.0,0.0,0.0,0.0,0.0,0.0,0.0,0.0,0.0,0.0,0.0,0.0,0.0,1.0,0.0,0.0,0.0,0.0,0.0,0.0,0.0,0.0,0.0,0.0,0.0,3.0,0.0,0.0,0.0,0.0,0.0,32.0,31.0,38.0,32.0,31.0,38.0,32.0,31.0,38.0,32.0,31.0,38.0,32.0,31.0,38.0,0.0,0.0,0.0,0.0,1.0,0.0,0.0,0.0,0.0,0.0,0.0,0.0,2.0
1047.0,0,3000.0,Shandong,Limited liability company (Natural person investment or holding),1555.0,0.0,Scientific research and technology services,2.0,2.0,0.0,0.0,3.0,11.0,1.0,17.0,,0.0,0.0,0.0,0.0,0.0,0.0,0.0,0.0,0.0,0.0,0.0,0.0,0.0,0.0,0.0,0.0,0.0,0.0,0.0,0.0,0.0,0.0,0.0,0.0,1.0,0.0,0.0,0.0,0.0,0.0,1.0,0.0,0.0,0.0,0.0,0.0,0.0,0.0,0.0,0.0,12.0,0.0,5.0,0.0,0.0,0.0,31.0,0.0,0.0,31.0,0.0,0.0,31.0,0.0,0.0,31.0,0.0,0.0,31.0,0.0,0.0,0.0,0.0,0.0,1.0,0.0,0.0,0.0,0.0,0.0,0.0,0.0
1048.0,0,30714.15,Shandong,Limited liability company (wholly state-owned),2536.0,30714.15,Real estate,1.0,8.0,11.0,20.0,8.0,7.0,11.0,0.0,,0.0,0.0,0.0,0.0,0.0,3.0,0.0,0.0,0.0,0.0,0.0,0.0,0.0,0.0,0.0,0.0,0.0,0.0,0.0,0.0,0.0,0.0,0.0,0.0,0.0,0.0,0.0,0.0,0.0,0.0,0.0,0.0,0.0,0.0,0.0,0.0,0.0,0.0,0.0,0.0,0.0,0.0,0.0,0.0,92.0,67.0,68.0,92.0,67.0,68.0,92.0,67.0,68.0,92.0,67.0,68.0,92.0,67.0,68.0,0.0,0.0,0.0,0.0,0.0,0.0,0.0,0.0,0.0,0.0,0.0,0.0,2.0
1049.0,0,1000.0,Shandong,Limited liability company (Natural person investment or holding),1964.0,420.0,Construction industry,2.0,2.0,0.0,0.0,0.0,14.0,0.0,2.0,,0.0,0.0,0.0,0.0,3.0,0.0,0.0,0.0,0.0,0.0,0.0,0.0,0.0,0.0,0.0,0.0,0.0,0.0,0.0,0.0,0.0,0.0,0.0,0.0,0.0,0.0,0.0,0.0,0.0,0.0,0.0,0.0,0.0,0.0,0.0,0.0,0.0,0.0,0.0,0.0,0.0,0.0,0.0,0.0,0.0,0.0,0.0,0.0,0.0,0.0,0.0,0.0,0.0,0.0,0.0,0.0,0.0,0.0,0.0,0.0,0.0,0.0,0.0,0.0,0.0,0.0,0.0,0.0,0.0,0.0,0.0,0.0
1050.0,0,1000.0,Shandong,Limited liability company (sole proprietorship of natural person),1079.0,194.77,"Electricity, heat, gas and water production and supply",1.0,2.0,0.0,0.0,0.0,2.0,8.0,2.0,,0.0,0.0,0.0,3.0,1.0,0.0,0.0,0.0,0.0,0.0,0.0,0.0,0.0,0.0,0.0,0.0,0.0,0.0,0.0,0.0,0.0,0.0,0.0,0.0,0.0,0.0,0.0,0.0,0.0,0.0,0.0,0.0,0.0,0.0,0.0,0.0,0.0,0.0,0.0,0.0,0.0,0.0,0.0,0.0,13.0,0.0,5.0,13.0,0.0,5.0,13.0,0.0,5.0,13.0,0.0,5.0,13.0,0.0,5.0,0.0,0.0,0.0,0.0,0.0,0.0,0.0,0.0,0.0,0.0,0.0,0.0,0.0
1051.0,0,5000.0,Shandong,Limited liability company (Natural person investment or holding),3228.0,550.0,Construction industry,2.0,2.0,7.0,2.0,5.0,0.0,2.0,0.0,,0.0,0.0,0.0,0.0,2.0,3.0,0.0,0.0,0.0,0.0,0.0,0.0,0.0,0.0,0.0,0.0,0.0,0.0,0.0,0.0,0.0,0.0,0.0,0.0,0.0,0.0,0.0,0.0,0.0,0.0,0.0,0.0,0.0,0.0,0.0,0.0,0.0,0.0,0.0,0.0,0.0,0.0,0.0,0.0,3.0,2.0,2.0,3.0,2.0,2.0,3.0,2.0,2.0,3.0,2.0,2.0,3.0,2.0,2.0,0.0,0.0,0.0,0.0,0.0,0.0,0.0,0.0,0.0,0.0,0.0,0.0,3.0
1052.0,0,6000.0,Shandong,Limited liability company (Natural person investment or holding),2398.0,2000.0,Wholesale and retail,2.0,2.0,1.0,0.0,0.0,4.0,4.0,1.0,7.0,0.0,0.0,3.0,0.0,0.0,2.0,0.0,0.0,0.0,0.0,0.0,0.0,0.0,0.0,0.0,0.0,0.0,0.0,0.0,0.0,0.0,0.0,0.0,0.0,0.0,0.0,0.0,0.0,0.0,0.0,0.0,2.0,0.0,0.0,0.0,0.0,0.0,0.0,0.0,0.0,0.0,0.0,0.0,0.0,11.0,7.0,0.0,11.0,7.0,0.0,0.0,7.0,0.0,11.0,7.0,0.0,0.0,0.0,0.0,0.0,0.0,0.0,0.0,0.0,0.0,0.0,0.0,0.0,0.0,0.0,0.0,1.0
1053.0,0,5000.0,Shandong,Limited liability company,9078.0,5000.0,Construction industry,2.0,2.0,50.0,5.0,15.0,6.0,0.0,0.0,6.0,0.0,0.0,1.0,2.0,0.0,1.0,0.0,0.0,0.0,0.0,0.0,0.0,0.0,0.0,0.0,0.0,0.0,0.0,0.0,0.0,0.0,0.0,0.0,0.0,0.0,0.0,0.0,0.0,0.0,0.0,0.0,2.0,0.0,0.0,0.0,0.0,0.0,0.0,0.0,0.0,0.0,0.0,0.0,0.0,50.0,53.0,38.0,50.0,53.0,38.0,50.0,53.0,38.0,50.0,53.0,38.0,50.0,53.0,38.0,0.0,0.0,2.0,1.0,4.0,0.0,0.0,0.0,0.0,0.0,0.0,1.0,2.0
1054.0,0,2000.0,Shandong,Limited liability company (Natural person investment or holding),2493.0,37.1,Construction industry,2.0,2.0,0.0,14.0,0.0,0.0,0.0,0.0,,0.0,0.0,0.0,0.0,0.0,0.0,0.0,0.0,0.0,0.0,0.0,0.0,0.0,0.0,0.0,0.0,0.0,0.0,0.0,0.0,0.0,0.0,1.0,0.0,0.0,0.0,0.0,0.0,0.0,0.0,0.0,0.0,0.0,0.0,0.0,0.0,0.0,0.0,0.0,0.0,0.0,0.0,0.0,0.0,11.0,9.0,15.0,11.0,9.0,15.0,11.0,9.0,15.0,11.0,9.0,15.0,11.0,9.0,15.0,0.0,0.0,0.0,0.0,0.0,0.0,0.0,0.0,0.0,0.0,0.0,0.0,0.0
1055.0,0,3000.0,Shanxi,Limited liability company (Natural person investment or holding),917.0,0.0,Leasing and business services,2.0,2.0,0.0,0.0,0.0,0.0,0.0,0.0,,0.0,0.0,0.0,0.0,0.0,0.0,0.0,0.0,0.0,0.0,0.0,0.0,0.0,0.0,0.0,0.0,0.0,0.0,0.0,0.0,0.0,0.0,0.0,0.0,0.0,0.0,0.0,0.0,0.0,0.0,0.0,0.0,0.0,0.0,0.0,0.0,0.0,0.0,0.0,0.0,0.0,0.0,0.0,0.0,0.0,5.0,,0.0,0.0,,0.0,0.0,,0.0,0.0,,0.0,0.0,,0.0,0.0,0.0,0.0,0.0,0.0,0.0,0.0,0.0,0.0,0.0,0.0,0.0
1056.0,0,1000.0,Shanxi,Limited liability company (sole proprietorship of natural person),2205.0,1000.0,Construction industry,1.0,3.0,0.0,0.0,1.0,0.0,3.0,0.0,,0.0,0.0,0.0,0.0,0.0,4.0,0.0,0.0,0.0,0.0,0.0,0.0,0.0,0.0,0.0,0.0,0.0,0.0,0.0,0.0,0.0,0.0,0.0,0.0,0.0,0.0,0.0,0.0,0.0,0.0,0.0,0.0,0.0,0.0,0.0,0.0,0.0,0.0,0.0,0.0,0.0,0.0,0.0,0.0,7.0,6.0,6.0,7.0,0.0,0.0,5.0,0.0,0.0,8.0,0.0,0.0,5.0,0.0,0.0,0.0,0.0,0.0,0.0,0.0,0.0,0.0,0.0,0.0,0.0,0.0,0.0,0.0
1057.0,0,4880.0,Shanxi,Limited liability company (Natural person investment or holding),1620.0,646.51,Construction industry,2.0,2.0,0.0,0.0,0.0,6.0,4.0,0.0,,0.0,0.0,0.0,2.0,0.0,0.0,0.0,0.0,0.0,0.0,0.0,0.0,0.0,0.0,3.0,0.0,0.0,0.0,0.0,0.0,0.0,0.0,0.0,0.0,0.0,0.0,0.0,0.0,0.0,0.0,0.0,0.0,0.0,0.0,0.0,0.0,0.0,0.0,0.0,0.0,0.0,0.0,0.0,0.0,0.0,0.0,0.0,0.0,0.0,0.0,0.0,0.0,0.0,0.0,0.0,0.0,0.0,0.0,0.0,0.0,0.0,0.0,0.0,0.0,0.0,0.0,0.0,0.0,0.0,0.0,0.0,0.0
1058.0,0,600.0,Shanxi,Limited liability company (Natural person investment or holding),6061.0,300.0,Construction industry,4.0,1.0,0.0,4.0,2.0,0.0,5.0,0.0,,0.0,0.0,0.0,0.0,1.0,0.0,0.0,0.0,0.0,0.0,0.0,0.0,0.0,0.0,0.0,0.0,0.0,0.0,0.0,0.0,0.0,0.0,0.0,0.0,0.0,0.0,0.0,0.0,0.0,0.0,0.0,0.0,0.0,0.0,0.0,0.0,0.0,0.0,0.0,0.0,0.0,0.0,0.0,0.0,5.0,5.0,8.0,5.0,5.0,8.0,5.0,5.0,8.0,5.0,5.0,8.0,0.0,5.0,8.0,0.0,0.0,0.0,0.0,0.0,0.0,0.0,0.0,0.0,0.0,0.0,0.0,0.0
1059.0,0,2000.0,Shanxi,Limited liability company (Natural person investment or holding),1007.0,5.5,Wholesale and retail,2.0,2.0,0.0,0.0,0.0,0.0,0.0,0.0,,0.0,0.0,0.0,0.0,0.0,1.0,0.0,0.0,0.0,0.0,0.0,0.0,0.0,0.0,0.0,0.0,0.0,0.0,0.0,0.0,0.0,0.0,0.0,0.0,0.0,0.0,0.0,0.0,0.0,0.0,0.0,0.0,0.0,0.0,0.0,0.0,0.0,0.0,0.0,0.0,0.0,0.0,0.0,0.0,0.0,0.0,0.0,0.0,0.0,0.0,0.0,0.0,0.0,0.0,0.0,0.0,0.0,0.0,0.0,0.0,0.0,0.0,0.0,0.0,0.0,0.0,0.0,0.0,0.0,0.0,0.0,0.0
1060.0,0,10000.0,Shanxi,Limited liability company (Natural person investment or holding),3660.0,0.0,Construction industry,3.0,2.0,1.0,4.0,1.0,5.0,5.0,3.0,1.0,0.0,0.0,0.0,0.0,15.0,1.0,0.0,0.0,0.0,0.0,0.0,0.0,0.0,0.0,0.0,0.0,0.0,0.0,0.0,0.0,0.0,0.0,0.0,0.0,0.0,0.0,0.0,0.0,0.0,0.0,0.0,0.0,0.0,0.0,0.0,0.0,0.0,0.0,0.0,0.0,0.0,0.0,0.0,0.0,50.0,50.0,51.0,50.0,50.0,0.0,50.0,0.0,0.0,50.0,50.0,51.0,50.0,50.0,51.0,0.0,0.0,0.0,0.0,0.0,0.0,0.0,0.0,0.0,0.0,0.0,0.0,0.0
1061.0,0,2000.0,Shanxi,Limited liability company (Natural person investment or holding),7816.0,2000.0,Construction industry,3.0,2.0,7.0,4.0,0.0,0.0,2.0,0.0,,0.0,1.0,0.0,0.0,0.0,0.0,0.0,0.0,0.0,0.0,0.0,0.0,0.0,0.0,0.0,0.0,0.0,0.0,0.0,0.0,0.0,0.0,0.0,0.0,0.0,0.0,0.0,0.0,0.0,0.0,0.0,0.0,0.0,0.0,0.0,0.0,0.0,0.0,0.0,0.0,0.0,0.0,0.0,0.0,9.0,8.0,6.0,9.0,8.0,6.0,9.0,8.0,6.0,9.0,8.0,6.0,9.0,8.0,6.0,0.0,0.0,0.0,0.0,0.0,0.0,0.0,0.0,0.0,0.0,0.0,0.0,2.0
1062.0,0,3600.0,Shanxi,Limited liability company (Natural person investment or holding),1138.0,370.0,Construction industry,3.0,2.0,0.0,0.0,0.0,5.0,3.0,0.0,,0.0,0.0,0.0,0.0,0.0,1.0,0.0,0.0,0.0,0.0,0.0,0.0,0.0,0.0,0.0,0.0,0.0,0.0,0.0,0.0,0.0,0.0,0.0,0.0,0.0,0.0,0.0,0.0,0.0,0.0,0.0,0.0,0.0,0.0,0.0,0.0,0.0,0.0,0.0,0.0,0.0,0.0,0.0,0.0,7.0,10.0,0.0,7.0,0.0,0.0,7.0,0.0,0.0,7.0,30.0,0.0,7.0,0.0,0.0,0.0,0.0,0.0,0.0,0.0,0.0,0.0,0.0,0.0,0.0,0.0,0.0,0.0
1063.0,0,5000.0,Shanxi,Limited liability company (sole proprietorship of natural person),646.0,30.0,Construction industry,1.0,2.0,0.0,0.0,0.0,0.0,15.0,0.0,,0.0,0.0,0.0,0.0,0.0,0.0,0.0,0.0,0.0,0.0,0.0,0.0,0.0,0.0,0.0,0.0,0.0,0.0,0.0,0.0,0.0,0.0,0.0,0.0,1.0,0.0,0.0,0.0,0.0,0.0,0.0,0.0,0.0,0.0,0.0,0.0,0.0,1.0,0.0,0.0,0.0,0.0,0.0,0.0,7.0,0.0,,7.0,0.0,,7.0,0.0,,7.0,0.0,,0.0,0.0,,0.0,0.0,0.0,0.0,0.0,0.0,0.0,0.0,0.0,0.0,0.0,0.0,0.0
1064.0,0,600.0,Shanxi,"Joint stock limited company (unlisted, natural person investment or holding)",2846.0,600.0,Construction industry,2.0,8.0,0.0,0.0,4.0,6.0,3.0,5.0,1.0,0.0,0.0,0.0,0.0,0.0,1.0,0.0,0.0,0.0,0.0,0.0,0.0,0.0,0.0,0.0,0.0,0.0,0.0,0.0,0.0,0.0,0.0,0.0,0.0,0.0,0.0,0.0,0.0,0.0,0.0,0.0,0.0,0.0,0.0,0.0,0.0,0.0,0.0,0.0,0.0,0.0,0.0,0.0,0.0,0.0,0.0,0.0,0.0,0.0,0.0,0.0,0.0,0.0,0.0,0.0,0.0,0.0,0.0,0.0,0.0,0.0,0.0,0.0,0.0,4.0,0.0,0.0,0.0,0.0,0.0,0.0,0.0
1065.0,0,1000.0,Shanxi,Limited liability company (Natural person investment or holding),3591.0,1000.0,Construction industry,2.0,2.0,4.0,2.0,0.0,0.0,6.0,0.0,,0.0,0.0,0.0,0.0,0.0,0.0,0.0,0.0,0.0,0.0,0.0,0.0,0.0,0.0,0.0,0.0,0.0,0.0,0.0,0.0,0.0,0.0,0.0,0.0,0.0,0.0,0.0,0.0,0.0,0.0,0.0,0.0,0.0,0.0,0.0,0.0,0.0,0.0,0.0,0.0,0.0,0.0,0.0,0.0,0.0,0.0,0.0,0.0,0.0,0.0,0.0,0.0,0.0,0.0,25.0,0.0,0.0,0.0,0.0,0.0,0.0,0.0,0.0,0.0,0.0,0.0,0.0,0.0,0.0,0.0,0.0,0.0
1066.0,0,6100.0,Shanxi,Limited liability company (sole proprietorship of natural person),1294.0,295.0,Construction industry,1.0,2.0,0.0,0.0,7.0,0.0,0.0,5.0,11.0,0.0,0.0,0.0,0.0,0.0,1.0,0.0,0.0,0.0,0.0,0.0,0.0,0.0,0.0,0.0,0.0,0.0,0.0,0.0,0.0,0.0,0.0,0.0,0.0,0.0,0.0,0.0,0.0,0.0,0.0,0.0,0.0,0.0,0.0,0.0,0.0,0.0,0.0,0.0,0.0,0.0,0.0,0.0,0.0,7.0,0.0,0.0,0.0,0.0,0.0,0.0,0.0,0.0,7.0,9.0,0.0,0.0,0.0,0.0,0.0,0.0,0.0,0.0,0.0,0.0,0.0,0.0,0.0,0.0,0.0,0.0,0.0
1067.0,0,1500.0,Shanxi,Limited liability company (Natural person investment or holding),1347.0,1123.0,Construction industry,2.0,2.0,0.0,0.0,2.0,2.0,0.0,2.0,,0.0,0.0,0.0,0.0,0.0,1.0,0.0,0.0,0.0,0.0,0.0,0.0,0.0,0.0,0.0,0.0,0.0,0.0,0.0,0.0,0.0,0.0,0.0,0.0,0.0,0.0,0.0,0.0,0.0,0.0,0.0,0.0,0.0,0.0,0.0,0.0,0.0,0.0,0.0,0.0,0.0,0.0,0.0,0.0,11.0,6.0,8.0,0.0,0.0,0.0,11.0,6.0,7.0,4.0,4.0,4.0,11.0,6.0,7.0,0.0,0.0,0.0,0.0,0.0,0.0,0.0,0.0,0.0,0.0,0.0,0.0,0.0
1068.0,0,10000.0,Shanxi,Limited liability company (Natural person investment or holding),3836.0,4580.0,Construction industry,3.0,2.0,3.0,0.0,1.0,0.0,2.0,9.0,1.0,0.0,0.0,0.0,0.0,0.0,5.0,0.0,0.0,0.0,0.0,1.0,0.0,0.0,0.0,0.0,0.0,0.0,0.0,1.0,0.0,0.0,0.0,0.0,0.0,0.0,0.0,0.0,0.0,0.0,0.0,0.0,0.0,0.0,0.0,0.0,0.0,0.0,0.0,0.0,0.0,0.0,0.0,0.0,0.0,50.0,17.0,9.0,50.0,17.0,9.0,50.0,17.0,9.0,50.0,17.0,9.0,50.0,17.0,9.0,0.0,0.0,0.0,1.0,1.0,0.0,0.0,0.0,0.0,0.0,0.0,0.0,0.0
1069.0,0,2099.0,Shaanxi,Limited liability company (Natural person investment or holding),5488.0,1020.0,"Water conservancy, environment and public facilities management",2.0,2.0,16.0,10.0,0.0,0.0,2.0,10.0,5.0,3.0,0.0,0.0,3.0,3.0,0.0,0.0,0.0,2.0,1.0,0.0,0.0,0.0,0.0,0.0,0.0,0.0,0.0,0.0,0.0,0.0,0.0,0.0,0.0,0.0,1.0,0.0,0.0,0.0,0.0,0.0,0.0,0.0,0.0,0.0,0.0,0.0,0.0,0.0,0.0,0.0,0.0,0.0,0.0,23.0,18.0,17.0,23.0,18.0,0.0,23.0,18.0,5.0,23.0,18.0,0.0,23.0,18.0,5.0,0.0,4.0,5.0,4.0,0.0,1.0,0.0,3.0,4.0,0.0,0.0,1.0,1.0
1070.0,0,1200.0,Shaanxi,Limited liability company (Natural person investment or holding),3149.0,1000.0,Scientific research and technology services,2.0,2.0,9.0,10.0,0.0,6.0,9.0,2.0,,0.0,0.0,0.0,0.0,0.0,7.0,0.0,0.0,0.0,0.0,0.0,0.0,0.0,0.0,0.0,0.0,0.0,0.0,0.0,0.0,0.0,0.0,0.0,11.0,0.0,0.0,0.0,0.0,0.0,0.0,0.0,0.0,0.0,0.0,0.0,0.0,0.0,0.0,0.0,0.0,0.0,0.0,0.0,0.0,6.0,6.0,5.0,6.0,0.0,0.0,6.0,6.0,5.0,6.0,0.0,0.0,6.0,3.0,0.0,0.0,0.0,0.0,0.0,2.0,2.0,0.0,0.0,0.0,0.0,0.0,0.0,0.0
1071.0,0,5000.0,Shaanxi,Limited liability company (Natural person investment or holding),4963.0,100.0,Construction industry,2.0,2.0,5.0,0.0,17.0,0.0,3.0,0.0,1.0,0.0,0.0,0.0,1.0,0.0,0.0,0.0,0.0,0.0,0.0,0.0,0.0,0.0,0.0,0.0,0.0,0.0,0.0,0.0,0.0,0.0,0.0,0.0,0.0,0.0,0.0,0.0,0.0,0.0,0.0,0.0,0.0,0.0,0.0,0.0,0.0,0.0,0.0,0.0,0.0,0.0,0.0,0.0,0.0,,0.0,0.0,,0.0,0.0,,0.0,0.0,,0.0,0.0,,0.0,0.0,0.0,0.0,0.0,0.0,0.0,0.0,0.0,0.0,0.0,0.0,0.0,0.0,0.0
1072.0,0,4000.0,Shaanxi,Limited liability company (Natural person investment or holding),976.0,0.0,Construction industry,2.0,2.0,0.0,0.0,0.0,0.0,12.0,9.0,,0.0,0.0,0.0,0.0,2.0,2.0,0.0,0.0,0.0,0.0,0.0,0.0,0.0,0.0,0.0,0.0,0.0,0.0,0.0,0.0,0.0,0.0,0.0,0.0,0.0,0.0,0.0,0.0,0.0,0.0,0.0,0.0,0.0,0.0,0.0,0.0,0.0,0.0,0.0,0.0,0.0,0.0,0.0,0.0,3.0,0.0,0.0,3.0,0.0,0.0,3.0,0.0,0.0,3.0,0.0,0.0,3.0,0.0,0.0,0.0,0.0,0.0,0.0,0.0,0.0,0.0,0.0,0.0,0.0,0.0,0.0,0.0
1073.0,0,1000.0,Shaanxi,Limited liability company (sole proprietorship of natural person),623.0,1000.0,Construction industry,1.0,2.0,0.0,0.0,0.0,0.0,11.0,2.0,,0.0,0.0,0.0,0.0,4.0,0.0,0.0,0.0,0.0,0.0,0.0,0.0,0.0,0.0,0.0,0.0,0.0,0.0,0.0,0.0,0.0,0.0,0.0,0.0,0.0,0.0,0.0,0.0,0.0,0.0,0.0,0.0,0.0,0.0,0.0,0.0,0.0,0.0,0.0,0.0,0.0,0.0,0.0,0.0,5.0,0.0,,0.0,0.0,,0.0,0.0,,0.0,0.0,,0.0,0.0,,0.0,0.0,0.0,0.0,0.0,0.0,0.0,0.0,0.0,0.0,0.0,0.0,0.0
1074.0,0,10000.0,Shaanxi,Limited liability company (Natural person investment or holding),1245.0,1140.0,Manufacturing,6.0,2.0,0.0,0.0,0.0,12.0,0.0,0.0,,0.0,0.0,0.0,0.0,0.0,0.0,0.0,0.0,0.0,0.0,0.0,0.0,0.0,0.0,0.0,0.0,0.0,0.0,0.0,0.0,0.0,0.0,5.0,0.0,0.0,0.0,0.0,0.0,0.0,0.0,0.0,6.0,0.0,0.0,0.0,0.0,0.0,0.0,0.0,0.0,0.0,0.0,0.0,0.0,93.0,79.0,0.0,66.0,45.0,0.0,56.0,6.0,0.0,117.0,109.0,0.0,117.0,109.0,0.0,0.0,0.0,0.0,0.0,0.0,2.0,0.0,0.0,0.0,0.0,1.0,0.0,0.0
1075.0,0,5000.0,Shaanxi,Other limited liability companies,2118.0,5000.0,"Residential services, repair and other services",2.0,3.0,8.0,0.0,34.0,0.0,8.0,7.0,,0.0,6.0,0.0,0.0,0.0,5.0,0.0,0.0,0.0,0.0,0.0,0.0,0.0,0.0,0.0,0.0,0.0,0.0,0.0,0.0,0.0,0.0,0.0,0.0,0.0,8.0,0.0,0.0,0.0,0.0,0.0,0.0,0.0,0.0,0.0,0.0,0.0,0.0,0.0,0.0,0.0,0.0,0.0,0.0,24.0,6.0,0.0,17.0,6.0,0.0,17.0,6.0,0.0,17.0,6.0,0.0,17.0,6.0,0.0,0.0,0.0,0.0,0.0,0.0,1.0,0.0,0.0,0.0,0.0,0.0,0.0,1.0
1076.0,0,3000.0,Shaanxi,Limited liability company (Natural person investment or holding),2117.0,0.0,Construction industry,2.0,2.0,0.0,21.0,7.0,10.0,0.0,0.0,,0.0,0.0,7.0,0.0,0.0,1.0,0.0,0.0,0.0,0.0,0.0,0.0,0.0,0.0,0.0,0.0,0.0,0.0,0.0,1.0,0.0,0.0,0.0,0.0,0.0,0.0,0.0,0.0,0.0,0.0,0.0,0.0,0.0,0.0,0.0,0.0,0.0,0.0,0.0,0.0,0.0,0.0,0.0,0.0,6.0,4.0,2.0,3.0,0.0,0.0,3.0,0.0,0.0,3.0,0.0,0.0,3.0,0.0,0.0,0.0,0.0,0.0,0.0,5.0,0.0,0.0,0.0,0.0,0.0,0.0,0.0,1.0
1077.0,0,5000.0,Shaanxi,Limited liability company (Natural person investment or holding),1584.0,0.0,Construction industry,2.0,2.0,0.0,2.0,26.0,18.0,4.0,12.0,,0.0,0.0,0.0,4.0,0.0,0.0,0.0,0.0,0.0,0.0,0.0,0.0,0.0,0.0,0.0,0.0,0.0,0.0,0.0,0.0,0.0,0.0,0.0,0.0,0.0,0.0,0.0,0.0,0.0,0.0,0.0,0.0,0.0,0.0,0.0,0.0,0.0,0.0,0.0,0.0,0.0,0.0,0.0,0.0,0.0,0.0,0.0,0.0,0.0,0.0,0.0,0.0,0.0,0.0,0.0,0.0,0.0,0.0,0.0,0.0,0.0,0.0,0.0,0.0,0.0,0.0,0.0,0.0,0.0,0.0,0.0,0.0
1078.0,0,1000.0,Shaanxi,Limited liability company (Natural person investment or holding),991.0,100.0,Construction industry,2.0,2.0,0.0,0.0,0.0,0.0,14.0,0.0,1.0,0.0,0.0,0.0,8.0,0.0,0.0,0.0,0.0,0.0,0.0,0.0,0.0,0.0,0.0,0.0,0.0,0.0,0.0,0.0,0.0,0.0,0.0,0.0,0.0,0.0,0.0,0.0,0.0,0.0,0.0,0.0,0.0,0.0,0.0,0.0,0.0,0.0,0.0,0.0,0.0,0.0,0.0,0.0,0.0,5.0,5.0,0.0,4.0,0.0,0.0,4.0,0.0,0.0,4.0,0.0,0.0,4.0,0.0,0.0,0.0,0.0,0.0,0.0,0.0,0.0,0.0,0.0,0.0,0.0,0.0,0.0,0.0
1079.0,0,12000.0,Shaanxi,Limited liability company (Natural person investment or holding),2675.0,6400.0,Construction industry,2.0,2.0,10.0,19.0,6.0,0.0,0.0,0.0,,0.0,2.0,0.0,4.0,0.0,0.0,0.0,0.0,0.0,0.0,0.0,0.0,0.0,0.0,0.0,0.0,0.0,0.0,0.0,0.0,1.0,0.0,0.0,0.0,0.0,0.0,0.0,0.0,0.0,0.0,0.0,0.0,1.0,0.0,0.0,0.0,0.0,0.0,0.0,0.0,0.0,0.0,0.0,0.0,18.0,17.0,14.0,18.0,17.0,0.0,18.0,17.0,0.0,18.0,17.0,0.0,18.0,17.0,0.0,0.0,0.0,2.0,0.0,1.0,3.0,0.0,0.0,0.0,0.0,0.0,1.0,3.0
1080.0,0,2000.0,Shaanxi,Limited liability company (Natural person investment or holding),1392.0,329.0,Construction industry,2.0,2.0,0.0,0.0,5.0,0.0,0.0,0.0,1.0,0.0,0.0,0.0,0.0,0.0,2.0,0.0,0.0,0.0,0.0,0.0,0.0,0.0,0.0,0.0,0.0,0.0,0.0,0.0,0.0,0.0,0.0,0.0,0.0,0.0,0.0,0.0,0.0,0.0,0.0,0.0,0.0,0.0,0.0,0.0,0.0,0.0,0.0,0.0,0.0,0.0,0.0,0.0,0.0,10.0,6.0,1.0,3.0,0.0,0.0,4.0,0.0,0.0,3.0,0.0,0.0,3.0,0.0,0.0,0.0,0.0,0.0,0.0,0.0,0.0,0.0,0.0,0.0,0.0,0.0,0.0,0.0
1081.0,0,9800.0,Shaanxi,Limited liability company (Natural person investment or holding),2491.0,3000.0,Construction industry,2.0,2.0,9.0,15.0,0.0,0.0,13.0,14.0,,0.0,0.0,0.0,3.0,0.0,1.0,0.0,0.0,0.0,0.0,0.0,0.0,0.0,0.0,0.0,0.0,0.0,0.0,0.0,0.0,0.0,0.0,1.0,2.0,0.0,5.0,0.0,0.0,0.0,0.0,0.0,0.0,0.0,0.0,1.0,0.0,0.0,0.0,0.0,0.0,0.0,0.0,0.0,0.0,27.0,19.0,54.0,23.0,7.0,6.0,23.0,11.0,6.0,23.0,11.0,6.0,23.0,11.0,6.0,0.0,0.0,0.0,0.0,0.0,0.0,0.0,0.0,0.0,0.0,0.0,0.0,0.0
1082.0,1,3000.0,Shaanxi,Limited liability company (Natural person investment or holding),1848.0,500.0,Construction industry,2.0,,0.0,0.0,5.0,0.0,0.0,4.0,,0.0,0.0,0.0,3.0,0.0,0.0,0.0,0.0,0.0,0.0,0.0,0.0,0.0,0.0,0.0,0.0,0.0,0.0,0.0,0.0,0.0,0.0,0.0,0.0,0.0,0.0,0.0,0.0,0.0,0.0,0.0,0.0,0.0,0.0,0.0,0.0,0.0,0.0,0.0,0.0,0.0,0.0,0.0,0.0,0.0,0.0,0.0,0.0,0.0,0.0,0.0,0.0,0.0,0.0,0.0,0.0,0.0,0.0,0.0,0.0,0.0,0.0,0.0,0.0,0.0,0.0,0.0,0.0,0.0,0.0,0.0,0.0
1083.0,1,3000.0,Shaanxi,Limited liability company (Natural person investment or holding),1924.0,3000.0,Construction industry,2.0,2.0,0.0,9.0,13.0,5.0,4.0,0.0,,0.0,0.0,0.0,3.0,0.0,0.0,0.0,0.0,0.0,0.0,0.0,0.0,0.0,0.0,0.0,0.0,0.0,0.0,0.0,0.0,0.0,0.0,0.0,0.0,0.0,0.0,0.0,0.0,0.0,0.0,0.0,0.0,0.0,0.0,0.0,0.0,0.0,0.0,0.0,0.0,0.0,0.0,0.0,0.0,2.0,3.0,0.0,2.0,3.0,0.0,2.0,3.0,0.0,2.0,3.0,0.0,2.0,3.0,0.0,0.0,0.0,0.0,0.0,0.0,0.0,0.0,0.0,0.0,0.0,0.0,0.0,0.0
1084.0,0,2000.0,Shaanxi,Limited liability company (sole proprietorship of natural person),634.0,2000.0,Construction industry,1.0,2.0,0.0,0.0,0.0,0.0,9.0,10.0,,0.0,0.0,0.0,0.0,4.0,0.0,0.0,0.0,0.0,0.0,0.0,0.0,0.0,0.0,0.0,0.0,0.0,0.0,0.0,0.0,0.0,0.0,0.0,0.0,0.0,0.0,0.0,0.0,0.0,0.0,0.0,0.0,0.0,0.0,0.0,0.0,0.0,0.0,0.0,0.0,0.0,0.0,0.0,0.0,0.0,0.0,,0.0,0.0,,0.0,0.0,,0.0,0.0,,0.0,0.0,,0.0,0.0,0.0,0.0,0.0,0.0,0.0,0.0,0.0,0.0,0.0,0.0,0.0
1085.0,0,9600.0,Shaanxi,Limited liability company (Natural person investment or holding),2337.0,9600.0,Construction industry,2.0,2.0,11.0,0.0,19.0,1.0,0.0,3.0,,0.0,3.0,0.0,0.0,0.0,3.0,0.0,0.0,0.0,0.0,1.0,0.0,0.0,0.0,0.0,0.0,0.0,0.0,0.0,0.0,0.0,0.0,0.0,0.0,0.0,0.0,0.0,0.0,0.0,0.0,0.0,0.0,0.0,0.0,0.0,0.0,0.0,0.0,0.0,0.0,0.0,0.0,0.0,0.0,0.0,43.0,39.0,0.0,0.0,0.0,0.0,0.0,0.0,0.0,0.0,0.0,0.0,0.0,0.0,0.0,0.0,0.0,0.0,0.0,0.0,0.0,0.0,0.0,0.0,0.0,0.0,0.0
1086.0,0,5000.0,Shaanxi,Limited liability company (Natural person investment or holding),4003.0,2000.0,Construction industry,3.0,2.0,8.0,5.0,11.0,2.0,9.0,0.0,2.0,0.0,2.0,0.0,0.0,8.0,0.0,0.0,0.0,0.0,0.0,0.0,0.0,0.0,0.0,0.0,0.0,0.0,0.0,0.0,0.0,0.0,0.0,0.0,0.0,0.0,0.0,0.0,0.0,0.0,0.0,0.0,0.0,0.0,0.0,0.0,0.0,0.0,0.0,0.0,0.0,0.0,0.0,0.0,0.0,23.0,10.0,0.0,0.0,0.0,0.0,0.0,0.0,0.0,0.0,0.0,0.0,0.0,0.0,0.0,0.0,0.0,0.0,0.0,2.0,1.0,0.0,0.0,0.0,0.0,0.0,0.0,0.0
1087.0,0,6666.0,Shaanxi,Limited liability company (Natural person investment or holding),4234.0,2050.0,Construction industry,3.0,2.0,1.0,6.0,21.0,3.0,8.0,0.0,2.0,0.0,5.0,0.0,0.0,3.0,0.0,0.0,0.0,0.0,0.0,0.0,1.0,0.0,0.0,0.0,0.0,0.0,0.0,0.0,0.0,0.0,0.0,0.0,0.0,0.0,0.0,0.0,0.0,0.0,0.0,0.0,0.0,0.0,0.0,0.0,0.0,0.0,0.0,0.0,0.0,0.0,0.0,0.0,0.0,19.0,5.0,4.0,0.0,0.0,0.0,0.0,0.0,0.0,0.0,0.0,0.0,0.0,0.0,0.0,0.0,0.0,0.0,0.0,0.0,2.0,0.0,0.0,0.0,0.0,0.0,1.0,1.0
1088.0,0,5000.0,Shaanxi,Limited liability company (Natural person investment or holding),2611.0,4565.0,Construction industry,3.0,3.0,7.0,9.0,59.0,0.0,5.0,8.0,,0.0,2.0,0.0,0.0,8.0,0.0,0.0,0.0,0.0,0.0,0.0,0.0,0.0,0.0,0.0,0.0,0.0,0.0,0.0,0.0,0.0,0.0,0.0,0.0,0.0,0.0,0.0,0.0,0.0,0.0,0.0,0.0,0.0,0.0,0.0,0.0,0.0,0.0,0.0,0.0,0.0,0.0,0.0,0.0,9.0,10.0,12.0,,0.0,0.0,,0.0,,,0.0,0.0,,0.0,,0.0,0.0,0.0,0.0,0.0,0.0,0.0,0.0,0.0,0.0,0.0,0.0,0.0
1089.0,0,6000.0,Shaanxi,Limited liability company (Natural person investment or holding),1221.0,6000.0,Construction industry,2.0,2.0,0.0,0.0,0.0,0.0,0.0,4.0,,0.0,0.0,0.0,0.0,2.0,0.0,0.0,0.0,0.0,0.0,0.0,0.0,0.0,0.0,0.0,0.0,0.0,0.0,0.0,0.0,0.0,0.0,0.0,0.0,0.0,0.0,0.0,0.0,0.0,0.0,0.0,0.0,0.0,0.0,0.0,0.0,0.0,0.0,0.0,0.0,0.0,0.0,0.0,0.0,6.0,5.0,0.0,6.0,0.0,0.0,0.0,0.0,0.0,6.0,0.0,0.0,0.0,0.0,0.0,0.0,0.0,0.0,0.0,0.0,0.0,0.0,0.0,0.0,0.0,0.0,0.0,0.0
1090.0,0,10000.0,Shaanxi,Other limited liability companies,3292.0,10000.0,Construction industry,2.0,2.0,12.0,4.0,1.0,0.0,0.0,5.0,5.0,0.0,3.0,0.0,4.0,0.0,0.0,0.0,0.0,0.0,0.0,2.0,0.0,0.0,0.0,0.0,0.0,0.0,2.0,0.0,1.0,0.0,0.0,0.0,0.0,0.0,2.0,0.0,0.0,0.0,0.0,0.0,0.0,0.0,0.0,0.0,0.0,0.0,0.0,0.0,0.0,0.0,0.0,0.0,0.0,280.0,21.0,21.0,0.0,0.0,0.0,0.0,0.0,0.0,395.0,140.0,121.0,0.0,0.0,0.0,0.0,0.0,0.0,0.0,0.0,30.0,0.0,0.0,0.0,1.0,2.0,2.0,2.0
1091.0,0,2000.0,Shaanxi,Limited liability company (sole proprietorship of natural person),4102.0,2000.0,Construction industry,1.0,2.0,1.0,7.0,0.0,0.0,0.0,2.0,,0.0,0.0,0.0,1.0,3.0,0.0,0.0,0.0,0.0,0.0,0.0,0.0,0.0,0.0,0.0,0.0,0.0,0.0,0.0,0.0,0.0,0.0,0.0,0.0,0.0,0.0,0.0,0.0,0.0,0.0,0.0,0.0,0.0,0.0,0.0,0.0,0.0,0.0,0.0,0.0,0.0,0.0,0.0,0.0,20.0,21.0,21.0,0.0,0.0,0.0,0.0,0.0,0.0,0.0,0.0,0.0,0.0,0.0,0.0,0.0,0.0,1.0,1.0,0.0,0.0,0.0,1.0,0.0,0.0,0.0,0.0,0.0
1092.0,0,6666.66,Shaanxi,Other limited liability companies,3318.0,6666.66,Construction industry,2.0,2.0,31.0,3.0,3.0,14.0,3.0,2.0,5.0,4.0,0.0,4.0,0.0,0.0,0.0,0.0,0.0,0.0,1.0,1.0,0.0,0.0,0.0,0.0,0.0,0.0,0.0,0.0,0.0,0.0,0.0,0.0,0.0,0.0,0.0,0.0,0.0,0.0,0.0,0.0,0.0,0.0,0.0,0.0,0.0,0.0,0.0,0.0,0.0,0.0,0.0,0.0,0.0,35.0,38.0,20.0,0.0,0.0,0.0,0.0,0.0,0.0,0.0,0.0,0.0,0.0,0.0,0.0,0.0,0.0,0.0,8.0,4.0,5.0,0.0,0.0,1.0,3.0,2.0,1.0,3.0
1093.0,0,4900.0,Shaanxi,Limited liability company (Natural person investment or holding),2426.0,1000.0,Construction industry,2.0,2.0,11.0,10.0,0.0,15.0,2.0,7.0,5.0,0.0,0.0,8.0,0.0,0.0,0.0,0.0,0.0,0.0,0.0,0.0,0.0,0.0,0.0,0.0,0.0,0.0,0.0,0.0,0.0,1.0,0.0,0.0,0.0,0.0,0.0,0.0,0.0,0.0,0.0,0.0,0.0,0.0,0.0,0.0,0.0,0.0,0.0,0.0,0.0,0.0,0.0,0.0,0.0,5.0,5.0,5.0,0.0,0.0,0.0,0.0,0.0,0.0,0.0,0.0,0.0,0.0,0.0,0.0,0.0,0.0,1.0,0.0,0.0,1.0,0.0,0.0,0.0,0.0,0.0,2.0,0.0
1094.0,0,5000.0,Shaanxi,Limited liability company (sole proprietorship of natural person),1250.0,0.0,Construction industry,1.0,2.0,0.0,0.0,0.0,0.0,2.0,0.0,,0.0,0.0,0.0,7.0,0.0,0.0,0.0,0.0,0.0,0.0,0.0,0.0,0.0,0.0,0.0,0.0,0.0,0.0,0.0,0.0,0.0,0.0,0.0,2.0,0.0,0.0,0.0,0.0,0.0,0.0,0.0,0.0,0.0,0.0,0.0,0.0,0.0,0.0,0.0,0.0,0.0,0.0,0.0,0.0,7.0,0.0,0.0,0.0,0.0,0.0,0.0,0.0,0.0,0.0,0.0,0.0,0.0,0.0,0.0,0.0,0.0,0.0,0.0,0.0,0.0,0.0,0.0,0.0,0.0,0.0,0.0,0.0
1095.0,0,500.0,Shaanxi,Limited liability company (Natural person investment or holding),3407.0,500.0,Wholesale and retail,2.0,3.0,11.0,4.0,0.0,2.0,5.0,8.0,1.0,0.0,0.0,0.0,0.0,0.0,0.0,0.0,0.0,0.0,0.0,0.0,0.0,0.0,0.0,0.0,0.0,0.0,0.0,0.0,0.0,0.0,0.0,0.0,0.0,0.0,0.0,0.0,0.0,0.0,0.0,0.0,0.0,0.0,0.0,0.0,0.0,0.0,0.0,0.0,0.0,0.0,0.0,0.0,0.0,0.0,0.0,0.0,0.0,0.0,0.0,0.0,0.0,0.0,0.0,0.0,0.0,0.0,0.0,0.0,0.0,0.0,0.0,0.0,0.0,0.0,0.0,0.0,0.0,0.0,0.0,0.0,1.0
1096.0,0,5000.0,Shaanxi,Limited liability company (Natural person investment or holding),1204.0,0.0,Construction industry,2.0,2.0,0.0,0.0,0.0,0.0,0.0,4.0,,0.0,0.0,5.0,0.0,0.0,0.0,0.0,0.0,0.0,0.0,0.0,0.0,0.0,0.0,0.0,0.0,0.0,0.0,0.0,0.0,0.0,0.0,0.0,0.0,0.0,0.0,0.0,0.0,0.0,0.0,0.0,0.0,0.0,0.0,0.0,0.0,0.0,0.0,0.0,0.0,0.0,0.0,0.0,0.0,0.0,0.0,0.0,0.0,0.0,0.0,0.0,0.0,0.0,0.0,0.0,0.0,0.0,0.0,0.0,0.0,0.0,0.0,0.0,0.0,0.0,0.0,0.0,0.0,0.0,0.0,0.0,0.0
1097.0,0,1000.0,Shaanxi,Limited liability company (Natural person investment or holding),866.0,0.0,Construction industry,2.0,3.0,0.0,0.0,0.0,0.0,13.0,3.0,2.0,0.0,0.0,0.0,0.0,14.0,0.0,0.0,0.0,0.0,0.0,0.0,0.0,0.0,0.0,0.0,0.0,0.0,0.0,0.0,0.0,0.0,0.0,0.0,0.0,0.0,0.0,0.0,0.0,0.0,0.0,0.0,0.0,0.0,0.0,0.0,0.0,0.0,0.0,0.0,0.0,0.0,0.0,0.0,0.0,10.0,5.0,,1.0,0.0,,0.0,0.0,,1.0,0.0,,0.0,0.0,,0.0,0.0,0.0,0.0,0.0,0.0,0.0,0.0,0.0,0.0,0.0,0.0,0.0
1098.0,0,1000.0,Shaanxi,Limited liability company (sole proprietorship of natural person),5810.0,500.0,Wholesale and retail,1.0,3.0,15.0,7.0,20.0,0.0,3.0,0.0,,0.0,0.0,0.0,0.0,0.0,0.0,0.0,0.0,0.0,0.0,0.0,0.0,0.0,0.0,0.0,0.0,0.0,0.0,0.0,0.0,0.0,0.0,0.0,0.0,0.0,0.0,0.0,0.0,0.0,0.0,0.0,0.0,0.0,0.0,0.0,0.0,0.0,0.0,0.0,0.0,0.0,0.0,0.0,1.0,3.0,2.0,0.0,0.0,0.0,0.0,3.0,2.0,0.0,0.0,0.0,0.0,0.0,2.0,0.0,0.0,0.0,0.0,0.0,0.0,0.0,0.0,0.0,0.0,0.0,0.0,0.0,2.0
1099.0,0,12000.0,Shaanxi,Limited liability company (sole proprietorship of natural person),1005.0,1012.4,Construction industry,1.0,3.0,0.0,0.0,0.0,0.0,0.0,0.0,1.0,0.0,0.0,0.0,6.0,0.0,0.0,0.0,0.0,0.0,0.0,0.0,0.0,0.0,0.0,0.0,0.0,0.0,0.0,0.0,0.0,0.0,0.0,0.0,0.0,0.0,0.0,0.0,0.0,0.0,0.0,0.0,0.0,0.0,0.0,0.0,0.0,0.0,0.0,0.0,0.0,0.0,0.0,0.0,0.0,24.0,11.0,0.0,0.0,0.0,0.0,0.0,0.0,0.0,0.0,7.0,0.0,0.0,0.0,0.0,0.0,0.0,0.0,0.0,1.0,0.0,0.0,0.0,0.0,0.0,0.0,0.0,0.0
1100.0,0,5000.0,Shaanxi,Limited liability company (Natural person investment or holding),2352.0,5000.0,Construction industry,2.0,2.0,5.0,2.0,24.0,0.0,2.0,3.0,2.0,0.0,0.0,3.0,1.0,0.0,0.0,0.0,0.0,1.0,0.0,0.0,1.0,0.0,0.0,0.0,0.0,0.0,0.0,0.0,0.0,0.0,0.0,0.0,0.0,0.0,0.0,0.0,0.0,0.0,0.0,0.0,0.0,0.0,0.0,0.0,0.0,0.0,0.0,0.0,0.0,0.0,0.0,0.0,0.0,3.0,4.0,5.0,3.0,0.0,0.0,3.0,0.0,0.0,3.0,0.0,0.0,3.0,0.0,0.0,0.0,0.0,2.0,0.0,0.0,1.0,0.0,0.0,0.0,0.0,0.0,0.0,0.0
1101.0,0,30000.0,Shaanxi,Limited liability company (Natural person investment or holding),3124.0,2500.0,Construction industry,2.0,4.0,4.0,20.0,0.0,11.0,7.0,2.0,5.0,0.0,0.0,16.0,0.0,0.0,3.0,0.0,0.0,0.0,0.0,1.0,1.0,0.0,0.0,0.0,0.0,0.0,0.0,0.0,0.0,1.0,3.0,0.0,0.0,0.0,0.0,0.0,0.0,0.0,0.0,0.0,0.0,0.0,0.0,0.0,0.0,0.0,0.0,0.0,0.0,0.0,0.0,0.0,0.0,80.0,79.0,48.0,28.0,28.0,0.0,61.0,49.0,0.0,61.0,40.0,19.0,49.0,49.0,0.0,0.0,1.0,1.0,1.0,4.0,6.0,1.0,1.0,1.0,0.0,0.0,0.0,1.0
1102.0,0,2300.0,Shaanxi,Limited liability company (Natural person investment or holding),1539.0,600.0,Construction industry,2.0,2.0,0.0,0.0,0.0,0.0,0.0,2.0,,0.0,0.0,3.0,0.0,0.0,3.0,0.0,0.0,0.0,0.0,0.0,0.0,0.0,0.0,0.0,0.0,0.0,0.0,0.0,0.0,0.0,0.0,0.0,0.0,0.0,0.0,0.0,0.0,0.0,0.0,0.0,0.0,0.0,0.0,0.0,0.0,0.0,0.0,0.0,0.0,0.0,0.0,0.0,0.0,5.0,3.0,0.0,0.0,0.0,0.0,0.0,0.0,0.0,0.0,3.0,0.0,0.0,0.0,0.0,0.0,0.0,0.0,0.0,0.0,0.0,0.0,0.0,0.0,0.0,0.0,0.0,1.0
1103.0,0,10000.0,Shaanxi,Limited liability company (Natural person investment or holding),3102.0,10000.0,"Transportation, storage and postal services",2.0,2.0,26.0,0.0,7.0,0.0,0.0,3.0,,4.0,0.0,3.0,0.0,0.0,0.0,0.0,0.0,0.0,0.0,0.0,0.0,0.0,0.0,0.0,0.0,0.0,0.0,0.0,0.0,0.0,4.0,0.0,0.0,0.0,0.0,0.0,0.0,0.0,0.0,0.0,0.0,0.0,0.0,0.0,0.0,0.0,0.0,0.0,0.0,0.0,0.0,0.0,0.0,,25.0,17.0,,25.0,17.0,,25.0,17.0,,85.0,17.0,,25.0,17.0,0.0,0.0,0.0,0.0,0.0,0.0,0.0,0.0,0.0,0.0,0.0,0.0,1.0
1104.0,0,1500.0,Shaanxi,Limited liability company,7243.0,568.0,Construction industry,1.0,2.0,8.0,3.0,0.0,4.0,0.0,6.0,,0.0,0.0,0.0,0.0,0.0,4.0,0.0,0.0,0.0,0.0,0.0,0.0,0.0,0.0,0.0,0.0,0.0,0.0,0.0,0.0,0.0,0.0,0.0,0.0,0.0,0.0,0.0,0.0,0.0,0.0,0.0,0.0,0.0,0.0,0.0,0.0,0.0,0.0,0.0,0.0,0.0,0.0,0.0,0.0,0.0,0.0,0.0,0.0,0.0,0.0,0.0,0.0,0.0,0.0,0.0,0.0,0.0,0.0,0.0,0.0,0.0,0.0,0.0,0.0,0.0,0.0,0.0,0.0,0.0,0.0,0.0,0.0
1105.0,0,5000.0,Shaanxi,Limited liability company (sole proprietorship of natural person),4654.0,5000.0,Construction industry,1.0,2.0,12.0,8.0,0.0,0.0,4.0,0.0,,0.0,2.0,0.0,0.0,0.0,0.0,0.0,0.0,0.0,0.0,1.0,0.0,0.0,0.0,0.0,0.0,0.0,0.0,0.0,0.0,1.0,0.0,0.0,0.0,0.0,0.0,0.0,0.0,0.0,0.0,0.0,0.0,0.0,0.0,0.0,0.0,0.0,0.0,0.0,0.0,0.0,0.0,0.0,0.0,13.0,18.0,20.0,13.0,18.0,20.0,13.0,18.0,20.0,13.0,18.0,20.0,13.0,18.0,20.0,0.0,0.0,0.0,0.0,15.0,12.0,0.0,0.0,0.0,2.0,4.0,2.0,0.0
1106.0,0,6300.0,Shaanxi,Limited liability company (Natural person investment or holding),5597.0,1100.0,Construction industry,2.0,2.0,15.0,6.0,3.0,6.0,6.0,0.0,,0.0,10.0,1.0,2.0,0.0,0.0,0.0,0.0,0.0,0.0,0.0,0.0,0.0,0.0,0.0,0.0,0.0,0.0,0.0,0.0,0.0,0.0,0.0,0.0,0.0,0.0,0.0,0.0,0.0,0.0,0.0,0.0,0.0,0.0,0.0,0.0,0.0,0.0,0.0,0.0,0.0,0.0,0.0,0.0,26.0,21.0,12.0,26.0,21.0,12.0,26.0,21.0,12.0,26.0,21.0,12.0,26.0,21.0,12.0,0.0,0.0,2.0,0.0,0.0,0.0,0.0,0.0,1.0,0.0,0.0,0.0,3.0
1107.0,0,2000.0,Shaanxi,Limited liability company (Natural person investment or holding),1260.0,0.0,Construction industry,2.0,2.0,0.0,0.0,0.0,0.0,0.0,7.0,,0.0,0.0,0.0,8.0,0.0,0.0,0.0,0.0,0.0,0.0,0.0,0.0,0.0,0.0,0.0,0.0,0.0,0.0,0.0,0.0,0.0,0.0,0.0,0.0,0.0,0.0,0.0,0.0,0.0,0.0,0.0,0.0,0.0,0.0,0.0,0.0,0.0,0.0,0.0,0.0,0.0,0.0,0.0,0.0,8.0,0.0,0.0,6.0,0.0,0.0,6.0,0.0,0.0,6.0,0.0,0.0,6.0,0.0,0.0,0.0,0.0,0.0,0.0,0.0,0.0,0.0,0.0,0.0,0.0,0.0,0.0,0.0
1108.0,0,1000.0,Shaanxi,Limited liability company (sole proprietorship of natural person),1116.0,0.0,Wholesale and retail,1.0,2.0,0.0,0.0,0.0,0.0,0.0,0.0,,0.0,0.0,0.0,6.0,0.0,0.0,0.0,0.0,0.0,0.0,0.0,0.0,0.0,0.0,0.0,0.0,0.0,0.0,0.0,0.0,0.0,0.0,0.0,0.0,0.0,0.0,0.0,0.0,0.0,0.0,0.0,0.0,0.0,0.0,0.0,0.0,0.0,0.0,0.0,0.0,0.0,0.0,0.0,0.0,8.0,11.0,0.0,0.0,0.0,0.0,0.0,0.0,0.0,0.0,0.0,0.0,0.0,0.0,0.0,0.0,0.0,0.0,0.0,0.0,0.0,0.0,0.0,0.0,0.0,0.0,0.0,0.0
1109.0,0,1000.0,Shaanxi,Limited liability company (sole proprietorship of natural person),551.0,0.0,Wholesale and retail,1.0,2.0,0.0,0.0,0.0,0.0,4.0,9.0,,0.0,0.0,0.0,0.0,13.0,0.0,0.0,0.0,0.0,0.0,0.0,0.0,0.0,0.0,0.0,0.0,0.0,0.0,0.0,0.0,0.0,0.0,0.0,0.0,0.0,0.0,0.0,0.0,0.0,0.0,0.0,0.0,0.0,0.0,0.0,0.0,0.0,0.0,0.0,0.0,0.0,0.0,0.0,0.0,4.0,0.0,,0.0,0.0,,0.0,0.0,,0.0,0.0,,0.0,0.0,,0.0,0.0,0.0,0.0,0.0,0.0,0.0,0.0,0.0,0.0,0.0,0.0,0.0
1110.0,0,2000.0,Shaanxi,Limited liability company (Natural person investment or holding),2223.0,0.0,Construction industry,2.0,2.0,0.0,11.0,6.0,2.0,9.0,5.0,,0.0,0.0,0.0,6.0,6.0,0.0,0.0,0.0,0.0,0.0,0.0,0.0,0.0,0.0,0.0,0.0,0.0,0.0,0.0,0.0,0.0,0.0,0.0,0.0,0.0,0.0,0.0,0.0,0.0,0.0,0.0,0.0,0.0,0.0,0.0,0.0,0.0,0.0,0.0,0.0,0.0,0.0,0.0,0.0,14.0,0.0,0.0,14.0,0.0,0.0,14.0,0.0,0.0,14.0,0.0,0.0,14.0,0.0,0.0,0.0,0.0,0.0,0.0,0.0,0.0,0.0,0.0,0.0,0.0,0.0,0.0,1.0
1111.0,0,2000.0,Shaanxi,Limited liability company (Natural person investment or holding),3025.0,0.0,Scientific research and technology services,2.0,2.0,5.0,5.0,9.0,0.0,0.0,14.0,,0.0,2.0,1.0,0.0,0.0,0.0,0.0,0.0,0.0,0.0,0.0,0.0,0.0,0.0,0.0,0.0,0.0,0.0,0.0,0.0,0.0,0.0,0.0,0.0,0.0,0.0,0.0,0.0,0.0,0.0,0.0,1.0,0.0,0.0,0.0,0.0,0.0,0.0,0.0,0.0,0.0,0.0,0.0,0.0,8.0,5.0,5.0,0.0,,0.0,0.0,,0.0,0.0,,0.0,0.0,,0.0,0.0,0.0,0.0,0.0,0.0,0.0,0.0,0.0,0.0,0.0,0.0,0.0,0.0
1112.0,0,6000.0,Shaanxi,Limited liability company (Natural person investment or holding),2748.0,808.0,Construction industry,2.0,2.0,5.0,9.0,13.0,8.0,0.0,2.0,,0.0,0.0,3.0,0.0,0.0,0.0,0.0,0.0,0.0,0.0,0.0,0.0,0.0,0.0,0.0,0.0,0.0,0.0,0.0,0.0,0.0,0.0,0.0,0.0,0.0,0.0,0.0,0.0,0.0,0.0,0.0,0.0,0.0,0.0,0.0,0.0,0.0,0.0,0.0,0.0,0.0,0.0,0.0,0.0,14.0,13.0,8.0,14.0,13.0,8.0,14.0,13.0,8.0,14.0,13.0,8.0,14.0,13.0,8.0,0.0,0.0,0.0,0.0,0.0,1.0,0.0,0.0,0.0,0.0,0.0,0.0,2.0
1113.0,0,7000.0,Shaanxi,Limited liability company (Natural person investment or holding),3848.0,2000.0,Construction industry,2.0,2.0,2.0,20.0,0.0,0.0,0.0,7.0,,0.0,3.0,2.0,0.0,0.0,0.0,0.0,0.0,0.0,0.0,0.0,0.0,0.0,0.0,0.0,0.0,0.0,0.0,0.0,0.0,0.0,0.0,0.0,0.0,0.0,0.0,0.0,0.0,0.0,0.0,0.0,0.0,0.0,0.0,0.0,0.0,0.0,0.0,0.0,0.0,0.0,0.0,0.0,0.0,11.0,7.0,0.0,0.0,0.0,0.0,8.0,7.0,0.0,8.0,0.0,0.0,8.0,0.0,0.0,0.0,0.0,0.0,0.0,0.0,0.0,1.0,0.0,0.0,0.0,0.0,0.0,0.0
1114.0,0,40000.0,Shaanxi,Limited liability company (Natural person investment or holding),7076.0,3002.2,Construction industry,2.0,2.0,0.0,16.0,0.0,0.0,0.0,0.0,,0.0,3.0,0.0,0.0,0.0,0.0,0.0,0.0,0.0,0.0,0.0,0.0,0.0,0.0,0.0,0.0,0.0,0.0,0.0,0.0,0.0,0.0,0.0,0.0,0.0,0.0,0.0,0.0,0.0,0.0,0.0,0.0,0.0,0.0,0.0,0.0,0.0,0.0,0.0,0.0,0.0,0.0,0.0,0.0,45.0,48.0,48.0,0.0,0.0,0.0,0.0,0.0,0.0,0.0,0.0,0.0,0.0,0.0,0.0,0.0,0.0,0.0,0.0,4.0,4.0,0.0,0.0,0.0,0.0,2.0,1.0,2.0
1115.0,0,5000.0,Shaanxi,Limited liability company (Natural person investment or holding),6078.0,2085.6,Construction industry,2.0,2.0,11.0,15.0,4.0,7.0,0.0,0.0,2.0,3.0,0.0,0.0,0.0,0.0,0.0,0.0,0.0,0.0,0.0,0.0,0.0,0.0,0.0,0.0,0.0,0.0,0.0,1.0,0.0,2.0,0.0,0.0,0.0,0.0,0.0,0.0,0.0,0.0,0.0,0.0,0.0,0.0,0.0,0.0,0.0,0.0,0.0,0.0,0.0,0.0,0.0,0.0,0.0,11.0,15.0,15.0,4.0,15.0,15.0,11.0,15.0,15.0,11.0,15.0,15.0,11.0,15.0,15.0,0.0,0.0,0.0,0.0,0.0,0.0,0.0,0.0,0.0,0.0,0.0,0.0,1.0
1116.0,0,7000.0,Shaanxi,Limited liability company (Natural person investment or holding),2625.0,2000.0,Construction industry,3.0,2.0,9.0,9.0,0.0,0.0,2.0,1.0,,0.0,8.0,0.0,0.0,0.0,0.0,0.0,0.0,0.0,0.0,0.0,0.0,0.0,0.0,0.0,0.0,0.0,0.0,0.0,0.0,0.0,0.0,0.0,0.0,0.0,0.0,0.0,0.0,0.0,0.0,0.0,0.0,0.0,0.0,0.0,0.0,0.0,0.0,0.0,0.0,0.0,0.0,0.0,0.0,17.0,17.0,17.0,17.0,17.0,0.0,17.0,17.0,0.0,17.0,17.0,0.0,17.0,17.0,0.0,0.0,0.0,0.0,0.0,0.0,2.0,0.0,0.0,0.0,0.0,0.0,0.0,0.0
1117.0,0,10000.0,Shaanxi,Limited liability company (sole proprietorship of legal person invested or controlled by non natural person),4687.0,0.0,Construction industry,1.0,2.0,7.0,10.0,11.0,15.0,5.0,7.0,5.0,0.0,0.0,0.0,0.0,11.0,0.0,0.0,0.0,0.0,0.0,0.0,0.0,0.0,0.0,0.0,0.0,0.0,0.0,0.0,0.0,2.0,0.0,4.0,11.0,1.0,0.0,0.0,0.0,0.0,8.0,1.0,0.0,0.0,0.0,0.0,7.0,0.0,0.0,0.0,0.0,0.0,0.0,0.0,0.0,20.0,4.0,0.0,17.0,4.0,0.0,19.0,4.0,0.0,20.0,4.0,0.0,20.0,4.0,0.0,0.0,0.0,0.0,0.0,0.0,1.0,0.0,0.0,0.0,0.0,0.0,0.0,0.0
1118.0,0,6500.0,Shaanxi,Limited liability company (Natural person investment or holding),2940.0,6500.0,Construction industry,2.0,2.0,3.0,0.0,8.0,0.0,8.0,4.0,1.0,0.0,3.0,8.0,0.0,0.0,0.0,0.0,0.0,0.0,0.0,0.0,0.0,0.0,0.0,0.0,0.0,0.0,0.0,0.0,0.0,2.0,0.0,0.0,0.0,0.0,0.0,0.0,0.0,0.0,0.0,0.0,0.0,0.0,0.0,0.0,0.0,0.0,0.0,0.0,0.0,0.0,0.0,0.0,0.0,27.0,19.0,9.0,25.0,17.0,0.0,25.0,17.0,7.0,25.0,17.0,0.0,25.0,17.0,7.0,0.0,0.0,1.0,1.0,0.0,0.0,0.0,0.0,0.0,0.0,0.0,0.0,1.0
1119.0,0,10000.0,Shaanxi,Limited liability company (Natural person investment or holding),3735.0,10000.0,Construction industry,2.0,4.0,1.0,19.0,9.0,0.0,2.0,2.0,9.0,0.0,0.0,11.0,0.0,0.0,0.0,0.0,0.0,0.0,1.0,2.0,3.0,0.0,0.0,0.0,0.0,0.0,0.0,0.0,0.0,4.0,0.0,0.0,0.0,0.0,0.0,0.0,0.0,0.0,0.0,0.0,0.0,0.0,0.0,0.0,0.0,0.0,0.0,0.0,0.0,0.0,0.0,0.0,0.0,52.0,35.0,32.0,28.0,20.0,0.0,31.0,24.0,0.0,31.0,26.0,0.0,31.0,26.0,0.0,0.0,0.0,0.0,0.0,0.0,44.0,0.0,0.0,1.0,0.0,3.0,1.0,1.0
1120.0,0,1000.0,Shaanxi,Limited liability company (sole proprietorship of natural person),813.0,0.0,Construction industry,1.0,2.0,0.0,0.0,0.0,0.0,2.0,0.0,,0.0,0.0,0.0,0.0,10.0,0.0,0.0,0.0,0.0,0.0,0.0,0.0,0.0,0.0,0.0,0.0,0.0,0.0,0.0,0.0,0.0,0.0,0.0,0.0,0.0,0.0,0.0,0.0,0.0,0.0,0.0,0.0,0.0,0.0,0.0,0.0,0.0,0.0,0.0,0.0,0.0,0.0,0.0,0.0,1.0,12.0,,0.0,0.0,,0.0,0.0,,0.0,0.0,,0.0,0.0,,0.0,0.0,0.0,0.0,0.0,0.0,0.0,0.0,0.0,0.0,0.0,0.0,0.0
1121.0,0,3000.0,Shaanxi,Limited liability company (Natural person investment or holding),1416.0,3000.0,Construction industry,2.0,2.0,0.0,0.0,2.0,2.0,3.0,0.0,1.0,0.0,0.0,3.0,0.0,6.0,0.0,0.0,0.0,0.0,0.0,0.0,0.0,0.0,0.0,0.0,0.0,0.0,0.0,0.0,0.0,0.0,0.0,0.0,0.0,0.0,0.0,0.0,0.0,0.0,0.0,0.0,0.0,0.0,0.0,0.0,0.0,0.0,0.0,0.0,0.0,0.0,0.0,0.0,0.0,7.0,0.0,0.0,0.0,0.0,0.0,0.0,0.0,0.0,0.0,0.0,0.0,0.0,0.0,0.0,0.0,0.0,0.0,0.0,0.0,0.0,0.0,0.0,0.0,0.0,0.0,0.0,0.0
1122.0,0,3100.0,Shaanxi,Limited liability company (sole proprietorship of natural person),2846.0,50.0,Construction industry,1.0,2.0,0.0,0.0,18.0,0.0,8.0,11.0,1.0,0.0,0.0,0.0,0.0,11.0,3.0,0.0,0.0,0.0,0.0,0.0,0.0,0.0,0.0,0.0,0.0,0.0,0.0,0.0,0.0,0.0,0.0,0.0,0.0,0.0,0.0,0.0,0.0,0.0,0.0,0.0,0.0,0.0,0.0,0.0,0.0,0.0,0.0,0.0,0.0,0.0,0.0,0.0,0.0,3.0,3.0,0.0,0.0,0.0,0.0,0.0,0.0,0.0,0.0,0.0,0.0,0.0,0.0,0.0,0.0,0.0,0.0,0.0,0.0,0.0,0.0,0.0,0.0,0.0,0.0,0.0,0.0
1123.0,0,5000.0,Shaanxi,Limited liability company (Natural person investment or holding),5566.0,2000.0,Construction industry,3.0,2.0,34.0,0.0,22.0,3.0,2.0,0.0,1.0,0.0,0.0,3.0,0.0,0.0,0.0,0.0,0.0,0.0,0.0,0.0,0.0,0.0,0.0,0.0,0.0,0.0,0.0,1.0,0.0,0.0,0.0,0.0,0.0,0.0,0.0,0.0,0.0,0.0,0.0,0.0,0.0,0.0,0.0,0.0,0.0,0.0,0.0,0.0,0.0,0.0,0.0,0.0,0.0,,25.0,22.0,,9.0,7.0,,9.0,7.0,,9.0,7.0,,9.0,7.0,0.0,0.0,0.0,0.0,0.0,0.0,0.0,0.0,0.0,0.0,0.0,0.0,1.0
1124.0,0,6000.0,Shaanxi,Limited liability company (Natural person investment or holding),850.0,0.0,Construction industry,2.0,2.0,0.0,0.0,0.0,5.0,18.0,0.0,1.0,0.0,0.0,0.0,0.0,4.0,0.0,0.0,0.0,0.0,0.0,0.0,0.0,0.0,0.0,0.0,0.0,0.0,0.0,0.0,0.0,0.0,0.0,0.0,0.0,0.0,0.0,0.0,0.0,0.0,0.0,0.0,0.0,0.0,0.0,0.0,0.0,0.0,0.0,0.0,0.0,0.0,0.0,0.0,0.0,0.0,0.0,,0.0,0.0,,0.0,0.0,,0.0,0.0,,0.0,0.0,,0.0,0.0,0.0,0.0,0.0,0.0,0.0,0.0,0.0,0.0,0.0,0.0,0.0
1125.0,0,10000.0,Shaanxi,Limited liability company (sole proprietorship of natural person),774.0,1100.0,Construction industry,1.0,3.0,0.0,0.0,0.0,0.0,0.0,0.0,,0.0,0.0,0.0,0.0,1.0,0.0,0.0,0.0,0.0,0.0,0.0,0.0,0.0,0.0,0.0,0.0,0.0,0.0,0.0,0.0,0.0,0.0,0.0,0.0,0.0,0.0,0.0,0.0,0.0,0.0,0.0,0.0,0.0,0.0,0.0,0.0,0.0,0.0,0.0,0.0,0.0,0.0,0.0,0.0,16.0,0.0,,16.0,0.0,,0.0,0.0,,16.0,4.0,,16.0,0.0,,0.0,0.0,0.0,0.0,0.0,0.0,0.0,0.0,0.0,0.0,0.0,0.0,0.0
1126.0,0,1500.0,Shaanxi,"Joint stock limited company (unlisted, natural person investment or holding)",5120.0,1500.0,Manufacturing,6.0,8.0,2.0,8.0,3.0,12.0,0.0,0.0,,0.0,0.0,0.0,0.0,0.0,3.0,0.0,0.0,1.0,0.0,0.0,0.0,0.0,0.0,0.0,0.0,0.0,0.0,0.0,0.0,4.0,0.0,0.0,0.0,0.0,0.0,3.0,0.0,0.0,0.0,0.0,0.0,0.0,0.0,0.0,0.0,0.0,0.0,4.0,0.0,0.0,0.0,3.0,2.0,30.0,20.0,18.0,0.0,0.0,0.0,29.0,20.0,18.0,0.0,0.0,0.0,29.0,20.0,18.0,0.0,0.0,1.0,2.0,2.0,0.0,0.0,0.0,0.0,0.0,0.0,0.0,1.0
1127.0,0,4900.0,Shaanxi,Limited liability company (sole proprietorship of natural person),4646.0,2000.0,Construction industry,1.0,2.0,6.0,2.0,0.0,1.0,7.0,7.0,,0.0,0.0,0.0,0.0,8.0,0.0,0.0,0.0,0.0,0.0,0.0,0.0,0.0,0.0,0.0,0.0,0.0,0.0,0.0,0.0,0.0,0.0,0.0,0.0,0.0,0.0,0.0,0.0,0.0,0.0,0.0,0.0,0.0,0.0,0.0,0.0,0.0,0.0,0.0,0.0,0.0,0.0,0.0,0.0,16.0,9.0,7.0,0.0,0.0,0.0,9.0,7.0,0.0,0.0,0.0,0.0,0.0,0.0,0.0,0.0,0.0,0.0,0.0,0.0,0.0,0.0,0.0,0.0,0.0,0.0,0.0,0.0
1128.0,0,2000.0,Shaanxi,Limited liability company (Natural person investment or holding),1212.0,1000.0,Construction industry,2.0,2.0,0.0,0.0,0.0,7.0,8.0,3.0,,0.0,0.0,0.0,13.0,0.0,3.0,0.0,0.0,0.0,0.0,0.0,0.0,0.0,0.0,0.0,0.0,0.0,0.0,0.0,0.0,0.0,0.0,0.0,0.0,0.0,0.0,0.0,0.0,0.0,0.0,0.0,0.0,0.0,0.0,0.0,0.0,0.0,0.0,0.0,0.0,0.0,0.0,0.0,0.0,12.0,0.0,0.0,0.0,0.0,0.0,0.0,0.0,0.0,0.0,0.0,0.0,0.0,0.0,0.0,0.0,0.0,0.0,0.0,0.0,0.0,0.0,0.0,0.0,0.0,0.0,0.0,0.0
1129.0,0,1000.0,Shaanxi,Limited liability company (Natural person investment or holding),1042.0,0.0,Construction industry,2.0,3.0,0.0,0.0,0.0,12.0,4.0,5.0,,0.0,0.0,0.0,0.0,0.0,8.0,0.0,0.0,0.0,0.0,0.0,0.0,0.0,0.0,0.0,0.0,0.0,0.0,0.0,0.0,0.0,0.0,0.0,0.0,0.0,0.0,0.0,0.0,0.0,0.0,0.0,0.0,0.0,0.0,0.0,0.0,0.0,0.0,0.0,0.0,0.0,0.0,0.0,0.0,8.0,2.0,0.0,9.0,1.0,0.0,9.0,1.0,0.0,9.0,1.0,0.0,9.0,1.0,0.0,0.0,0.0,0.0,0.0,0.0,0.0,0.0,0.0,0.0,0.0,0.0,0.0,0.0
1130.0,0,7000.0,Shaanxi,Limited liability company (sole proprietorship of natural person),2047.0,3850.0,Leasing and business services,1.0,2.0,0.0,0.0,21.0,6.0,3.0,4.0,11.0,0.0,0.0,8.0,0.0,0.0,14.0,0.0,0.0,0.0,0.0,0.0,0.0,0.0,0.0,0.0,0.0,0.0,0.0,0.0,0.0,0.0,0.0,0.0,0.0,0.0,0.0,0.0,0.0,0.0,0.0,0.0,0.0,0.0,0.0,0.0,0.0,0.0,0.0,0.0,0.0,0.0,0.0,0.0,0.0,38.0,,8.0,8.0,0.0,0.0,8.0,,0.0,8.0,0.0,0.0,8.0,,0.0,0.0,0.0,0.0,0.0,0.0,0.0,0.0,0.0,0.0,0.0,0.0,0.0,0.0
1131.0,0,2000.0,Shanghai,Limited liability company (Natural person investment or holding),9382.0,2000.0,Construction industry,2.0,2.0,2.0,0.0,0.0,0.0,0.0,9.0,,0.0,0.0,0.0,0.0,0.0,1.0,4.0,0.0,0.0,0.0,0.0,0.0,0.0,0.0,0.0,0.0,1.0,0.0,0.0,0.0,1.0,0.0,0.0,0.0,0.0,0.0,0.0,0.0,0.0,0.0,0.0,0.0,0.0,0.0,0.0,0.0,0.0,0.0,0.0,0.0,0.0,0.0,0.0,15.0,21.0,17.0,21.0,21.0,17.0,21.0,21.0,17.0,21.0,21.0,17.0,21.0,21.0,17.0,21.0,0.0,0.0,0.0,3.0,4.0,5.0,6.0,0.0,0.0,2.0,2.0,2.0,3.0
1132.0,0,6300.0,Shanghai,Limited liability company (Natural person investment or holding),11432.0,6300.0,Wholesale and retail,2.0,2.0,0.0,0.0,0.0,0.0,0.0,0.0,9.0,0.0,0.0,0.0,0.0,0.0,0.0,2.0,0.0,0.0,0.0,0.0,0.0,0.0,0.0,0.0,0.0,0.0,0.0,0.0,0.0,0.0,0.0,0.0,0.0,0.0,0.0,0.0,0.0,0.0,0.0,0.0,0.0,0.0,0.0,0.0,0.0,0.0,0.0,0.0,0.0,0.0,0.0,0.0,0.0,53.0,61.0,69.0,53.0,61.0,69.0,53.0,61.0,69.0,53.0,61.0,69.0,53.0,61.0,69.0,0.0,0.0,0.0,2.0,3.0,1.0,1.0,2.0,0.0,1.0,1.0,0.0,5.0
1133.0,0,10059.6798,Shanghai,"Joint stock limited company (unlisted, natural person investment or holding)",6615.0,2059.6798,Scientific research and technology services,11.0,8.0,15.0,5.0,0.0,2.0,0.0,5.0,1.0,0.0,0.0,0.0,0.0,3.0,2.0,5.0,0.0,0.0,0.0,0.0,1.0,0.0,0.0,0.0,0.0,0.0,0.0,0.0,1.0,0.0,0.0,0.0,0.0,0.0,0.0,15.0,1.0,3.0,10.0,3.0,10.0,0.0,0.0,0.0,0.0,0.0,0.0,0.0,0.0,0.0,8.0,0.0,0.0,52.0,,52.0,52.0,,52.0,52.0,,52.0,52.0,,52.0,52.0,,52.0,0.0,0.0,0.0,0.0,0.0,14.0,4.0,0.0,0.0,3.0,2.0,7.0,0.0
1134.0,0,2000.0,Shanghai,Limited liability company (sole proprietorship of natural person),6320.0,2000.0,Construction industry,1.0,2.0,17.0,0.0,0.0,9.0,0.0,0.0,,0.0,0.0,0.0,0.0,0.0,0.0,1.0,0.0,0.0,2.0,0.0,1.0,0.0,0.0,0.0,0.0,0.0,0.0,0.0,0.0,0.0,0.0,0.0,0.0,0.0,0.0,0.0,0.0,0.0,0.0,0.0,0.0,0.0,0.0,0.0,0.0,0.0,0.0,0.0,0.0,0.0,0.0,0.0,0.0,19.0,17.0,20.0,19.0,17.0,20.0,19.0,17.0,20.0,19.0,17.0,20.0,19.0,17.0,20.0,0.0,0.0,1.0,0.0,0.0,2.0,2.0,0.0,0.0,0.0,1.0,0.0,0.0
1135.0,0,4200.0,Shanghai,Limited liability company (Natural person investment or holding),3036.0,1000.0,Construction industry,2.0,2.0,3.0,2.0,1.0,11.0,6.0,8.0,,0.0,0.0,0.0,0.0,0.0,0.0,0.0,0.0,0.0,0.0,0.0,0.0,0.0,0.0,0.0,0.0,0.0,1.0,0.0,0.0,0.0,0.0,0.0,0.0,0.0,4.0,0.0,0.0,0.0,0.0,0.0,0.0,0.0,0.0,0.0,0.0,0.0,0.0,0.0,0.0,0.0,0.0,0.0,0.0,97.0,92.0,95.0,97.0,92.0,95.0,97.0,92.0,95.0,97.0,92.0,95.0,97.0,92.0,95.0,0.0,0.0,0.0,0.0,1.0,1.0,0.0,0.0,0.0,1.0,1.0,0.0,2.0
1136.0,0,1000.0,Shanghai,Limited liability company (Natural person investment or holding),2326.0,1000.0,Construction industry,2.0,1.0,0.0,3.0,0.0,0.0,0.0,8.0,1.0,0.0,0.0,0.0,0.0,0.0,3.0,0.0,0.0,0.0,0.0,0.0,0.0,0.0,0.0,0.0,0.0,0.0,0.0,0.0,0.0,0.0,0.0,0.0,0.0,0.0,0.0,0.0,0.0,0.0,0.0,0.0,0.0,0.0,0.0,0.0,0.0,0.0,0.0,0.0,0.0,0.0,0.0,0.0,0.0,54.0,26.0,20.0,54.0,26.0,20.0,54.0,26.0,20.0,54.0,26.0,20.0,54.0,26.0,20.0,0.0,0.0,0.0,0.0,1.0,0.0,0.0,0.0,0.0,0.0,0.0,0.0,0.0
1137.0,0,6000.0,Shanghai,Limited liability company (Natural person investment or holding),5824.0,50.0,Wholesale and retail,2.0,2.0,4.0,0.0,0.0,4.0,10.0,0.0,,0.0,0.0,0.0,0.0,3.0,0.0,0.0,0.0,0.0,0.0,0.0,0.0,0.0,0.0,0.0,0.0,0.0,0.0,0.0,0.0,0.0,0.0,1.0,0.0,0.0,0.0,0.0,0.0,0.0,0.0,0.0,0.0,0.0,0.0,0.0,0.0,0.0,0.0,0.0,0.0,0.0,0.0,0.0,0.0,4.0,3.0,0.0,4.0,3.0,0.0,4.0,3.0,0.0,4.0,3.0,0.0,4.0,3.0,0.0,0.0,0.0,0.0,0.0,0.0,0.0,0.0,0.0,0.0,0.0,0.0,0.0,0.0
1138.0,0,3000.0,Shanghai,Limited liability company (Natural person investment or holding),5427.0,1437.0,Leasing and business services,2.0,2.0,0.0,0.0,0.0,3.0,3.0,0.0,,0.0,0.0,0.0,0.0,1.0,0.0,2.0,0.0,0.0,0.0,0.0,0.0,0.0,0.0,0.0,0.0,0.0,0.0,0.0,0.0,0.0,0.0,0.0,0.0,0.0,0.0,0.0,0.0,0.0,0.0,0.0,0.0,0.0,0.0,0.0,0.0,0.0,0.0,0.0,0.0,0.0,0.0,0.0,0.0,37.0,42.0,42.0,37.0,42.0,42.0,37.0,42.0,42.0,37.0,42.0,42.0,37.0,42.0,42.0,0.0,0.0,0.0,0.0,1.0,6.0,2.0,0.0,0.0,0.0,1.0,2.0,2.0
1139.0,1,6599.0,Shanghai,Limited liability company (sole proprietorship of natural person),2787.0,2500.0,Wholesale and retail,1.0,2.0,5.0,0.0,12.0,1.0,12.0,0.0,,0.0,0.0,0.0,0.0,0.0,1.0,0.0,0.0,0.0,0.0,0.0,0.0,0.0,0.0,0.0,0.0,0.0,0.0,0.0,0.0,3.0,0.0,0.0,0.0,0.0,7.0,0.0,0.0,0.0,0.0,0.0,0.0,0.0,0.0,0.0,0.0,0.0,0.0,0.0,0.0,0.0,0.0,0.0,0.0,3.0,2.0,2.0,3.0,2.0,2.0,3.0,2.0,2.0,3.0,2.0,2.0,3.0,2.0,2.0,0.0,0.0,0.0,0.0,4.0,1.0,0.0,0.0,1.0,2.0,1.0,2.0,0.0
1140.0,0,2200.0,Shanghai,Limited liability company (Natural person investment or holding),3303.0,509.0,Construction industry,3.0,3.0,0.0,12.0,3.0,4.0,0.0,9.0,5.0,0.0,0.0,0.0,0.0,0.0,1.0,0.0,0.0,0.0,0.0,0.0,0.0,0.0,0.0,0.0,0.0,0.0,0.0,0.0,0.0,0.0,0.0,0.0,0.0,0.0,0.0,0.0,0.0,0.0,0.0,0.0,0.0,0.0,0.0,0.0,0.0,0.0,0.0,0.0,0.0,0.0,0.0,0.0,0.0,43.0,18.0,15.0,43.0,18.0,15.0,43.0,18.0,15.0,43.0,18.0,15.0,43.0,18.0,15.0,0.0,0.0,0.0,0.0,0.0,0.0,0.0,0.0,0.0,0.0,0.0,0.0,1.0
1141.0,0,2000.0,Shanghai,Limited liability company (Natural person investment or holding),2992.0,328.0,Scientific research and technology services,3.0,2.0,0.0,6.0,0.0,3.0,2.0,0.0,,0.0,0.0,0.0,0.0,0.0,3.0,0.0,0.0,0.0,0.0,0.0,1.0,0.0,0.0,0.0,0.0,0.0,0.0,1.0,0.0,0.0,0.0,3.0,0.0,0.0,0.0,0.0,0.0,0.0,0.0,1.0,0.0,0.0,0.0,0.0,0.0,0.0,0.0,1.0,1.0,17.0,4.0,17.0,0.0,10.0,23.0,22.0,10.0,23.0,22.0,10.0,23.0,22.0,10.0,23.0,22.0,10.0,23.0,22.0,0.0,0.0,0.0,0.0,0.0,1.0,0.0,0.0,0.0,0.0,0.0,0.0,2.0
1142.0,0,3000.0,Shanghai,Limited liability company (Natural person investment or holding),8399.0,1010.0,Manufacturing,2.0,2.0,23.0,3.0,4.0,0.0,0.0,0.0,4.0,0.0,0.0,0.0,0.0,0.0,1.0,2.0,0.0,0.0,0.0,0.0,0.0,0.0,0.0,0.0,0.0,0.0,0.0,0.0,0.0,3.0,4.0,0.0,0.0,2.0,0.0,0.0,0.0,0.0,0.0,1.0,0.0,0.0,0.0,0.0,0.0,0.0,0.0,0.0,0.0,0.0,0.0,0.0,0.0,12.0,13.0,12.0,12.0,13.0,12.0,12.0,13.0,12.0,12.0,13.0,12.0,12.0,13.0,12.0,0.0,0.0,0.0,0.0,2.0,6.0,0.0,0.0,0.0,0.0,1.0,3.0,2.0
1143.0,0,1266.0,Shanghai,Limited liability company (Natural person investment or holding),2976.0,1266.0,Leasing and business services,2.0,2.0,2.0,0.0,4.0,0.0,9.0,5.0,,0.0,0.0,0.0,0.0,0.0,4.0,0.0,0.0,0.0,0.0,0.0,0.0,0.0,0.0,0.0,0.0,1.0,0.0,0.0,0.0,0.0,0.0,0.0,0.0,0.0,0.0,0.0,0.0,0.0,0.0,0.0,0.0,0.0,0.0,0.0,0.0,0.0,0.0,0.0,0.0,0.0,0.0,0.0,0.0,57.0,47.0,47.0,57.0,47.0,47.0,57.0,47.0,47.0,57.0,47.0,47.0,57.0,47.0,47.0,0.0,0.0,1.0,2.0,0.0,0.0,0.0,0.0,2.0,0.0,0.0,0.0,2.0
1144.0,0,1000.0,Shanghai,Limited liability company (Natural person investment or holding),5460.0,355.0,Scientific research and technology services,2.0,2.0,0.0,0.0,0.0,5.0,0.0,9.0,,0.0,0.0,0.0,0.0,3.0,0.0,0.0,0.0,0.0,0.0,0.0,0.0,0.0,0.0,0.0,0.0,0.0,0.0,0.0,0.0,0.0,2.0,0.0,0.0,0.0,0.0,0.0,0.0,0.0,0.0,0.0,0.0,0.0,0.0,0.0,0.0,0.0,0.0,0.0,0.0,0.0,0.0,0.0,0.0,21.0,7.0,50.0,21.0,7.0,50.0,21.0,7.0,50.0,21.0,7.0,50.0,21.0,7.0,50.0,0.0,0.0,0.0,0.0,0.0,0.0,0.0,0.0,0.0,0.0,0.0,0.0,0.0
1145.0,0,4000.0,Shanghai,Limited liability company (sole proprietorship of natural person),1995.0,0.0,Wholesale and retail,1.0,2.0,2.0,0.0,0.0,3.0,0.0,0.0,,0.0,0.0,0.0,0.0,7.0,0.0,0.0,0.0,0.0,0.0,0.0,0.0,0.0,0.0,0.0,0.0,0.0,0.0,0.0,0.0,0.0,0.0,0.0,0.0,0.0,0.0,0.0,0.0,0.0,0.0,0.0,0.0,0.0,0.0,0.0,0.0,0.0,0.0,0.0,0.0,0.0,0.0,0.0,0.0,3.0,0.0,0.0,3.0,0.0,0.0,3.0,0.0,0.0,3.0,0.0,0.0,3.0,0.0,0.0,0.0,0.0,0.0,0.0,0.0,0.0,0.0,0.0,0.0,0.0,0.0,0.0,0.0
1146.0,0,1500.0,Shanghai,Limited liability company (Natural person investment or holding),4564.0,800.0,Construction industry,2.0,2.0,0.0,0.0,0.0,0.0,2.0,0.0,,0.0,0.0,0.0,0.0,2.0,3.0,0.0,0.0,0.0,0.0,0.0,0.0,0.0,0.0,0.0,0.0,0.0,0.0,0.0,0.0,0.0,0.0,0.0,0.0,0.0,0.0,0.0,0.0,0.0,0.0,0.0,0.0,0.0,0.0,0.0,0.0,0.0,0.0,0.0,0.0,0.0,0.0,0.0,0.0,19.0,23.0,20.0,19.0,23.0,20.0,19.0,23.0,20.0,19.0,23.0,20.0,19.0,23.0,20.0,0.0,0.0,1.0,0.0,2.0,0.0,0.0,1.0,0.0,1.0,0.0,0.0,2.0
1147.0,0,4018.0,Shanghai,Limited liability company (Natural person investment or holding),3503.0,1000.0,Wholesale and retail,4.0,2.0,2.0,0.0,8.0,4.0,3.0,0.0,,0.0,0.0,0.0,0.0,0.0,14.0,0.0,0.0,0.0,0.0,0.0,0.0,0.0,0.0,0.0,0.0,0.0,0.0,0.0,0.0,0.0,0.0,0.0,0.0,0.0,0.0,0.0,0.0,0.0,0.0,0.0,0.0,0.0,0.0,0.0,0.0,0.0,0.0,0.0,0.0,0.0,0.0,0.0,0.0,25.0,20.0,24.0,25.0,20.0,24.0,25.0,20.0,24.0,25.0,20.0,24.0,25.0,20.0,24.0,0.0,0.0,0.0,0.0,0.0,0.0,0.0,0.0,0.0,0.0,0.0,0.0,2.0
1148.0,0,6000.0,Shanghai,Limited liability company (Natural person investment or holding),3970.0,150.0,Wholesale and retail,2.0,2.0,6.0,0.0,0.0,0.0,6.0,0.0,,0.0,0.0,0.0,0.0,0.0,3.0,0.0,0.0,0.0,0.0,0.0,0.0,0.0,0.0,0.0,0.0,0.0,0.0,0.0,0.0,0.0,0.0,0.0,0.0,0.0,0.0,0.0,0.0,0.0,0.0,0.0,0.0,0.0,0.0,0.0,0.0,0.0,0.0,4.0,1.0,0.0,0.0,0.0,4.0,2.0,1.0,1.0,2.0,1.0,1.0,2.0,1.0,1.0,2.0,1.0,1.0,2.0,1.0,1.0,0.0,0.0,0.0,0.0,1.0,1.0,5.0,0.0,0.0,1.0,0.0,0.0,0.0
1149.0,0,2000.0,Shanghai,Limited liability company (Natural person investment or holding),5350.0,50.0,Wholesale and retail,2.0,2.0,0.0,2.0,0.0,0.0,5.0,7.0,,0.0,0.0,0.0,0.0,0.0,0.0,0.0,0.0,0.0,0.0,0.0,0.0,0.0,0.0,0.0,0.0,0.0,0.0,0.0,0.0,0.0,0.0,0.0,0.0,0.0,0.0,0.0,0.0,0.0,0.0,0.0,0.0,0.0,0.0,0.0,0.0,0.0,0.0,0.0,0.0,0.0,0.0,0.0,0.0,19.0,0.0,0.0,19.0,0.0,0.0,19.0,0.0,0.0,19.0,0.0,0.0,19.0,0.0,0.0,0.0,0.0,0.0,0.0,0.0,0.0,0.0,0.0,0.0,0.0,0.0,0.0,0.0
1150.0,0,1000.0,Shanghai,Limited liability company (Natural person investment or holding),4060.0,1000.0,Construction industry,2.0,2.0,0.0,0.0,4.0,7.0,6.0,3.0,,0.0,0.0,0.0,2.0,0.0,0.0,0.0,0.0,0.0,0.0,0.0,0.0,0.0,0.0,0.0,0.0,0.0,0.0,0.0,0.0,0.0,0.0,0.0,0.0,0.0,0.0,0.0,0.0,0.0,0.0,0.0,0.0,0.0,0.0,0.0,0.0,0.0,0.0,0.0,0.0,0.0,0.0,0.0,0.0,29.0,28.0,30.0,29.0,28.0,30.0,29.0,28.0,30.0,29.0,28.0,30.0,29.0,28.0,10.0,0.0,0.0,0.0,0.0,0.0,0.0,0.0,0.0,0.0,0.0,0.0,0.0,1.0
1151.0,0,3500.0,Shanghai,Limited liability company (Natural person investment or holding),5169.0,539.0,Construction industry,2.0,2.0,3.0,0.0,2.0,0.0,6.0,6.0,,0.0,0.0,0.0,0.0,2.0,1.0,0.0,0.0,0.0,0.0,0.0,0.0,0.0,0.0,0.0,1.0,0.0,0.0,0.0,0.0,0.0,0.0,0.0,6.0,0.0,0.0,0.0,0.0,0.0,0.0,0.0,0.0,0.0,0.0,0.0,0.0,0.0,0.0,0.0,0.0,0.0,0.0,0.0,0.0,69.0,102.0,92.0,69.0,102.0,92.0,69.0,102.0,92.0,69.0,102.0,92.0,69.0,102.0,92.0,0.0,0.0,0.0,0.0,0.0,0.0,0.0,0.0,0.0,0.0,0.0,0.0,2.0
1152.0,0,8000.0,Shanghai,Limited liability company (sole proprietorship of natural person),960.0,8000.0,Construction industry,1.0,2.0,0.0,0.0,0.0,2.0,6.0,8.0,1.0,0.0,0.0,0.0,1.0,0.0,0.0,0.0,0.0,0.0,0.0,0.0,0.0,0.0,0.0,0.0,0.0,0.0,0.0,0.0,0.0,0.0,0.0,0.0,0.0,0.0,0.0,0.0,0.0,0.0,0.0,0.0,0.0,0.0,0.0,0.0,0.0,0.0,0.0,0.0,0.0,0.0,0.0,0.0,0.0,16.0,11.0,,16.0,11.0,,16.0,11.0,,16.0,11.0,,16.0,11.0,,0.0,0.0,0.0,0.0,0.0,0.0,0.0,0.0,0.0,0.0,0.0,1.0,0.0
1153.0,1,3080.0,Shanghai,Limited liability company (Natural person investment or holding),4484.0,3080.0,Wholesale and retail,3.0,2.0,0.0,0.0,0.0,3.0,0.0,0.0,2.0,0.0,0.0,0.0,0.0,5.0,2.0,0.0,0.0,0.0,0.0,0.0,0.0,0.0,0.0,0.0,0.0,0.0,0.0,0.0,0.0,1.0,0.0,0.0,0.0,0.0,0.0,2.0,0.0,0.0,0.0,0.0,0.0,0.0,0.0,0.0,0.0,0.0,1.0,0.0,0.0,0.0,0.0,0.0,0.0,7.0,7.0,4.0,7.0,7.0,4.0,7.0,7.0,4.0,7.0,7.0,4.0,2.0,7.0,4.0,0.0,0.0,0.0,0.0,0.0,0.0,0.0,0.0,0.0,0.0,0.0,0.0,1.0
1154.0,0,888.0,Jiangxi,Limited liability company (sole proprietorship of natural person),723.0,888.0,Scientific research and technology services,1.0,2.0,0.0,0.0,0.0,0.0,0.0,1.0,,0.0,0.0,0.0,0.0,0.0,0.0,0.0,0.0,0.0,0.0,0.0,0.0,0.0,0.0,0.0,0.0,0.0,0.0,0.0,0.0,0.0,0.0,0.0,0.0,0.0,0.0,0.0,0.0,0.0,0.0,0.0,0.0,0.0,0.0,0.0,0.0,0.0,0.0,0.0,0.0,0.0,0.0,0.0,0.0,0.0,0.0,,0.0,0.0,,0.0,0.0,,0.0,0.0,,0.0,0.0,,0.0,0.0,0.0,0.0,0.0,0.0,0.0,0.0,0.0,0.0,0.0,0.0,0.0
1155.0,0,720.0,Jiangxi,Limited liability company (sole proprietorship of natural person),662.0,720.0,"Information transmission, software and information technology services",1.0,2.0,0.0,0.0,0.0,0.0,0.0,2.0,,0.0,0.0,0.0,0.0,0.0,0.0,0.0,0.0,0.0,0.0,0.0,0.0,0.0,0.0,0.0,0.0,0.0,0.0,0.0,0.0,0.0,0.0,0.0,0.0,0.0,0.0,0.0,0.0,0.0,0.0,0.0,0.0,0.0,0.0,0.0,0.0,0.0,0.0,0.0,0.0,0.0,0.0,0.0,0.0,0.0,0.0,,0.0,0.0,,0.0,0.0,,0.0,0.0,,0.0,0.0,,0.0,0.0,0.0,0.0,0.0,0.0,0.0,0.0,0.0,0.0,0.0,0.0,0.0
1156.0,0,4800.0,Jiangxi,Limited liability company (Natural person investment or holding),3669.0,6000.0,Construction industry,2.0,2.0,0.0,0.0,6.0,0.0,4.0,4.0,10.0,0.0,0.0,0.0,0.0,0.0,0.0,0.0,0.0,0.0,0.0,0.0,0.0,0.0,0.0,0.0,0.0,0.0,0.0,0.0,0.0,0.0,0.0,0.0,0.0,0.0,0.0,0.0,0.0,0.0,0.0,0.0,0.0,0.0,0.0,0.0,0.0,0.0,0.0,0.0,0.0,0.0,0.0,0.0,0.0,9.0,9.0,3.0,6.0,6.0,0.0,6.0,6.0,3.0,9.0,9.0,3.0,7.0,7.0,3.0,0.0,0.0,0.0,1.0,1.0,3.0,2.0,0.0,0.0,1.0,0.0,3.0,0.0
1157.0,0,2200.0,Hunan,Limited liability company (sole proprietorship of natural person),2723.0,215.6,Construction industry,1.0,2.0,5.0,0.0,2.0,13.0,3.0,3.0,5.0,0.0,0.0,0.0,0.0,0.0,0.0,0.0,0.0,0.0,0.0,1.0,0.0,0.0,0.0,0.0,0.0,0.0,0.0,0.0,0.0,0.0,0.0,0.0,0.0,0.0,0.0,0.0,0.0,0.0,0.0,0.0,0.0,0.0,0.0,0.0,0.0,0.0,0.0,0.0,0.0,0.0,0.0,0.0,0.0,12.0,12.0,12.0,12.0,12.0,12.0,12.0,12.0,12.0,32.0,32.0,32.0,12.0,12.0,12.0,0.0,1.0,1.0,0.0,7.0,3.0,0.0,0.0,0.0,1.0,6.0,1.0,0.0
1158.0,0,2018.0,Zhejiang,Limited liability company (Natural person investment or holding),827.0,50.0,Construction industry,2.0,2.0,0.0,0.0,0.0,0.0,4.0,8.0,,0.0,0.0,0.0,0.0,1.0,0.0,0.0,0.0,0.0,0.0,0.0,0.0,0.0,0.0,0.0,0.0,0.0,0.0,0.0,0.0,0.0,0.0,0.0,0.0,0.0,0.0,0.0,0.0,0.0,0.0,0.0,0.0,0.0,0.0,0.0,0.0,0.0,0.0,0.0,0.0,0.0,0.0,0.0,0.0,14.0,0.0,,14.0,0.0,,14.0,0.0,,14.0,0.0,,14.0,0.0,,0.0,0.0,0.0,0.0,0.0,0.0,0.0,0.0,0.0,0.0,0.0,0.0,0.0
1159.0,0,1200.0,Zhejiang,Limited liability company (Natural person investment or holding),2001.0,490.4195,Construction industry,2.0,2.0,0.0,4.0,3.0,0.0,4.0,1.0,3.0,0.0,0.0,0.0,0.0,1.0,0.0,0.0,0.0,0.0,0.0,0.0,0.0,0.0,0.0,0.0,0.0,0.0,0.0,0.0,0.0,0.0,0.0,0.0,0.0,0.0,0.0,0.0,0.0,0.0,0.0,0.0,0.0,0.0,0.0,0.0,0.0,0.0,0.0,0.0,0.0,0.0,0.0,0.0,0.0,44.0,35.0,20.0,44.0,35.0,20.0,44.0,35.0,20.0,44.0,35.0,20.0,44.0,35.0,20.0,0.0,0.0,0.0,0.0,0.0,0.0,0.0,0.0,0.0,0.0,0.0,0.0,1.0
1160.0,0,1050.0,Guandong,Limited liability company,5871.0,1050.0,"Water conservancy, environment and public facilities management",2.0,3.0,25.0,1.0,0.0,0.0,2.0,0.0,1.0,0.0,0.0,0.0,0.0,1.0,0.0,0.0,1.0,0.0,0.0,0.0,0.0,0.0,0.0,0.0,0.0,0.0,0.0,0.0,0.0,0.0,0.0,0.0,0.0,0.0,0.0,0.0,0.0,0.0,0.0,0.0,0.0,0.0,0.0,0.0,0.0,0.0,0.0,0.0,0.0,0.0,0.0,0.0,0.0,30.0,34.0,33.0,29.0,34.0,33.0,30.0,34.0,33.0,29.0,34.0,33.0,29.0,34.0,33.0,0.0,0.0,0.0,0.0,1.0,0.0,0.0,1.0,0.0,0.0,0.0,1.0,3.0
1161.0,0,1510.0,Guandong,Limited liability company,3346.0,1500.0,Scientific research and technology services,2.0,2.0,26.0,2.0,0.0,0.0,2.0,0.0,,0.0,0.0,0.0,1.0,0.0,1.0,0.0,0.0,0.0,0.0,0.0,0.0,0.0,0.0,0.0,0.0,0.0,0.0,0.0,0.0,0.0,0.0,0.0,8.0,0.0,0.0,0.0,0.0,0.0,1.0,1.0,3.0,0.0,0.0,0.0,0.0,0.0,0.0,0.0,8.0,4.0,6.0,6.0,6.0,7.0,6.0,8.0,7.0,6.0,9.0,7.0,6.0,9.0,7.0,6.0,9.0,7.0,6.0,9.0,0.0,0.0,0.0,0.0,0.0,0.0,0.0,0.0,0.0,0.0,0.0,0.0,4.0
1162.0,0,4000.0,Guandong,Limited liability company,2856.0,0.0,Wholesale and retail,2.0,2.0,0.0,16.0,3.0,2.0,8.0,0.0,2.0,0.0,0.0,0.0,1.0,0.0,0.0,0.0,0.0,0.0,0.0,0.0,0.0,0.0,0.0,0.0,0.0,0.0,0.0,0.0,0.0,0.0,0.0,0.0,0.0,0.0,0.0,0.0,0.0,0.0,0.0,0.0,0.0,0.0,0.0,0.0,0.0,0.0,0.0,0.0,0.0,0.0,0.0,0.0,0.0,15.0,13.0,85.0,23.0,22.0,85.0,23.0,22.0,85.0,23.0,22.0,85.0,23.0,22.0,85.0,0.0,0.0,0.0,0.0,0.0,0.0,0.0,0.0,0.0,0.0,0.0,0.0,0.0
1163.0,0,4188.0,Guandong,Limited liability company,1549.0,0.0,Construction industry,2.0,2.0,0.0,1.0,0.0,8.0,5.0,11.0,3.0,0.0,0.0,0.0,0.0,0.0,0.0,0.0,0.0,0.0,0.0,0.0,0.0,0.0,0.0,0.0,0.0,0.0,0.0,0.0,0.0,0.0,0.0,0.0,0.0,0.0,0.0,0.0,0.0,0.0,0.0,0.0,0.0,0.0,0.0,0.0,0.0,0.0,0.0,0.0,0.0,0.0,0.0,0.0,0.0,0.0,22.0,19.0,0.0,59.0,22.0,0.0,59.0,22.0,0.0,59.0,22.0,0.0,59.0,22.0,0.0,0.0,0.0,0.0,0.0,0.0,0.0,0.0,0.0,0.0,0.0,0.0,0.0
1164.0,0,4888.0,Guandong,Limited liability company,2361.0,4888.0,Construction industry,2.0,3.0,3.0,15.0,5.0,2.0,12.0,0.0,1.0,0.0,0.0,0.0,0.0,0.0,0.0,0.0,0.0,0.0,0.0,0.0,0.0,0.0,0.0,0.0,0.0,0.0,0.0,1.0,0.0,0.0,0.0,0.0,0.0,0.0,0.0,0.0,0.0,0.0,0.0,0.0,0.0,0.0,0.0,0.0,0.0,0.0,0.0,0.0,0.0,0.0,0.0,0.0,0.0,0.0,35.0,39.0,0.0,37.0,74.0,0.0,37.0,74.0,0.0,37.0,74.0,0.0,37.0,74.0,0.0,0.0,0.0,0.0,0.0,0.0,0.0,0.0,0.0,0.0,0.0,0.0,0.0
1165.0,0,4800.0,Guandong,Limited liability company,3421.0,1000.0,Wholesale and retail,2.0,2.0,8.0,20.0,10.0,0.0,12.0,8.0,1.0,0.0,0.0,0.0,0.0,0.0,0.0,0.0,0.0,0.0,0.0,0.0,0.0,0.0,0.0,0.0,0.0,0.0,0.0,0.0,0.0,0.0,0.0,0.0,0.0,0.0,0.0,0.0,0.0,0.0,0.0,0.0,0.0,0.0,0.0,0.0,0.0,0.0,0.0,0.0,0.0,0.0,0.0,0.0,0.0,118.0,94.0,48.0,118.0,99.0,135.0,118.0,99.0,135.0,118.0,99.0,135.0,118.0,99.0,135.0,0.0,0.0,0.0,0.0,0.0,0.0,0.0,0.0,0.0,0.0,0.0,0.0,2.0
1166.0,0,3000.0,Guandong,Limited liability company,3895.0,600.0,Construction industry,2.0,2.0,20.0,5.0,8.0,2.0,0.0,3.0,1.0,0.0,0.0,0.0,0.0,0.0,0.0,0.0,0.0,0.0,0.0,0.0,0.0,0.0,0.0,0.0,0.0,0.0,0.0,0.0,0.0,0.0,0.0,0.0,0.0,0.0,0.0,0.0,0.0,0.0,0.0,0.0,0.0,0.0,0.0,0.0,0.0,0.0,0.0,0.0,0.0,0.0,0.0,0.0,0.0,34.0,34.0,40.0,35.0,37.0,42.0,35.0,37.0,42.0,35.0,37.0,42.0,35.0,37.0,42.0,0.0,0.0,0.0,0.0,0.0,0.0,0.0,0.0,0.0,0.0,0.0,0.0,3.0
1167.0,0,4169.0,Guandong,Limited liability company,5956.0,5111.0,Wholesale and retail,2.0,2.0,22.0,16.0,10.0,2.0,0.0,5.0,3.0,0.0,0.0,0.0,0.0,0.0,0.0,0.0,0.0,0.0,0.0,0.0,0.0,0.0,0.0,0.0,0.0,0.0,0.0,0.0,0.0,1.0,0.0,0.0,0.0,0.0,0.0,0.0,0.0,0.0,0.0,13.0,0.0,0.0,0.0,0.0,0.0,0.0,0.0,0.0,0.0,0.0,7.0,0.0,0.0,33.0,30.0,18.0,44.0,32.0,20.0,44.0,32.0,20.0,44.0,32.0,20.0,44.0,32.0,20.0,0.0,0.0,0.0,0.0,0.0,0.0,0.0,0.0,0.0,0.0,0.0,0.0,2.0
1168.0,0,1000.0,Guandong,Limited liability company,6795.0,1000.0,Manufacturing,2.0,2.0,23.0,0.0,0.0,2.0,7.0,0.0,,0.0,0.0,0.0,0.0,0.0,1.0,0.0,0.0,0.0,0.0,0.0,0.0,0.0,0.0,0.0,0.0,0.0,0.0,0.0,0.0,8.0,0.0,0.0,0.0,2.0,3.0,0.0,0.0,0.0,0.0,7.0,1.0,0.0,0.0,0.0,0.0,0.0,0.0,0.0,0.0,0.0,0.0,10.0,0.0,14.0,18.0,0.0,14.0,18.0,0.0,14.0,18.0,0.0,14.0,18.0,0.0,14.0,18.0,0.0,0.0,0.0,0.0,0.0,0.0,0.0,0.0,0.0,0.0,0.0,0.0,0.0,0.0
1169.0,0,10000.0,Guandong,Limited liability company (sole proprietorship of legal person),1856.0,500.0,Scientific research and technology services,1.0,2.0,0.0,0.0,1.0,2.0,30.0,19.0,10.0,0.0,0.0,0.0,0.0,0.0,0.0,0.0,0.0,0.0,0.0,0.0,0.0,0.0,0.0,0.0,0.0,0.0,0.0,0.0,0.0,0.0,0.0,0.0,0.0,0.0,2.0,0.0,0.0,0.0,0.0,0.0,9.0,0.0,0.0,0.0,0.0,0.0,0.0,0.0,0.0,0.0,0.0,0.0,9.0,0.0,67.0,52.0,0.0,69.0,57.0,0.0,69.0,57.0,0.0,69.0,57.0,0.0,69.0,57.0,0.0,0.0,0.0,0.0,0.0,2.0,0.0,0.0,0.0,0.0,0.0,3.0,2.0
1170.0,0,2000.0,Guandong,Limited liability company,3824.0,0.0,Scientific research and technology services,3.0,2.0,23.0,4.0,0.0,0.0,0.0,4.0,,0.0,0.0,0.0,0.0,0.0,2.0,0.0,0.0,0.0,0.0,0.0,0.0,0.0,0.0,0.0,0.0,0.0,0.0,0.0,0.0,1.0,0.0,0.0,0.0,0.0,0.0,5.0,3.0,0.0,2.0,9.0,17.0,0.0,0.0,0.0,0.0,0.0,0.0,0.0,2.0,0.0,1.0,2.0,0.0,20.0,21.0,33.0,37.0,56.0,150.0,37.0,56.0,150.0,37.0,56.0,150.0,37.0,56.0,150.0,0.0,0.0,0.0,0.0,3.0,0.0,3.0,0.0,0.0,1.0,0.0,10.0,4.0
1171.0,0,6010.0,Guandong,Limited liability company,3948.0,1010.0,Wholesale and retail,2.0,2.0,6.0,5.0,12.0,10.0,5.0,5.0,,0.0,1.0,0.0,0.0,0.0,0.0,1.0,0.0,0.0,0.0,0.0,0.0,0.0,0.0,0.0,0.0,0.0,0.0,0.0,0.0,0.0,0.0,0.0,0.0,0.0,0.0,0.0,0.0,0.0,0.0,0.0,0.0,0.0,0.0,0.0,0.0,0.0,0.0,0.0,0.0,0.0,0.0,0.0,0.0,0.0,36.0,35.0,0.0,64.0,72.0,0.0,64.0,72.0,0.0,64.0,72.0,0.0,64.0,72.0,0.0,0.0,1.0,0.0,0.0,0.0,1.0,1.0,2.0,0.0,0.0,0.0,4.0
1172.0,0,3008.0,Guandong,Limited liability company,3813.0,3008.0,Construction industry,2.0,2.0,33.0,27.0,10.0,0.0,0.0,4.0,1.0,0.0,0.0,0.0,0.0,0.0,1.0,0.0,0.0,0.0,0.0,1.0,0.0,0.0,0.0,0.0,0.0,0.0,0.0,0.0,0.0,1.0,0.0,0.0,0.0,0.0,0.0,0.0,0.0,0.0,0.0,0.0,0.0,0.0,0.0,0.0,0.0,0.0,0.0,0.0,0.0,0.0,0.0,0.0,0.0,,41.0,50.0,,59.0,85.0,,59.0,85.0,,59.0,85.0,,59.0,85.0,0.0,0.0,0.0,3.0,4.0,0.0,0.0,0.0,1.0,4.0,2.0,0.0,3.0
1173.0,1,5000.0,Guandong,Limited liability company,2821.0,4550.0,Wholesale and retail,2.0,2.0,20.0,10.0,14.0,0.0,11.0,0.0,2.0,0.0,0.0,0.0,0.0,0.0,0.0,0.0,0.0,0.0,0.0,0.0,0.0,0.0,0.0,0.0,0.0,0.0,0.0,0.0,0.0,3.0,4.0,0.0,0.0,0.0,0.0,0.0,0.0,6.0,1.0,0.0,12.0,0.0,0.0,0.0,0.0,0.0,0.0,6.0,0.0,6.0,0.0,0.0,7.0,42.0,51.0,29.0,43.0,64.0,35.0,43.0,64.0,35.0,43.0,64.0,35.0,43.0,64.0,35.0,0.0,0.0,0.0,1.0,0.0,1.0,0.0,0.0,1.0,0.0,0.0,2.0,0.0
1174.0,0,2000.0,Guandong,Limited liability company,2948.0,1100.0,Wholesale and retail,2.0,2.0,14.0,0.0,4.0,7.0,0.0,3.0,,0.0,0.0,0.0,0.0,0.0,2.0,0.0,0.0,0.0,0.0,0.0,1.0,0.0,0.0,0.0,0.0,0.0,0.0,0.0,0.0,3.0,0.0,3.0,0.0,0.0,0.0,0.0,0.0,1.0,0.0,0.0,0.0,0.0,0.0,0.0,0.0,0.0,0.0,8.0,0.0,5.0,6.0,0.0,6.0,21.0,19.0,17.0,21.0,19.0,17.0,21.0,19.0,17.0,21.0,19.0,17.0,21.0,19.0,17.0,0.0,0.0,0.0,0.0,0.0,1.0,0.0,0.0,0.0,0.0,0.0,2.0,1.0
1175.0,0,3200.0,Guandong,Limited liability company,3430.0,500.0,Construction industry,6.0,2.0,10.0,4.0,8.0,0.0,0.0,5.0,3.0,0.0,0.0,0.0,0.0,1.0,3.0,1.0,0.0,0.0,1.0,6.0,0.0,0.0,0.0,0.0,0.0,0.0,0.0,0.0,0.0,1.0,0.0,0.0,0.0,0.0,0.0,0.0,0.0,0.0,0.0,0.0,0.0,0.0,0.0,0.0,0.0,0.0,0.0,0.0,0.0,0.0,0.0,0.0,0.0,87.0,84.0,70.0,90.0,91.0,73.0,90.0,91.0,73.0,90.0,91.0,73.0,90.0,91.0,73.0,0.0,0.0,0.0,0.0,15.0,3.0,4.0,1.0,0.0,9.0,10.0,0.0,1.0
1176.0,0,8000.0,Anhui,Limited liability company (Natural person investment or holding),3407.0,40.0,"Residential services, repair and other services",2.0,3.0,0.0,6.0,2.0,6.0,0.0,3.0,,0.0,0.0,0.0,0.0,0.0,0.0,0.0,0.0,0.0,0.0,0.0,0.0,0.0,0.0,0.0,0.0,0.0,0.0,0.0,0.0,0.0,0.0,0.0,0.0,0.0,0.0,0.0,0.0,0.0,0.0,0.0,0.0,0.0,0.0,0.0,0.0,0.0,0.0,0.0,0.0,0.0,0.0,0.0,0.0,10.0,0.0,0.0,10.0,0.0,0.0,10.0,0.0,0.0,10.0,0.0,0.0,10.0,0.0,0.0,0.0,0.0,0.0,0.0,0.0,0.0,0.0,0.0,0.0,0.0,0.0,0.0,0.0
1177.0,0,3000.0,Shandong,Limited liability company (Natural person investment or holding),5060.0,1494.0,Construction industry,3.0,2.0,22.0,3.0,14.0,1.0,2.0,0.0,,0.0,0.0,0.0,1.0,1.0,2.0,0.0,0.0,0.0,0.0,0.0,0.0,0.0,0.0,0.0,0.0,0.0,0.0,0.0,0.0,0.0,0.0,0.0,0.0,0.0,1.0,2.0,1.0,0.0,0.0,0.0,6.0,0.0,0.0,0.0,0.0,0.0,0.0,0.0,0.0,0.0,0.0,0.0,0.0,37.0,39.0,36.0,37.0,39.0,36.0,37.0,39.0,36.0,37.0,39.0,36.0,37.0,39.0,36.0,0.0,0.0,0.0,0.0,0.0,0.0,0.0,0.0,0.0,0.0,0.0,0.0,4.0
1178.0,0,5000.0,Zhejiang,Limited liability company (sole proprietorship of natural person),7361.0,5000.0,Wholesale and retail,1.0,2.0,16.0,1.0,1.0,2.0,0.0,0.0,4.0,0.0,0.0,0.0,0.0,0.0,0.0,0.0,1.0,0.0,0.0,0.0,2.0,0.0,0.0,0.0,0.0,0.0,0.0,0.0,0.0,0.0,0.0,0.0,0.0,0.0,0.0,0.0,0.0,0.0,0.0,0.0,0.0,0.0,0.0,0.0,0.0,0.0,0.0,0.0,0.0,0.0,0.0,0.0,0.0,42.0,35.0,35.0,42.0,35.0,35.0,42.0,35.0,35.0,42.0,35.0,35.0,42.0,35.0,35.0,0.0,0.0,0.0,2.0,1.0,8.0,3.0,1.0,1.0,1.0,0.0,0.0,5.0
1179.0,0,3900.0,Zhejiang,Limited liability company (Natural person investment or holding),6601.0,3900.0,Construction industry,2.0,3.0,15.0,1.0,0.0,5.0,2.0,6.0,2.0,0.0,0.0,0.0,0.0,0.0,1.0,0.0,0.0,0.0,0.0,0.0,0.0,0.0,0.0,0.0,0.0,0.0,0.0,0.0,0.0,0.0,0.0,0.0,0.0,0.0,0.0,0.0,0.0,0.0,0.0,0.0,0.0,0.0,0.0,0.0,0.0,0.0,0.0,0.0,0.0,0.0,0.0,0.0,0.0,35.0,36.0,70.0,35.0,36.0,70.0,35.0,36.0,70.0,35.0,36.0,70.0,0.0,36.0,70.0,0.0,0.0,0.0,1.0,2.0,0.0,0.0,0.0,0.0,1.0,0.0,0.0,1.0
1180.0,0,3000.0,Hebei,Limited liability company (Natural person investment or holding),3928.0,3000.0,Construction industry,2.0,2.0,1.0,6.0,0.0,3.0,0.0,8.0,2.0,0.0,0.0,0.0,0.0,0.0,0.0,0.0,0.0,0.0,0.0,0.0,0.0,0.0,0.0,0.0,0.0,0.0,0.0,0.0,0.0,0.0,0.0,0.0,0.0,0.0,0.0,2.0,1.0,0.0,1.0,0.0,0.0,0.0,0.0,0.0,0.0,0.0,0.0,0.0,0.0,0.0,0.0,0.0,0.0,,15.0,15.0,,15.0,15.0,,15.0,15.0,,15.0,15.0,,15.0,15.0,0.0,0.0,0.0,0.0,2.0,2.0,0.0,1.0,0.0,1.0,0.0,2.0,1.0
1181.0,0,1000.0,Hebei,Limited liability company (Natural person investment or holding),5621.0,1000.0,Construction industry,3.0,2.0,0.0,0.0,2.0,12.0,2.0,0.0,1.0,0.0,0.0,0.0,0.0,2.0,0.0,0.0,0.0,0.0,0.0,0.0,0.0,0.0,3.0,1.0,0.0,0.0,0.0,0.0,0.0,0.0,0.0,0.0,0.0,0.0,0.0,0.0,0.0,0.0,0.0,0.0,0.0,0.0,0.0,0.0,0.0,0.0,0.0,0.0,0.0,0.0,0.0,0.0,0.0,44.0,48.0,10.0,44.0,48.0,10.0,37.0,38.0,9.0,44.0,48.0,10.0,37.0,38.0,9.0,0.0,0.0,0.0,0.0,0.0,0.0,0.0,0.0,0.0,0.0,0.0,0.0,2.0
1182.0,0,5000.0,Hebei,Limited liability company (Natural person investment or holding),5509.0,500.0,Wholesale and retail,2.0,2.0,13.0,0.0,0.0,3.0,0.0,0.0,,0.0,0.0,0.0,0.0,3.0,0.0,0.0,0.0,0.0,0.0,0.0,0.0,0.0,0.0,0.0,0.0,0.0,0.0,0.0,0.0,0.0,0.0,0.0,0.0,0.0,0.0,0.0,0.0,0.0,0.0,0.0,0.0,0.0,0.0,0.0,0.0,0.0,0.0,0.0,0.0,0.0,0.0,15.0,0.0,4.0,1.0,0.0,0.0,0.0,0.0,0.0,0.0,0.0,0.0,7.0,0.0,0.0,0.0,0.0,0.0,0.0,1.0,0.0,1.0,0.0,0.0,0.0,1.0,0.0,0.0,0.0,4.0
1183.0,0,1000.0,Sichuan,Limited liability company (Natural person investment or holding),1027.0,0.0,Construction industry,3.0,2.0,0.0,0.0,0.0,4.0,16.0,4.0,,0.0,0.0,0.0,0.0,0.0,7.0,0.0,0.0,0.0,0.0,0.0,0.0,0.0,0.0,0.0,0.0,0.0,0.0,0.0,0.0,0.0,0.0,0.0,0.0,0.0,0.0,0.0,0.0,0.0,0.0,0.0,0.0,0.0,0.0,0.0,0.0,0.0,0.0,0.0,0.0,0.0,0.0,0.0,0.0,21.0,0.0,0.0,21.0,0.0,0.0,21.0,0.0,0.0,21.0,0.0,0.0,21.0,0.0,0.0,0.0,0.0,0.0,0.0,0.0,0.0,0.0,0.0,0.0,0.0,0.0,0.0,0.0
1184.0,0,1000.0,Shandong,Limited liability company (Natural person investment or holding),6714.0,500.0,Construction industry,2.0,3.0,0.0,6.0,2.0,4.0,0.0,4.0,,0.0,0.0,0.0,0.0,3.0,0.0,0.0,0.0,0.0,0.0,0.0,0.0,0.0,0.0,0.0,0.0,0.0,0.0,0.0,0.0,0.0,0.0,0.0,0.0,0.0,0.0,0.0,0.0,0.0,0.0,0.0,0.0,0.0,0.0,0.0,0.0,0.0,0.0,0.0,0.0,0.0,0.0,0.0,0.0,0.0,0.0,0.0,0.0,0.0,0.0,0.0,0.0,0.0,0.0,0.0,0.0,0.0,0.0,0.0,0.0,0.0,0.0,0.0,1.0,2.0,0.0,0.0,0.0,1.0,0.0,1.0,1.0
1185.0,0,5000.0,Sichuan,Limited liability company (Natural person investment or holding),1987.0,5000.0,Construction industry,2.0,2.0,0.0,0.0,0.0,5.0,1.0,2.0,1.0,0.0,0.0,0.0,0.0,14.0,0.0,0.0,0.0,0.0,0.0,0.0,0.0,0.0,0.0,0.0,0.0,0.0,0.0,0.0,0.0,0.0,0.0,0.0,0.0,0.0,0.0,0.0,0.0,0.0,0.0,0.0,0.0,0.0,0.0,0.0,0.0,0.0,0.0,0.0,0.0,0.0,0.0,0.0,0.0,10.0,2.0,1.0,10.0,2.0,1.0,10.0,2.0,1.0,10.0,2.0,1.0,0.0,2.0,1.0,0.0,0.0,0.0,0.0,0.0,0.0,0.0,0.0,0.0,0.0,0.0,0.0,0.0
1186.0,0,2000.0,Sichuan,Limited liability company (Natural person investment or holding),1597.0,0.0,Construction industry,2.0,2.0,0.0,0.0,0.0,0.0,0.0,0.0,2.0,0.0,0.0,9.0,0.0,0.0,0.0,0.0,0.0,0.0,0.0,0.0,0.0,0.0,0.0,0.0,0.0,0.0,0.0,0.0,0.0,0.0,0.0,0.0,0.0,0.0,0.0,0.0,0.0,0.0,0.0,0.0,0.0,0.0,0.0,0.0,0.0,0.0,0.0,0.0,0.0,0.0,0.0,0.0,0.0,0.0,0.0,0.0,0.0,0.0,0.0,0.0,0.0,0.0,0.0,0.0,0.0,0.0,0.0,0.0,0.0,0.0,0.0,0.0,0.0,0.0,0.0,0.0,0.0,0.0,0.0,0.0,0.0
1187.0,0,10300.0,Sichuan,Limited liability company (Natural person investment or holding),2895.0,10300.0,Construction industry,2.0,2.0,18.0,0.0,11.0,2.0,6.0,0.0,6.0,0.0,0.0,0.0,0.0,2.0,19.0,0.0,0.0,0.0,0.0,0.0,0.0,0.0,0.0,0.0,0.0,0.0,0.0,0.0,0.0,0.0,0.0,0.0,0.0,0.0,0.0,0.0,0.0,0.0,1.0,5.0,0.0,0.0,0.0,0.0,0.0,0.0,0.0,0.0,0.0,0.0,0.0,0.0,0.0,104.0,47.0,27.0,104.0,47.0,27.0,104.0,47.0,27.0,104.0,47.0,27.0,104.0,47.0,27.0,0.0,0.0,0.0,0.0,2.0,1.0,0.0,0.0,0.0,0.0,2.0,2.0,2.0
1188.0,0,1245.0,Sichuan,Limited liability company (Natural person investment or holding),2913.0,515.0,Construction industry,2.0,2.0,20.0,14.0,4.0,3.0,7.0,0.0,1.0,0.0,0.0,0.0,0.0,6.0,0.0,0.0,0.0,0.0,0.0,0.0,1.0,0.0,0.0,0.0,0.0,0.0,0.0,0.0,0.0,1.0,0.0,0.0,0.0,0.0,4.0,0.0,0.0,0.0,0.0,0.0,4.0,0.0,0.0,0.0,0.0,0.0,0.0,0.0,0.0,0.0,0.0,0.0,4.0,7.0,7.0,7.0,7.0,7.0,7.0,7.0,7.0,7.0,7.0,7.0,7.0,7.0,7.0,7.0,0.0,0.0,0.0,2.0,2.0,0.0,0.0,0.0,1.0,1.0,0.0,0.0,0.0
1189.0,0,10000.0,Sichuan,Limited liability company (Natural person investment or holding),1383.0,300.0,Construction industry,4.0,2.0,0.0,0.0,13.0,6.0,4.0,0.0,1.0,0.0,0.0,0.0,0.0,0.0,0.0,0.0,0.0,0.0,0.0,0.0,0.0,0.0,0.0,0.0,0.0,0.0,0.0,0.0,0.0,0.0,0.0,0.0,0.0,0.0,0.0,0.0,0.0,0.0,0.0,0.0,0.0,0.0,0.0,0.0,0.0,0.0,0.0,0.0,0.0,0.0,0.0,0.0,0.0,23.0,25.0,17.0,23.0,25.0,17.0,23.0,25.0,17.0,23.0,25.0,17.0,23.0,25.0,17.0,0.0,0.0,0.0,0.0,1.0,0.0,0.0,0.0,0.0,0.0,0.0,1.0,0.0
1190.0,0,1000.0,Sichuan,Limited liability company (Natural person investment or holding),2065.0,1000.0,Construction industry,2.0,2.0,0.0,0.0,0.0,0.0,0.0,3.0,,0.0,0.0,1.0,0.0,0.0,1.0,0.0,0.0,0.0,0.0,0.0,0.0,0.0,0.0,0.0,0.0,0.0,0.0,0.0,0.0,0.0,0.0,0.0,0.0,0.0,0.0,0.0,0.0,0.0,0.0,0.0,0.0,0.0,0.0,0.0,0.0,0.0,0.0,0.0,0.0,0.0,0.0,0.0,0.0,16.0,12.0,9.0,16.0,12.0,9.0,16.0,12.0,9.0,16.0,12.0,9.0,16.0,12.0,9.0,0.0,0.0,0.0,1.0,0.0,0.0,0.0,0.0,1.0,0.0,0.0,2.0,1.0
1191.0,0,3000.0,Sichuan,Limited liability company (sole proprietorship of natural person),2080.0,1500.0,Leasing and business services,1.0,3.0,23.0,12.0,2.0,4.0,0.0,4.0,,0.0,0.0,0.0,0.0,0.0,0.0,0.0,0.0,0.0,0.0,0.0,0.0,0.0,0.0,0.0,0.0,0.0,0.0,0.0,0.0,1.0,0.0,0.0,1.0,0.0,1.0,0.0,0.0,0.0,0.0,0.0,0.0,0.0,0.0,0.0,0.0,0.0,0.0,0.0,0.0,0.0,0.0,0.0,0.0,31.0,30.0,16.0,31.0,30.0,16.0,31.0,30.0,16.0,31.0,30.0,16.0,31.0,30.0,16.0,0.0,0.0,0.0,0.0,1.0,0.0,0.0,0.0,0.0,0.0,0.0,0.0,0.0
1192.0,0,4000.0,Sichuan,Other limited liability companies,2956.0,282.0,Construction industry,2.0,2.0,14.0,6.0,13.0,1.0,10.0,4.0,10.0,0.0,0.0,0.0,0.0,0.0,0.0,0.0,0.0,0.0,0.0,3.0,0.0,0.0,0.0,0.0,0.0,0.0,0.0,0.0,0.0,0.0,0.0,0.0,0.0,0.0,0.0,0.0,0.0,0.0,0.0,0.0,0.0,0.0,0.0,0.0,0.0,0.0,0.0,0.0,0.0,0.0,0.0,0.0,0.0,34.0,31.0,14.0,34.0,31.0,14.0,34.0,31.0,14.0,34.0,31.0,14.0,34.0,31.0,14.0,0.0,0.0,4.0,1.0,7.0,3.0,0.0,0.0,2.0,1.0,0.0,1.0,0.0
1193.0,0,3000.0,Sichuan,Limited liability company (Natural person investment or holding),1199.0,3000.0,Construction industry,2.0,2.0,0.0,0.0,0.0,4.0,1.0,5.0,8.0,0.0,0.0,0.0,0.0,0.0,20.0,0.0,0.0,0.0,0.0,0.0,0.0,0.0,0.0,0.0,0.0,0.0,0.0,0.0,0.0,0.0,0.0,0.0,0.0,0.0,0.0,0.0,0.0,0.0,0.0,0.0,0.0,0.0,0.0,0.0,0.0,0.0,0.0,0.0,0.0,0.0,0.0,0.0,0.0,25.0,15.0,6.0,25.0,15.0,6.0,25.0,15.0,6.0,25.0,15.0,6.0,25.0,15.0,6.0,0.0,0.0,0.0,0.0,0.0,0.0,0.0,0.0,0.0,0.0,0.0,0.0,1.0
1194.0,0,1000.0,Sichuan,Limited liability company (Natural person investment or holding),853.0,0.0,Construction industry,2.0,2.0,0.0,0.0,0.0,1.0,12.0,0.0,1.0,0.0,0.0,0.0,0.0,17.0,0.0,0.0,0.0,0.0,0.0,0.0,0.0,0.0,0.0,0.0,0.0,0.0,0.0,0.0,0.0,0.0,0.0,0.0,0.0,0.0,0.0,0.0,0.0,0.0,0.0,0.0,0.0,0.0,0.0,0.0,0.0,0.0,0.0,0.0,0.0,0.0,0.0,0.0,0.0,11.0,3.0,0.0,11.0,3.0,0.0,11.0,3.0,0.0,11.0,3.0,0.0,11.0,3.0,0.0,0.0,0.0,0.0,0.0,0.0,0.0,0.0,0.0,0.0,0.0,0.0,0.0,0.0
1195.0,0,5000.0,Sichuan,Limited liability company (Natural person investment or holding),1175.0,1715.0,Construction industry,2.0,3.0,0.0,0.0,1.0,5.0,1.0,10.0,,0.0,0.0,0.0,0.0,0.0,0.0,0.0,0.0,0.0,0.0,0.0,0.0,0.0,0.0,0.0,0.0,0.0,0.0,0.0,0.0,0.0,0.0,0.0,0.0,0.0,0.0,0.0,0.0,0.0,0.0,0.0,0.0,0.0,0.0,0.0,0.0,0.0,0.0,0.0,0.0,0.0,0.0,0.0,0.0,15.0,16.0,11.0,15.0,16.0,11.0,15.0,16.0,11.0,15.0,16.0,11.0,15.0,16.0,11.0,0.0,0.0,0.0,0.0,0.0,0.0,0.0,0.0,0.0,0.0,0.0,0.0,0.0
1196.0,0,5000.0,Sichuan,Limited liability company (Natural person investment or holding),1066.0,5000.0,Construction industry,2.0,2.0,0.0,0.0,0.0,9.0,1.0,2.0,,0.0,0.0,0.0,9.0,0.0,0.0,0.0,0.0,0.0,0.0,0.0,0.0,0.0,0.0,0.0,0.0,0.0,0.0,0.0,0.0,0.0,0.0,0.0,0.0,0.0,0.0,0.0,0.0,0.0,0.0,0.0,0.0,0.0,0.0,0.0,0.0,0.0,0.0,0.0,0.0,0.0,0.0,0.0,0.0,14.0,0.0,0.0,14.0,0.0,0.0,14.0,0.0,0.0,14.0,0.0,0.0,14.0,0.0,0.0,0.0,0.0,0.0,0.0,0.0,1.0,0.0,0.0,0.0,0.0,0.0,2.0,0.0
1197.0,0,1000.0,Sichuan,Limited liability company (Natural person investment or holding),1188.0,1000.0,Construction industry,3.0,2.0,0.0,0.0,0.0,0.0,0.0,0.0,1.0,0.0,0.0,0.0,1.0,0.0,0.0,0.0,0.0,0.0,0.0,0.0,0.0,0.0,0.0,0.0,0.0,0.0,0.0,0.0,0.0,0.0,0.0,0.0,0.0,0.0,0.0,0.0,0.0,0.0,0.0,0.0,0.0,0.0,0.0,0.0,0.0,0.0,0.0,0.0,0.0,0.0,0.0,0.0,0.0,0.0,0.0,0.0,0.0,0.0,0.0,0.0,0.0,0.0,0.0,0.0,0.0,0.0,0.0,0.0,0.0,0.0,0.0,0.0,0.0,0.0,0.0,0.0,0.0,0.0,0.0,0.0,1.0
1198.0,0,4500.0,Sichuan,Limited liability company (Natural person investment or holding),1062.0,0.0,Construction industry,2.0,2.0,0.0,0.0,0.0,13.0,0.0,4.0,4.0,0.0,0.0,0.0,0.0,0.0,0.0,0.0,0.0,0.0,0.0,0.0,0.0,0.0,0.0,0.0,0.0,0.0,0.0,0.0,0.0,0.0,0.0,0.0,0.0,0.0,0.0,0.0,0.0,0.0,0.0,0.0,0.0,0.0,0.0,0.0,0.0,0.0,0.0,0.0,0.0,0.0,0.0,0.0,0.0,35.0,35.0,12.0,35.0,35.0,12.0,35.0,35.0,12.0,35.0,35.0,12.0,35.0,35.0,12.0,0.0,0.0,0.0,0.0,0.0,0.0,0.0,0.0,0.0,0.0,0.0,0.0,0.0
1199.0,0,6000.0,Sichuan,Limited liability company (sole proprietorship of natural person),1099.0,500.0,Construction industry,1.0,2.0,0.0,0.0,0.0,1.0,12.0,0.0,,0.0,0.0,0.0,0.0,0.0,0.0,0.0,0.0,0.0,0.0,0.0,0.0,0.0,0.0,0.0,0.0,0.0,0.0,0.0,0.0,0.0,0.0,0.0,0.0,0.0,0.0,0.0,0.0,0.0,0.0,0.0,0.0,0.0,0.0,0.0,0.0,0.0,0.0,0.0,0.0,0.0,0.0,0.0,0.0,9.0,3.0,0.0,9.0,3.0,0.0,9.0,0.0,0.0,9.0,3.0,0.0,9.0,3.0,0.0,0.0,0.0,0.0,0.0,0.0,0.0,0.0,0.0,0.0,0.0,0.0,0.0,0.0
1200.0,0,5000.0,Sichuan,Limited liability company (Natural person investment or holding),2608.0,5000.0,Construction industry,2.0,3.0,0.0,21.0,6.0,0.0,2.0,2.0,4.0,0.0,0.0,0.0,0.0,0.0,17.0,0.0,0.0,0.0,0.0,0.0,1.0,0.0,0.0,0.0,0.0,0.0,0.0,0.0,0.0,0.0,0.0,0.0,0.0,0.0,0.0,0.0,0.0,0.0,0.0,0.0,0.0,0.0,0.0,0.0,0.0,0.0,0.0,0.0,0.0,0.0,0.0,0.0,0.0,37.0,26.0,20.0,37.0,26.0,20.0,34.0,26.0,15.0,37.0,26.0,20.0,34.0,26.0,20.0,0.0,0.0,0.0,0.0,3.0,4.0,0.0,0.0,0.0,1.0,2.0,1.0,0.0
1201.0,0,3000.0,Sichuan,Limited liability company (Natural person investment or holding),2616.0,600.0,Construction industry,2.0,2.0,2.0,0.0,10.0,0.0,2.0,4.0,,0.0,0.0,0.0,0.0,0.0,4.0,0.0,0.0,0.0,0.0,0.0,0.0,0.0,0.0,0.0,0.0,0.0,0.0,0.0,0.0,0.0,0.0,0.0,0.0,0.0,0.0,0.0,0.0,0.0,0.0,0.0,0.0,0.0,0.0,0.0,0.0,0.0,0.0,0.0,0.0,0.0,0.0,0.0,0.0,20.0,19.0,18.0,20.0,19.0,18.0,20.0,19.0,18.0,20.0,19.0,18.0,20.0,19.0,18.0,0.0,0.0,0.0,1.0,0.0,0.0,0.0,0.0,0.0,1.0,0.0,0.0,0.0
1202.0,0,4000.0,Sichuan,Limited liability company (sole proprietorship of natural person),1329.0,0.0,Construction industry,1.0,2.0,0.0,0.0,0.0,0.0,0.0,0.0,,0.0,0.0,0.0,10.0,0.0,0.0,0.0,0.0,0.0,0.0,0.0,0.0,0.0,0.0,0.0,0.0,0.0,0.0,0.0,0.0,0.0,0.0,0.0,0.0,0.0,0.0,0.0,0.0,0.0,0.0,0.0,0.0,0.0,0.0,0.0,0.0,0.0,0.0,0.0,0.0,0.0,0.0,0.0,0.0,15.0,11.0,4.0,6.0,6.0,4.0,14.0,10.0,4.0,6.0,6.0,4.0,14.0,6.0,4.0,0.0,0.0,0.0,0.0,0.0,0.0,0.0,0.0,0.0,0.0,0.0,0.0,0.0
1203.0,0,10000.0,Sichuan,Limited liability company (sole proprietorship of natural person),1826.0,0.0,Construction industry,1.0,2.0,0.0,26.0,1.0,2.0,4.0,0.0,,0.0,28.0,0.0,0.0,0.0,0.0,0.0,0.0,0.0,0.0,0.0,0.0,0.0,0.0,0.0,0.0,0.0,0.0,0.0,0.0,0.0,0.0,0.0,0.0,0.0,0.0,0.0,0.0,0.0,0.0,0.0,0.0,0.0,0.0,0.0,0.0,0.0,0.0,0.0,0.0,0.0,0.0,0.0,0.0,18.0,13.0,11.0,18.0,13.0,11.0,18.0,13.0,11.0,18.0,13.0,11.0,18.0,13.0,11.0,0.0,0.0,0.0,0.0,0.0,0.0,0.0,0.0,0.0,0.0,0.0,0.0,0.0
1204.0,0,1000.0,Sichuan,Limited liability company (Natural person investment or holding),986.0,0.0,Construction industry,2.0,2.0,0.0,0.0,0.0,0.0,3.0,0.0,1.0,0.0,0.0,0.0,0.0,9.0,0.0,0.0,0.0,0.0,0.0,0.0,0.0,0.0,0.0,0.0,0.0,0.0,0.0,0.0,0.0,0.0,0.0,0.0,0.0,0.0,0.0,0.0,0.0,0.0,0.0,0.0,0.0,0.0,0.0,0.0,0.0,0.0,0.0,0.0,0.0,0.0,0.0,0.0,0.0,11.0,10.0,0.0,11.0,10.0,0.0,11.0,10.0,0.0,11.0,10.0,0.0,11.0,10.0,0.0,0.0,0.0,0.0,0.0,0.0,0.0,0.0,0.0,0.0,0.0,0.0,0.0,0.0
1205.0,0,2000.0,Sichuan,Limited liability company (Natural person investment or holding),2246.0,200.0,"Information transmission, software and information technology services",2.0,2.0,8.0,13.0,12.0,5.0,3.0,0.0,,0.0,0.0,0.0,0.0,8.0,3.0,0.0,0.0,0.0,0.0,0.0,0.0,0.0,0.0,0.0,0.0,0.0,0.0,0.0,0.0,0.0,0.0,0.0,1.0,0.0,0.0,0.0,0.0,0.0,0.0,0.0,0.0,0.0,0.0,0.0,0.0,0.0,0.0,0.0,0.0,0.0,0.0,0.0,1.0,18.0,21.0,26.0,18.0,21.0,26.0,18.0,21.0,26.0,18.0,21.0,26.0,18.0,21.0,26.0,0.0,0.0,0.0,0.0,0.0,1.0,0.0,0.0,0.0,0.0,3.0,1.0,0.0
1206.0,0,800.0,Sichuan,Limited liability company (Natural person investment or holding),2817.0,30.0,Construction industry,2.0,2.0,4.0,7.0,0.0,8.0,7.0,0.0,,0.0,0.0,0.0,0.0,0.0,1.0,0.0,0.0,0.0,0.0,0.0,0.0,0.0,0.0,0.0,0.0,0.0,0.0,0.0,0.0,0.0,0.0,0.0,0.0,0.0,0.0,0.0,0.0,0.0,0.0,0.0,0.0,0.0,0.0,0.0,0.0,0.0,0.0,0.0,0.0,0.0,0.0,0.0,0.0,0.0,0.0,0.0,0.0,0.0,0.0,0.0,0.0,0.0,0.0,0.0,0.0,0.0,0.0,0.0,0.0,0.0,0.0,2.0,4.0,0.0,0.0,0.0,0.0,0.0,0.0,0.0,0.0
1207.0,0,1000.0,Sichuan,Limited liability company (Natural person investment or holding),1535.0,1000.0,Construction industry,2.0,3.0,0.0,0.0,0.0,4.0,0.0,0.0,,0.0,0.0,0.0,0.0,12.0,0.0,0.0,0.0,0.0,0.0,0.0,0.0,0.0,0.0,0.0,0.0,0.0,0.0,0.0,0.0,0.0,0.0,0.0,0.0,0.0,0.0,0.0,0.0,0.0,0.0,0.0,0.0,0.0,0.0,0.0,0.0,0.0,0.0,0.0,0.0,0.0,0.0,0.0,0.0,22.0,29.0,27.0,22.0,29.0,27.0,22.0,29.0,27.0,22.0,29.0,27.0,22.0,29.0,27.0,0.0,0.0,0.0,0.0,0.0,0.0,0.0,0.0,0.0,0.0,0.0,0.0,0.0
1208.0,0,5000.0,Sichuan,Limited liability company (Natural person investment or holding),1064.0,0.0,Construction industry,7.0,3.0,0.0,0.0,0.0,0.0,12.0,2.0,,0.0,0.0,0.0,0.0,0.0,0.0,0.0,0.0,0.0,0.0,0.0,0.0,0.0,0.0,0.0,0.0,0.0,0.0,0.0,0.0,0.0,0.0,0.0,0.0,0.0,0.0,0.0,0.0,0.0,0.0,0.0,0.0,0.0,0.0,0.0,0.0,0.0,0.0,0.0,0.0,0.0,0.0,0.0,0.0,2.0,6.0,0.0,2.0,6.0,0.0,2.0,0.0,0.0,2.0,6.0,0.0,2.0,6.0,0.0,0.0,0.0,0.0,0.0,0.0,0.0,0.0,0.0,0.0,0.0,0.0,0.0,0.0
1209.0,0,9900.0,Sichuan,Limited liability company (Natural person investment or holding),2663.0,6000.0,Construction industry,2.0,2.0,9.0,24.0,4.0,2.0,2.0,4.0,8.0,0.0,0.0,0.0,0.0,0.0,0.0,0.0,0.0,0.0,0.0,0.0,0.0,0.0,0.0,0.0,0.0,0.0,0.0,0.0,0.0,0.0,0.0,0.0,0.0,0.0,0.0,1.0,4.0,0.0,0.0,0.0,0.0,0.0,0.0,0.0,0.0,0.0,0.0,0.0,0.0,0.0,0.0,0.0,0.0,32.0,21.0,11.0,0.0,0.0,11.0,32.0,21.0,11.0,32.0,21.0,11.0,32.0,21.0,11.0,0.0,0.0,1.0,0.0,2.0,0.0,0.0,0.0,0.0,0.0,2.0,1.0,1.0
1210.0,0,2100.0,Sichuan,Limited liability company (sole proprietorship of natural person),4438.0,500.0,"Information transmission, software and information technology services",1.0,2.0,25.0,0.0,7.0,12.0,1.0,1.0,,0.0,0.0,0.0,0.0,0.0,0.0,0.0,0.0,0.0,0.0,0.0,0.0,0.0,0.0,0.0,0.0,0.0,0.0,0.0,0.0,0.0,0.0,0.0,0.0,0.0,0.0,0.0,0.0,0.0,0.0,0.0,0.0,0.0,0.0,0.0,0.0,0.0,0.0,0.0,0.0,0.0,0.0,0.0,6.0,8.0,5.0,0.0,8.0,5.0,0.0,8.0,5.0,0.0,8.0,5.0,0.0,8.0,5.0,0.0,0.0,0.0,0.0,0.0,0.0,0.0,0.0,0.0,0.0,0.0,0.0,0.0,0.0
1211.0,0,2000.0,Sichuan,Limited liability company (Natural person investment or holding),1216.0,10.0,Construction industry,3.0,2.0,0.0,0.0,0.0,1.0,3.0,1.0,6.0,0.0,0.0,0.0,0.0,0.0,0.0,0.0,0.0,0.0,0.0,0.0,0.0,0.0,0.0,0.0,0.0,0.0,0.0,0.0,0.0,0.0,0.0,0.0,0.0,0.0,0.0,0.0,0.0,0.0,0.0,0.0,0.0,0.0,0.0,0.0,0.0,0.0,0.0,0.0,0.0,0.0,0.0,0.0,0.0,4.0,6.0,0.0,4.0,6.0,0.0,4.0,6.0,0.0,4.0,6.0,0.0,4.0,6.0,0.0,0.0,0.0,0.0,0.0,0.0,0.0,0.0,0.0,0.0,0.0,0.0,0.0,0.0
1212.0,0,5000.0,Sichuan,Limited liability company (Natural person investment or holding),2408.0,900.0,Construction industry,2.0,2.0,0.0,0.0,12.0,9.0,11.0,4.0,1.0,0.0,0.0,0.0,0.0,18.0,0.0,0.0,0.0,0.0,0.0,0.0,0.0,0.0,0.0,0.0,0.0,0.0,0.0,0.0,0.0,0.0,0.0,0.0,0.0,0.0,0.0,0.0,0.0,0.0,0.0,0.0,0.0,0.0,0.0,0.0,0.0,0.0,0.0,0.0,0.0,0.0,0.0,0.0,0.0,31.0,34.0,16.0,31.0,34.0,16.0,31.0,34.0,16.0,31.0,34.0,16.0,31.0,34.0,16.0,0.0,0.0,0.0,0.0,0.0,0.0,0.0,0.0,0.0,0.0,0.0,0.0,0.0
1213.0,0,2800.0,Sichuan,Limited liability company (sole proprietorship of natural person),1186.0,57.0,Construction industry,1.0,2.0,0.0,0.0,2.0,0.0,1.0,5.0,,0.0,0.0,0.0,0.0,0.0,0.0,0.0,0.0,0.0,0.0,0.0,0.0,0.0,0.0,0.0,0.0,0.0,0.0,0.0,0.0,0.0,0.0,0.0,0.0,0.0,0.0,0.0,0.0,0.0,0.0,0.0,0.0,0.0,0.0,0.0,0.0,0.0,0.0,0.0,0.0,0.0,0.0,0.0,0.0,7.0,4.0,2.0,7.0,4.0,2.0,7.0,4.0,2.0,7.0,4.0,2.0,7.0,4.0,2.0,0.0,0.0,0.0,0.0,0.0,2.0,0.0,0.0,0.0,0.0,0.0,2.0,0.0
1214.0,0,1080.0,Sichuan,Limited liability company (Natural person investment or holding),1199.0,0.0,Scientific research and technology services,2.0,2.0,0.0,0.0,0.0,26.0,1.0,8.0,,0.0,0.0,0.0,0.0,0.0,6.0,0.0,0.0,0.0,0.0,0.0,0.0,0.0,0.0,0.0,0.0,0.0,0.0,0.0,0.0,0.0,0.0,0.0,0.0,0.0,0.0,0.0,0.0,0.0,0.0,0.0,0.0,0.0,0.0,0.0,0.0,0.0,0.0,0.0,0.0,0.0,0.0,0.0,0.0,6.0,0.0,0.0,6.0,0.0,0.0,6.0,0.0,0.0,6.0,0.0,0.0,6.0,0.0,0.0,0.0,0.0,0.0,0.0,0.0,1.0,0.0,0.0,0.0,0.0,0.0,1.0,0.0
1215.0,0,2000.0,Sichuan,Limited liability company (Natural person investment or holding),2934.0,1480.0,Construction industry,2.0,2.0,4.0,10.0,3.0,0.0,2.0,3.0,,0.0,0.0,0.0,0.0,4.0,0.0,0.0,0.0,0.0,0.0,1.0,0.0,0.0,0.0,0.0,0.0,0.0,0.0,0.0,0.0,0.0,0.0,0.0,0.0,0.0,0.0,0.0,0.0,0.0,0.0,0.0,0.0,0.0,0.0,0.0,0.0,0.0,0.0,0.0,0.0,0.0,0.0,0.0,0.0,0.0,8.0,30.0,0.0,8.0,30.0,0.0,8.0,30.0,0.0,8.0,30.0,0.0,8.0,30.0,0.0,0.0,1.0,1.0,4.0,3.0,0.0,0.0,1.0,3.0,0.0,0.0,0.0
1216.0,0,5000.0,Sichuan,Limited liability company (Natural person investment or holding),2181.0,0.0,Construction industry,2.0,2.0,0.0,0.0,4.0,4.0,0.0,2.0,1.0,0.0,0.0,0.0,28.0,0.0,0.0,0.0,0.0,0.0,0.0,0.0,0.0,0.0,0.0,0.0,0.0,0.0,0.0,0.0,0.0,0.0,0.0,0.0,0.0,0.0,0.0,0.0,0.0,0.0,0.0,0.0,0.0,0.0,0.0,0.0,0.0,0.0,0.0,0.0,0.0,0.0,0.0,0.0,0.0,10.0,1.0,1.0,10.0,1.0,1.0,10.0,1.0,1.0,10.0,1.0,1.0,10.0,1.0,1.0,0.0,0.0,0.0,0.0,0.0,0.0,0.0,0.0,0.0,0.0,0.0,0.0,0.0
1217.0,0,1000.0,Sichuan,Limited liability company (Natural person investment or holding),1401.0,0.0,Construction industry,2.0,2.0,0.0,0.0,0.0,9.0,9.0,0.0,,0.0,0.0,0.0,0.0,0.0,4.0,0.0,0.0,0.0,0.0,0.0,0.0,0.0,0.0,0.0,0.0,0.0,0.0,0.0,0.0,0.0,0.0,0.0,0.0,0.0,0.0,0.0,0.0,0.0,0.0,0.0,0.0,0.0,0.0,0.0,0.0,0.0,0.0,0.0,0.0,0.0,0.0,0.0,0.0,,0.0,0.0,,0.0,0.0,,0.0,0.0,,0.0,0.0,,0.0,0.0,0.0,0.0,0.0,0.0,0.0,0.0,0.0,0.0,0.0,0.0,0.0,0.0,0.0
1218.0,0,10000.0,Sichuan,Limited liability company (Natural person investment or holding),3248.0,2000.0,Construction industry,2.0,3.0,21.0,2.0,13.0,0.0,4.0,0.0,,0.0,0.0,2.0,18.0,0.0,0.0,0.0,0.0,0.0,0.0,0.0,0.0,0.0,0.0,0.0,0.0,0.0,0.0,0.0,0.0,0.0,0.0,0.0,0.0,0.0,0.0,0.0,0.0,0.0,0.0,0.0,0.0,0.0,0.0,0.0,0.0,0.0,0.0,0.0,0.0,0.0,0.0,0.0,0.0,46.0,29.0,23.0,46.0,29.0,23.0,46.0,29.0,23.0,46.0,29.0,23.0,46.0,29.0,23.0,0.0,0.0,1.0,3.0,0.0,0.0,0.0,0.0,1.0,0.0,0.0,3.0,0.0
1219.0,0,1000.0,Sichuan,Limited liability company (Natural person investment or holding),1129.0,10.0,Construction industry,3.0,3.0,0.0,0.0,0.0,13.0,7.0,0.0,,0.0,0.0,0.0,0.0,12.0,0.0,0.0,0.0,0.0,0.0,0.0,0.0,0.0,0.0,0.0,0.0,0.0,0.0,0.0,0.0,0.0,0.0,0.0,0.0,0.0,0.0,0.0,0.0,0.0,0.0,0.0,0.0,0.0,0.0,0.0,0.0,0.0,0.0,0.0,0.0,0.0,0.0,0.0,0.0,0.0,0.0,3.0,0.0,0.0,3.0,0.0,0.0,3.0,0.0,0.0,3.0,0.0,0.0,3.0,0.0,0.0,0.0,0.0,0.0,7.0,0.0,0.0,0.0,0.0,0.0,2.0,0.0
1220.0,1,3000.0,Sichuan,Limited liability company (Natural person investment or holding),2030.0,600.0,Construction industry,2.0,2.0,3.0,18.0,4.0,0.0,12.0,5.0,1.0,0.0,0.0,1.0,0.0,0.0,12.0,0.0,0.0,0.0,0.0,0.0,0.0,0.0,0.0,0.0,0.0,0.0,0.0,0.0,0.0,0.0,0.0,0.0,0.0,0.0,0.0,0.0,0.0,0.0,0.0,0.0,0.0,0.0,0.0,0.0,0.0,0.0,0.0,0.0,0.0,0.0,0.0,0.0,0.0,9.0,0.0,0.0,9.0,0.0,0.0,9.0,0.0,0.0,9.0,0.0,0.0,9.0,0.0,0.0,0.0,0.0,0.0,0.0,3.0,1.0,0.0,0.0,0.0,1.0,0.0,1.0,1.0
1221.0,0,10000.0,Sichuan,Limited liability company (Natural person investment or holding),13860.0,10000.0,Construction industry,2.0,3.0,46.0,0.0,5.0,5.0,8.0,0.0,4.0,0.0,0.0,0.0,0.0,0.0,0.0,0.0,0.0,0.0,0.0,0.0,0.0,0.0,0.0,0.0,0.0,0.0,0.0,0.0,0.0,0.0,0.0,0.0,0.0,0.0,0.0,0.0,0.0,0.0,0.0,0.0,0.0,0.0,0.0,0.0,0.0,0.0,0.0,0.0,0.0,0.0,0.0,0.0,0.0,34.0,31.0,24.0,34.0,12.0,2.0,33.0,32.0,22.0,34.0,12.0,2.0,33.0,32.0,2.0,0.0,0.0,0.0,1.0,9.0,5.0,2.0,0.0,0.0,1.0,5.0,3.0,2.0
1222.0,0,2018.0,Sichuan,Limited liability company (Natural person investment or holding),1251.0,0.0,Construction industry,2.0,2.0,0.0,0.0,0.0,2.0,0.0,6.0,1.0,0.0,0.0,0.0,0.0,0.0,12.0,0.0,0.0,0.0,0.0,0.0,0.0,0.0,0.0,0.0,0.0,0.0,0.0,0.0,0.0,0.0,0.0,0.0,0.0,0.0,0.0,0.0,0.0,0.0,0.0,0.0,0.0,0.0,0.0,0.0,0.0,0.0,0.0,0.0,0.0,0.0,0.0,0.0,0.0,24.0,15.0,0.0,24.0,15.0,0.0,24.0,15.0,0.0,24.0,15.0,0.0,24.0,15.0,0.0,0.0,0.0,0.0,0.0,0.0,0.0,0.0,0.0,0.0,0.0,0.0,0.0,0.0
1223.0,0,1660.0,Sichuan,Limited liability company (Natural person investment or holding),4364.0,1660.0,Manufacturing,2.0,2.0,7.0,0.0,0.0,4.0,1.0,1.0,,0.0,0.0,0.0,0.0,0.0,5.0,0.0,0.0,0.0,0.0,0.0,0.0,0.0,0.0,0.0,0.0,0.0,0.0,0.0,0.0,4.0,1.0,0.0,0.0,0.0,0.0,0.0,0.0,0.0,0.0,0.0,0.0,0.0,0.0,0.0,0.0,0.0,0.0,0.0,0.0,0.0,0.0,0.0,0.0,28.0,22.0,12.0,28.0,22.0,12.0,28.0,22.0,12.0,28.0,22.0,12.0,28.0,22.0,12.0,0.0,0.0,1.0,2.0,3.0,3.0,0.0,2.0,0.0,6.0,2.0,0.0,2.0
1224.0,0,4005.0,Sichuan,Limited liability company (Natural person investment or holding),4141.0,4005.0,Construction industry,9.0,2.0,74.0,20.0,5.0,0.0,0.0,0.0,,0.0,0.0,5.0,8.0,0.0,0.0,0.0,0.0,0.0,0.0,0.0,0.0,0.0,0.0,0.0,0.0,0.0,0.0,0.0,0.0,0.0,0.0,0.0,0.0,0.0,0.0,0.0,0.0,0.0,0.0,0.0,0.0,0.0,0.0,0.0,0.0,0.0,0.0,0.0,0.0,0.0,0.0,0.0,0.0,43.0,43.0,37.0,43.0,43.0,37.0,43.0,43.0,37.0,43.0,43.0,37.0,43.0,43.0,37.0,0.0,0.0,0.0,1.0,2.0,6.0,0.0,0.0,0.0,2.0,1.0,3.0,1.0
1225.0,0,4989.0,Sichuan,Limited liability company (Natural person investment or holding),1830.0,2000.0,Construction industry,2.0,2.0,0.0,2.0,3.0,0.0,6.0,3.0,1.0,0.0,0.0,0.0,0.0,0.0,3.0,0.0,0.0,0.0,0.0,0.0,0.0,0.0,0.0,0.0,0.0,0.0,0.0,0.0,0.0,0.0,0.0,0.0,0.0,0.0,0.0,0.0,0.0,0.0,0.0,0.0,0.0,0.0,0.0,0.0,0.0,0.0,0.0,0.0,0.0,0.0,0.0,0.0,0.0,19.0,17.0,17.0,19.0,17.0,17.0,19.0,17.0,17.0,19.0,17.0,17.0,19.0,17.0,17.0,0.0,0.0,0.0,0.0,1.0,1.0,0.0,0.0,0.0,1.0,0.0,1.0,1.0
1226.0,0,2100.0,Sichuan,Limited liability company (Natural person investment or holding),1915.0,1708.0,Construction industry,2.0,4.0,0.0,9.0,0.0,2.0,2.0,2.0,,0.0,0.0,0.0,0.0,0.0,5.0,0.0,0.0,0.0,0.0,0.0,0.0,0.0,0.0,0.0,0.0,0.0,0.0,0.0,0.0,0.0,0.0,0.0,0.0,0.0,0.0,0.0,0.0,0.0,0.0,0.0,0.0,0.0,0.0,0.0,0.0,0.0,0.0,0.0,0.0,0.0,0.0,0.0,0.0,8.0,8.0,7.0,2.0,2.0,0.0,2.0,2.0,0.0,2.0,2.0,0.0,2.0,2.0,0.0,0.0,0.0,0.0,0.0,0.0,0.0,0.0,0.0,0.0,0.0,0.0,0.0,0.0
1227.0,0,3000.0,Sichuan,Limited liability company (Natural person investment or holding),711.0,3000.0,Construction industry,3.0,3.0,0.0,0.0,0.0,0.0,11.0,0.0,,0.0,0.0,0.0,0.0,0.0,0.0,0.0,0.0,0.0,0.0,0.0,0.0,0.0,0.0,0.0,0.0,0.0,0.0,0.0,0.0,0.0,0.0,0.0,0.0,0.0,0.0,0.0,0.0,0.0,0.0,0.0,0.0,0.0,0.0,0.0,0.0,0.0,0.0,0.0,0.0,0.0,0.0,0.0,0.0,7.0,0.0,,7.0,0.0,,7.0,0.0,,7.0,0.0,,7.0,0.0,,0.0,0.0,0.0,0.0,0.0,0.0,0.0,0.0,0.0,0.0,0.0,0.0,0.0
1228.0,0,2000.0,Sichuan,Limited liability company (Natural person investment or holding),1339.0,920.0,Construction industry,2.0,2.0,0.0,0.0,0.0,0.0,0.0,9.0,,0.0,0.0,0.0,0.0,0.0,4.0,0.0,0.0,0.0,0.0,0.0,0.0,0.0,0.0,0.0,0.0,0.0,0.0,0.0,0.0,0.0,0.0,0.0,0.0,0.0,1.0,0.0,0.0,0.0,0.0,0.0,0.0,0.0,0.0,0.0,0.0,0.0,0.0,0.0,0.0,0.0,0.0,0.0,0.0,6.0,0.0,0.0,6.0,0.0,0.0,6.0,0.0,0.0,6.0,0.0,0.0,6.0,0.0,0.0,0.0,0.0,0.0,1.0,0.0,0.0,0.0,0.0,0.0,1.0,0.0,0.0,0.0
1229.0,0,5000.0,Sichuan,Limited liability company (Natural person investment or holding),1409.0,0.0,Construction industry,3.0,2.0,0.0,0.0,5.0,10.0,0.0,5.0,,0.0,0.0,0.0,0.0,0.0,0.0,0.0,0.0,0.0,0.0,0.0,0.0,0.0,0.0,0.0,0.0,0.0,0.0,0.0,0.0,0.0,0.0,0.0,0.0,0.0,0.0,0.0,0.0,0.0,0.0,0.0,0.0,0.0,0.0,0.0,0.0,0.0,0.0,0.0,0.0,0.0,0.0,0.0,0.0,5.0,1.0,0.0,5.0,1.0,0.0,5.0,1.0,0.0,5.0,1.0,0.0,5.0,1.0,0.0,0.0,0.0,0.0,0.0,0.0,0.0,0.0,0.0,0.0,0.0,0.0,0.0,1.0
1230.0,0,4899.0,Sichuan,Limited liability company (Natural person investment or holding),2068.0,1435.0,Construction industry,2.0,3.0,0.0,0.0,4.0,10.0,7.0,2.0,1.0,0.0,0.0,0.0,0.0,0.0,0.0,0.0,0.0,0.0,0.0,1.0,0.0,0.0,0.0,0.0,0.0,0.0,0.0,0.0,0.0,0.0,0.0,0.0,0.0,0.0,0.0,0.0,0.0,0.0,0.0,0.0,0.0,0.0,0.0,0.0,0.0,0.0,0.0,0.0,0.0,0.0,0.0,0.0,0.0,36.0,36.0,16.0,36.0,36.0,16.0,36.0,36.0,16.0,36.0,36.0,16.0,36.0,36.0,16.0,0.0,0.0,0.0,2.0,1.0,1.0,0.0,0.0,0.0,1.0,0.0,0.0,0.0
1231.0,0,4080.0,Sichuan,Limited liability company (Natural person investment or holding),2319.0,740.0,Construction industry,2.0,3.0,24.0,2.0,3.0,6.0,6.0,2.0,2.0,0.0,0.0,0.0,0.0,0.0,0.0,0.0,0.0,0.0,0.0,0.0,0.0,0.0,0.0,0.0,0.0,0.0,0.0,0.0,0.0,0.0,0.0,0.0,0.0,0.0,0.0,0.0,0.0,0.0,0.0,0.0,0.0,0.0,0.0,0.0,0.0,0.0,0.0,0.0,0.0,0.0,0.0,0.0,0.0,19.0,18.0,40.0,19.0,18.0,40.0,19.0,18.0,40.0,19.0,18.0,40.0,19.0,18.0,40.0,0.0,0.0,0.0,0.0,3.0,1.0,0.0,0.0,0.0,1.0,2.0,1.0,0.0
1232.0,0,5200.0,Sichuan,Limited liability company (Natural person investment or holding),1361.0,0.0,Construction industry,2.0,2.0,0.0,0.0,0.0,4.0,4.0,9.0,2.0,0.0,0.0,0.0,0.0,0.0,0.0,0.0,0.0,0.0,0.0,0.0,0.0,0.0,0.0,0.0,0.0,0.0,0.0,0.0,0.0,0.0,0.0,0.0,0.0,0.0,0.0,0.0,0.0,0.0,0.0,0.0,0.0,0.0,0.0,0.0,0.0,0.0,0.0,0.0,0.0,0.0,0.0,0.0,0.0,17.0,17.0,8.0,17.0,17.0,8.0,17.0,17.0,8.0,17.0,17.0,8.0,17.0,17.0,8.0,0.0,0.0,0.0,0.0,0.0,0.0,0.0,0.0,0.0,0.0,0.0,0.0,1.0
1233.0,0,6000.0,Sichuan,Limited liability company (sole proprietorship of natural person),1233.0,0.0,Construction industry,1.0,2.0,0.0,0.0,0.0,0.0,0.0,11.0,,0.0,0.0,0.0,0.0,0.0,13.0,0.0,0.0,0.0,0.0,0.0,0.0,0.0,0.0,0.0,0.0,0.0,0.0,0.0,0.0,0.0,0.0,0.0,0.0,0.0,0.0,0.0,0.0,0.0,0.0,0.0,0.0,0.0,0.0,0.0,0.0,0.0,0.0,0.0,0.0,0.0,0.0,0.0,0.0,2.0,0.0,0.0,2.0,0.0,0.0,2.0,0.0,0.0,2.0,0.0,0.0,2.0,0.0,0.0,0.0,0.0,0.0,0.0,0.0,0.0,0.0,0.0,0.0,0.0,0.0,0.0,0.0
1234.0,0,4000.0,Sichuan,Limited liability company (Natural person investment or holding),1657.0,4000.0,Construction industry,2.0,2.0,0.0,0.0,2.0,1.0,3.0,0.0,2.0,0.0,0.0,18.0,0.0,6.0,3.0,0.0,0.0,0.0,0.0,0.0,1.0,0.0,0.0,0.0,0.0,0.0,0.0,0.0,0.0,0.0,0.0,0.0,0.0,0.0,0.0,0.0,0.0,0.0,0.0,0.0,0.0,0.0,0.0,0.0,0.0,0.0,0.0,0.0,0.0,0.0,0.0,0.0,0.0,35.0,25.0,6.0,35.0,25.0,6.0,35.0,25.0,6.0,35.0,25.0,6.0,35.0,25.0,6.0,0.0,0.0,0.0,7.0,5.0,1.0,0.0,0.0,0.0,9.0,0.0,0.0,0.0
1235.0,0,8880.0,Sichuan,Limited liability company (Natural person investment or holding),1601.0,80.0,Construction industry,2.0,2.0,0.0,0.0,0.0,0.0,6.0,0.0,4.0,0.0,6.0,4.0,0.0,0.0,0.0,0.0,0.0,0.0,0.0,0.0,0.0,0.0,0.0,0.0,0.0,0.0,0.0,0.0,0.0,0.0,0.0,0.0,0.0,0.0,0.0,0.0,0.0,0.0,0.0,0.0,0.0,0.0,0.0,0.0,0.0,0.0,0.0,0.0,0.0,0.0,0.0,0.0,0.0,21.0,22.0,15.0,21.0,22.0,15.0,21.0,22.0,15.0,21.0,22.0,15.0,21.0,22.0,15.0,0.0,0.0,0.0,0.0,0.0,0.0,0.0,0.0,0.0,0.0,0.0,0.0,1.0
1236.0,0,8000.0,Sichuan,Limited liability company (Natural person investment or holding),2437.0,1710.0,Construction industry,4.0,2.0,0.0,1.0,7.0,3.0,0.0,1.0,,0.0,0.0,0.0,18.0,0.0,0.0,0.0,0.0,0.0,0.0,0.0,0.0,0.0,0.0,0.0,0.0,0.0,0.0,1.0,0.0,0.0,0.0,0.0,0.0,0.0,0.0,0.0,0.0,0.0,0.0,0.0,0.0,0.0,0.0,0.0,0.0,0.0,0.0,0.0,0.0,0.0,0.0,0.0,0.0,35.0,24.0,18.0,35.0,24.0,18.0,35.0,24.0,18.0,35.0,24.0,18.0,35.0,24.0,18.0,0.0,0.0,0.0,0.0,0.0,2.0,1.0,0.0,0.0,0.0,0.0,2.0,0.0
1237.0,0,2000.0,Sichuan,Limited liability company (Natural person investment or holding),1014.0,0.0,Construction industry,2.0,2.0,0.0,0.0,0.0,1.0,0.0,0.0,,0.0,0.0,0.0,0.0,0.0,3.0,0.0,0.0,0.0,0.0,0.0,0.0,0.0,0.0,0.0,0.0,0.0,0.0,0.0,0.0,0.0,0.0,0.0,0.0,0.0,0.0,0.0,0.0,0.0,0.0,0.0,0.0,0.0,0.0,0.0,0.0,0.0,0.0,0.0,0.0,0.0,0.0,0.0,0.0,0.0,0.0,0.0,0.0,0.0,0.0,0.0,0.0,0.0,0.0,0.0,0.0,0.0,0.0,0.0,0.0,0.0,0.0,0.0,0.0,0.0,0.0,0.0,0.0,0.0,0.0,0.0,0.0
1238.0,0,5800.0,Sichuan,Limited liability company (Natural person investment or holding),2300.0,1000.0,Scientific research and technology services,2.0,2.0,25.0,0.0,7.0,7.0,4.0,0.0,,0.0,0.0,0.0,0.0,14.0,10.0,0.0,0.0,0.0,0.0,0.0,0.0,0.0,0.0,0.0,0.0,0.0,0.0,0.0,0.0,2.0,0.0,0.0,0.0,0.0,0.0,0.0,0.0,0.0,0.0,0.0,0.0,0.0,0.0,0.0,0.0,0.0,0.0,0.0,0.0,10.0,5.0,0.0,15.0,6.0,13.0,15.0,6.0,13.0,15.0,6.0,13.0,15.0,6.0,13.0,15.0,6.0,13.0,15.0,0.0,0.0,0.0,0.0,0.0,0.0,0.0,0.0,0.0,0.0,0.0,2.0,2.0
1239.0,0,1000.0,Sichuan,Limited liability company (Natural person investment or holding),839.0,0.0,Construction industry,4.0,2.0,0.0,0.0,0.0,0.0,15.0,7.0,,0.0,0.0,0.0,0.0,0.0,0.0,0.0,0.0,0.0,0.0,0.0,0.0,0.0,0.0,0.0,0.0,0.0,0.0,0.0,0.0,0.0,0.0,0.0,0.0,0.0,0.0,0.0,0.0,0.0,0.0,0.0,0.0,0.0,0.0,0.0,0.0,0.0,0.0,0.0,0.0,0.0,0.0,0.0,0.0,0.0,0.0,0.0,0.0,0.0,0.0,0.0,0.0,0.0,0.0,0.0,0.0,0.0,0.0,0.0,0.0,0.0,0.0,0.0,0.0,0.0,0.0,0.0,0.0,0.0,0.0,0.0,0.0
1240.0,0,12000.0,Sichuan,Limited liability company (Natural person investment or holding),4241.0,5480.0,Construction industry,2.0,2.0,30.0,4.0,0.0,6.0,4.0,4.0,5.0,0.0,0.0,0.0,1.0,18.0,0.0,0.0,0.0,0.0,0.0,0.0,0.0,0.0,0.0,0.0,0.0,0.0,0.0,0.0,0.0,0.0,0.0,0.0,0.0,0.0,0.0,0.0,0.0,0.0,0.0,0.0,5.0,0.0,0.0,0.0,0.0,0.0,0.0,0.0,0.0,0.0,0.0,0.0,0.0,127.0,94.0,73.0,127.0,94.0,73.0,127.0,94.0,73.0,127.0,94.0,73.0,127.0,94.0,73.0,0.0,0.0,0.0,0.0,3.0,10.0,0.0,0.0,0.0,7.0,9.0,2.0,2.0
1241.0,0,26000.0,Sichuan,Limited liability company (Natural person investment or holding),1517.0,148.0,Construction industry,2.0,2.0,0.0,0.0,1.0,11.0,3.0,0.0,,0.0,0.0,0.0,0.0,0.0,0.0,0.0,0.0,0.0,0.0,0.0,0.0,0.0,0.0,0.0,0.0,0.0,0.0,0.0,0.0,0.0,0.0,0.0,0.0,0.0,1.0,0.0,0.0,0.0,0.0,0.0,0.0,0.0,0.0,0.0,0.0,0.0,0.0,0.0,0.0,0.0,0.0,0.0,0.0,25.0,11.0,5.0,25.0,11.0,5.0,25.0,11.0,5.0,25.0,11.0,5.0,25.0,11.0,5.0,0.0,0.0,0.0,0.0,0.0,3.0,0.0,0.0,0.0,0.0,0.0,1.0,0.0
1242.0,0,5800.0,Sichuan,Limited liability company (Natural person investment or holding),1120.0,0.0,Scientific research and technology services,2.0,2.0,0.0,0.0,0.0,4.0,3.0,8.0,1.0,0.0,0.0,0.0,0.0,0.0,0.0,0.0,0.0,0.0,0.0,0.0,0.0,0.0,0.0,0.0,0.0,0.0,0.0,0.0,0.0,0.0,0.0,0.0,0.0,0.0,0.0,0.0,0.0,0.0,0.0,0.0,0.0,0.0,0.0,0.0,0.0,0.0,0.0,0.0,0.0,0.0,0.0,0.0,0.0,21.0,20.0,7.0,21.0,20.0,7.0,21.0,20.0,7.0,21.0,20.0,7.0,21.0,20.0,7.0,0.0,0.0,0.0,0.0,0.0,0.0,0.0,0.0,0.0,0.0,0.0,0.0,1.0
1243.0,0,12000.0,Sichuan,Limited liability company (Natural person investment or holding),1678.0,0.0,Construction industry,2.0,2.0,0.0,0.0,9.0,3.0,1.0,3.0,,0.0,0.0,0.0,2.0,17.0,9.0,0.0,0.0,0.0,0.0,0.0,0.0,0.0,0.0,0.0,0.0,0.0,0.0,0.0,0.0,0.0,0.0,0.0,0.0,0.0,0.0,0.0,0.0,0.0,0.0,0.0,3.0,0.0,0.0,0.0,0.0,0.0,0.0,0.0,0.0,0.0,0.0,0.0,0.0,0.0,0.0,13.0,0.0,0.0,13.0,0.0,0.0,13.0,0.0,0.0,13.0,0.0,0.0,13.0,0.0,0.0,0.0,0.0,0.0,0.0,0.0,0.0,0.0,0.0,0.0,0.0,0.0
1244.0,0,10000.0,Sichuan,Limited liability company (sole proprietorship of natural person),1580.0,153.0,Construction industry,1.0,2.0,0.0,0.0,0.0,0.0,5.0,3.0,4.0,0.0,0.0,0.0,2.0,3.0,0.0,0.0,0.0,0.0,0.0,0.0,0.0,0.0,0.0,0.0,0.0,0.0,0.0,0.0,0.0,0.0,0.0,0.0,0.0,0.0,0.0,0.0,0.0,0.0,0.0,0.0,0.0,0.0,0.0,0.0,0.0,0.0,0.0,0.0,0.0,0.0,0.0,0.0,0.0,16.0,51.0,20.0,16.0,51.0,20.0,16.0,51.0,20.0,16.0,51.0,20.0,16.0,51.0,20.0,0.0,0.0,0.0,0.0,1.0,0.0,0.0,0.0,0.0,0.0,0.0,0.0,0.0
1245.0,0,5000.0,Sichuan,Limited liability company (sole proprietorship of natural person),2619.0,2000.0,Leasing and business services,1.0,2.0,6.0,5.0,0.0,3.0,0.0,0.0,3.0,0.0,0.0,22.0,0.0,16.0,0.0,0.0,0.0,0.0,0.0,0.0,0.0,0.0,0.0,0.0,0.0,0.0,0.0,0.0,0.0,0.0,0.0,0.0,0.0,0.0,0.0,0.0,0.0,0.0,0.0,0.0,0.0,0.0,0.0,0.0,0.0,0.0,0.0,0.0,0.0,0.0,0.0,0.0,0.0,39.0,30.0,33.0,39.0,30.0,33.0,39.0,30.0,33.0,39.0,30.0,33.0,39.0,30.0,33.0,0.0,0.0,0.0,0.0,0.0,15.0,0.0,0.0,0.0,2.0,1.0,4.0,2.0
1246.0,0,8888.0,Sichuan,Limited liability company (Natural person investment or holding),522.0,15.275,Leasing and business services,3.0,2.0,0.0,0.0,0.0,0.0,7.0,4.0,,0.0,0.0,0.0,0.0,0.0,0.0,0.0,0.0,0.0,0.0,0.0,0.0,0.0,0.0,0.0,0.0,0.0,0.0,0.0,0.0,0.0,0.0,0.0,0.0,0.0,0.0,0.0,0.0,0.0,0.0,0.0,0.0,0.0,0.0,0.0,0.0,0.0,0.0,0.0,0.0,0.0,0.0,0.0,0.0,1.0,,,1.0,,,1.0,,,1.0,,,1.0,,,0.0,0.0,0.0,0.0,0.0,0.0,0.0,0.0,0.0,0.0,0.0,0.0,0.0
1247.0,0,5000.0,Sichuan,Limited liability company (Natural person investment or holding),1226.0,10.0,Construction industry,2.0,2.0,0.0,0.0,0.0,12.0,0.0,5.0,,0.0,0.0,0.0,0.0,10.0,0.0,0.0,0.0,0.0,0.0,0.0,0.0,0.0,0.0,0.0,0.0,0.0,0.0,0.0,0.0,0.0,0.0,0.0,0.0,0.0,0.0,0.0,0.0,0.0,0.0,0.0,0.0,0.0,0.0,0.0,0.0,0.0,0.0,0.0,0.0,0.0,0.0,0.0,0.0,7.0,10.0,5.0,7.0,10.0,5.0,7.0,10.0,5.0,7.0,10.0,5.0,7.0,10.0,5.0,0.0,0.0,0.0,0.0,0.0,0.0,0.0,0.0,0.0,0.0,0.0,0.0,0.0
1248.0,0,5000.0,Sichuan,Limited liability company (Natural person investment or holding),1457.0,0.0,Construction industry,2.0,2.0,0.0,0.0,1.0,3.0,0.0,5.0,,0.0,0.0,0.0,0.0,1.0,19.0,0.0,0.0,0.0,0.0,0.0,0.0,0.0,0.0,0.0,0.0,0.0,0.0,0.0,0.0,0.0,0.0,0.0,0.0,0.0,0.0,0.0,0.0,0.0,0.0,0.0,0.0,0.0,0.0,0.0,0.0,0.0,0.0,0.0,0.0,0.0,0.0,0.0,0.0,40.0,16.0,11.0,40.0,16.0,11.0,40.0,16.0,11.0,40.0,16.0,11.0,40.0,16.0,11.0,0.0,0.0,0.0,0.0,0.0,0.0,0.0,0.0,0.0,0.0,0.0,0.0,1.0
1249.0,0,6800.0,Sichuan,Limited liability company (Natural person investment or holding),2083.0,2000.0,Construction industry,2.0,2.0,8.0,11.0,0.0,0.0,0.0,9.0,,0.0,0.0,2.0,0.0,0.0,3.0,0.0,0.0,0.0,0.0,0.0,0.0,0.0,0.0,0.0,0.0,0.0,0.0,0.0,0.0,0.0,0.0,0.0,0.0,0.0,0.0,0.0,0.0,0.0,0.0,0.0,0.0,0.0,0.0,0.0,0.0,0.0,0.0,0.0,0.0,0.0,0.0,0.0,0.0,3.0,4.0,3.0,3.0,4.0,3.0,3.0,4.0,3.0,3.0,4.0,3.0,3.0,4.0,3.0,0.0,0.0,0.0,0.0,0.0,0.0,0.0,0.0,0.0,0.0,0.0,0.0,0.0
1250.0,0,4018.0,Sichuan,Limited liability company (Natural person investment or holding),2605.0,0.0,Construction industry,2.0,3.0,11.0,11.0,2.0,10.0,5.0,0.0,4.0,0.0,0.0,0.0,0.0,28.0,0.0,0.0,0.0,0.0,0.0,0.0,0.0,0.0,0.0,0.0,0.0,0.0,0.0,0.0,0.0,0.0,0.0,0.0,0.0,0.0,0.0,0.0,0.0,0.0,0.0,0.0,0.0,0.0,0.0,0.0,0.0,0.0,0.0,0.0,0.0,0.0,0.0,0.0,0.0,11.0,22.0,19.0,11.0,22.0,19.0,11.0,22.0,19.0,11.0,22.0,19.0,11.0,22.0,19.0,0.0,0.0,0.0,0.0,1.0,2.0,0.0,0.0,0.0,0.0,0.0,2.0,1.0
1251.0,0,4066.0,Sichuan,Limited liability company (Natural person investment or holding),11199.0,4066.0,Construction industry,3.0,2.0,31.0,8.0,0.0,0.0,0.0,0.0,,0.0,2.0,0.0,0.0,0.0,0.0,1.0,0.0,0.0,0.0,0.0,0.0,0.0,0.0,0.0,0.0,0.0,0.0,0.0,0.0,0.0,0.0,0.0,0.0,0.0,0.0,0.0,0.0,0.0,0.0,0.0,0.0,0.0,0.0,0.0,0.0,0.0,0.0,0.0,0.0,0.0,0.0,0.0,0.0,17.0,17.0,17.0,17.0,17.0,17.0,17.0,17.0,17.0,17.0,17.0,17.0,0.0,17.0,17.0,0.0,0.0,2.0,0.0,0.0,0.0,1.0,0.0,1.0,0.0,0.0,3.0,2.0
1252.0,0,1000.0,Sichuan,Limited liability company (Natural person investment or holding),4220.0,1000.0,Construction industry,2.0,3.0,16.0,6.0,10.0,0.0,3.0,0.0,,0.0,0.0,0.0,0.0,0.0,0.0,2.0,1.0,0.0,0.0,1.0,0.0,0.0,0.0,0.0,0.0,0.0,0.0,0.0,0.0,0.0,0.0,0.0,0.0,0.0,0.0,0.0,0.0,0.0,0.0,0.0,0.0,0.0,0.0,0.0,0.0,0.0,0.0,0.0,0.0,0.0,0.0,0.0,0.0,44.0,32.0,16.0,44.0,32.0,16.0,44.0,32.0,16.0,44.0,32.0,16.0,44.0,32.0,16.0,0.0,0.0,0.0,3.0,3.0,4.0,1.0,1.0,1.0,1.0,2.0,1.0,0.0
1253.0,0,5000.0,Sichuan,Limited liability company (Natural person investment or holding),2929.0,375.0,Construction industry,1.0,2.0,25.0,8.0,0.0,0.0,1.0,0.0,3.0,0.0,0.0,0.0,0.0,6.0,6.0,0.0,0.0,0.0,0.0,0.0,0.0,0.0,0.0,0.0,0.0,0.0,0.0,0.0,0.0,0.0,0.0,0.0,0.0,0.0,0.0,0.0,0.0,0.0,0.0,0.0,0.0,0.0,0.0,0.0,0.0,0.0,0.0,0.0,0.0,0.0,0.0,0.0,0.0,7.0,2.0,2.0,7.0,0.0,0.0,7.0,0.0,0.0,7.0,2.0,2.0,7.0,2.0,2.0,0.0,0.0,0.0,2.0,0.0,0.0,0.0,0.0,0.0,0.0,0.0,1.0,1.0
1254.0,0,1000.0,Sichuan,Limited liability company (Natural person investment or holding),1049.0,0.0,Scientific research and technology services,2.0,3.0,0.0,0.0,0.0,5.0,14.0,2.0,1.0,0.0,0.0,0.0,0.0,0.0,0.0,0.0,0.0,0.0,0.0,0.0,0.0,0.0,0.0,0.0,0.0,0.0,0.0,0.0,0.0,0.0,0.0,0.0,0.0,0.0,0.0,0.0,0.0,0.0,0.0,0.0,0.0,0.0,0.0,0.0,0.0,0.0,0.0,0.0,0.0,0.0,0.0,0.0,0.0,,25.0,0.0,,25.0,0.0,,25.0,0.0,,25.0,0.0,,25.0,0.0,0.0,0.0,0.0,0.0,0.0,0.0,0.0,0.0,0.0,0.0,0.0,0.0,0.0
1255.0,0,3000.0,Sichuan,Limited liability company (sole proprietorship of natural person),1478.0,0.0,Construction industry,1.0,2.0,0.0,0.0,0.0,6.0,5.0,6.0,1.0,0.0,0.0,0.0,1.0,0.0,2.0,0.0,0.0,0.0,0.0,0.0,0.0,0.0,0.0,0.0,0.0,0.0,0.0,0.0,0.0,0.0,0.0,0.0,0.0,0.0,0.0,0.0,0.0,0.0,0.0,0.0,0.0,0.0,0.0,0.0,0.0,0.0,0.0,0.0,0.0,0.0,0.0,0.0,0.0,16.0,15.0,7.0,16.0,15.0,8.0,16.0,15.0,8.0,16.0,15.0,8.0,16.0,15.0,8.0,0.0,0.0,0.0,0.0,0.0,0.0,0.0,0.0,0.0,0.0,0.0,0.0,0.0
1256.0,0,5000.0,Sichuan,Limited liability company (Natural person investment or holding),1713.0,0.0,Construction industry,2.0,2.0,0.0,0.0,7.0,4.0,1.0,6.0,1.0,0.0,0.0,0.0,0.0,0.0,6.0,0.0,0.0,0.0,0.0,0.0,0.0,0.0,0.0,0.0,0.0,0.0,0.0,0.0,0.0,0.0,0.0,0.0,0.0,0.0,0.0,0.0,0.0,0.0,0.0,0.0,0.0,0.0,0.0,0.0,0.0,0.0,0.0,0.0,0.0,0.0,0.0,0.0,0.0,30.0,31.0,20.0,30.0,31.0,20.0,30.0,30.0,20.0,30.0,31.0,20.0,30.0,31.0,20.0,0.0,0.0,0.0,0.0,2.0,5.0,0.0,0.0,0.0,0.0,1.0,2.0,0.0
1257.0,0,2099.0,Sichuan,Limited liability company (sole proprietorship of natural person),1853.0,500.0,Construction industry,1.0,2.0,0.0,0.0,14.0,0.0,8.0,7.0,,0.0,0.0,0.0,0.0,3.0,22.0,0.0,0.0,0.0,0.0,0.0,0.0,0.0,0.0,0.0,0.0,0.0,0.0,0.0,0.0,0.0,0.0,0.0,0.0,0.0,0.0,0.0,0.0,0.0,0.0,0.0,0.0,0.0,0.0,0.0,0.0,0.0,0.0,0.0,0.0,0.0,0.0,0.0,0.0,4.0,3.0,21.0,3.0,3.0,21.0,4.0,3.0,21.0,3.0,3.0,21.0,4.0,3.0,21.0,0.0,0.0,0.0,0.0,0.0,2.0,0.0,0.0,0.0,0.0,0.0,2.0,0.0
1258.0,0,1000.0,Sichuan,Limited liability company (Natural person investment or holding),1577.0,0.0,Construction industry,2.0,2.0,0.0,0.0,0.0,2.0,7.0,2.0,,0.0,0.0,0.0,0.0,0.0,0.0,0.0,0.0,0.0,0.0,0.0,0.0,0.0,0.0,0.0,0.0,0.0,0.0,0.0,0.0,0.0,0.0,0.0,0.0,0.0,0.0,0.0,0.0,0.0,0.0,0.0,0.0,0.0,0.0,0.0,0.0,0.0,0.0,0.0,0.0,0.0,0.0,0.0,0.0,42.0,48.0,43.0,42.0,48.0,43.0,42.0,48.0,43.0,42.0,48.0,43.0,42.0,48.0,43.0,0.0,0.0,0.0,0.0,0.0,0.0,0.0,0.0,0.0,0.0,0.0,0.0,1.0
1259.0,0,1000.0,Sichuan,Limited liability company (Natural person investment or holding),910.0,1000.0,Construction industry,3.0,3.0,0.0,0.0,0.0,0.0,4.0,1.0,,0.0,0.0,0.0,0.0,2.0,0.0,0.0,0.0,0.0,0.0,0.0,0.0,0.0,0.0,0.0,0.0,0.0,0.0,0.0,0.0,0.0,0.0,0.0,0.0,0.0,0.0,0.0,0.0,0.0,0.0,0.0,0.0,0.0,0.0,0.0,0.0,0.0,0.0,0.0,0.0,0.0,0.0,0.0,0.0,0.0,0.0,0.0,0.0,0.0,0.0,0.0,0.0,0.0,0.0,0.0,0.0,0.0,0.0,0.0,0.0,0.0,0.0,0.0,0.0,0.0,0.0,0.0,0.0,0.0,0.0,0.0,0.0
1260.0,0,10000.0,Sichuan,Limited liability company (Natural person investment or holding),4549.0,3000.0,Construction industry,2.0,2.0,12.0,0.0,8.0,0.0,0.0,3.0,5.0,0.0,0.0,2.0,5.0,2.0,0.0,0.0,0.0,0.0,0.0,0.0,0.0,0.0,0.0,0.0,0.0,0.0,0.0,0.0,0.0,0.0,0.0,0.0,0.0,0.0,0.0,0.0,0.0,0.0,0.0,0.0,0.0,0.0,0.0,0.0,0.0,0.0,0.0,0.0,0.0,0.0,0.0,0.0,0.0,40.0,56.0,38.0,40.0,56.0,38.0,40.0,56.0,38.0,40.0,56.0,37.0,40.0,56.0,38.0,0.0,0.0,0.0,0.0,0.0,0.0,0.0,0.0,0.0,0.0,0.0,0.0,1.0
1261.0,0,5200.0,Sichuan,Limited liability company (Natural person investment or holding),2810.0,5200.0,Construction industry,2.0,2.0,14.0,4.0,6.0,3.0,0.0,0.0,1.0,0.0,0.0,14.0,8.0,0.0,0.0,0.0,0.0,1.0,0.0,0.0,0.0,0.0,0.0,0.0,0.0,0.0,0.0,0.0,0.0,1.0,0.0,0.0,1.0,0.0,0.0,2.0,0.0,0.0,0.0,0.0,0.0,0.0,0.0,0.0,0.0,0.0,0.0,0.0,0.0,0.0,0.0,0.0,0.0,17.0,18.0,18.0,17.0,18.0,5.0,17.0,18.0,5.0,17.0,18.0,18.0,17.0,18.0,18.0,0.0,0.0,0.0,1.0,3.0,3.0,0.0,0.0,0.0,2.0,1.0,1.0,3.0
1262.0,0,5000.0,Sichuan,Limited liability company (Natural person investment or holding),2218.0,2000.0,Construction industry,3.0,3.0,2.0,10.0,0.0,4.0,0.0,0.0,3.0,0.0,0.0,0.0,5.0,0.0,0.0,0.0,0.0,0.0,0.0,0.0,0.0,0.0,0.0,0.0,0.0,0.0,0.0,0.0,0.0,0.0,0.0,0.0,0.0,0.0,0.0,0.0,0.0,0.0,0.0,0.0,0.0,0.0,0.0,0.0,0.0,0.0,0.0,0.0,0.0,0.0,0.0,0.0,0.0,8.0,9.0,7.0,8.0,9.0,7.0,8.0,9.0,7.0,8.0,9.0,7.0,8.0,9.0,7.0,0.0,0.0,0.0,0.0,2.0,3.0,0.0,0.0,0.0,0.0,0.0,1.0,1.0
1263.0,0,2000.0,Sichuan,Limited liability company (Natural person investment or holding),3891.0,2000.0,Construction industry,2.0,2.0,13.0,0.0,4.0,7.0,0.0,0.0,,0.0,0.0,0.0,0.0,0.0,0.0,0.0,0.0,0.0,0.0,0.0,0.0,0.0,0.0,0.0,0.0,0.0,0.0,0.0,0.0,0.0,0.0,0.0,0.0,0.0,0.0,0.0,0.0,0.0,0.0,0.0,0.0,0.0,0.0,0.0,0.0,0.0,0.0,0.0,0.0,0.0,0.0,0.0,0.0,23.0,15.0,23.0,23.0,15.0,23.0,23.0,15.0,23.0,23.0,15.0,23.0,23.0,15.0,23.0,0.0,0.0,0.0,0.0,0.0,0.0,0.0,0.0,0.0,0.0,0.0,0.0,1.0
1264.0,0,12500.0,Sichuan,Limited liability company (Natural person investment or holding),3285.0,5168.0,Construction industry,2.0,2.0,20.0,10.0,0.0,5.0,1.0,2.0,,0.0,0.0,0.0,0.0,3.0,0.0,1.0,0.0,0.0,0.0,0.0,0.0,0.0,0.0,0.0,0.0,0.0,0.0,0.0,0.0,0.0,0.0,0.0,0.0,0.0,0.0,0.0,0.0,0.0,0.0,0.0,0.0,0.0,0.0,0.0,0.0,0.0,0.0,0.0,0.0,0.0,0.0,0.0,0.0,108.0,88.0,67.0,108.0,88.0,67.0,108.0,88.0,67.0,108.0,88.0,67.0,108.0,88.0,67.0,0.0,0.0,0.0,1.0,1.0,2.0,0.0,0.0,0.0,0.0,1.0,2.0,1.0
1265.0,0,5000.0,Sichuan,Limited liability company (Natural person investment or holding),5860.0,2297.55,Construction industry,2.0,2.0,13.0,1.0,2.0,0.0,4.0,1.0,,0.0,0.0,3.0,0.0,0.0,3.0,0.0,0.0,0.0,0.0,0.0,0.0,0.0,0.0,0.0,0.0,0.0,0.0,0.0,0.0,0.0,0.0,2.0,0.0,0.0,0.0,0.0,0.0,0.0,0.0,0.0,0.0,0.0,0.0,0.0,0.0,0.0,0.0,0.0,0.0,0.0,0.0,0.0,0.0,29.0,31.0,35.0,29.0,31.0,35.0,29.0,31.0,35.0,29.0,31.0,35.0,29.0,31.0,35.0,0.0,0.0,0.0,0.0,0.0,0.0,2.0,0.0,0.0,0.0,0.0,0.0,3.0
1266.0,0,5538.0,Sichuan,Limited liability company (Natural person investment or holding),3374.0,5537.96,Construction industry,2.0,2.0,13.0,3.0,0.0,0.0,3.0,0.0,1.0,0.0,0.0,0.0,0.0,15.0,0.0,0.0,0.0,1.0,0.0,1.0,0.0,0.0,0.0,0.0,0.0,0.0,0.0,0.0,0.0,0.0,0.0,0.0,0.0,0.0,0.0,0.0,0.0,0.0,0.0,0.0,0.0,0.0,0.0,0.0,0.0,0.0,0.0,0.0,0.0,0.0,0.0,0.0,0.0,37.0,32.0,0.0,37.0,32.0,0.0,37.0,32.0,0.0,37.0,32.0,0.0,37.0,32.0,0.0,0.0,0.0,2.0,6.0,7.0,4.0,0.0,1.0,2.0,0.0,0.0,3.0,0.0
1267.0,0,8700.0,Sichuan,Limited liability company (Natural person investment or holding),2391.0,600.0,Construction industry,2.0,2.0,3.0,5.0,1.0,2.0,3.0,0.0,,0.0,0.0,0.0,0.0,0.0,0.0,0.0,0.0,0.0,0.0,0.0,0.0,0.0,0.0,0.0,0.0,0.0,0.0,0.0,0.0,0.0,0.0,0.0,0.0,0.0,0.0,0.0,0.0,0.0,0.0,0.0,0.0,0.0,0.0,0.0,0.0,0.0,0.0,0.0,0.0,0.0,0.0,0.0,0.0,0.0,0.0,0.0,0.0,0.0,0.0,0.0,0.0,0.0,0.0,0.0,0.0,0.0,0.0,0.0,0.0,0.0,0.0,0.0,0.0,0.0,0.0,0.0,0.0,0.0,0.0,0.0,0.0
1268.0,0,500.0,Sichuan,Limited liability company (Natural person investment or holding),1828.0,500.0,Construction industry,2.0,2.0,0.0,0.0,2.0,0.0,4.0,0.0,,0.0,0.0,0.0,0.0,2.0,0.0,0.0,0.0,0.0,0.0,0.0,0.0,0.0,0.0,0.0,0.0,0.0,0.0,0.0,0.0,0.0,0.0,0.0,0.0,0.0,0.0,0.0,0.0,0.0,0.0,0.0,0.0,0.0,0.0,0.0,0.0,0.0,0.0,0.0,0.0,0.0,0.0,0.0,0.0,6.0,9.0,5.0,6.0,9.0,5.0,6.0,9.0,5.0,6.0,9.0,5.0,6.0,9.0,5.0,0.0,0.0,0.0,0.0,0.0,3.0,0.0,0.0,0.0,0.0,0.0,1.0,0.0
1269.0,1,1000.0,Sichuan,Limited liability company (sole proprietorship of natural person),1411.0,0.0,Construction industry,1.0,2.0,0.0,0.0,1.0,0.0,0.0,0.0,2.0,0.0,0.0,0.0,0.0,0.0,0.0,0.0,0.0,0.0,0.0,0.0,0.0,0.0,0.0,0.0,0.0,0.0,0.0,0.0,0.0,0.0,0.0,0.0,0.0,0.0,0.0,0.0,0.0,0.0,0.0,0.0,0.0,0.0,0.0,0.0,0.0,0.0,0.0,0.0,0.0,0.0,0.0,0.0,0.0,14.0,16.0,7.0,14.0,16.0,7.0,14.0,16.0,7.0,14.0,16.0,7.0,14.0,16.0,7.0,0.0,0.0,0.0,0.0,0.0,0.0,0.0,0.0,0.0,0.0,0.0,0.0,2.0
1270.0,0,1000.0,Sichuan,Limited liability company (Natural person investment or holding),1643.0,1000.0,Construction industry,2.0,2.0,0.0,5.0,11.0,7.0,4.0,7.0,1.0,0.0,0.0,0.0,0.0,0.0,9.0,0.0,0.0,0.0,0.0,0.0,0.0,0.0,0.0,0.0,0.0,0.0,0.0,0.0,0.0,0.0,0.0,0.0,0.0,0.0,0.0,0.0,0.0,0.0,0.0,0.0,0.0,0.0,0.0,0.0,0.0,0.0,0.0,0.0,0.0,0.0,0.0,0.0,0.0,0.0,3.0,0.0,0.0,3.0,0.0,0.0,3.0,0.0,0.0,3.0,0.0,0.0,3.0,0.0,0.0,0.0,0.0,0.0,0.0,0.0,0.0,0.0,0.0,0.0,0.0,0.0,1.0
1271.0,0,10000.0,Sichuan,Limited liability company (Natural person investment or holding),1057.0,0.0,Construction industry,3.0,2.0,0.0,0.0,0.0,0.0,3.0,3.0,,0.0,0.0,0.0,0.0,8.0,0.0,0.0,0.0,0.0,0.0,0.0,0.0,0.0,0.0,0.0,0.0,0.0,0.0,0.0,0.0,0.0,0.0,0.0,1.0,0.0,3.0,0.0,0.0,0.0,0.0,0.0,0.0,0.0,0.0,0.0,0.0,0.0,0.0,0.0,0.0,0.0,0.0,0.0,0.0,22.0,15.0,0.0,22.0,15.0,0.0,22.0,15.0,0.0,22.0,15.0,0.0,22.0,15.0,0.0,0.0,0.0,0.0,0.0,0.0,0.0,0.0,0.0,0.0,0.0,0.0,0.0,0.0
1272.0,0,1000.0,Sichuan,Limited liability company (sole proprietorship of natural person),1137.0,12.251733,Construction industry,1.0,2.0,0.0,0.0,0.0,2.0,9.0,0.0,,0.0,0.0,0.0,0.0,0.0,0.0,0.0,0.0,0.0,0.0,0.0,0.0,0.0,0.0,0.0,0.0,0.0,0.0,0.0,0.0,0.0,0.0,0.0,0.0,0.0,0.0,0.0,0.0,0.0,0.0,0.0,0.0,0.0,0.0,0.0,0.0,0.0,0.0,0.0,0.0,0.0,0.0,0.0,0.0,2.0,2.0,1.0,2.0,2.0,1.0,2.0,2.0,1.0,2.0,2.0,1.0,2.0,2.0,1.0,0.0,0.0,0.0,0.0,0.0,0.0,0.0,0.0,0.0,0.0,0.0,0.0,0.0
1273.0,0,40000.0,Sichuan,Limited liability company (sole proprietorship of legal person invested or controlled by non natural person),2503.0,600.0,Construction industry,1.0,2.0,4.0,13.0,15.0,3.0,3.0,5.0,,0.0,0.0,0.0,0.0,0.0,0.0,0.0,0.0,0.0,0.0,0.0,0.0,0.0,0.0,0.0,0.0,0.0,0.0,0.0,0.0,0.0,0.0,0.0,0.0,0.0,0.0,0.0,0.0,0.0,0.0,0.0,0.0,0.0,0.0,0.0,0.0,0.0,0.0,0.0,0.0,0.0,0.0,0.0,0.0,32.0,15.0,1.0,32.0,15.0,1.0,32.0,15.0,0.0,32.0,15.0,1.0,32.0,15.0,1.0,0.0,0.0,0.0,0.0,1.0,0.0,0.0,0.0,0.0,0.0,0.0,0.0,0.0
1274.0,0,2000.0,Sichuan,Limited liability company (sole proprietorship of natural person),1391.0,323.13,Construction industry,1.0,2.0,0.0,0.0,0.0,0.0,2.0,4.0,,0.0,0.0,0.0,0.0,0.0,3.0,0.0,0.0,0.0,0.0,0.0,0.0,0.0,0.0,0.0,0.0,0.0,0.0,0.0,0.0,0.0,0.0,0.0,0.0,0.0,0.0,0.0,0.0,0.0,0.0,0.0,0.0,0.0,0.0,0.0,0.0,0.0,0.0,0.0,0.0,0.0,0.0,0.0,0.0,4.0,6.0,3.0,4.0,6.0,3.0,4.0,6.0,3.0,4.0,6.0,3.0,4.0,6.0,3.0,0.0,0.0,0.0,0.0,0.0,0.0,0.0,0.0,0.0,0.0,0.0,0.0,0.0
1275.0,0,5000.0,Sichuan,Limited liability company (Natural person investment or holding),697.0,0.0,Construction industry,3.0,3.0,0.0,0.0,0.0,0.0,4.0,12.0,,0.0,0.0,0.0,0.0,0.0,6.0,0.0,0.0,0.0,0.0,0.0,0.0,0.0,0.0,0.0,0.0,0.0,0.0,0.0,0.0,0.0,0.0,0.0,0.0,0.0,0.0,0.0,0.0,0.0,0.0,0.0,0.0,0.0,0.0,0.0,0.0,0.0,0.0,0.0,0.0,0.0,0.0,0.0,0.0,0.0,0.0,,0.0,0.0,,0.0,0.0,,0.0,0.0,,0.0,0.0,,0.0,0.0,0.0,0.0,0.0,0.0,0.0,0.0,0.0,0.0,0.0,0.0,0.0
1276.0,0,5000.0,Sichuan,Limited liability company (Natural person investment or holding),1078.0,0.0,Construction industry,2.0,2.0,0.0,0.0,0.0,0.0,8.0,8.0,,0.0,0.0,0.0,0.0,0.0,8.0,0.0,0.0,0.0,0.0,0.0,0.0,0.0,0.0,0.0,0.0,0.0,0.0,0.0,0.0,0.0,0.0,0.0,0.0,0.0,0.0,0.0,0.0,0.0,0.0,0.0,0.0,0.0,0.0,0.0,0.0,0.0,0.0,0.0,0.0,0.0,0.0,0.0,0.0,46.0,0.0,0.0,46.0,0.0,0.0,46.0,0.0,0.0,46.0,0.0,0.0,46.0,0.0,0.0,0.0,0.0,0.0,0.0,0.0,0.0,0.0,0.0,0.0,0.0,0.0,0.0,0.0
1277.0,0,1000.0,Sichuan,Limited liability company (sole proprietorship of natural person),1199.0,0.0,Construction industry,1.0,2.0,0.0,0.0,0.0,0.0,24.0,6.0,2.0,0.0,0.0,0.0,0.0,0.0,9.0,0.0,0.0,0.0,0.0,0.0,0.0,0.0,0.0,0.0,0.0,0.0,0.0,0.0,0.0,0.0,0.0,0.0,0.0,0.0,0.0,0.0,0.0,0.0,0.0,0.0,0.0,0.0,0.0,0.0,0.0,0.0,0.0,0.0,0.0,0.0,0.0,0.0,0.0,0.0,0.0,0.0,0.0,0.0,0.0,0.0,0.0,0.0,0.0,0.0,0.0,0.0,0.0,0.0,0.0,0.0,0.0,0.0,0.0,0.0,0.0,0.0,0.0,0.0,0.0,0.0,0.0
1278.0,0,15300.0,Sichuan,Limited liability company (Natural person investment or holding),3449.0,3300.0,Scientific research and technology services,2.0,2.0,39.0,2.0,0.0,1.0,3.0,6.0,1.0,0.0,0.0,0.0,0.0,8.0,0.0,0.0,0.0,0.0,0.0,0.0,0.0,0.0,0.0,0.0,0.0,0.0,0.0,0.0,0.0,0.0,0.0,0.0,0.0,0.0,0.0,0.0,0.0,0.0,0.0,0.0,0.0,0.0,0.0,0.0,0.0,0.0,0.0,3.0,0.0,0.0,0.0,0.0,0.0,12.0,15.0,15.0,12.0,15.0,15.0,12.0,15.0,15.0,12.0,15.0,15.0,12.0,15.0,15.0,0.0,0.0,0.0,0.0,0.0,2.0,0.0,0.0,0.0,0.0,0.0,3.0,1.0
1279.0,0,2016.0,Sichuan,Limited liability company (Natural person investment or holding),2557.0,2016.0,Construction industry,2.0,2.0,15.0,0.0,0.0,0.0,1.0,0.0,,0.0,0.0,0.0,15.0,0.0,3.0,0.0,0.0,0.0,0.0,0.0,0.0,0.0,0.0,0.0,0.0,0.0,0.0,0.0,0.0,1.0,0.0,0.0,0.0,0.0,0.0,0.0,0.0,0.0,0.0,0.0,0.0,0.0,0.0,0.0,0.0,0.0,0.0,0.0,0.0,0.0,0.0,0.0,0.0,24.0,23.0,27.0,24.0,23.0,27.0,24.0,23.0,27.0,24.0,23.0,27.0,24.0,23.0,27.0,0.0,0.0,0.0,1.0,0.0,0.0,0.0,0.0,1.0,1.0,0.0,0.0,1.0
1280.0,0,2000.0,Sichuan,Limited liability company (Natural person investment or holding),1197.0,2000.0,Construction industry,3.0,2.0,0.0,0.0,1.0,4.0,2.0,0.0,4.0,0.0,0.0,0.0,2.0,9.0,0.0,0.0,0.0,0.0,0.0,0.0,1.0,0.0,0.0,0.0,0.0,0.0,0.0,0.0,0.0,0.0,0.0,0.0,0.0,0.0,0.0,0.0,0.0,0.0,0.0,0.0,0.0,0.0,0.0,0.0,0.0,0.0,0.0,0.0,0.0,0.0,0.0,0.0,0.0,32.0,14.0,7.0,32.0,14.0,7.0,27.0,9.0,7.0,32.0,14.0,7.0,32.0,14.0,7.0,0.0,0.0,0.0,0.0,0.0,1.0,0.0,0.0,0.0,0.0,0.0,0.0,0.0
1281.0,0,1700.0,Sichuan,Limited liability company (Natural person investment or holding),1431.0,70.0,Scientific research and technology services,2.0,2.0,0.0,0.0,0.0,0.0,8.0,0.0,1.0,0.0,0.0,0.0,0.0,4.0,0.0,0.0,0.0,0.0,0.0,0.0,0.0,0.0,0.0,0.0,0.0,0.0,0.0,0.0,0.0,0.0,0.0,0.0,0.0,0.0,0.0,0.0,0.0,0.0,0.0,0.0,0.0,0.0,0.0,0.0,0.0,0.0,0.0,0.0,0.0,0.0,0.0,0.0,0.0,3.0,9.0,3.0,3.0,9.0,3.0,3.0,9.0,3.0,3.0,9.0,3.0,3.0,9.0,3.0,0.0,0.0,0.0,0.0,0.0,0.0,0.0,0.0,0.0,0.0,0.0,0.0,0.0
1282.0,0,5180.0,Sichuan,Limited liability company (Natural person investment or holding),3879.0,5180.0,Construction industry,3.0,2.0,21.0,15.0,0.0,3.0,0.0,0.0,,0.0,0.0,0.0,0.0,0.0,0.0,0.0,0.0,0.0,0.0,0.0,0.0,0.0,1.0,0.0,0.0,0.0,0.0,0.0,0.0,0.0,0.0,0.0,0.0,0.0,0.0,0.0,0.0,0.0,0.0,0.0,0.0,0.0,0.0,0.0,0.0,0.0,0.0,0.0,0.0,0.0,0.0,0.0,0.0,11.0,7.0,7.0,11.0,7.0,7.0,11.0,7.0,7.0,11.0,7.0,7.0,11.0,7.0,7.0,0.0,1.0,0.0,0.0,0.0,0.0,3.0,1.0,0.0,0.0,0.0,0.0,0.0
1283.0,0,1000.0,Sichuan,Limited liability company (Natural person investment or holding),734.0,0.0,Construction industry,2.0,2.0,0.0,0.0,0.0,0.0,2.0,10.0,,0.0,0.0,0.0,0.0,10.0,0.0,0.0,0.0,0.0,0.0,0.0,0.0,0.0,0.0,0.0,0.0,0.0,0.0,0.0,0.0,0.0,0.0,0.0,0.0,0.0,0.0,0.0,0.0,0.0,0.0,0.0,0.0,0.0,0.0,0.0,0.0,0.0,0.0,0.0,0.0,0.0,0.0,0.0,0.0,4.0,0.0,,4.0,0.0,,4.0,0.0,,4.0,0.0,,4.0,0.0,,0.0,0.0,0.0,0.0,0.0,0.0,0.0,0.0,0.0,0.0,0.0,0.0,0.0
1284.0,0,3000.0,Sichuan,Limited liability company (Natural person investment or holding),840.0,500.0,Construction industry,3.0,2.0,0.0,0.0,0.0,0.0,6.0,0.0,1.0,0.0,0.0,0.0,0.0,2.0,0.0,0.0,0.0,0.0,0.0,0.0,0.0,0.0,0.0,0.0,0.0,0.0,0.0,0.0,0.0,0.0,0.0,0.0,0.0,0.0,0.0,0.0,0.0,0.0,0.0,0.0,0.0,0.0,0.0,0.0,0.0,0.0,0.0,0.0,0.0,0.0,0.0,0.0,0.0,12.0,22.0,0.0,12.0,22.0,0.0,12.0,22.0,0.0,12.0,22.0,0.0,12.0,22.0,0.0,0.0,0.0,0.0,0.0,0.0,0.0,0.0,0.0,0.0,0.0,0.0,0.0,0.0
1285.0,0,3000.0,Sichuan,Limited liability company (sole proprietorship of natural person),1130.0,161.0,Construction industry,1.0,2.0,0.0,0.0,1.0,12.0,0.0,5.0,,0.0,0.0,0.0,0.0,0.0,0.0,0.0,0.0,0.0,0.0,0.0,0.0,0.0,0.0,0.0,0.0,0.0,0.0,0.0,0.0,0.0,0.0,0.0,0.0,0.0,0.0,0.0,0.0,0.0,0.0,0.0,0.0,0.0,0.0,0.0,0.0,0.0,0.0,0.0,0.0,0.0,0.0,0.0,0.0,8.0,4.0,3.0,8.0,4.0,3.0,6.0,3.0,3.0,8.0,4.0,3.0,8.0,4.0,3.0,0.0,0.0,0.0,0.0,0.0,0.0,0.0,0.0,0.0,0.0,0.0,0.0,0.0
1286.0,0,12000.0,Sichuan,Limited liability company (Natural person investment or holding),2625.0,3000.0,Construction industry,2.0,2.0,9.0,19.0,0.0,5.0,1.0,2.0,5.0,0.0,0.0,0.0,1.0,6.0,2.0,0.0,0.0,0.0,0.0,3.0,0.0,0.0,0.0,0.0,0.0,0.0,0.0,0.0,0.0,1.0,0.0,0.0,0.0,0.0,0.0,0.0,1.0,2.0,0.0,26.0,2.0,0.0,0.0,0.0,0.0,0.0,0.0,0.0,0.0,0.0,0.0,0.0,0.0,173.0,162.0,106.0,173.0,162.0,106.0,173.0,162.0,106.0,173.0,162.0,106.0,173.0,162.0,106.0,0.0,0.0,0.0,0.0,0.0,40.0,0.0,0.0,1.0,2.0,3.0,3.0,0.0
1287.0,0,4000.0,Sichuan,Limited liability company (Natural person investment or holding),5220.0,1000.0,Construction industry,2.0,2.0,35.0,0.0,10.0,6.0,4.0,2.0,,0.0,0.0,0.0,0.0,0.0,25.0,0.0,0.0,0.0,0.0,0.0,0.0,0.0,0.0,0.0,0.0,0.0,0.0,0.0,0.0,0.0,0.0,0.0,0.0,0.0,0.0,0.0,0.0,0.0,0.0,0.0,0.0,0.0,0.0,0.0,0.0,0.0,0.0,0.0,0.0,0.0,0.0,0.0,0.0,21.0,26.0,12.0,21.0,26.0,12.0,21.0,26.0,12.0,21.0,26.0,12.0,21.0,26.0,12.0,0.0,0.0,0.0,0.0,0.0,0.0,0.0,0.0,0.0,0.0,0.0,0.0,0.0
1288.0,0,5000.0,Sichuan,Limited liability company (Natural person investment or holding),2720.0,100.0,Construction industry,2.0,3.0,21.0,8.0,4.0,4.0,4.0,0.0,,0.0,0.0,0.0,0.0,5.0,0.0,0.0,0.0,0.0,0.0,0.0,0.0,0.0,0.0,0.0,0.0,0.0,0.0,0.0,0.0,0.0,0.0,0.0,0.0,0.0,0.0,0.0,0.0,0.0,0.0,0.0,0.0,0.0,0.0,0.0,0.0,0.0,0.0,0.0,0.0,0.0,0.0,0.0,0.0,11.0,9.0,7.0,11.0,9.0,7.0,11.0,9.0,7.0,11.0,9.0,7.0,11.0,9.0,7.0,0.0,0.0,1.0,4.0,3.0,3.0,0.0,0.0,1.0,3.0,1.0,0.0,2.0
1289.0,0,5000.0,Sichuan,Limited liability company (Natural person investment or holding),1645.0,2124.0,Construction industry,2.0,2.0,0.0,0.0,0.0,3.0,2.0,4.0,5.0,0.0,0.0,0.0,0.0,0.0,6.0,0.0,0.0,0.0,0.0,0.0,0.0,0.0,0.0,0.0,0.0,0.0,0.0,0.0,0.0,0.0,0.0,0.0,0.0,0.0,0.0,0.0,0.0,0.0,0.0,0.0,0.0,0.0,0.0,0.0,0.0,0.0,0.0,0.0,0.0,0.0,0.0,0.0,0.0,23.0,24.0,30.0,23.0,24.0,30.0,23.0,24.0,30.0,23.0,24.0,30.0,23.0,24.0,30.0,0.0,0.0,0.0,0.0,3.0,1.0,0.0,0.0,0.0,0.0,0.0,1.0,0.0
1290.0,0,680.0,Sichuan,Limited liability company (Natural person investment or holding),1078.0,0.0,Scientific research and technology services,2.0,3.0,0.0,0.0,0.0,0.0,11.0,5.0,,0.0,0.0,0.0,0.0,4.0,0.0,0.0,0.0,0.0,0.0,0.0,0.0,0.0,0.0,0.0,0.0,0.0,0.0,0.0,0.0,0.0,0.0,0.0,0.0,0.0,0.0,0.0,0.0,0.0,0.0,0.0,0.0,0.0,0.0,0.0,0.0,0.0,0.0,0.0,0.0,0.0,0.0,0.0,0.0,6.0,2.0,0.0,6.0,2.0,0.0,6.0,2.0,0.0,6.0,2.0,0.0,6.0,2.0,0.0,0.0,0.0,0.0,0.0,0.0,0.0,0.0,0.0,0.0,0.0,0.0,0.0,0.0
1291.0,0,5600.0,Sichuan,Limited liability company (Natural person investment or holding),2395.0,1150.0,Construction industry,2.0,2.0,5.0,0.0,0.0,3.0,0.0,0.0,3.0,0.0,0.0,0.0,0.0,10.0,0.0,0.0,0.0,0.0,0.0,0.0,0.0,0.0,0.0,0.0,0.0,0.0,0.0,0.0,0.0,0.0,0.0,0.0,0.0,0.0,0.0,0.0,0.0,0.0,0.0,0.0,0.0,0.0,0.0,0.0,0.0,0.0,0.0,0.0,0.0,0.0,0.0,0.0,0.0,10.0,8.0,5.0,10.0,8.0,5.0,10.0,8.0,5.0,10.0,8.0,5.0,10.0,8.0,5.0,0.0,0.0,0.0,0.0,0.0,1.0,0.0,0.0,0.0,0.0,0.0,1.0,1.0
1292.0,0,3000.0,Sichuan,Limited liability company (Natural person investment or holding),1288.0,1000.0,Scientific research and technology services,2.0,2.0,0.0,0.0,0.0,0.0,5.0,10.0,,0.0,0.0,0.0,0.0,0.0,0.0,0.0,0.0,0.0,0.0,0.0,0.0,0.0,0.0,0.0,0.0,0.0,0.0,0.0,0.0,0.0,0.0,0.0,0.0,0.0,0.0,0.0,0.0,0.0,0.0,0.0,0.0,0.0,0.0,0.0,0.0,0.0,0.0,0.0,0.0,0.0,0.0,0.0,0.0,0.0,0.0,0.0,0.0,0.0,0.0,0.0,0.0,0.0,0.0,0.0,0.0,0.0,0.0,0.0,0.0,0.0,0.0,0.0,0.0,0.0,0.0,0.0,0.0,0.0,0.0,0.0,0.0
1293.0,0,2000.0,Sichuan,Limited liability company (Natural person investment or holding),1280.0,0.0,Construction industry,3.0,3.0,0.0,0.0,0.0,6.0,0.0,2.0,,0.0,0.0,0.0,4.0,0.0,0.0,0.0,0.0,0.0,0.0,0.0,0.0,0.0,0.0,0.0,0.0,0.0,0.0,0.0,0.0,0.0,0.0,0.0,0.0,1.0,0.0,0.0,0.0,0.0,0.0,0.0,0.0,0.0,0.0,0.0,0.0,0.0,0.0,0.0,0.0,0.0,0.0,0.0,0.0,14.0,5.0,0.0,14.0,5.0,0.0,14.0,5.0,0.0,14.0,5.0,0.0,14.0,5.0,0.0,0.0,0.0,0.0,0.0,0.0,0.0,0.0,0.0,0.0,0.0,0.0,0.0,0.0
1294.0,0,5000.0,Sichuan,Limited liability company (Natural person investment or holding),1470.0,2405.0,Construction industry,4.0,3.0,0.0,0.0,1.0,0.0,1.0,2.0,,0.0,0.0,0.0,0.0,0.0,0.0,0.0,0.0,0.0,0.0,0.0,0.0,0.0,0.0,0.0,0.0,0.0,0.0,0.0,0.0,0.0,0.0,0.0,0.0,0.0,0.0,0.0,0.0,0.0,0.0,0.0,0.0,0.0,0.0,0.0,0.0,0.0,0.0,0.0,0.0,0.0,0.0,0.0,0.0,6.0,4.0,0.0,6.0,4.0,0.0,6.0,4.0,0.0,6.0,4.0,0.0,6.0,4.0,0.0,0.0,0.0,0.0,0.0,0.0,0.0,0.0,0.0,0.0,0.0,0.0,0.0,0.0
1295.0,0,6800.0,Sichuan,Limited liability company (Natural person investment or holding),1615.0,1000.0,Construction industry,2.0,2.0,0.0,0.0,7.0,4.0,0.0,9.0,,0.0,0.0,0.0,0.0,0.0,9.0,0.0,0.0,0.0,0.0,0.0,0.0,0.0,0.0,0.0,0.0,0.0,0.0,0.0,0.0,0.0,0.0,0.0,0.0,0.0,0.0,0.0,0.0,0.0,0.0,0.0,0.0,0.0,0.0,0.0,0.0,0.0,0.0,0.0,0.0,0.0,0.0,0.0,0.0,7.0,10.0,11.0,7.0,10.0,11.0,7.0,10.0,11.0,7.0,10.0,11.0,7.0,10.0,11.0,0.0,0.0,0.0,0.0,0.0,4.0,0.0,0.0,0.0,0.0,0.0,3.0,0.0
1296.0,0,4000.0,Sichuan,Limited liability company (sole proprietorship of natural person),2362.0,0.1,Construction industry,1.0,2.0,0.0,3.0,0.0,6.0,5.0,9.0,1.0,0.0,0.0,0.0,0.0,0.0,0.0,0.0,0.0,0.0,0.0,1.0,0.0,0.0,0.0,0.0,0.0,0.0,0.0,0.0,0.0,0.0,0.0,0.0,0.0,0.0,0.0,0.0,0.0,0.0,0.0,0.0,0.0,0.0,0.0,0.0,0.0,0.0,0.0,0.0,0.0,0.0,0.0,0.0,0.0,17.0,14.0,14.0,17.0,14.0,14.0,17.0,14.0,14.0,17.0,14.0,14.0,17.0,14.0,14.0,0.0,0.0,0.0,0.0,2.0,0.0,0.0,0.0,0.0,0.0,0.0,0.0,0.0
1297.0,0,4900.0,Sichuan,Limited liability company (Natural person investment or holding),1512.0,4900.0,Construction industry,5.0,2.0,0.0,0.0,7.0,6.0,1.0,3.0,2.0,0.0,0.0,0.0,0.0,0.0,40.0,0.0,0.0,0.0,0.0,0.0,0.0,0.0,0.0,0.0,0.0,0.0,0.0,0.0,0.0,0.0,0.0,0.0,0.0,0.0,0.0,0.0,0.0,0.0,0.0,0.0,0.0,0.0,0.0,0.0,0.0,0.0,0.0,0.0,0.0,0.0,0.0,0.0,0.0,37.0,13.0,0.0,7.0,0.0,0.0,7.0,7.0,0.0,37.0,13.0,0.0,7.0,0.0,0.0,0.0,0.0,0.0,0.0,0.0,0.0,0.0,0.0,0.0,0.0,0.0,0.0,0.0
1298.0,0,5000.0,Sichuan,Limited liability company (Natural person investment or holding),2881.0,500.0,Construction industry,2.0,2.0,0.0,0.0,0.0,3.0,5.0,5.0,,0.0,0.0,0.0,0.0,1.0,8.0,0.0,0.0,0.0,0.0,0.0,0.0,0.0,0.0,0.0,0.0,0.0,0.0,0.0,0.0,0.0,0.0,0.0,0.0,0.0,0.0,0.0,0.0,0.0,0.0,0.0,0.0,0.0,0.0,0.0,0.0,0.0,0.0,0.0,0.0,0.0,0.0,0.0,0.0,12.0,9.0,4.0,12.0,9.0,4.0,12.0,9.0,4.0,12.0,9.0,4.0,12.0,9.0,4.0,0.0,0.0,0.0,0.0,0.0,0.0,0.0,0.0,0.0,0.0,0.0,0.0,0.0
1299.0,0,1100.0,Sichuan,Limited liability company (Natural person investment or holding),1296.0,1100.0,Construction industry,2.0,3.0,0.0,0.0,0.0,1.0,1.0,0.0,2.0,0.0,0.0,0.0,0.0,0.0,0.0,0.0,0.0,0.0,0.0,0.0,0.0,0.0,0.0,0.0,0.0,0.0,0.0,0.0,0.0,0.0,0.0,0.0,0.0,0.0,0.0,0.0,0.0,0.0,0.0,0.0,0.0,0.0,0.0,0.0,0.0,0.0,0.0,0.0,0.0,0.0,0.0,0.0,0.0,23.0,24.0,6.0,23.0,24.0,6.0,23.0,24.0,6.0,23.0,24.0,6.0,23.0,24.0,6.0,0.0,0.0,0.0,0.0,0.0,0.0,0.0,0.0,0.0,0.0,0.0,0.0,0.0
1300.0,0,4100.0,Sichuan,Limited liability company (Natural person investment or holding),2720.0,4100.0,Construction industry,2.0,2.0,16.0,0.0,0.0,0.0,0.0,0.0,,0.0,7.0,0.0,0.0,0.0,0.0,0.0,0.0,0.0,0.0,0.0,0.0,0.0,0.0,0.0,0.0,0.0,0.0,0.0,0.0,0.0,0.0,0.0,0.0,0.0,0.0,0.0,0.0,0.0,0.0,0.0,0.0,0.0,0.0,0.0,0.0,0.0,0.0,0.0,0.0,0.0,0.0,0.0,0.0,27.0,27.0,31.0,27.0,27.0,31.0,27.0,27.0,31.0,27.0,27.0,31.0,27.0,27.0,31.0,0.0,0.0,0.0,0.0,0.0,0.0,0.0,0.0,0.0,0.0,0.0,0.0,1.0
1301.0,0,5018.0,Sichuan,Limited liability company (Natural person investment or holding),4585.0,2100.0,"Residential services, repair and other services",3.0,2.0,45.0,11.0,15.0,3.0,0.0,5.0,14.0,0.0,0.0,3.0,0.0,0.0,0.0,0.0,0.0,0.0,0.0,0.0,0.0,0.0,0.0,0.0,0.0,0.0,0.0,0.0,0.0,0.0,0.0,0.0,0.0,0.0,0.0,0.0,0.0,0.0,0.0,0.0,0.0,0.0,0.0,0.0,0.0,0.0,0.0,0.0,0.0,0.0,0.0,0.0,0.0,103.0,86.0,69.0,103.0,86.0,69.0,103.0,86.0,69.0,103.0,86.0,69.0,103.0,86.0,69.0,0.0,0.0,0.0,0.0,0.0,63.0,0.0,0.0,1.0,20.0,8.0,9.0,2.0
1302.0,0,4000.0,Sichuan,Limited liability company (sole proprietorship of natural person),2659.0,1000.0,Construction industry,1.0,3.0,1.0,10.0,5.0,8.0,11.0,0.0,18.0,0.0,0.0,0.0,0.0,0.0,4.0,0.0,0.0,0.0,0.0,0.0,0.0,0.0,0.0,0.0,0.0,0.0,0.0,0.0,0.0,0.0,0.0,0.0,0.0,3.0,0.0,0.0,0.0,0.0,0.0,0.0,0.0,0.0,0.0,0.0,0.0,0.0,0.0,0.0,0.0,0.0,0.0,0.0,0.0,17.0,6.0,11.0,17.0,6.0,0.0,17.0,6.0,0.0,17.0,6.0,11.0,17.0,6.0,11.0,0.0,0.0,0.0,0.0,2.0,2.0,0.0,0.0,0.0,0.0,2.0,1.0,0.0
1303.0,0,1000.0,Sichuan,Limited liability company (sole proprietorship of natural person),742.0,1000.0,Wholesale and retail,1.0,2.0,0.0,0.0,0.0,0.0,7.0,2.0,3.0,0.0,0.0,0.0,0.0,0.0,0.0,0.0,0.0,0.0,0.0,0.0,0.0,0.0,0.0,0.0,0.0,0.0,0.0,0.0,0.0,0.0,0.0,0.0,0.0,0.0,0.0,0.0,0.0,0.0,0.0,0.0,0.0,0.0,0.0,0.0,0.0,0.0,0.0,0.0,0.0,0.0,0.0,0.0,0.0,3.0,0.0,,3.0,0.0,,3.0,0.0,,3.0,0.0,,3.0,0.0,,0.0,0.0,0.0,0.0,0.0,0.0,0.0,0.0,0.0,0.0,0.0,0.0,0.0
1304.0,0,4000.0,Sichuan,Limited liability company (Natural person investment or holding),1394.0,4000.0,Construction industry,4.0,2.0,0.0,0.0,0.0,2.0,0.0,3.0,,0.0,0.0,0.0,0.0,0.0,0.0,0.0,0.0,0.0,0.0,0.0,0.0,0.0,0.0,0.0,0.0,0.0,0.0,0.0,0.0,0.0,0.0,0.0,0.0,0.0,1.0,0.0,0.0,0.0,0.0,0.0,0.0,0.0,0.0,0.0,0.0,0.0,0.0,0.0,0.0,0.0,0.0,0.0,0.0,29.0,23.0,26.0,29.0,23.0,26.0,29.0,23.0,26.0,29.0,23.0,26.0,29.0,23.0,26.0,0.0,0.0,0.0,0.0,0.0,0.0,0.0,0.0,0.0,0.0,0.0,0.0,2.0
1305.0,0,1000.0,Sichuan,Limited liability company (Natural person investment or holding),2354.0,880.0,Construction industry,2.0,2.0,0.0,7.0,4.0,2.0,0.0,0.0,1.0,0.0,0.0,0.0,0.0,0.0,0.0,0.0,0.0,0.0,0.0,0.0,0.0,0.0,0.0,0.0,0.0,0.0,0.0,0.0,1.0,0.0,0.0,0.0,0.0,0.0,0.0,0.0,0.0,0.0,0.0,0.0,0.0,0.0,0.0,0.0,0.0,0.0,0.0,0.0,0.0,0.0,0.0,0.0,0.0,18.0,33.0,27.0,18.0,33.0,27.0,18.0,33.0,27.0,18.0,33.0,27.0,18.0,33.0,27.0,0.0,0.0,0.0,0.0,0.0,0.0,0.0,0.0,0.0,0.0,0.0,0.0,2.0
1306.0,0,3000.0,Sichuan,Limited liability company (Natural person investment or holding),891.0,0.0,Construction industry,3.0,2.0,0.0,0.0,0.0,0.0,7.0,0.0,,0.0,0.0,0.0,0.0,0.0,0.0,0.0,0.0,0.0,0.0,0.0,0.0,0.0,0.0,0.0,0.0,0.0,0.0,0.0,0.0,0.0,0.0,0.0,0.0,0.0,0.0,0.0,0.0,0.0,0.0,0.0,0.0,0.0,0.0,0.0,0.0,0.0,0.0,0.0,0.0,0.0,0.0,0.0,0.0,1.0,0.0,0.0,1.0,0.0,0.0,1.0,0.0,0.0,1.0,0.0,0.0,1.0,0.0,0.0,0.0,0.0,0.0,0.0,0.0,0.0,0.0,0.0,0.0,0.0,0.0,0.0,0.0
1307.0,0,4001.0,Sichuan,Limited liability company (Natural person investment or holding),917.0,0.0,Construction industry,2.0,2.0,0.0,0.0,0.0,2.0,0.0,7.0,1.0,0.0,0.0,0.0,0.0,0.0,26.0,0.0,0.0,0.0,0.0,0.0,0.0,0.0,0.0,0.0,0.0,0.0,0.0,0.0,0.0,0.0,0.0,0.0,0.0,0.0,0.0,0.0,0.0,0.0,0.0,0.0,0.0,0.0,0.0,0.0,0.0,0.0,0.0,0.0,0.0,0.0,0.0,0.0,0.0,0.0,0.0,0.0,0.0,0.0,0.0,0.0,0.0,0.0,0.0,0.0,0.0,0.0,0.0,0.0,0.0,0.0,0.0,0.0,0.0,0.0,0.0,0.0,0.0,0.0,0.0,0.0,0.0
1308.0,0,13140.0,Sichuan,Other limited liability companies,1180.0,0.0,Construction industry,2.0,2.0,0.0,0.0,0.0,1.0,1.0,1.0,1.0,0.0,0.0,0.0,0.0,0.0,0.0,0.0,0.0,0.0,0.0,0.0,0.0,0.0,0.0,0.0,0.0,0.0,0.0,0.0,0.0,0.0,0.0,0.0,0.0,0.0,0.0,0.0,0.0,0.0,0.0,0.0,0.0,0.0,0.0,0.0,0.0,0.0,0.0,0.0,0.0,0.0,0.0,0.0,0.0,8.0,7.0,1.0,8.0,7.0,1.0,8.0,7.0,1.0,8.0,7.0,1.0,8.0,7.0,1.0,0.0,0.0,0.0,0.0,0.0,0.0,0.0,0.0,0.0,0.0,0.0,0.0,0.0
1309.0,0,8800.0,Sichuan,Limited liability company (Natural person investment or holding),987.0,1770.0,Construction industry,3.0,2.0,0.0,0.0,0.0,5.0,11.0,0.0,,0.0,0.0,0.0,6.0,7.0,0.0,0.0,0.0,0.0,0.0,0.0,1.0,0.0,0.0,0.0,0.0,0.0,1.0,0.0,0.0,0.0,0.0,0.0,0.0,0.0,0.0,0.0,0.0,0.0,0.0,0.0,0.0,0.0,0.0,0.0,0.0,0.0,0.0,0.0,0.0,0.0,0.0,0.0,0.0,4.0,0.0,0.0,4.0,0.0,0.0,4.0,0.0,0.0,4.0,0.0,0.0,4.0,0.0,0.0,0.0,0.0,0.0,0.0,0.0,0.0,0.0,0.0,0.0,0.0,0.0,2.0,1.0
1310.0,0,5000.0,Sichuan,Limited liability company (Natural person investment or holding),2297.0,5000.0,Wholesale and retail,2.0,3.0,2.0,3.0,5.0,0.0,7.0,2.0,1.0,0.0,0.0,0.0,0.0,2.0,1.0,0.0,0.0,0.0,0.0,0.0,0.0,0.0,0.0,0.0,0.0,0.0,0.0,0.0,0.0,0.0,0.0,0.0,0.0,0.0,0.0,0.0,0.0,0.0,0.0,0.0,0.0,0.0,0.0,0.0,0.0,0.0,0.0,0.0,0.0,0.0,0.0,10.0,12.0,79.0,22.0,18.0,79.0,22.0,18.0,79.0,22.0,18.0,79.0,22.0,18.0,79.0,22.0,18.0,0.0,0.0,0.0,0.0,7.0,0.0,0.0,0.0,0.0,0.0,5.0,1.0,1.0
1311.0,1,1080.0,Sichuan,Limited liability company (sole proprietorship of natural person),707.0,0.0,Construction industry,1.0,2.0,0.0,0.0,0.0,0.0,4.0,0.0,,0.0,0.0,0.0,0.0,0.0,0.0,0.0,0.0,0.0,0.0,0.0,0.0,0.0,0.0,0.0,0.0,0.0,0.0,0.0,0.0,0.0,0.0,0.0,0.0,0.0,0.0,0.0,0.0,0.0,0.0,0.0,0.0,0.0,0.0,0.0,0.0,0.0,0.0,0.0,0.0,0.0,0.0,0.0,0.0,14.0,8.0,,14.0,8.0,,14.0,8.0,,14.0,8.0,,14.0,8.0,,0.0,0.0,0.0,0.0,0.0,0.0,0.0,0.0,0.0,0.0,0.0,0.0,0.0
1312.0,0,1000.0,Shandong,Limited liability company (wholly state-owned),5434.0,0.0,Construction industry,1.0,8.0,6.0,0.0,0.0,0.0,7.0,2.0,,0.0,0.0,0.0,0.0,0.0,1.0,0.0,0.0,0.0,0.0,0.0,0.0,0.0,0.0,0.0,0.0,0.0,0.0,0.0,0.0,0.0,0.0,0.0,0.0,0.0,0.0,0.0,0.0,0.0,0.0,0.0,0.0,0.0,0.0,0.0,0.0,0.0,0.0,0.0,0.0,0.0,0.0,0.0,0.0,17.0,17.0,18.0,0.0,0.0,0.0,17.0,17.0,18.0,17.0,17.0,18.0,0.0,0.0,0.0,0.0,0.0,0.0,0.0,0.0,0.0,0.0,0.0,0.0,0.0,0.0,0.0,0.0
1313.0,1,200.0,Hunan,Other limited liability companies,3711.0,400.0,Construction industry,3.0,2.0,0.0,5.0,1.0,1.0,0.0,3.0,,0.0,0.0,0.0,0.0,0.0,0.0,0.0,0.0,0.0,0.0,0.0,0.0,0.0,0.0,0.0,0.0,0.0,0.0,0.0,0.0,0.0,1.0,0.0,0.0,0.0,0.0,0.0,0.0,0.0,1.0,1.0,0.0,0.0,0.0,0.0,0.0,0.0,0.0,0.0,0.0,0.0,0.0,6.0,0.0,11.0,12.0,27.0,11.0,12.0,27.0,11.0,12.0,27.0,11.0,12.0,27.0,11.0,12.0,27.0,0.0,0.0,0.0,0.0,0.0,0.0,0.0,0.0,0.0,0.0,0.0,0.0,0.0
1314.0,0,1000.0,Anhui,Limited liability company (sole proprietorship of natural person),1453.0,1000.0,Construction industry,1.0,3.0,0.0,0.0,0.0,2.0,0.0,0.0,2.0,0.0,0.0,10.0,0.0,0.0,0.0,0.0,0.0,0.0,0.0,1.0,0.0,0.0,0.0,0.0,0.0,0.0,0.0,0.0,0.0,0.0,0.0,0.0,0.0,0.0,0.0,0.0,0.0,0.0,0.0,0.0,0.0,0.0,0.0,0.0,0.0,0.0,0.0,0.0,0.0,0.0,0.0,0.0,0.0,0.0,8.0,0.0,0.0,0.0,0.0,0.0,8.0,0.0,0.0,0.0,0.0,0.0,0.0,0.0,0.0,0.0,0.0,0.0,1.0,2.0,0.0,0.0,1.0,0.0,1.0,0.0,0.0
1315.0,1,4500.0,Anhui,Limited liability company (sole proprietorship of natural person),1256.0,4500.0,Construction industry,1.0,2.0,0.0,0.0,2.0,9.0,10.0,6.0,1.0,0.0,0.0,4.0,2.0,0.0,1.0,0.0,0.0,0.0,0.0,0.0,0.0,0.0,0.0,0.0,0.0,0.0,0.0,0.0,0.0,0.0,0.0,0.0,0.0,0.0,0.0,0.0,0.0,0.0,0.0,0.0,0.0,0.0,0.0,0.0,0.0,0.0,0.0,0.0,0.0,0.0,0.0,0.0,0.0,13.0,13.0,0.0,13.0,13.0,0.0,13.0,13.0,0.0,13.0,13.0,0.0,13.0,13.0,0.0,0.0,0.0,0.0,0.0,0.0,0.0,0.0,0.0,0.0,0.0,0.0,0.0,0.0
1316.0,0,2000.0,Jiangxi,Limited liability company (Natural person investment or holding),6251.0,2000.0,Construction industry,2.0,1.0,0.0,1.0,0.0,0.0,1.0,1.0,1.0,0.0,0.0,0.0,0.0,0.0,0.0,2.0,0.0,0.0,0.0,0.0,1.0,0.0,0.0,0.0,0.0,0.0,0.0,0.0,0.0,0.0,0.0,0.0,0.0,0.0,0.0,0.0,0.0,0.0,0.0,0.0,0.0,0.0,0.0,0.0,0.0,0.0,0.0,0.0,0.0,0.0,0.0,0.0,0.0,7.0,3.0,10.0,0.0,0.0,0.0,0.0,0.0,24.0,0.0,0.0,10.0,0.0,0.0,0.0,0.0,0.0,1.0,0.0,2.0,2.0,0.0,0.0,3.0,1.0,1.0,3.0,0.0
1317.0,0,2000.0,Sichuan,Limited liability company (Natural person investment or holding),5482.0,2000.0,Construction industry,2.0,2.0,29.0,0.0,3.0,6.0,0.0,0.0,,0.0,0.0,0.0,2.0,8.0,0.0,1.0,0.0,0.0,0.0,0.0,0.0,0.0,0.0,0.0,0.0,0.0,0.0,0.0,0.0,0.0,0.0,0.0,0.0,0.0,0.0,0.0,0.0,0.0,0.0,0.0,0.0,0.0,0.0,0.0,0.0,0.0,0.0,0.0,0.0,0.0,0.0,0.0,0.0,27.0,17.0,15.0,27.0,17.0,15.0,27.0,17.0,15.0,27.0,17.0,15.0,27.0,17.0,15.0,0.0,0.0,0.0,0.0,0.0,0.0,1.0,0.0,0.0,0.0,0.0,0.0,1.0
1318.0,0,2000.0,Shandong,Limited liability company (sole proprietorship of natural person),1668.0,458.85,Construction industry,1.0,2.0,0.0,0.0,10.0,0.0,0.0,0.0,2.0,0.0,0.0,0.0,0.0,3.0,1.0,0.0,0.0,0.0,0.0,0.0,0.0,0.0,0.0,0.0,0.0,0.0,0.0,0.0,0.0,0.0,1.0,0.0,0.0,0.0,0.0,0.0,0.0,0.0,0.0,0.0,0.0,0.0,0.0,0.0,0.0,0.0,0.0,0.0,0.0,0.0,0.0,0.0,0.0,30.0,30.0,21.0,30.0,30.0,21.0,30.0,30.0,21.0,30.0,30.0,21.0,30.0,30.0,21.0,0.0,0.0,0.0,0.0,0.0,0.0,0.0,0.0,0.0,0.0,0.0,0.0,2.0
1319.0,0,5000.0,Sichuan,Limited liability company (sole proprietorship of natural person),1598.0,0.0,Construction industry,1.0,2.0,0.0,0.0,0.0,6.0,7.0,13.0,,0.0,0.0,0.0,0.0,0.0,11.0,0.0,0.0,0.0,0.0,0.0,0.0,0.0,0.0,0.0,0.0,0.0,0.0,0.0,0.0,0.0,0.0,0.0,0.0,0.0,2.0,0.0,0.0,0.0,0.0,0.0,0.0,0.0,0.0,0.0,0.0,0.0,0.0,0.0,0.0,0.0,0.0,0.0,0.0,43.0,48.0,1.0,43.0,48.0,1.0,43.0,48.0,1.0,43.0,48.0,1.0,43.0,48.0,1.0,0.0,0.0,0.0,0.0,1.0,0.0,0.0,0.0,0.0,0.0,0.0,0.0,0.0
1320.0,0,6032.0,Shandong,Limited liability company (wholly state-owned),10139.0,3408.0,"Water conservancy, environment and public facilities management",1.0,8.0,2.0,0.0,1.0,0.0,2.0,0.0,1.0,0.0,0.0,0.0,0.0,0.0,0.0,1.0,0.0,0.0,0.0,0.0,0.0,0.0,0.0,0.0,0.0,0.0,0.0,0.0,0.0,0.0,0.0,0.0,0.0,1.0,0.0,0.0,0.0,0.0,0.0,0.0,1.0,0.0,0.0,0.0,0.0,0.0,0.0,0.0,0.0,0.0,0.0,0.0,0.0,56.0,54.0,51.0,56.0,54.0,51.0,56.0,54.0,51.0,56.0,54.0,51.0,25.0,28.0,51.0,0.0,0.0,1.0,2.0,1.0,4.0,0.0,0.0,1.0,1.0,1.0,1.0,2.0
1321.0,0,2480.0,Tianjin,Limited liability company (sole proprietorship of natural person),1745.0,0.0,Construction industry,1.0,2.0,0.0,0.0,0.0,0.0,0.0,0.0,,0.0,0.0,0.0,0.0,0.0,0.0,0.0,0.0,0.0,0.0,0.0,0.0,0.0,0.0,0.0,0.0,0.0,0.0,0.0,0.0,0.0,1.0,0.0,0.0,0.0,0.0,0.0,0.0,0.0,0.0,0.0,0.0,0.0,0.0,0.0,0.0,0.0,0.0,0.0,0.0,0.0,0.0,0.0,0.0,6.0,5.0,3.0,6.0,5.0,3.0,6.0,5.0,3.0,6.0,5.0,3.0,6.0,5.0,3.0,0.0,0.0,0.0,0.0,0.0,1.0,0.0,0.0,0.0,0.0,0.0,1.0,0.0
1322.0,0,11600.0,Tianjin,Limited liability company,3762.0,3100.0,Construction industry,3.0,2.0,11.0,0.0,12.0,0.0,0.0,0.0,,0.0,0.0,0.0,0.0,0.0,0.0,0.0,0.0,1.0,0.0,0.0,0.0,0.0,0.0,0.0,0.0,0.0,0.0,0.0,0.0,0.0,0.0,0.0,0.0,0.0,0.0,0.0,0.0,0.0,0.0,0.0,0.0,0.0,0.0,0.0,0.0,0.0,0.0,0.0,0.0,0.0,0.0,0.0,0.0,42.0,50.0,0.0,42.0,50.0,0.0,42.0,50.0,0.0,42.0,50.0,0.0,42.0,50.0,0.0,0.0,0.0,0.0,3.0,8.0,15.0,0.0,4.0,1.0,3.0,5.0,3.0,3.0
1323.0,0,1000.0,Tianjin,Limited liability company (sole proprietorship of natural person),3182.0,1000.0,Construction industry,1.0,2.0,3.0,7.0,6.0,10.0,2.0,0.0,,0.0,0.0,0.0,0.0,0.0,0.0,0.0,0.0,0.0,0.0,0.0,0.0,0.0,0.0,0.0,0.0,0.0,0.0,0.0,0.0,0.0,0.0,0.0,0.0,0.0,0.0,0.0,0.0,0.0,0.0,0.0,0.0,0.0,0.0,0.0,0.0,0.0,0.0,0.0,0.0,0.0,0.0,0.0,0.0,28.0,23.0,15.0,28.0,23.0,15.0,28.0,23.0,15.0,28.0,23.0,15.0,28.0,23.0,15.0,0.0,0.0,0.0,0.0,0.0,3.0,0.0,0.0,0.0,0.0,0.0,3.0,1.0
1324.0,0,1000.0,Tianjin,Limited liability company,2467.0,113.5,Scientific research and technology services,2.0,2.0,1.0,0.0,2.0,1.0,1.0,0.0,,0.0,0.0,0.0,0.0,1.0,1.0,0.0,0.0,0.0,0.0,0.0,0.0,0.0,0.0,0.0,0.0,0.0,0.0,0.0,0.0,0.0,0.0,0.0,3.0,0.0,0.0,0.0,0.0,0.0,3.0,1.0,12.0,0.0,0.0,0.0,0.0,0.0,0.0,0.0,0.0,0.0,0.0,2.0,0.0,8.0,4.0,3.0,8.0,4.0,3.0,8.0,4.0,3.0,8.0,4.0,3.0,8.0,4.0,3.0,0.0,0.0,0.0,0.0,0.0,0.0,0.0,0.0,0.0,0.0,0.0,0.0,2.0
1325.0,0,1000.0,Tianjin,Limited liability company (sole proprietorship of natural person),2128.0,200.0,Construction industry,1.0,2.0,0.0,0.0,3.0,4.0,5.0,7.0,,0.0,0.0,0.0,0.0,0.0,0.0,0.0,0.0,0.0,0.0,0.0,0.0,0.0,0.0,0.0,0.0,0.0,0.0,0.0,0.0,0.0,0.0,0.0,0.0,0.0,0.0,0.0,0.0,0.0,0.0,0.0,0.0,0.0,0.0,0.0,0.0,0.0,0.0,0.0,0.0,0.0,0.0,0.0,6.0,0.0,0.0,0.0,0.0,0.0,0.0,0.0,0.0,0.0,0.0,0.0,0.0,0.0,0.0,0.0,0.0,0.0,0.0,0.0,0.0,0.0,0.0,0.0,0.0,0.0,0.0,0.0,0.0
1326.0,0,5000.0,Tianjin,Limited liability company (sole proprietorship of natural person),1961.0,3346.28,Wholesale and retail,1.0,2.0,2.0,2.0,0.0,0.0,0.0,0.0,1.0,0.0,0.0,0.0,0.0,0.0,3.0,0.0,0.0,0.0,0.0,0.0,0.0,0.0,0.0,0.0,0.0,0.0,0.0,0.0,0.0,0.0,0.0,0.0,0.0,0.0,0.0,0.0,0.0,0.0,0.0,0.0,0.0,0.0,0.0,0.0,0.0,0.0,0.0,0.0,0.0,0.0,0.0,0.0,0.0,14.0,11.0,9.0,14.0,11.0,9.0,14.0,11.0,9.0,14.0,11.0,9.0,14.0,11.0,9.0,0.0,0.0,0.0,0.0,3.0,3.0,0.0,0.0,0.0,0.0,1.0,3.0,1.0
1327.0,0,5000.0,Tianjin,Limited liability company (sole proprietorship of natural person),1303.0,5000.0,Construction industry,1.0,2.0,0.0,0.0,2.0,3.0,0.0,7.0,,0.0,0.0,0.0,0.0,0.0,0.0,0.0,0.0,0.0,0.0,0.0,0.0,0.0,0.0,0.0,0.0,0.0,0.0,0.0,0.0,0.0,0.0,0.0,0.0,0.0,0.0,0.0,0.0,0.0,0.0,0.0,0.0,0.0,0.0,0.0,0.0,0.0,0.0,0.0,0.0,0.0,0.0,0.0,0.0,0.0,0.0,0.0,0.0,0.0,0.0,0.0,0.0,0.0,0.0,0.0,0.0,0.0,0.0,0.0,0.0,0.0,0.0,0.0,3.0,3.0,0.0,0.0,0.0,0.0,3.0,1.0,0.0
1328.0,0,2000.0,Tianjin,Limited liability company,960.0,0.0,Construction industry,2.0,2.0,0.0,0.0,0.0,6.0,0.0,4.0,,0.0,0.0,0.0,0.0,8.0,3.0,0.0,0.0,0.0,0.0,0.0,0.0,0.0,0.0,0.0,0.0,0.0,0.0,0.0,0.0,0.0,0.0,0.0,0.0,0.0,0.0,0.0,0.0,0.0,0.0,0.0,0.0,0.0,0.0,0.0,0.0,0.0,0.0,0.0,0.0,0.0,0.0,0.0,0.0,6.0,6.0,,6.0,6.0,,6.0,6.0,,6.0,6.0,,6.0,6.0,,0.0,0.0,0.0,0.0,0.0,0.0,0.0,0.0,0.0,0.0,0.0,0.0,0.0
1329.0,0,1000.0,Tianjin,Limited liability company,2471.0,100.0,Construction industry,2.0,2.0,12.0,2.0,2.0,4.0,0.0,2.0,1.0,0.0,0.0,0.0,0.0,3.0,0.0,0.0,0.0,0.0,0.0,0.0,0.0,0.0,0.0,0.0,0.0,0.0,0.0,0.0,0.0,0.0,0.0,0.0,0.0,0.0,0.0,0.0,0.0,0.0,0.0,0.0,2.0,0.0,0.0,0.0,0.0,0.0,0.0,0.0,0.0,0.0,0.0,16.0,0.0,11.0,11.0,13.0,11.0,11.0,11.0,11.0,11.0,13.0,11.0,11.0,13.0,11.0,11.0,11.0,0.0,0.0,0.0,0.0,0.0,0.0,0.0,0.0,0.0,0.0,0.0,0.0,1.0
1330.0,0,4200.0,Tianjin,Limited liability company (sole proprietorship of natural person),2402.0,4200.0,Construction industry,1.0,2.0,2.0,8.0,0.0,6.0,0.0,2.0,,0.0,0.0,0.0,0.0,0.0,0.0,0.0,0.0,0.0,0.0,0.0,0.0,0.0,0.0,0.0,0.0,0.0,0.0,0.0,0.0,0.0,0.0,0.0,0.0,0.0,0.0,0.0,0.0,0.0,0.0,0.0,0.0,0.0,0.0,0.0,0.0,0.0,0.0,0.0,0.0,0.0,0.0,0.0,0.0,22.0,25.0,9.0,22.0,25.0,9.0,22.0,25.0,9.0,22.0,25.0,9.0,22.0,25.0,9.0,0.0,0.0,0.0,1.0,1.0,0.0,0.0,0.0,0.0,2.0,0.0,0.0,2.0
1331.0,0,5000.0,Tianjin,Limited liability company,2136.0,300.0,Scientific research and technology services,2.0,2.0,24.0,2.0,12.0,2.0,0.0,0.0,,0.0,0.0,0.0,0.0,3.0,0.0,0.0,0.0,0.0,0.0,0.0,0.0,0.0,0.0,0.0,0.0,0.0,0.0,0.0,0.0,0.0,0.0,0.0,0.0,0.0,0.0,0.0,0.0,0.0,0.0,0.0,0.0,0.0,0.0,0.0,0.0,0.0,0.0,0.0,0.0,0.0,15.0,0.0,10.0,224.0,257.0,232.0,224.0,257.0,232.0,224.0,257.0,232.0,224.0,257.0,232.0,224.0,257.0,232.0,0.0,0.0,0.0,0.0,0.0,0.0,0.0,0.0,0.0,0.0,0.0,0.0,1.0
1332.0,1,1500.0,Tianjin,Limited liability company,1316.0,1500.0,Construction industry,2.0,2.0,0.0,0.0,2.0,8.0,4.0,0.0,1.0,0.0,0.0,0.0,0.0,0.0,0.0,0.0,0.0,0.0,0.0,0.0,0.0,0.0,0.0,0.0,0.0,0.0,0.0,0.0,0.0,0.0,0.0,0.0,0.0,0.0,0.0,0.0,0.0,0.0,0.0,0.0,0.0,0.0,0.0,0.0,0.0,0.0,0.0,0.0,0.0,0.0,0.0,0.0,0.0,10.0,18.0,0.0,10.0,18.0,0.0,10.0,18.0,0.0,10.0,18.0,0.0,10.0,18.0,0.0,0.0,0.0,0.0,0.0,0.0,0.0,0.0,0.0,0.0,0.0,0.0,0.0,0.0
1333.0,0,600.0,Tianjin,Limited liability company,1420.0,0.0,Construction industry,2.0,2.0,0.0,0.0,0.0,0.0,0.0,10.0,,0.0,0.0,0.0,0.0,0.0,1.0,0.0,0.0,0.0,0.0,0.0,0.0,0.0,0.0,0.0,0.0,0.0,0.0,0.0,0.0,0.0,0.0,0.0,0.0,0.0,0.0,0.0,0.0,0.0,0.0,0.0,0.0,0.0,0.0,0.0,0.0,0.0,0.0,0.0,0.0,0.0,0.0,0.0,0.0,7.0,5.0,0.0,7.0,5.0,0.0,7.0,5.0,0.0,7.0,5.0,0.0,7.0,5.0,0.0,0.0,0.0,0.0,0.0,0.0,0.0,0.0,0.0,0.0,0.0,0.0,0.0,1.0
1334.0,0,20000.0,Tianjin,Limited liability company,2822.0,1000.0,Construction industry,3.0,2.0,2.0,6.0,2.0,0.0,0.0,3.0,,0.0,0.0,0.0,0.0,0.0,0.0,0.0,0.0,0.0,0.0,0.0,1.0,0.0,0.0,0.0,0.0,0.0,0.0,0.0,0.0,0.0,0.0,0.0,0.0,0.0,0.0,0.0,0.0,0.0,0.0,0.0,0.0,0.0,0.0,0.0,0.0,0.0,0.0,0.0,0.0,0.0,0.0,0.0,0.0,12.0,12.0,12.0,12.0,12.0,12.0,12.0,12.0,12.0,12.0,12.0,12.0,12.0,12.0,12.0,0.0,0.0,0.0,0.0,0.0,1.0,0.0,0.0,0.0,0.0,0.0,0.0,2.0
1335.0,0,1100.0,Tianjin,Limited liability company (sole proprietorship of natural person),4241.0,1100.0,Scientific research and technology services,1.0,2.0,21.0,4.0,4.0,1.0,0.0,0.0,,0.0,0.0,0.0,0.0,0.0,0.0,0.0,0.0,0.0,0.0,0.0,0.0,0.0,0.0,0.0,0.0,0.0,0.0,0.0,0.0,0.0,0.0,0.0,0.0,0.0,0.0,0.0,0.0,0.0,0.0,0.0,0.0,0.0,0.0,0.0,0.0,0.0,0.0,0.0,0.0,0.0,0.0,0.0,0.0,7.0,7.0,7.0,4.0,4.0,4.0,7.0,7.0,7.0,7.0,7.0,7.0,4.0,4.0,4.0,0.0,0.0,0.0,0.0,0.0,0.0,0.0,0.0,0.0,0.0,0.0,0.0,0.0
1336.0,0,500.0,Tianjin,Limited liability company,8104.0,500.0,Manufacturing,4.0,2.0,4.0,0.0,4.0,0.0,2.0,1.0,,0.0,0.0,0.0,0.0,2.0,1.0,0.0,0.0,0.0,0.0,0.0,0.0,0.0,0.0,0.0,0.0,0.0,0.0,0.0,0.0,1.0,0.0,0.0,0.0,0.0,0.0,0.0,0.0,0.0,0.0,0.0,8.0,0.0,0.0,0.0,0.0,0.0,0.0,0.0,0.0,0.0,0.0,8.0,0.0,61.0,46.0,41.0,61.0,46.0,41.0,61.0,46.0,41.0,61.0,46.0,41.0,61.0,46.0,41.0,0.0,0.0,1.0,0.0,2.0,0.0,1.0,0.0,0.0,1.0,1.0,1.0,1.0
1337.0,0,5080.0,Tianjin,Limited liability company (sole proprietorship of natural person),6757.0,5080.0,Wholesale and retail,1.0,2.0,5.0,0.0,0.0,0.0,1.0,0.0,4.0,0.0,0.0,0.0,0.0,0.0,0.0,0.0,0.0,0.0,0.0,0.0,0.0,0.0,0.0,0.0,0.0,0.0,0.0,0.0,0.0,0.0,6.0,0.0,0.0,0.0,6.0,0.0,0.0,0.0,0.0,0.0,0.0,0.0,0.0,0.0,0.0,0.0,0.0,0.0,0.0,0.0,0.0,0.0,0.0,33.0,33.0,36.0,33.0,33.0,36.0,33.0,33.0,36.0,33.0,33.0,36.0,33.0,33.0,36.0,0.0,0.0,0.0,1.0,0.0,2.0,1.0,0.0,0.0,0.0,1.0,1.0,1.0
1338.0,0,12000.0,Tianjin,Limited liability company,3312.0,1000.0,Construction industry,2.0,2.0,1.0,0.0,5.0,2.0,1.0,0.0,,0.0,0.0,0.0,0.0,0.0,3.0,0.0,0.0,0.0,0.0,0.0,0.0,0.0,0.0,0.0,0.0,0.0,0.0,0.0,0.0,0.0,0.0,0.0,0.0,0.0,0.0,0.0,0.0,0.0,0.0,0.0,0.0,0.0,0.0,0.0,0.0,0.0,0.0,0.0,0.0,0.0,0.0,0.0,0.0,34.0,12.0,12.0,34.0,12.0,12.0,34.0,12.0,12.0,34.0,12.0,12.0,34.0,12.0,12.0,0.0,0.0,1.0,1.0,0.0,0.0,0.0,1.0,1.0,0.0,0.0,0.0,0.0
1339.0,0,5000.0,Tianjin,Limited liability company,1558.0,0.0,Construction industry,2.0,2.0,0.0,2.0,1.0,3.0,0.0,2.0,,0.0,0.0,0.0,0.0,0.0,8.0,0.0,0.0,0.0,0.0,0.0,0.0,0.0,0.0,0.0,0.0,0.0,0.0,0.0,0.0,0.0,0.0,0.0,0.0,0.0,0.0,0.0,0.0,0.0,0.0,0.0,0.0,0.0,0.0,0.0,0.0,0.0,0.0,0.0,0.0,0.0,0.0,0.0,0.0,19.0,17.0,11.0,19.0,17.0,11.0,19.0,17.0,11.0,19.0,17.0,11.0,19.0,17.0,11.0,0.0,0.0,0.0,0.0,0.0,1.0,0.0,0.0,0.0,0.0,1.0,0.0,1.0
1340.0,0,5000.0,Tianjin,Limited liability company (sole proprietorship of natural person),1114.0,51.1,Construction industry,1.0,2.0,0.0,0.0,0.0,12.0,1.0,3.0,,0.0,0.0,0.0,0.0,0.0,0.0,0.0,0.0,0.0,0.0,0.0,0.0,0.0,0.0,0.0,0.0,0.0,0.0,0.0,0.0,0.0,0.0,0.0,3.0,0.0,0.0,0.0,0.0,0.0,0.0,0.0,0.0,0.0,0.0,0.0,0.0,0.0,0.0,0.0,0.0,0.0,0.0,0.0,0.0,6.0,10.0,5.0,6.0,10.0,5.0,6.0,10.0,5.0,6.0,10.0,5.0,6.0,10.0,5.0,0.0,0.0,0.0,0.0,0.0,0.0,0.0,0.0,0.0,0.0,0.0,0.0,0.0
1341.0,0,5000.0,Tianjin,Limited liability company,1358.0,0.0,Leasing and business services,2.0,2.0,0.0,0.0,5.0,3.0,0.0,0.0,,0.0,0.0,0.0,0.0,5.0,0.0,0.0,0.0,0.0,0.0,0.0,0.0,0.0,0.0,0.0,0.0,0.0,0.0,1.0,0.0,0.0,0.0,0.0,0.0,0.0,0.0,0.0,0.0,0.0,0.0,0.0,0.0,0.0,0.0,0.0,0.0,0.0,0.0,0.0,0.0,0.0,0.0,0.0,0.0,4.0,22.0,0.0,4.0,22.0,0.0,4.0,22.0,0.0,4.0,22.0,0.0,4.0,22.0,0.0,0.0,0.0,0.0,2.0,0.0,8.0,0.0,0.0,0.0,1.0,0.0,4.0,2.0
1342.0,0,5000.0,Tianjin,Limited liability company,1338.0,0.0,Construction industry,2.0,2.0,0.0,0.0,0.0,2.0,1.0,6.0,,0.0,0.0,0.0,0.0,3.0,3.0,0.0,0.0,0.0,0.0,0.0,1.0,0.0,0.0,0.0,0.0,0.0,0.0,0.0,0.0,0.0,0.0,0.0,0.0,2.0,1.0,0.0,0.0,0.0,0.0,0.0,12.0,0.0,0.0,0.0,0.0,0.0,0.0,0.0,0.0,0.0,0.0,0.0,2.0,13.0,12.0,0.0,13.0,12.0,0.0,13.0,12.0,0.0,13.0,12.0,0.0,13.0,12.0,0.0,0.0,0.0,0.0,0.0,0.0,2.0,0.0,0.0,0.0,0.0,0.0,1.0,1.0
1343.0,0,2000.0,Tianjin,Limited liability company (sole proprietorship of natural person),6316.0,100.0,Scientific research and technology services,1.0,2.0,0.0,0.0,6.0,5.0,2.0,2.0,,0.0,0.0,0.0,0.0,0.0,0.0,0.0,0.0,0.0,0.0,0.0,0.0,0.0,0.0,0.0,0.0,0.0,0.0,0.0,0.0,0.0,0.0,0.0,0.0,0.0,0.0,0.0,0.0,0.0,0.0,0.0,0.0,0.0,0.0,0.0,0.0,0.0,0.0,0.0,0.0,0.0,0.0,0.0,0.0,12.0,6.0,7.0,12.0,6.0,7.0,12.0,6.0,7.0,12.0,6.0,7.0,12.0,6.0,7.0,0.0,0.0,0.0,0.0,0.0,0.0,0.0,0.0,0.0,0.0,0.0,0.0,3.0
1344.0,0,800.0,Tianjin,Limited liability company,7653.0,200.0,Scientific research and technology services,2.0,2.0,9.0,0.0,2.0,0.0,1.0,2.0,1.0,0.0,0.0,1.0,0.0,0.0,0.0,0.0,0.0,0.0,0.0,0.0,0.0,0.0,0.0,0.0,0.0,0.0,0.0,0.0,0.0,0.0,0.0,0.0,0.0,0.0,0.0,0.0,0.0,0.0,0.0,0.0,0.0,0.0,0.0,0.0,0.0,0.0,0.0,0.0,0.0,0.0,0.0,0.0,0.0,23.0,17.0,17.0,23.0,17.0,17.0,23.0,17.0,17.0,23.0,17.0,17.0,23.0,17.0,17.0,0.0,0.0,0.0,0.0,0.0,0.0,0.0,0.0,0.0,0.0,0.0,0.0,0.0
1345.0,0,6000.0,Tianjin,Limited liability company,3693.0,1000.0,Construction industry,2.0,2.0,6.0,3.0,2.0,0.0,0.0,5.0,1.0,0.0,0.0,0.0,0.0,0.0,0.0,0.0,0.0,0.0,0.0,0.0,0.0,0.0,0.0,0.0,0.0,0.0,0.0,0.0,0.0,0.0,0.0,0.0,0.0,0.0,0.0,0.0,0.0,0.0,0.0,0.0,0.0,0.0,0.0,0.0,0.0,0.0,0.0,0.0,0.0,0.0,0.0,0.0,0.0,38.0,35.0,28.0,38.0,35.0,28.0,38.0,35.0,28.0,38.0,35.0,28.0,38.0,35.0,28.0,0.0,0.0,0.0,1.0,2.0,0.0,0.0,0.0,0.0,3.0,1.0,1.0,2.0
1346.0,0,2000.0,Tianjin,Limited liability company,1063.0,1162.0,"Water conservancy, environment and public facilities management",2.0,2.0,0.0,0.0,0.0,0.0,0.0,1.0,,0.0,0.0,0.0,0.0,7.0,3.0,0.0,0.0,0.0,0.0,0.0,0.0,0.0,0.0,0.0,0.0,0.0,0.0,0.0,0.0,0.0,0.0,0.0,0.0,0.0,0.0,0.0,0.0,0.0,0.0,0.0,0.0,0.0,0.0,0.0,0.0,0.0,0.0,0.0,0.0,0.0,0.0,0.0,0.0,9.0,9.0,0.0,9.0,9.0,0.0,9.0,9.0,0.0,9.0,9.0,0.0,9.0,9.0,0.0,0.0,0.0,0.0,0.0,0.0,0.0,0.0,0.0,0.0,0.0,0.0,0.0,0.0
1347.0,0,6000.0,Tianjin,Limited liability company,3337.0,640.0,Construction industry,2.0,2.0,6.0,6.0,0.0,1.0,0.0,0.0,2.0,0.0,0.0,0.0,0.0,2.0,0.0,0.0,0.0,0.0,0.0,0.0,0.0,0.0,0.0,0.0,0.0,0.0,0.0,0.0,0.0,0.0,3.0,0.0,0.0,0.0,0.0,2.0,7.0,0.0,4.0,6.0,0.0,0.0,0.0,1.0,0.0,0.0,0.0,0.0,0.0,0.0,0.0,0.0,0.0,14.0,11.0,0.0,14.0,11.0,0.0,14.0,11.0,0.0,14.0,11.0,0.0,14.0,11.0,0.0,0.0,0.0,1.0,0.0,0.0,6.0,0.0,0.0,0.0,0.0,0.0,1.0,1.0
1348.0,0,5000.0,Tianjin,Limited liability company,8185.0,280.0,Construction industry,2.0,2.0,15.0,4.0,6.0,7.0,0.0,0.0,3.0,0.0,0.0,0.0,0.0,0.0,1.0,0.0,0.0,0.0,0.0,0.0,0.0,0.0,0.0,0.0,0.0,0.0,0.0,0.0,0.0,0.0,0.0,0.0,0.0,0.0,0.0,0.0,0.0,0.0,0.0,0.0,0.0,0.0,0.0,0.0,0.0,0.0,0.0,0.0,0.0,0.0,0.0,0.0,0.0,15.0,22.0,25.0,15.0,22.0,25.0,15.0,22.0,25.0,15.0,22.0,25.0,15.0,22.0,25.0,0.0,0.0,1.0,0.0,2.0,0.0,0.0,0.0,1.0,1.0,0.0,0.0,1.0
1349.0,0,2000.0,Tianjin,Limited liability company,2667.0,1500.0,Construction industry,2.0,2.0,9.0,2.0,0.0,1.0,0.0,0.0,,0.0,0.0,0.0,0.0,0.0,1.0,1.0,0.0,0.0,0.0,0.0,0.0,0.0,0.0,0.0,0.0,0.0,0.0,0.0,1.0,0.0,0.0,0.0,0.0,0.0,0.0,0.0,0.0,0.0,0.0,0.0,15.0,0.0,0.0,0.0,0.0,0.0,0.0,0.0,0.0,0.0,0.0,0.0,0.0,26.0,26.0,37.0,26.0,26.0,37.0,26.0,26.0,37.0,62.0,26.0,37.0,26.0,26.0,37.0,0.0,0.0,6.0,5.0,4.0,8.0,0.0,0.0,0.0,6.0,0.0,1.0,1.0
1350.0,0,4980.0,Tianjin,Limited liability company,4075.0,4980.0,Construction industry,2.0,2.0,4.0,4.0,4.0,0.0,0.0,1.0,,0.0,0.0,0.0,0.0,0.0,0.0,0.0,0.0,0.0,0.0,0.0,0.0,0.0,0.0,0.0,0.0,0.0,0.0,0.0,0.0,0.0,0.0,0.0,0.0,0.0,0.0,0.0,0.0,0.0,0.0,0.0,0.0,0.0,0.0,0.0,0.0,0.0,0.0,0.0,0.0,0.0,0.0,0.0,0.0,81.0,0.0,0.0,81.0,0.0,0.0,81.0,0.0,0.0,81.0,0.0,0.0,81.0,0.0,0.0,0.0,0.0,0.0,2.0,0.0,0.0,0.0,0.0,0.0,0.0,0.0,2.0,5.0
1351.0,0,500.0,Tianjin,Limited liability company,9544.0,500.0,Construction industry,2.0,2.0,11.0,0.0,0.0,0.0,0.0,3.0,,0.0,0.0,0.0,0.0,0.0,0.0,0.0,0.0,0.0,0.0,0.0,0.0,0.0,0.0,0.0,0.0,0.0,0.0,0.0,0.0,0.0,0.0,0.0,0.0,0.0,0.0,0.0,0.0,0.0,0.0,2.0,0.0,0.0,0.0,0.0,0.0,0.0,0.0,0.0,0.0,0.0,0.0,0.0,0.0,17.0,18.0,20.0,17.0,13.0,12.0,17.0,18.0,20.0,17.0,18.0,20.0,17.0,13.0,12.0,0.0,0.0,0.0,0.0,0.0,0.0,1.0,0.0,0.0,0.0,0.0,0.0,0.0
1352.0,0,2000.0,Tianjin,Limited liability company,990.0,2000.0,Leasing and business services,2.0,2.0,0.0,0.0,0.0,0.0,0.0,0.0,,0.0,0.0,0.0,0.0,0.0,4.0,0.0,0.0,0.0,0.0,0.0,0.0,0.0,0.0,0.0,0.0,0.0,0.0,0.0,0.0,0.0,0.0,0.0,0.0,0.0,0.0,0.0,0.0,0.0,0.0,0.0,0.0,0.0,0.0,0.0,0.0,0.0,0.0,0.0,0.0,0.0,0.0,0.0,0.0,7.0,0.0,0.0,7.0,0.0,0.0,7.0,0.0,0.0,7.0,0.0,0.0,7.0,0.0,0.0,0.0,0.0,0.0,0.0,0.0,0.0,0.0,0.0,0.0,0.0,0.0,0.0,0.0
1353.0,0,4043.0,Tianjin,Limited liability company (sole proprietorship of natural person),1633.0,0.0,Construction industry,1.0,2.0,0.0,0.0,0.0,3.0,0.0,6.0,,0.0,0.0,0.0,0.0,0.0,0.0,0.0,0.0,0.0,0.0,0.0,0.0,0.0,0.0,0.0,0.0,0.0,0.0,0.0,0.0,0.0,0.0,0.0,0.0,0.0,0.0,0.0,0.0,0.0,0.0,0.0,0.0,0.0,0.0,0.0,0.0,0.0,0.0,0.0,0.0,0.0,0.0,0.0,0.0,1.0,1.0,2.0,1.0,1.0,2.0,1.0,1.0,2.0,1.0,1.0,2.0,1.0,1.0,2.0,0.0,0.0,0.0,0.0,0.0,0.0,0.0,0.0,0.0,0.0,0.0,0.0,0.0
1354.0,0,2000.0,Tianjin,Limited liability company,1422.0,171.8,Scientific research and technology services,2.0,2.0,0.0,0.0,2.0,0.0,3.0,0.0,,0.0,0.0,0.0,0.0,1.0,1.0,0.0,0.0,0.0,0.0,0.0,0.0,0.0,0.0,0.0,0.0,0.0,0.0,0.0,0.0,0.0,0.0,2.0,0.0,0.0,0.0,0.0,0.0,7.0,0.0,0.0,0.0,0.0,0.0,0.0,0.0,0.0,0.0,0.0,0.0,0.0,0.0,8.0,0.0,12.0,14.0,13.0,12.0,14.0,13.0,12.0,14.0,13.0,12.0,14.0,13.0,12.0,14.0,13.0,0.0,0.0,0.0,0.0,0.0,0.0,0.0,0.0,0.0,0.0,0.0,1.0,0.0
1355.0,0,5000.0,Tianjin,Limited liability company (sole proprietorship of natural person),2020.0,500.0,Construction industry,1.0,2.0,0.0,5.0,1.0,3.0,0.0,1.0,,0.0,0.0,0.0,1.0,0.0,2.0,0.0,0.0,0.0,0.0,0.0,0.0,0.0,0.0,0.0,0.0,0.0,1.0,0.0,0.0,0.0,0.0,0.0,0.0,0.0,0.0,0.0,0.0,0.0,0.0,0.0,0.0,0.0,0.0,0.0,0.0,0.0,0.0,0.0,0.0,0.0,0.0,0.0,0.0,0.0,0.0,0.0,0.0,0.0,0.0,0.0,0.0,0.0,0.0,0.0,0.0,0.0,0.0,0.0,0.0,0.0,0.0,0.0,0.0,0.0,0.0,0.0,0.0,0.0,0.0,0.0,2.0
1356.0,0,4980.0,Tianjin,Limited liability company,3782.0,4980.0,Construction industry,3.0,2.0,32.0,0.0,4.0,0.0,6.0,3.0,,0.0,0.0,0.0,0.0,0.0,0.0,0.0,0.0,0.0,1.0,0.0,0.0,0.0,0.0,0.0,0.0,0.0,0.0,0.0,0.0,0.0,0.0,0.0,0.0,0.0,0.0,0.0,0.0,0.0,0.0,0.0,0.0,0.0,0.0,0.0,0.0,0.0,0.0,0.0,0.0,0.0,0.0,0.0,0.0,44.0,40.0,31.0,44.0,40.0,27.0,44.0,40.0,31.0,44.0,40.0,31.0,44.0,40.0,27.0,0.0,0.0,0.0,2.0,0.0,4.0,0.0,0.0,0.0,2.0,0.0,0.0,1.0
1357.0,0,5000.0,Tianjin,Limited liability company (sole proprietorship of natural person),1531.0,3400.0,Construction industry,1.0,2.0,0.0,0.0,0.0,6.0,0.0,3.0,,0.0,0.0,0.0,0.0,0.0,6.0,0.0,0.0,0.0,0.0,0.0,0.0,0.0,0.0,0.0,0.0,0.0,0.0,0.0,0.0,0.0,0.0,1.0,1.0,0.0,0.0,0.0,0.0,0.0,0.0,0.0,0.0,0.0,0.0,0.0,1.0,0.0,0.0,0.0,0.0,0.0,0.0,0.0,0.0,22.0,22.0,0.0,22.0,22.0,0.0,22.0,22.0,0.0,22.0,22.0,0.0,22.0,22.0,0.0,0.0,0.0,0.0,0.0,0.0,0.0,0.0,0.0,0.0,0.0,0.0,0.0,2.0
1358.0,0,3500.0,Tianjin,Limited liability company,6531.0,3500.0,Scientific research and technology services,2.0,2.0,21.0,6.0,6.0,0.0,0.0,0.0,2.0,0.0,0.0,0.0,0.0,0.0,0.0,0.0,1.0,0.0,0.0,0.0,0.0,0.0,0.0,0.0,0.0,0.0,0.0,0.0,0.0,54.0,0.0,0.0,0.0,0.0,0.0,14.0,0.0,0.0,0.0,0.0,5.0,0.0,0.0,0.0,0.0,0.0,0.0,2.0,0.0,0.0,0.0,0.0,15.0,17.0,15.0,42.0,17.0,15.0,42.0,17.0,15.0,42.0,17.0,15.0,42.0,17.0,15.0,42.0,0.0,0.0,1.0,0.0,2.0,3.0,1.0,2.0,1.0,0.0,1.0,2.0,3.0
1359.0,0,3000.0,Tianjin,Limited liability company,2891.0,3000.0,Construction industry,3.0,2.0,9.0,1.0,12.0,0.0,6.0,0.0,,0.0,0.0,0.0,0.0,0.0,0.0,0.0,0.0,0.0,1.0,0.0,0.0,0.0,0.0,0.0,0.0,0.0,0.0,0.0,0.0,0.0,0.0,0.0,0.0,0.0,0.0,1.0,1.0,0.0,0.0,0.0,8.0,0.0,0.0,0.0,0.0,0.0,0.0,0.0,0.0,0.0,0.0,0.0,0.0,26.0,25.0,20.0,26.0,25.0,20.0,26.0,25.0,20.0,26.0,25.0,20.0,26.0,25.0,20.0,0.0,0.0,0.0,11.0,3.0,17.0,0.0,1.0,2.0,4.0,0.0,0.0,2.0
1360.0,0,8000.0,Tianjin,Limited liability company,11632.0,640.0,Construction industry,5.0,2.0,12.0,9.0,4.0,0.0,2.0,8.0,1.0,0.0,0.0,0.0,0.0,0.0,0.0,0.0,0.0,0.0,0.0,0.0,0.0,0.0,0.0,0.0,0.0,0.0,0.0,0.0,0.0,0.0,0.0,0.0,0.0,0.0,0.0,0.0,0.0,0.0,0.0,0.0,0.0,0.0,0.0,0.0,0.0,0.0,0.0,0.0,0.0,0.0,0.0,0.0,0.0,41.0,48.0,64.0,41.0,48.0,64.0,41.0,48.0,64.0,41.0,48.0,64.0,41.0,48.0,64.0,0.0,0.0,0.0,0.0,3.0,1.0,0.0,0.0,0.0,0.0,2.0,0.0,1.0
1361.0,0,1100.0,Tianjin,Limited liability company,2974.0,220.0,Construction industry,2.0,2.0,2.0,5.0,5.0,0.0,0.0,6.0,,0.0,0.0,0.0,0.0,0.0,0.0,0.0,0.0,0.0,0.0,0.0,0.0,0.0,0.0,0.0,0.0,0.0,0.0,0.0,0.0,1.0,0.0,0.0,0.0,0.0,0.0,0.0,0.0,0.0,0.0,0.0,0.0,0.0,0.0,0.0,1.0,0.0,0.0,0.0,0.0,0.0,0.0,0.0,0.0,20.0,13.0,0.0,20.0,13.0,0.0,20.0,13.0,0.0,20.0,13.0,0.0,20.0,13.0,0.0,0.0,0.0,0.0,0.0,1.0,1.0,0.0,0.0,0.0,0.0,1.0,0.0,2.0
1362.0,0,20000.0,Tianjin,Limited liability company,3324.0,2000.0,Construction industry,2.0,2.0,22.0,0.0,0.0,2.0,2.0,0.0,,0.0,0.0,0.0,0.0,0.0,0.0,0.0,0.0,0.0,0.0,1.0,0.0,0.0,0.0,0.0,0.0,0.0,0.0,0.0,0.0,0.0,0.0,0.0,0.0,0.0,0.0,0.0,0.0,0.0,0.0,0.0,0.0,0.0,0.0,0.0,0.0,0.0,0.0,0.0,0.0,0.0,0.0,0.0,0.0,12.0,0.0,0.0,12.0,0.0,0.0,12.0,0.0,0.0,12.0,0.0,0.0,12.0,0.0,0.0,0.0,0.0,0.0,1.0,2.0,2.0,0.0,0.0,0.0,1.0,2.0,1.0,0.0
1363.0,0,4000.0,Tianjin,Limited liability company,1410.0,570.82,Construction industry,2.0,2.0,0.0,0.0,2.0,0.0,0.0,3.0,,0.0,0.0,0.0,0.0,0.0,0.0,0.0,0.0,0.0,0.0,0.0,0.0,0.0,0.0,0.0,0.0,0.0,0.0,0.0,0.0,0.0,0.0,0.0,0.0,0.0,0.0,0.0,0.0,0.0,0.0,0.0,0.0,0.0,0.0,0.0,0.0,0.0,0.0,0.0,0.0,0.0,0.0,0.0,0.0,13.0,14.0,13.0,13.0,14.0,10.0,13.0,14.0,13.0,13.0,14.0,13.0,13.0,14.0,10.0,0.0,0.0,0.0,0.0,0.0,0.0,0.0,0.0,0.0,0.0,0.0,0.0,0.0
1364.0,0,1600.0,Tianjin,Limited liability company,1960.0,80.0,Construction industry,2.0,2.0,3.0,1.0,2.0,6.0,0.0,0.0,,0.0,0.0,0.0,0.0,0.0,0.0,0.0,0.0,0.0,0.0,0.0,0.0,0.0,0.0,0.0,0.0,0.0,0.0,0.0,0.0,0.0,0.0,0.0,0.0,0.0,0.0,0.0,0.0,0.0,0.0,0.0,0.0,0.0,0.0,0.0,0.0,0.0,0.0,0.0,0.0,0.0,0.0,0.0,0.0,17.0,17.0,5.0,17.0,17.0,0.0,17.0,17.0,5.0,17.0,17.0,0.0,17.0,17.0,5.0,0.0,0.0,0.0,0.0,0.0,0.0,0.0,0.0,0.0,0.0,0.0,0.0,0.0
1365.0,0,5000.0,Tianjin,Limited liability company,2074.0,0.0,Construction industry,2.0,2.0,0.0,0.0,0.0,0.0,0.0,3.0,,0.0,0.0,0.0,0.0,0.0,8.0,0.0,0.0,0.0,0.0,0.0,0.0,0.0,0.0,0.0,0.0,0.0,0.0,0.0,0.0,0.0,0.0,0.0,0.0,0.0,0.0,0.0,0.0,0.0,0.0,0.0,0.0,0.0,0.0,0.0,0.0,0.0,0.0,0.0,0.0,0.0,0.0,0.0,0.0,0.0,0.0,0.0,0.0,0.0,0.0,0.0,0.0,0.0,0.0,0.0,0.0,0.0,0.0,0.0,0.0,0.0,0.0,0.0,0.0,0.0,0.0,0.0,0.0,0.0,0.0,0.0,1.0
1366.0,0,1000.0,Tianjin,Limited liability company,2199.0,0.0,Construction industry,2.0,2.0,0.0,0.0,5.0,0.0,8.0,0.0,2.0,0.0,0.0,0.0,0.0,0.0,0.0,0.0,0.0,0.0,0.0,0.0,0.0,0.0,0.0,0.0,0.0,0.0,0.0,0.0,0.0,0.0,0.0,0.0,0.0,0.0,0.0,0.0,0.0,0.0,0.0,0.0,0.0,0.0,0.0,0.0,0.0,0.0,0.0,0.0,0.0,0.0,0.0,0.0,0.0,8.0,11.0,0.0,8.0,11.0,0.0,8.0,11.0,0.0,8.0,11.0,0.0,8.0,11.0,0.0,0.0,0.0,0.0,0.0,0.0,3.0,0.0,0.0,0.0,0.0,0.0,2.0,0.0
1367.0,0,1000.0,Tianjin,Limited liability company,1854.0,0.0,Construction industry,2.0,2.0,0.0,10.0,0.0,0.0,0.0,0.0,,0.0,0.0,0.0,0.0,0.0,1.0,0.0,0.0,0.0,0.0,0.0,0.0,0.0,0.0,0.0,0.0,0.0,0.0,0.0,0.0,0.0,0.0,0.0,0.0,0.0,0.0,0.0,0.0,0.0,0.0,0.0,0.0,0.0,0.0,0.0,0.0,0.0,0.0,0.0,0.0,0.0,0.0,0.0,0.0,10.0,2.0,0.0,10.0,2.0,0.0,10.0,2.0,0.0,10.0,2.0,0.0,10.0,2.0,0.0,0.0,0.0,0.0,0.0,0.0,0.0,0.0,0.0,0.0,0.0,0.0,0.0,0.0
1368.0,0,4008.0,Tianjin,Limited liability company,1571.0,316.0,Construction industry,2.0,2.0,0.0,0.0,3.0,10.0,2.0,1.0,,0.0,0.0,0.0,0.0,3.0,0.0,0.0,0.0,0.0,0.0,0.0,0.0,0.0,0.0,0.0,0.0,0.0,0.0,0.0,0.0,0.0,0.0,0.0,0.0,0.0,0.0,0.0,0.0,0.0,0.0,0.0,0.0,0.0,0.0,0.0,0.0,0.0,0.0,0.0,0.0,0.0,0.0,0.0,0.0,12.0,5.0,0.0,12.0,5.0,0.0,12.0,5.0,0.0,12.0,5.0,0.0,12.0,5.0,0.0,0.0,0.0,0.0,0.0,0.0,1.0,0.0,0.0,0.0,0.0,0.0,1.0,0.0
1369.0,0,1000.0,Tianjin,Limited liability company,1734.0,0.0,Construction industry,2.0,2.0,0.0,0.0,1.0,5.0,3.0,0.0,1.0,0.0,0.0,0.0,0.0,6.0,0.0,0.0,0.0,1.0,0.0,0.0,0.0,0.0,0.0,0.0,0.0,0.0,0.0,0.0,0.0,0.0,0.0,0.0,0.0,0.0,0.0,0.0,0.0,0.0,0.0,0.0,0.0,0.0,0.0,0.0,0.0,0.0,0.0,0.0,0.0,0.0,0.0,0.0,0.0,22.0,0.0,0.0,22.0,0.0,0.0,22.0,0.0,0.0,22.0,0.0,0.0,22.0,0.0,0.0,0.0,0.0,1.0,0.0,0.0,2.0,0.0,0.0,0.0,0.0,0.0,0.0,1.0
1370.0,0,3176.0,Tianjin,Limited liability company,2818.0,571.2329,Construction industry,3.0,2.0,12.0,0.0,1.0,3.0,3.0,2.0,3.0,0.0,0.0,0.0,0.0,0.0,2.0,0.0,0.0,0.0,0.0,0.0,0.0,0.0,0.0,0.0,0.0,0.0,0.0,0.0,0.0,0.0,0.0,0.0,0.0,1.0,0.0,0.0,0.0,0.0,0.0,0.0,0.0,0.0,0.0,0.0,0.0,0.0,0.0,0.0,0.0,0.0,0.0,0.0,0.0,35.0,25.0,16.0,35.0,25.0,16.0,35.0,25.0,16.0,35.0,25.0,16.0,35.0,25.0,16.0,0.0,0.0,0.0,0.0,0.0,3.0,0.0,0.0,0.0,0.0,1.0,0.0,0.0
1371.0,0,1200.0,Tianjin,Limited liability company,1147.0,100.0,Construction industry,2.0,2.0,0.0,0.0,0.0,0.0,2.0,0.0,,0.0,0.0,0.0,0.0,0.0,0.0,0.0,0.0,0.0,0.0,0.0,0.0,0.0,0.0,0.0,0.0,0.0,0.0,0.0,0.0,0.0,0.0,0.0,0.0,0.0,1.0,0.0,0.0,0.0,0.0,0.0,0.0,0.0,0.0,0.0,0.0,0.0,0.0,0.0,0.0,0.0,0.0,0.0,0.0,13.0,10.0,0.0,13.0,10.0,0.0,13.0,10.0,0.0,13.0,10.0,0.0,13.0,10.0,0.0,0.0,0.0,0.0,0.0,0.0,0.0,0.0,0.0,0.0,0.0,0.0,0.0,0.0
1372.0,0,1500.0,Tianjin,Limited liability company,3321.0,450.0,Scientific research and technology services,4.0,4.0,12.0,0.0,4.0,0.0,2.0,4.0,2.0,0.0,0.0,0.0,0.0,0.0,0.0,0.0,0.0,0.0,0.0,0.0,0.0,0.0,0.0,0.0,0.0,0.0,0.0,0.0,0.0,0.0,0.0,0.0,0.0,0.0,0.0,0.0,0.0,0.0,0.0,0.0,15.0,0.0,0.0,0.0,0.0,0.0,0.0,0.0,0.0,0.0,0.0,2.0,0.0,29.0,25.0,17.0,29.0,25.0,17.0,29.0,25.0,17.0,29.0,25.0,17.0,29.0,25.0,17.0,0.0,0.0,5.0,1.0,0.0,0.0,1.0,0.0,2.0,0.0,0.0,0.0,1.0
1373.0,0,3000.0,Tianjin,Limited liability company (sole proprietorship of natural person),2340.0,3000.0,Construction industry,1.0,2.0,8.0,2.0,0.0,2.0,10.0,0.0,,0.0,0.0,0.0,0.0,0.0,3.0,0.0,0.0,0.0,0.0,0.0,0.0,0.0,0.0,0.0,0.0,0.0,0.0,0.0,0.0,0.0,0.0,0.0,0.0,0.0,0.0,0.0,0.0,0.0,0.0,0.0,0.0,0.0,0.0,0.0,0.0,0.0,0.0,0.0,0.0,0.0,0.0,0.0,0.0,45.0,20.0,13.0,45.0,20.0,13.0,45.0,20.0,13.0,45.0,20.0,13.0,45.0,20.0,13.0,0.0,0.0,0.0,0.0,0.0,0.0,0.0,0.0,0.0,0.0,0.0,0.0,1.0
1374.0,0,2000.0,Tianjin,Limited liability company,1911.0,411.87,Scientific research and technology services,3.0,2.0,0.0,1.0,0.0,0.0,0.0,0.0,,0.0,0.0,0.0,0.0,0.0,0.0,0.0,0.0,0.0,0.0,0.0,0.0,0.0,0.0,0.0,0.0,0.0,0.0,0.0,0.0,0.0,1.0,12.0,7.0,0.0,0.0,0.0,0.0,7.0,4.0,3.0,0.0,0.0,0.0,1.0,0.0,0.0,0.0,0.0,0.0,6.0,5.0,0.0,13.0,9.0,15.0,22.0,9.0,15.0,22.0,9.0,15.0,22.0,9.0,15.0,22.0,9.0,15.0,22.0,0.0,0.0,0.0,0.0,0.0,0.0,0.0,0.0,0.0,0.0,0.0,0.0,0.0
1375.0,0,560.0,Tianjin,Limited liability company (sole proprietorship of natural person),1862.0,400.0,Construction industry,1.0,2.0,0.0,0.0,0.0,9.0,1.0,0.0,,0.0,0.0,0.0,1.0,0.0,0.0,0.0,0.0,0.0,0.0,0.0,0.0,0.0,0.0,0.0,0.0,0.0,0.0,0.0,0.0,0.0,0.0,0.0,0.0,0.0,0.0,0.0,0.0,0.0,0.0,0.0,0.0,0.0,0.0,0.0,0.0,0.0,0.0,0.0,0.0,0.0,0.0,0.0,0.0,14.0,13.0,15.0,14.0,13.0,15.0,14.0,13.0,15.0,14.0,13.0,15.0,14.0,13.0,15.0,0.0,0.0,0.0,0.0,0.0,1.0,0.0,0.0,0.0,0.0,0.0,0.0,1.0
1376.0,0,5000.0,Tianjin,Limited liability company (sole proprietorship of natural person),7030.0,1192.0,Construction industry,1.0,2.0,9.0,7.0,3.0,0.0,2.0,0.0,3.0,0.0,0.0,0.0,0.0,0.0,0.0,0.0,0.0,0.0,0.0,0.0,0.0,0.0,0.0,0.0,0.0,0.0,0.0,0.0,0.0,1.0,0.0,0.0,0.0,0.0,0.0,7.0,3.0,10.0,0.0,10.0,0.0,0.0,0.0,0.0,0.0,0.0,0.0,0.0,0.0,0.0,0.0,0.0,0.0,20.0,21.0,0.0,20.0,21.0,0.0,20.0,21.0,0.0,20.0,21.0,0.0,20.0,21.0,0.0,0.0,0.0,1.0,1.0,3.0,0.0,3.0,0.0,1.0,2.0,1.0,0.0,1.0
1377.0,0,3760.0,Tianjin,Limited liability company,1162.0,0.0,Construction industry,2.0,2.0,0.0,0.0,0.0,6.0,0.0,6.0,,0.0,0.0,0.0,0.0,6.0,0.0,0.0,0.0,0.0,0.0,0.0,0.0,0.0,0.0,0.0,0.0,0.0,0.0,0.0,0.0,0.0,0.0,0.0,0.0,0.0,0.0,0.0,0.0,0.0,0.0,0.0,0.0,0.0,0.0,0.0,0.0,0.0,0.0,0.0,0.0,0.0,0.0,0.0,0.0,11.0,0.0,0.0,11.0,0.0,0.0,11.0,0.0,0.0,11.0,0.0,0.0,11.0,0.0,0.0,0.0,0.0,0.0,0.0,0.0,0.0,0.0,0.0,0.0,0.0,0.0,0.0,0.0
1378.0,0,5790.0,Henan,Limited liability company (Natural person investment or holding),5718.0,2506.0,"Information transmission, software and information technology services",2.0,2.0,0.0,0.0,0.0,4.0,4.0,2.0,3.0,0.0,0.0,0.0,0.0,0.0,0.0,0.0,0.0,0.0,0.0,0.0,0.0,0.0,0.0,0.0,0.0,0.0,0.0,0.0,0.0,0.0,0.0,48.0,0.0,0.0,0.0,0.0,0.0,0.0,13.0,7.0,0.0,0.0,0.0,0.0,0.0,0.0,0.0,0.0,0.0,0.0,0.0,0.0,0.0,30.0,49.0,19.0,30.0,49.0,19.0,30.0,49.0,19.0,30.0,49.0,19.0,30.0,49.0,19.0,0.0,0.0,0.0,0.0,0.0,1.0,0.0,0.0,0.0,0.0,0.0,0.0,2.0
1379.0,0,703.0,Hunan,Collective ownership,6945.0,0.0,Construction industry,1.0,,0.0,1.0,0.0,0.0,0.0,0.0,3.0,0.0,2.0,0.0,0.0,0.0,0.0,0.0,0.0,0.0,1.0,0.0,2.0,0.0,0.0,0.0,0.0,0.0,0.0,0.0,0.0,0.0,0.0,0.0,0.0,0.0,0.0,0.0,0.0,0.0,0.0,0.0,0.0,0.0,0.0,0.0,0.0,0.0,0.0,0.0,0.0,0.0,0.0,0.0,0.0,104.0,163.0,163.0,0.0,95.0,95.0,93.0,118.0,118.0,104.0,28.0,28.0,93.0,5.0,5.0,0.0,0.0,0.0,3.0,6.0,5.0,1.0,1.0,1.0,5.0,3.0,5.0,1.0
1380.0,0,5000.0,Hunan,Limited liability company (Natural person investment or holding),6779.0,1980.0,Construction industry,4.0,9.0,18.0,0.0,0.0,8.0,0.0,0.0,4.0,0.0,0.0,5.0,0.0,0.0,0.0,0.0,0.0,0.0,1.0,0.0,0.0,0.0,0.0,0.0,0.0,0.0,0.0,0.0,0.0,0.0,0.0,0.0,0.0,0.0,0.0,0.0,0.0,0.0,0.0,0.0,0.0,0.0,0.0,0.0,0.0,0.0,0.0,0.0,0.0,0.0,0.0,0.0,0.0,33.0,33.0,0.0,0.0,0.0,0.0,0.0,0.0,0.0,0.0,0.0,0.0,0.0,0.0,0.0,0.0,0.0,0.0,3.0,1.0,2.0,0.0,0.0,1.0,2.0,1.0,1.0,0.0
1381.0,0,2018.0,Hunan,Limited liability company (Natural person investment or holding),1003.0,2018.0,Construction industry,2.0,4.0,0.0,0.0,0.0,1.0,13.0,2.0,2.0,0.0,0.0,0.0,1.0,0.0,10.0,0.0,0.0,0.0,0.0,0.0,0.0,0.0,0.0,0.0,0.0,0.0,0.0,0.0,0.0,0.0,0.0,0.0,0.0,0.0,0.0,0.0,0.0,0.0,0.0,0.0,0.0,0.0,0.0,0.0,0.0,0.0,0.0,0.0,0.0,0.0,0.0,0.0,0.0,0.0,7.0,,0.0,0.0,,0.0,0.0,,0.0,0.0,,0.0,0.0,,0.0,0.0,0.0,0.0,0.0,0.0,0.0,0.0,0.0,0.0,0.0,0.0,0.0
1382.0,0,3000.0,Inner Mongolia,Limited liability company (Natural person investment or holding),3880.0,3000.0,"Water conservancy, environment and public facilities management",4.0,2.0,6.0,2.0,2.0,0.0,0.0,0.0,,0.0,0.0,0.0,0.0,3.0,3.0,0.0,0.0,0.0,1.0,0.0,0.0,0.0,0.0,0.0,0.0,0.0,0.0,0.0,0.0,0.0,0.0,3.0,4.0,0.0,0.0,0.0,0.0,0.0,0.0,0.0,10.0,0.0,0.0,0.0,0.0,0.0,1.0,0.0,0.0,0.0,0.0,0.0,0.0,32.0,24.0,,32.0,24.0,,32.0,24.0,,32.0,24.0,,32.0,24.0,,0.0,0.0,0.0,6.0,0.0,0.0,0.0,0.0,0.0,0.0,0.0,0.0,1.0
1383.0,0,2000.0,Shaanxi,Limited liability company (sole proprietorship of natural person),3466.0,2000.0,Construction industry,1.0,2.0,5.0,7.0,0.0,0.0,0.0,0.0,,0.0,0.0,0.0,1.0,0.0,0.0,0.0,0.0,0.0,0.0,0.0,0.0,0.0,0.0,0.0,0.0,0.0,0.0,0.0,0.0,0.0,0.0,0.0,0.0,0.0,0.0,0.0,0.0,0.0,0.0,0.0,0.0,0.0,0.0,0.0,0.0,0.0,0.0,0.0,0.0,0.0,0.0,0.0,0.0,11.0,0.0,0.0,0.0,0.0,0.0,0.0,0.0,0.0,0.0,0.0,0.0,0.0,0.0,0.0,0.0,0.0,0.0,0.0,3.0,0.0,0.0,0.0,0.0,0.0,0.0,0.0,1.0
1384.0,0,13000.0,Shaanxi,Limited liability company (wholly state-owned),1493.0,13000.0,Construction industry,1.0,,0.0,20.0,0.0,9.0,2.0,2.0,,0.0,0.0,2.0,0.0,0.0,2.0,0.0,0.0,0.0,0.0,0.0,0.0,0.0,0.0,0.0,0.0,0.0,0.0,0.0,0.0,0.0,0.0,0.0,0.0,1.0,0.0,0.0,0.0,0.0,0.0,0.0,0.0,0.0,0.0,0.0,0.0,0.0,0.0,0.0,0.0,0.0,0.0,0.0,0.0,16.0,8.0,0.0,0.0,0.0,0.0,12.0,0.0,0.0,12.0,0.0,0.0,12.0,0.0,0.0,0.0,0.0,0.0,0.0,0.0,0.0,0.0,0.0,0.0,0.0,0.0,0.0,1.0
1385.0,0,2060.0,Shaanxi,Limited liability company,8050.0,2.3,Construction industry,10.0,6.0,4.0,4.0,0.0,1.0,0.0,12.0,1.0,0.0,2.0,0.0,0.0,0.0,0.0,0.0,0.0,0.0,0.0,0.0,0.0,0.0,0.0,0.0,0.0,0.0,0.0,0.0,0.0,0.0,0.0,0.0,0.0,0.0,0.0,0.0,0.0,0.0,0.0,0.0,0.0,0.0,0.0,0.0,0.0,0.0,0.0,0.0,0.0,0.0,0.0,0.0,0.0,76.0,78.0,79.0,0.0,0.0,0.0,80.0,78.0,73.0,56.0,0.0,53.0,0.0,0.0,0.0,0.0,0.0,0.0,0.0,2.0,0.0,0.0,0.0,0.0,0.0,0.0,0.0,0.0
1386.0,0,1000.0,Anhui,Limited liability company (sole proprietorship of natural person),2091.0,101.0,"Information transmission, software and information technology services",1.0,3.0,0.0,1.0,2.0,0.0,1.0,1.0,,0.0,0.0,0.0,0.0,0.0,0.0,0.0,0.0,0.0,0.0,0.0,0.0,0.0,0.0,0.0,0.0,0.0,0.0,0.0,0.0,0.0,0.0,0.0,0.0,0.0,0.0,0.0,0.0,0.0,0.0,0.0,0.0,0.0,0.0,0.0,0.0,0.0,0.0,0.0,0.0,0.0,0.0,0.0,0.0,10.0,8.0,5.0,10.0,8.0,5.0,10.0,8.0,5.0,10.0,8.0,5.0,10.0,8.0,5.0,0.0,0.0,0.0,0.0,0.0,0.0,0.0,0.0,0.0,0.0,0.0,0.0,2.0
1387.0,0,4000.0,Anhui,Limited liability company (Natural person investment or holding),4315.0,700.0,Construction industry,2.0,2.0,7.0,2.0,0.0,1.0,1.0,0.0,,0.0,2.0,0.0,0.0,0.0,0.0,0.0,0.0,0.0,1.0,0.0,0.0,0.0,0.0,0.0,0.0,1.0,0.0,0.0,0.0,0.0,0.0,0.0,0.0,0.0,0.0,0.0,0.0,0.0,0.0,0.0,0.0,0.0,0.0,0.0,0.0,0.0,0.0,0.0,0.0,0.0,0.0,0.0,0.0,15.0,14.0,17.0,15.0,14.0,17.0,15.0,14.0,17.0,15.0,14.0,17.0,15.0,14.0,17.0,0.0,0.0,2.0,3.0,2.0,0.0,1.0,0.0,1.0,0.0,1.0,0.0,0.0
1388.0,0,5355.0,Fujian,Other limited liability companies,6477.0,5355.0,Scientific research and technology services,5.0,2.0,15.0,2.0,12.0,3.0,6.0,0.0,10.0,0.0,1.0,1.0,1.0,3.0,12.0,0.0,0.0,0.0,0.0,0.0,0.0,0.0,0.0,0.0,0.0,0.0,0.0,0.0,0.0,9.0,0.0,0.0,0.0,0.0,0.0,0.0,0.0,0.0,1.0,0.0,0.0,0.0,0.0,0.0,0.0,0.0,0.0,20.0,6.0,11.0,14.0,1.0,2.0,50.0,63.0,80.0,49.0,63.0,80.0,45.0,63.0,80.0,45.0,63.0,80.0,45.0,63.0,80.0,0.0,0.0,0.0,1.0,2.0,0.0,0.0,1.0,1.0,1.0,0.0,1.0,1.0
1389.0,0,1580.0,Zhejiang,Limited liability company (Natural person investment or holding),3173.0,500.0,"Water conservancy, environment and public facilities management",2.0,2.0,7.0,2.0,4.0,0.0,1.0,3.0,,0.0,0.0,0.0,0.0,0.0,3.0,0.0,0.0,1.0,0.0,0.0,0.0,0.0,0.0,0.0,0.0,0.0,2.0,0.0,1.0,0.0,0.0,0.0,0.0,0.0,0.0,0.0,0.0,2.0,0.0,0.0,0.0,0.0,0.0,0.0,0.0,0.0,0.0,0.0,0.0,0.0,0.0,0.0,0.0,32.0,51.0,23.0,32.0,51.0,23.0,32.0,51.0,23.0,46.0,51.0,27.0,32.0,51.0,23.0,0.0,1.0,1.0,8.0,3.0,0.0,3.0,2.0,3.0,3.0,0.0,4.0,2.0
1390.0,0,1000.0,Zhejiang,Limited liability company (Natural person investment or holding),2514.0,1000.0,Construction industry,2.0,2.0,6.0,5.0,8.0,0.0,0.0,0.0,,0.0,0.0,0.0,0.0,1.0,0.0,0.0,0.0,0.0,0.0,0.0,0.0,0.0,0.0,0.0,0.0,0.0,0.0,0.0,0.0,0.0,0.0,0.0,0.0,0.0,0.0,0.0,2.0,0.0,0.0,0.0,0.0,0.0,0.0,0.0,0.0,0.0,0.0,0.0,0.0,0.0,0.0,0.0,0.0,18.0,17.0,13.0,18.0,17.0,13.0,18.0,17.0,13.0,18.0,17.0,13.0,18.0,17.0,13.0,0.0,0.0,0.0,0.0,0.0,0.0,0.0,0.0,0.0,0.0,0.0,0.0,0.0
1391.0,0,5188.0,Zhejiang,Limited liability company (Natural person investment or holding),3402.0,4280.0,Construction industry,2.0,2.0,21.0,1.0,2.0,5.0,2.0,0.0,1.0,0.0,0.0,0.0,0.0,0.0,4.0,0.0,0.0,0.0,0.0,0.0,0.0,0.0,0.0,0.0,0.0,1.0,0.0,0.0,0.0,1.0,0.0,0.0,0.0,1.0,0.0,6.0,0.0,0.0,1.0,2.0,5.0,0.0,0.0,0.0,0.0,0.0,0.0,0.0,0.0,0.0,0.0,0.0,0.0,50.0,26.0,23.0,50.0,26.0,23.0,50.0,26.0,23.0,50.0,26.0,23.0,50.0,26.0,23.0,0.0,0.0,0.0,0.0,0.0,1.0,0.0,0.0,0.0,0.0,0.0,0.0,3.0
1392.0,0,5088.0,Zhejiang,Limited liability company (Natural person investment or holding),7930.0,5088.0,Construction industry,2.0,2.0,33.0,2.0,2.0,0.0,4.0,0.0,6.0,0.0,0.0,0.0,0.0,0.0,0.0,2.0,0.0,0.0,0.0,0.0,0.0,0.0,0.0,0.0,1.0,1.0,1.0,0.0,0.0,0.0,0.0,0.0,0.0,0.0,0.0,0.0,4.0,0.0,1.0,0.0,0.0,0.0,0.0,0.0,0.0,0.0,0.0,0.0,0.0,0.0,0.0,0.0,0.0,56.0,54.0,60.0,56.0,54.0,60.0,56.0,54.0,60.0,56.0,54.0,60.0,56.0,54.0,60.0,0.0,0.0,1.0,1.0,0.0,0.0,0.0,2.0,1.0,0.0,0.0,1.0,3.0
1393.0,0,2520.0,Zhejiang,Limited liability company (Natural person investment or holding),4153.0,2520.0,Construction industry,2.0,2.0,26.0,4.0,0.0,2.0,1.0,1.0,5.0,0.0,0.0,0.0,0.0,0.0,0.0,0.0,0.0,0.0,0.0,0.0,0.0,0.0,0.0,0.0,0.0,0.0,0.0,2.0,0.0,0.0,0.0,1.0,0.0,0.0,0.0,1.0,6.0,0.0,0.0,2.0,1.0,0.0,0.0,0.0,0.0,0.0,0.0,0.0,0.0,0.0,0.0,0.0,0.0,50.0,40.0,32.0,50.0,40.0,32.0,50.0,40.0,32.0,50.0,40.0,32.0,50.0,40.0,32.0,0.0,0.0,1.0,1.0,0.0,3.0,0.0,0.0,1.0,0.0,1.0,0.0,1.0
1394.0,0,1086.0,Zhejiang,Limited liability company (Natural person investment or holding),1784.0,0.0,Construction industry,1.0,2.0,0.0,3.0,1.0,0.0,5.0,4.0,,0.0,0.0,0.0,0.0,0.0,0.0,0.0,0.0,0.0,0.0,0.0,0.0,0.0,0.0,0.0,0.0,1.0,0.0,0.0,0.0,0.0,0.0,0.0,0.0,0.0,0.0,0.0,0.0,0.0,0.0,0.0,0.0,0.0,0.0,0.0,0.0,0.0,0.0,0.0,0.0,0.0,0.0,0.0,0.0,17.0,52.0,23.0,10.0,12.0,10.0,16.0,12.0,12.0,17.0,52.0,23.0,17.0,52.0,12.0,0.0,0.0,0.0,0.0,1.0,0.0,0.0,0.0,0.0,0.0,0.0,0.0,0.0
1395.0,0,5000.0,Shandong,Limited liability company (Natural person investment or holding),5260.0,600.0,Construction industry,2.0,2.0,11.0,8.0,3.0,2.0,0.0,3.0,1.0,0.0,0.0,0.0,0.0,0.0,0.0,0.0,0.0,0.0,0.0,0.0,0.0,0.0,0.0,0.0,0.0,0.0,0.0,0.0,0.0,0.0,0.0,0.0,0.0,0.0,0.0,0.0,0.0,0.0,0.0,0.0,0.0,0.0,0.0,0.0,0.0,0.0,0.0,0.0,0.0,0.0,0.0,0.0,0.0,9.0,9.0,25.0,0.0,0.0,25.0,0.0,0.0,25.0,0.0,0.0,25.0,0.0,0.0,25.0,0.0,0.0,0.0,0.0,0.0,0.0,0.0,0.0,0.0,0.0,0.0,0.0,0.0
1396.0,0,3000.0,Guandong,Limited liability company (Natural person investment or holding),770.0,150.0,Construction industry,3.0,2.0,0.0,0.0,0.0,0.0,5.0,3.0,,0.0,0.0,0.0,0.0,3.0,3.0,0.0,0.0,0.0,0.0,0.0,0.0,0.0,0.0,0.0,0.0,0.0,0.0,0.0,0.0,0.0,0.0,0.0,0.0,0.0,0.0,0.0,0.0,0.0,0.0,0.0,0.0,0.0,0.0,0.0,0.0,0.0,0.0,0.0,0.0,0.0,0.0,0.0,0.0,13.0,0.0,,13.0,0.0,,13.0,0.0,,13.0,0.0,,13.0,0.0,,0.0,0.0,0.0,0.0,0.0,0.0,0.0,0.0,0.0,0.0,0.0,0.0,0.0
1397.0,0,1200.0,Inner Mongolia,Limited liability company (Natural person investment or holding),3749.0,1200.0,Construction industry,2.0,2.0,4.0,0.0,0.0,2.0,6.0,2.0,,0.0,0.0,0.0,3.0,0.0,0.0,0.0,0.0,0.0,0.0,0.0,0.0,0.0,0.0,0.0,0.0,0.0,0.0,0.0,0.0,0.0,0.0,0.0,0.0,0.0,0.0,0.0,0.0,0.0,0.0,0.0,0.0,0.0,0.0,0.0,0.0,0.0,0.0,0.0,0.0,0.0,0.0,0.0,0.0,0.0,0.0,,0.0,0.0,,0.0,0.0,,0.0,0.0,,0.0,0.0,,0.0,0.0,0.0,0.0,0.0,0.0,0.0,0.0,0.0,0.0,0.0,0.0,0.0
1398.0,0,1200.0,Anhui,Limited liability company (sole proprietorship of natural person),2835.0,904.84,Construction industry,1.0,3.0,7.0,9.0,1.0,0.0,4.0,2.0,,0.0,0.0,0.0,0.0,0.0,0.0,0.0,0.0,0.0,0.0,0.0,0.0,0.0,0.0,0.0,0.0,0.0,0.0,0.0,0.0,0.0,0.0,0.0,0.0,0.0,0.0,0.0,0.0,0.0,0.0,0.0,0.0,0.0,0.0,0.0,0.0,0.0,0.0,0.0,0.0,0.0,0.0,0.0,0.0,19.0,24.0,15.0,19.0,24.0,15.0,19.0,24.0,15.0,19.0,24.0,15.0,19.0,24.0,15.0,0.0,0.0,0.0,1.0,0.0,0.0,0.0,0.0,0.0,1.0,0.0,0.0,2.0
1399.0,0,1000.0,Anhui,Limited liability company (sole proprietorship of natural person),1633.0,1000.0,Construction industry,1.0,2.0,0.0,0.0,0.0,0.0,7.0,0.0,,0.0,0.0,0.0,0.0,0.0,0.0,0.0,0.0,0.0,0.0,0.0,0.0,0.0,0.0,0.0,0.0,0.0,0.0,0.0,0.0,0.0,0.0,0.0,0.0,0.0,0.0,0.0,0.0,0.0,1.0,0.0,3.0,0.0,0.0,0.0,0.0,0.0,0.0,0.0,0.0,0.0,0.0,0.0,0.0,3.0,0.0,1.0,3.0,0.0,1.0,3.0,0.0,1.0,3.0,0.0,1.0,3.0,0.0,1.0,0.0,0.0,0.0,0.0,1.0,0.0,0.0,0.0,0.0,0.0,1.0,0.0,0.0
1400.0,0,2000.0,Anhui,Limited liability company (Natural person investment or holding),3843.0,500.0,Leasing and business services,2.0,2.0,3.0,6.0,5.0,1.0,1.0,9.0,1.0,0.0,0.0,0.0,0.0,0.0,0.0,0.0,0.0,0.0,0.0,0.0,0.0,0.0,0.0,0.0,0.0,0.0,0.0,0.0,0.0,0.0,0.0,0.0,0.0,0.0,0.0,0.0,0.0,0.0,0.0,0.0,0.0,0.0,0.0,0.0,0.0,0.0,0.0,0.0,0.0,0.0,0.0,0.0,0.0,11.0,24.0,24.0,11.0,24.0,24.0,11.0,24.0,24.0,11.0,24.0,24.0,11.0,24.0,24.0,0.0,0.0,0.0,0.0,0.0,0.0,0.0,0.0,0.0,0.0,0.0,0.0,0.0
1401.0,0,6600.0,Anhui,Limited liability company (sole proprietorship of legal person invested or controlled by natural person),1824.0,473.3,Construction industry,1.0,3.0,0.0,3.0,1.0,6.0,7.0,8.0,1.0,0.0,0.0,0.0,0.0,0.0,0.0,0.0,0.0,0.0,0.0,0.0,0.0,0.0,0.0,0.0,0.0,0.0,0.0,0.0,0.0,0.0,0.0,0.0,0.0,1.0,0.0,0.0,0.0,0.0,0.0,0.0,0.0,0.0,0.0,0.0,0.0,0.0,0.0,0.0,0.0,0.0,0.0,0.0,0.0,32.0,15.0,4.0,32.0,15.0,4.0,32.0,15.0,4.0,32.0,15.0,4.0,32.0,15.0,4.0,0.0,0.0,0.0,0.0,0.0,2.0,0.0,0.0,0.0,0.0,1.0,0.0,0.0
1402.0,0,1200.0,Anhui,Limited liability company (Natural person investment or holding),4232.0,1200.0,Wholesale and retail,2.0,2.0,11.0,2.0,4.0,4.0,7.0,0.0,2.0,0.0,0.0,0.0,0.0,0.0,0.0,0.0,0.0,0.0,0.0,0.0,0.0,0.0,0.0,0.0,0.0,0.0,0.0,0.0,0.0,0.0,0.0,0.0,3.0,0.0,0.0,0.0,0.0,0.0,0.0,0.0,1.0,0.0,0.0,0.0,0.0,0.0,0.0,0.0,0.0,0.0,0.0,0.0,0.0,21.0,21.0,10.0,21.0,21.0,10.0,21.0,21.0,10.0,21.0,21.0,10.0,21.0,21.0,10.0,0.0,0.0,1.0,0.0,0.0,0.0,0.0,0.0,1.0,0.0,0.0,0.0,2.0
1403.0,0,120.0,Anhui,Limited liability company (sole proprietorship of natural person),1133.0,0.0,"Information transmission, software and information technology services",1.0,2.0,0.0,0.0,0.0,2.0,0.0,0.0,,0.0,0.0,0.0,0.0,0.0,0.0,0.0,0.0,0.0,0.0,0.0,0.0,0.0,0.0,0.0,0.0,0.0,0.0,0.0,0.0,0.0,0.0,0.0,0.0,0.0,0.0,0.0,0.0,0.0,0.0,0.0,0.0,0.0,0.0,0.0,0.0,0.0,0.0,0.0,0.0,0.0,0.0,0.0,0.0,0.0,0.0,0.0,0.0,0.0,0.0,0.0,0.0,0.0,0.0,0.0,0.0,0.0,0.0,0.0,0.0,0.0,0.0,0.0,0.0,0.0,0.0,0.0,0.0,0.0,0.0,0.0,0.0
1404.0,0,5000.0,Anhui,Limited liability company (Natural person investment or holding),1465.0,5000.0,Construction industry,3.0,2.0,0.0,0.0,4.0,2.0,2.0,0.0,3.0,0.0,0.0,0.0,0.0,0.0,0.0,0.0,0.0,0.0,0.0,0.0,0.0,0.0,0.0,0.0,0.0,0.0,0.0,0.0,0.0,0.0,0.0,0.0,2.0,0.0,0.0,0.0,0.0,0.0,0.0,0.0,0.0,0.0,0.0,0.0,0.0,0.0,0.0,0.0,0.0,0.0,0.0,0.0,0.0,19.0,16.0,10.0,19.0,16.0,10.0,19.0,16.0,10.0,19.0,16.0,10.0,19.0,16.0,10.0,0.0,0.0,0.0,0.0,0.0,0.0,0.0,0.0,0.0,0.0,0.0,0.0,0.0
1405.0,0,501.0,Anhui,Limited liability company (Natural person investment or holding),5617.0,251.0,"Information transmission, software and information technology services",2.0,2.0,0.0,0.0,1.0,4.0,0.0,0.0,,0.0,0.0,1.0,0.0,0.0,0.0,0.0,0.0,0.0,0.0,0.0,0.0,0.0,0.0,0.0,0.0,0.0,0.0,0.0,0.0,0.0,0.0,0.0,0.0,0.0,0.0,0.0,0.0,0.0,4.0,8.0,2.0,0.0,0.0,0.0,0.0,0.0,0.0,2.0,0.0,0.0,0.0,0.0,8.0,35.0,28.0,14.0,35.0,28.0,14.0,35.0,28.0,14.0,35.0,28.0,14.0,35.0,28.0,14.0,0.0,0.0,0.0,0.0,0.0,0.0,1.0,0.0,0.0,0.0,0.0,0.0,3.0
1406.0,0,2000.0,Anhui,Limited liability company (Natural person investment or holding),1517.0,0.0,Construction industry,2.0,2.0,0.0,0.0,2.0,2.0,0.0,4.0,1.0,0.0,0.0,0.0,0.0,0.0,0.0,0.0,0.0,0.0,0.0,0.0,0.0,0.0,0.0,0.0,0.0,0.0,0.0,0.0,0.0,0.0,0.0,0.0,0.0,0.0,0.0,0.0,0.0,0.0,0.0,0.0,0.0,0.0,0.0,0.0,0.0,0.0,0.0,0.0,0.0,0.0,0.0,0.0,0.0,10.0,4.0,4.0,10.0,4.0,4.0,10.0,4.0,4.0,10.0,4.0,4.0,10.0,4.0,4.0,0.0,0.0,0.0,0.0,0.0,0.0,0.0,0.0,0.0,0.0,0.0,0.0,0.0
1407.0,0,1000.0,Anhui,Limited liability company (Natural person investment or holding),1112.0,6.0,Construction industry,2.0,3.0,0.0,0.0,0.0,6.0,0.0,4.0,,0.0,0.0,0.0,1.0,0.0,0.0,0.0,0.0,0.0,0.0,0.0,0.0,0.0,0.0,0.0,0.0,0.0,0.0,0.0,0.0,0.0,0.0,0.0,0.0,0.0,0.0,0.0,0.0,0.0,0.0,0.0,0.0,0.0,0.0,0.0,0.0,0.0,0.0,0.0,0.0,0.0,0.0,0.0,0.0,8.0,6.0,0.0,8.0,6.0,0.0,8.0,6.0,0.0,8.0,6.0,0.0,8.0,6.0,0.0,0.0,0.0,0.0,0.0,0.0,0.0,0.0,0.0,0.0,0.0,0.0,0.0,0.0
1408.0,0,5000.0,Fujian,Limited liability company (Natural person investment or holding),1220.0,0.0,Construction industry,2.0,2.0,0.0,0.0,1.0,14.0,6.0,1.0,2.0,0.0,0.0,0.0,0.0,5.0,0.0,0.0,0.0,0.0,0.0,0.0,0.0,0.0,0.0,0.0,0.0,0.0,0.0,0.0,0.0,0.0,0.0,0.0,0.0,0.0,0.0,0.0,0.0,0.0,0.0,0.0,0.0,0.0,0.0,0.0,0.0,0.0,0.0,0.0,0.0,0.0,0.0,0.0,0.0,7.0,3.0,21.0,7.0,3.0,0.0,7.0,3.0,0.0,7.0,3.0,62.0,7.0,3.0,0.0,0.0,0.0,0.0,0.0,0.0,0.0,0.0,0.0,0.0,0.0,0.0,0.0,0.0
1409.0,0,1000.0,Hubei,Limited liability company (Natural person investment or holding),1665.0,666.11,Construction industry,2.0,2.0,0.0,0.0,2.0,5.0,3.0,0.0,,0.0,0.0,0.0,0.0,9.0,0.0,0.0,0.0,0.0,0.0,0.0,0.0,0.0,0.0,0.0,0.0,0.0,0.0,0.0,0.0,0.0,0.0,0.0,0.0,0.0,0.0,0.0,0.0,0.0,0.0,0.0,0.0,0.0,0.0,0.0,0.0,0.0,0.0,0.0,0.0,0.0,0.0,0.0,0.0,7.0,7.0,7.0,7.0,7.0,7.0,7.0,7.0,7.0,7.0,7.0,7.0,7.0,7.0,7.0,0.0,0.0,0.0,0.0,0.0,0.0,0.0,0.0,0.0,0.0,0.0,0.0,0.0
1410.0,0,3000.0,Hubei,Limited liability company (Natural person investment or holding),5775.0,0.0,Construction industry,2.0,2.0,2.0,0.0,2.0,3.0,0.0,0.0,1.0,0.0,0.0,0.0,5.0,3.0,0.0,0.0,0.0,0.0,0.0,0.0,0.0,0.0,0.0,0.0,0.0,0.0,0.0,0.0,0.0,0.0,0.0,0.0,0.0,4.0,0.0,0.0,0.0,0.0,0.0,0.0,0.0,0.0,0.0,0.0,0.0,0.0,0.0,0.0,0.0,0.0,0.0,0.0,0.0,50.0,46.0,40.0,50.0,46.0,40.0,50.0,46.0,40.0,50.0,46.0,40.0,50.0,46.0,40.0,0.0,0.0,1.0,0.0,4.0,1.0,1.0,0.0,0.0,0.0,2.0,0.0,2.0
1411.0,0,3680.0,Hubei,Limited liability company (Natural person investment or holding),5523.0,3680.0,"Water conservancy, environment and public facilities management",2.0,2.0,12.0,6.0,3.0,0.0,3.0,0.0,10.0,0.0,0.0,0.0,3.0,3.0,4.0,0.0,0.0,0.0,0.0,0.0,0.0,0.0,1.0,0.0,0.0,0.0,0.0,0.0,0.0,0.0,0.0,4.0,0.0,0.0,0.0,0.0,1.0,5.0,4.0,0.0,0.0,0.0,0.0,0.0,0.0,0.0,0.0,0.0,0.0,0.0,0.0,0.0,0.0,,52.0,40.0,,52.0,40.0,,52.0,40.0,,52.0,40.0,,52.0,40.0,2.0,3.0,0.0,5.0,0.0,0.0,5.0,0.0,0.0,3.0,0.0,3.0,2.0
1412.0,0,1600.0,Hubei,Limited liability company (Natural person investment or holding),6170.0,1600.0,Construction industry,5.0,4.0,0.0,2.0,0.0,2.0,0.0,2.0,7.0,0.0,0.0,0.0,0.0,0.0,0.0,1.0,0.0,1.0,0.0,1.0,3.0,0.0,0.0,0.0,0.0,0.0,0.0,0.0,0.0,0.0,0.0,2.0,1.0,0.0,0.0,2.0,0.0,0.0,0.0,2.0,25.0,0.0,0.0,0.0,0.0,0.0,0.0,0.0,0.0,0.0,0.0,0.0,0.0,61.0,61.0,59.0,61.0,61.0,59.0,61.0,61.0,59.0,61.0,61.0,59.0,61.0,61.0,59.0,0.0,0.0,0.0,0.0,0.0,33.0,8.0,1.0,1.0,3.0,5.0,6.0,2.0
1413.0,0,6000.0,Hubei,"Joint stock limited company (unlisted, natural person investment or holding)",10843.0,2400.0,Scientific research and technology services,3.0,8.0,1.0,0.0,0.0,0.0,2.0,5.0,5.0,0.0,0.0,0.0,0.0,1.0,0.0,0.0,0.0,0.0,0.0,0.0,0.0,0.0,0.0,0.0,0.0,0.0,0.0,0.0,0.0,1.0,0.0,0.0,0.0,0.0,0.0,4.0,1.0,0.0,2.0,3.0,1.0,0.0,0.0,0.0,0.0,0.0,0.0,20.0,0.0,2.0,11.0,0.0,0.0,31.0,28.0,21.0,31.0,28.0,21.0,31.0,28.0,21.0,31.0,28.0,21.0,31.0,28.0,21.0,0.0,0.0,7.0,2.0,1.0,0.0,0.0,0.0,1.0,0.0,0.0,0.0,1.0
1414.0,0,4000.0,Hubei,Limited liability company (Natural person investment or holding),1340.0,0.0,Construction industry,2.0,2.0,0.0,0.0,0.0,0.0,9.0,0.0,1.0,0.0,0.0,0.0,0.0,0.0,7.0,0.0,0.0,0.0,0.0,0.0,0.0,0.0,0.0,0.0,0.0,0.0,0.0,0.0,0.0,0.0,0.0,0.0,0.0,0.0,0.0,0.0,0.0,0.0,0.0,0.0,0.0,0.0,0.0,0.0,0.0,0.0,0.0,0.0,0.0,0.0,0.0,0.0,0.0,5.0,0.0,0.0,5.0,0.0,0.0,5.0,0.0,0.0,5.0,0.0,0.0,5.0,0.0,0.0,0.0,0.0,0.0,0.0,0.0,0.0,0.0,0.0,0.0,0.0,0.0,0.0,0.0
1415.0,0,4500.0,Hubei,Limited liability company (sole proprietorship of natural person),1435.0,0.0,Construction industry,1.0,2.0,0.0,0.0,0.0,10.0,2.0,7.0,,0.0,0.0,0.0,0.0,0.0,13.0,0.0,0.0,0.0,0.0,0.0,0.0,0.0,0.0,0.0,0.0,0.0,0.0,0.0,0.0,0.0,0.0,0.0,0.0,0.0,0.0,0.0,0.0,0.0,0.0,0.0,0.0,0.0,0.0,0.0,0.0,0.0,0.0,0.0,0.0,0.0,0.0,0.0,0.0,1.0,0.0,0.0,1.0,0.0,0.0,1.0,0.0,0.0,1.0,0.0,0.0,1.0,0.0,0.0,0.0,0.0,0.0,0.0,0.0,0.0,0.0,0.0,0.0,0.0,0.0,0.0,0.0
1416.0,0,1500.0,Hubei,Limited liability company (Natural person investment or holding),3581.0,800.0,Construction industry,2.0,2.0,1.0,0.0,0.0,10.0,0.0,0.0,,0.0,0.0,0.0,4.0,0.0,0.0,0.0,0.0,0.0,0.0,0.0,0.0,0.0,0.0,0.0,0.0,0.0,0.0,0.0,0.0,0.0,0.0,0.0,0.0,0.0,0.0,0.0,0.0,0.0,0.0,0.0,0.0,0.0,0.0,0.0,0.0,0.0,0.0,0.0,0.0,0.0,0.0,0.0,0.0,0.0,6.0,0.0,0.0,6.0,0.0,0.0,6.0,0.0,0.0,6.0,0.0,0.0,6.0,0.0,0.0,0.0,0.0,0.0,0.0,0.0,0.0,0.0,0.0,0.0,0.0,0.0,1.0
1417.0,0,8000.0,Hubei,Limited liability company (Natural person investment or holding),6284.0,1200.0,Wholesale and retail,3.0,2.0,2.0,0.0,2.0,6.0,9.0,0.0,,0.0,0.0,0.0,0.0,4.0,28.0,0.0,0.0,0.0,0.0,0.0,0.0,0.0,0.0,0.0,0.0,0.0,0.0,0.0,0.0,0.0,0.0,0.0,0.0,0.0,0.0,0.0,0.0,0.0,0.0,1.0,14.0,0.0,0.0,0.0,0.0,0.0,0.0,0.0,0.0,0.0,0.0,0.0,0.0,65.0,54.0,45.0,65.0,54.0,45.0,65.0,54.0,45.0,65.0,54.0,45.0,65.0,54.0,45.0,0.0,0.0,0.0,1.0,0.0,2.0,0.0,1.0,0.0,1.0,0.0,2.0,4.0
1418.0,0,500.0,Hubei,Limited liability company (Natural person investment or holding),2594.0,100.0,Wholesale and retail,2.0,2.0,7.0,2.0,3.0,10.0,0.0,5.0,,0.0,0.0,0.0,0.0,1.0,6.0,0.0,0.0,0.0,0.0,0.0,0.0,0.0,0.0,0.0,0.0,0.0,0.0,0.0,0.0,0.0,0.0,0.0,0.0,0.0,1.0,0.0,0.0,0.0,8.0,0.0,8.0,0.0,0.0,0.0,0.0,0.0,0.0,0.0,0.0,4.0,0.0,8.0,0.0,13.0,12.0,11.0,13.0,12.0,0.0,13.0,12.0,11.0,13.0,12.0,11.0,13.0,12.0,11.0,0.0,0.0,0.0,0.0,0.0,0.0,0.0,0.0,0.0,0.0,0.0,0.0,0.0
1419.0,0,1800.0,Zhejiang,Limited liability company (sole proprietorship of natural person),1165.0,558.0,Construction industry,1.0,2.0,0.0,0.0,0.0,4.0,0.0,0.0,,0.0,0.0,0.0,0.0,0.0,0.0,0.0,0.0,0.0,0.0,0.0,0.0,0.0,0.0,0.0,0.0,0.0,0.0,0.0,0.0,0.0,0.0,0.0,0.0,0.0,0.0,0.0,0.0,0.0,0.0,0.0,0.0,0.0,0.0,0.0,0.0,0.0,0.0,0.0,0.0,0.0,0.0,0.0,0.0,20.0,13.0,0.0,20.0,13.0,0.0,20.0,13.0,0.0,20.0,13.0,0.0,20.0,13.0,0.0,0.0,0.0,0.0,0.0,0.0,0.0,0.0,0.0,0.0,0.0,0.0,0.0,0.0
1420.0,0,1600.0,Shaanxi,Limited liability company (Natural person investment or holding),4017.0,1600.0,Wholesale and retail,2.0,2.0,3.0,6.0,0.0,4.0,5.0,1.0,1.0,0.0,2.0,0.0,0.0,0.0,0.0,0.0,0.0,0.0,0.0,0.0,0.0,0.0,0.0,0.0,0.0,0.0,0.0,1.0,0.0,0.0,0.0,0.0,0.0,0.0,0.0,0.0,0.0,0.0,0.0,0.0,0.0,0.0,0.0,0.0,0.0,0.0,0.0,0.0,0.0,0.0,0.0,0.0,0.0,20.0,2.0,2.0,20.0,0.0,0.0,20.0,0.0,0.0,20.0,0.0,0.0,20.0,0.0,0.0,0.0,0.0,0.0,0.0,0.0,0.0,0.0,0.0,0.0,0.0,0.0,0.0,0.0
1421.0,0,2000.0,Shaanxi,Limited liability company (Natural person investment or holding),3547.0,500.0,Construction industry,2.0,2.0,0.0,9.0,0.0,9.0,0.0,0.0,,0.0,0.0,1.0,0.0,0.0,1.0,0.0,0.0,0.0,0.0,0.0,0.0,0.0,0.0,0.0,0.0,0.0,0.0,0.0,0.0,0.0,0.0,0.0,0.0,0.0,0.0,0.0,0.0,0.0,0.0,0.0,0.0,0.0,0.0,0.0,0.0,0.0,0.0,0.0,0.0,0.0,0.0,0.0,0.0,4.0,0.0,0.0,4.0,0.0,0.0,4.0,0.0,0.0,4.0,0.0,0.0,4.0,0.0,0.0,0.0,0.0,0.0,0.0,0.0,0.0,0.0,0.0,0.0,0.0,0.0,0.0,1.0
1422.0,0,12000.0,Shaanxi,Limited liability company (Natural person investment or holding),6518.0,2600.0,Construction industry,3.0,2.0,21.0,0.0,0.0,8.0,1.0,2.0,4.0,0.0,3.0,14.0,0.0,0.0,3.0,0.0,0.0,0.0,0.0,0.0,0.0,0.0,0.0,0.0,0.0,0.0,0.0,0.0,0.0,0.0,0.0,0.0,0.0,0.0,0.0,0.0,0.0,0.0,0.0,0.0,0.0,0.0,0.0,0.0,1.0,0.0,0.0,0.0,0.0,0.0,0.0,0.0,0.0,16.0,13.0,13.0,16.0,13.0,13.0,16.0,13.0,13.0,16.0,14.0,14.0,16.0,13.0,13.0,0.0,0.0,0.0,0.0,1.0,2.0,0.0,0.0,0.0,0.0,1.0,1.0,1.0
1423.0,0,5000.0,Shaanxi,Limited liability company (Natural person investment or holding),667.0,0.0,Construction industry,2.0,2.0,0.0,0.0,0.0,0.0,18.0,2.0,,0.0,0.0,0.0,0.0,4.0,0.0,0.0,0.0,0.0,0.0,0.0,0.0,0.0,0.0,0.0,0.0,0.0,0.0,0.0,0.0,0.0,0.0,0.0,0.0,0.0,0.0,0.0,0.0,0.0,0.0,0.0,0.0,0.0,0.0,0.0,0.0,0.0,0.0,0.0,0.0,0.0,0.0,0.0,0.0,0.0,0.0,,0.0,0.0,,0.0,0.0,,0.0,0.0,,0.0,0.0,,0.0,0.0,0.0,0.0,0.0,0.0,0.0,0.0,0.0,0.0,0.0,0.0,0.0
1424.0,0,500.0,Shaanxi,Limited liability company (Natural person investment or holding),1866.0,500.0,Scientific research and technology services,4.0,3.0,0.0,0.0,0.0,5.0,2.0,9.0,,0.0,0.0,0.0,0.0,0.0,1.0,0.0,0.0,0.0,0.0,0.0,0.0,0.0,0.0,0.0,0.0,0.0,0.0,0.0,0.0,0.0,0.0,0.0,0.0,0.0,0.0,0.0,0.0,0.0,0.0,0.0,0.0,0.0,0.0,0.0,0.0,0.0,0.0,0.0,0.0,0.0,0.0,0.0,0.0,5.0,4.0,0.0,5.0,4.0,0.0,5.0,4.0,0.0,5.0,4.0,0.0,5.0,4.0,0.0,0.0,0.0,0.0,0.0,0.0,0.0,0.0,0.0,0.0,0.0,0.0,0.0,0.0
1425.0,0,10100.0,Shaanxi,Limited liability company (Natural person investment or holding),3634.0,10100.0,"Information transmission, software and information technology services",2.0,2.0,10.0,6.0,0.0,0.0,4.0,8.0,,0.0,18.0,0.0,0.0,0.0,0.0,0.0,0.0,0.0,0.0,0.0,0.0,0.0,0.0,0.0,0.0,0.0,0.0,0.0,1.0,0.0,0.0,0.0,0.0,0.0,0.0,0.0,0.0,0.0,0.0,0.0,0.0,0.0,0.0,0.0,0.0,0.0,0.0,0.0,0.0,0.0,0.0,0.0,0.0,19.0,15.0,11.0,16.0,13.0,0.0,16.0,13.0,0.0,16.0,13.0,0.0,16.0,13.0,0.0,0.0,0.0,0.0,0.0,0.0,0.0,0.0,0.0,0.0,0.0,0.0,0.0,2.0
1426.0,0,3000.0,Shaanxi,Limited liability company (Natural person investment or holding),3308.0,3000.0,Wholesale and retail,2.0,2.0,8.0,0.0,3.0,14.0,7.0,0.0,,0.0,0.0,0.0,0.0,3.0,0.0,0.0,0.0,0.0,0.0,0.0,0.0,0.0,0.0,0.0,0.0,0.0,0.0,0.0,0.0,0.0,0.0,0.0,1.0,0.0,0.0,0.0,0.0,0.0,0.0,0.0,0.0,0.0,0.0,0.0,0.0,0.0,0.0,0.0,0.0,0.0,0.0,0.0,0.0,9.0,0.0,0.0,9.0,0.0,0.0,9.0,0.0,0.0,9.0,0.0,0.0,9.0,0.0,0.0,0.0,0.0,0.0,0.0,0.0,0.0,0.0,0.0,0.0,0.0,0.0,0.0,1.0
1427.0,0,5000.0,Tibet,Limited liability company (Natural person investment or holding),2063.0,482.0661,"Information transmission, software and information technology services",2.0,2.0,0.0,0.0,0.0,9.0,0.0,0.0,,0.0,0.0,0.0,0.0,0.0,5.0,0.0,0.0,0.0,0.0,0.0,0.0,0.0,0.0,0.0,0.0,0.0,0.0,0.0,0.0,0.0,0.0,0.0,0.0,0.0,0.0,0.0,0.0,0.0,0.0,0.0,3.0,0.0,0.0,0.0,0.0,0.0,0.0,0.0,0.0,0.0,0.0,12.0,0.0,11.0,9.0,3.0,11.0,9.0,0.0,11.0,9.0,0.0,11.0,9.0,0.0,11.0,9.0,0.0,0.0,0.0,0.0,0.0,0.0,0.0,0.0,0.0,0.0,0.0,0.0,0.0,0.0
1428.0,0,2000.0,Tibet,Limited liability company (Natural person investment or holding),1504.0,2000.0,Construction industry,3.0,2.0,0.0,1.0,0.0,0.0,3.0,0.0,,0.0,0.0,0.0,0.0,6.0,0.0,0.0,0.0,0.0,0.0,0.0,1.0,0.0,0.0,0.0,0.0,0.0,0.0,0.0,0.0,0.0,0.0,0.0,0.0,0.0,0.0,0.0,0.0,0.0,0.0,0.0,0.0,0.0,0.0,0.0,0.0,0.0,0.0,0.0,0.0,0.0,0.0,0.0,0.0,8.0,53.0,53.0,9.0,0.0,0.0,9.0,0.0,0.0,8.0,0.0,0.0,8.0,0.0,0.0,0.0,0.0,0.0,0.0,0.0,0.0,0.0,0.0,0.0,0.0,0.0,0.0,1.0
1429.0,0,4000.0,Tibet,Limited liability company (Natural person investment or holding),2637.0,1280.0,Construction industry,2.0,3.0,6.0,2.0,2.0,6.0,3.0,4.0,3.0,0.0,0.0,0.0,0.0,7.0,0.0,0.0,0.0,0.0,0.0,0.0,1.0,0.0,0.0,0.0,0.0,0.0,0.0,0.0,0.0,0.0,0.0,0.0,0.0,0.0,0.0,0.0,0.0,0.0,0.0,0.0,0.0,0.0,0.0,0.0,0.0,0.0,0.0,0.0,0.0,0.0,0.0,0.0,0.0,0.0,0.0,0.0,0.0,0.0,0.0,0.0,0.0,0.0,0.0,0.0,0.0,0.0,0.0,0.0,0.0,0.0,1.0,0.0,0.0,0.0,0.0,1.0,0.0,0.0,0.0,0.0,0.0
1430.0,1,5000.0,Tibet,Limited liability company (sole proprietorship of natural person),858.0,100.0,Construction industry,1.0,2.0,0.0,0.0,0.0,7.0,12.0,3.0,1.0,0.0,0.0,0.0,0.0,0.0,16.0,0.0,0.0,0.0,0.0,0.0,0.0,0.0,0.0,0.0,0.0,0.0,0.0,0.0,0.0,0.0,0.0,0.0,0.0,3.0,0.0,0.0,0.0,0.0,0.0,0.0,0.0,0.0,0.0,0.0,0.0,0.0,0.0,0.0,0.0,0.0,0.0,0.0,0.0,4.0,1.0,,4.0,1.0,,4.0,1.0,,4.0,1.0,,4.0,1.0,,0.0,0.0,0.0,0.0,0.0,0.0,0.0,0.0,0.0,0.0,0.0,0.0,0.0
1431.0,0,1000.0,Shaanxi,Limited liability company (Natural person investment or holding),987.0,900.0,"Agriculture, forestry, animal husbandry and fishery",2.0,2.0,0.0,0.0,0.0,4.0,1.0,2.0,1.0,0.0,0.0,0.0,0.0,0.0,4.0,0.0,0.0,0.0,0.0,0.0,0.0,0.0,0.0,0.0,0.0,0.0,0.0,0.0,0.0,0.0,0.0,0.0,0.0,0.0,0.0,0.0,0.0,0.0,0.0,0.0,0.0,0.0,0.0,0.0,0.0,0.0,0.0,0.0,0.0,0.0,0.0,0.0,0.0,5.0,10.0,7.0,0.0,0.0,0.0,0.0,0.0,0.0,0.0,0.0,17.0,0.0,0.0,0.0,0.0,0.0,0.0,0.0,0.0,0.0,0.0,0.0,0.0,0.0,0.0,0.0,0.0
1432.0,0,4600.0,Shaanxi,Limited liability company (Natural person investment or holding),8766.0,2100.0,Construction industry,2.0,2.0,19.0,9.0,5.0,0.0,0.0,0.0,,0.0,0.0,4.0,3.0,0.0,3.0,0.0,0.0,0.0,0.0,0.0,0.0,0.0,0.0,0.0,0.0,0.0,0.0,0.0,0.0,0.0,0.0,0.0,2.0,0.0,0.0,0.0,0.0,0.0,0.0,0.0,0.0,0.0,0.0,0.0,0.0,0.0,0.0,0.0,0.0,0.0,0.0,0.0,0.0,9.0,5.0,3.0,0.0,0.0,0.0,0.0,0.0,0.0,0.0,0.0,0.0,0.0,0.0,0.0,0.0,0.0,0.0,0.0,1.0,3.0,0.0,0.0,0.0,0.0,0.0,1.0,2.0
1433.0,0,1000.0,Shaanxi,Limited liability company (Natural person investment or holding),1024.0,1000.0,Construction industry,2.0,2.0,0.0,0.0,0.0,0.0,0.0,0.0,,0.0,0.0,0.0,0.0,3.0,0.0,0.0,0.0,0.0,0.0,0.0,0.0,0.0,0.0,0.0,0.0,0.0,0.0,0.0,0.0,0.0,0.0,0.0,0.0,0.0,0.0,0.0,0.0,0.0,0.0,0.0,0.0,0.0,0.0,0.0,0.0,0.0,0.0,0.0,0.0,0.0,0.0,0.0,0.0,2.0,0.0,0.0,2.0,0.0,0.0,2.0,0.0,0.0,2.0,0.0,0.0,0.0,0.0,0.0,0.0,0.0,0.0,0.0,0.0,0.0,0.0,0.0,0.0,0.0,0.0,0.0,0.0
1434.0,0,5688.0,Fujian,Limited liability company (Natural person investment or holding),599.0,0.0,Construction industry,2.0,2.0,0.0,0.0,0.0,0.0,11.0,9.0,5.0,0.0,0.0,0.0,0.0,0.0,0.0,0.0,0.0,0.0,0.0,0.0,0.0,0.0,0.0,0.0,0.0,0.0,0.0,1.0,0.0,0.0,0.0,0.0,0.0,0.0,0.0,0.0,0.0,0.0,0.0,0.0,0.0,0.0,0.0,0.0,0.0,0.0,0.0,0.0,0.0,0.0,0.0,0.0,0.0,44.0,,,42.0,,,13.0,,,44.0,,,13.0,,,0.0,0.0,0.0,0.0,0.0,0.0,0.0,0.0,0.0,0.0,0.0,0.0,0.0
1435.0,0,4000.0,Xinjiang,Limited liability company (sole proprietorship of natural person),2360.0,2000.0,Construction industry,1.0,2.0,8.0,0.0,0.0,0.0,0.0,6.0,5.0,0.0,0.0,0.0,0.0,0.0,0.0,0.0,0.0,0.0,0.0,0.0,0.0,0.0,0.0,0.0,2.0,0.0,0.0,0.0,0.0,0.0,0.0,0.0,0.0,0.0,0.0,0.0,0.0,0.0,0.0,0.0,0.0,0.0,0.0,0.0,0.0,0.0,0.0,0.0,0.0,0.0,0.0,0.0,0.0,33.0,34.0,35.0,33.0,34.0,35.0,33.0,34.0,35.0,33.0,34.0,35.0,0.0,34.0,35.0,0.0,0.0,0.0,0.0,4.0,0.0,0.0,0.0,0.0,0.0,0.0,0.0,1.0
1436.0,0,3000.0,Xinjiang,Limited liability company (Natural person investment or holding),1222.0,3336.0,Construction industry,3.0,2.0,0.0,0.0,1.0,0.0,0.0,2.0,10.0,0.0,0.0,0.0,0.0,6.0,0.0,0.0,0.0,0.0,0.0,0.0,0.0,0.0,0.0,0.0,0.0,0.0,0.0,0.0,0.0,0.0,0.0,0.0,0.0,2.0,0.0,0.0,0.0,0.0,0.0,0.0,0.0,0.0,0.0,0.0,0.0,1.0,0.0,0.0,0.0,0.0,0.0,0.0,0.0,50.0,8.0,5.0,50.0,8.0,5.0,50.0,8.0,5.0,50.0,8.0,5.0,50.0,8.0,5.0,0.0,0.0,0.0,0.0,0.0,0.0,0.0,0.0,0.0,0.0,0.0,0.0,0.0
1437.0,0,1200.0,Xinjiang,Limited liability company (sole proprietorship of natural person),1606.0,800.0,Construction industry,1.0,2.0,0.0,0.0,0.0,3.0,0.0,0.0,3.0,0.0,0.0,0.0,0.0,3.0,0.0,0.0,0.0,0.0,0.0,0.0,0.0,0.0,0.0,0.0,0.0,0.0,0.0,0.0,0.0,0.0,0.0,0.0,0.0,0.0,0.0,0.0,0.0,0.0,0.0,0.0,0.0,0.0,0.0,0.0,0.0,0.0,0.0,0.0,0.0,0.0,0.0,0.0,0.0,0.0,15.0,0.0,0.0,15.0,0.0,0.0,15.0,0.0,0.0,15.0,0.0,0.0,15.0,0.0,0.0,0.0,0.0,0.0,0.0,0.0,0.0,0.0,0.0,0.0,0.0,0.0,0.0
1438.0,0,5000.0,Xinjiang,Limited liability company (Natural person investment or holding),8075.0,5000.0,Wholesale and retail,2.0,2.0,30.0,0.0,0.0,0.0,16.0,0.0,2.0,0.0,0.0,0.0,0.0,3.0,0.0,0.0,0.0,2.0,0.0,0.0,0.0,0.0,0.0,0.0,0.0,0.0,0.0,0.0,0.0,0.0,0.0,0.0,0.0,0.0,0.0,0.0,0.0,0.0,0.0,0.0,0.0,0.0,0.0,0.0,0.0,0.0,0.0,0.0,0.0,0.0,0.0,0.0,0.0,25.0,44.0,43.0,25.0,44.0,43.0,25.0,44.0,43.0,25.0,44.0,43.0,25.0,44.0,43.0,0.0,4.0,5.0,1.0,1.0,0.0,0.0,3.0,6.0,0.0,1.0,0.0,1.0
1439.0,0,2000.0,Xinjiang,Limited liability company (Natural person investment or holding),5473.0,2000.0,Leasing and business services,4.0,2.0,15.0,0.0,5.0,1.0,5.0,2.0,2.0,0.0,0.0,0.0,0.0,3.0,0.0,3.0,0.0,0.0,0.0,0.0,0.0,0.0,0.0,0.0,0.0,0.0,3.0,0.0,0.0,0.0,0.0,0.0,0.0,0.0,0.0,0.0,0.0,0.0,0.0,0.0,0.0,0.0,0.0,0.0,0.0,0.0,0.0,0.0,0.0,0.0,0.0,0.0,0.0,21.0,23.0,11.0,21.0,23.0,11.0,22.0,24.0,11.0,21.0,24.0,11.0,21.0,23.0,11.0,0.0,0.0,2.0,0.0,0.0,1.0,1.0,2.0,0.0,1.0,0.0,1.0,4.0
1440.0,0,2000.0,Xinjiang,Limited liability company (Natural person investment or holding),3502.0,1000.0,Wholesale and retail,3.0,2.0,8.0,0.0,3.0,7.0,0.0,3.0,,0.0,0.0,0.0,0.0,0.0,0.0,0.0,0.0,0.0,0.0,0.0,0.0,0.0,0.0,0.0,0.0,0.0,0.0,0.0,0.0,0.0,0.0,0.0,0.0,0.0,0.0,0.0,0.0,0.0,0.0,0.0,0.0,0.0,0.0,0.0,0.0,0.0,0.0,0.0,0.0,0.0,0.0,0.0,0.0,29.0,10.0,10.0,30.0,10.0,10.0,28.0,8.0,9.0,30.0,10.0,10.0,25.0,10.0,10.0,0.0,0.0,0.0,0.0,0.0,0.0,0.0,0.0,0.0,0.0,0.0,0.0,0.0
1441.0,0,2800.0,Xinjiang,Limited liability company (Natural person investment or holding),3499.0,500.0,Wholesale and retail,2.0,2.0,16.0,0.0,0.0,9.0,0.0,5.0,4.0,0.0,0.0,0.0,1.0,1.0,0.0,0.0,0.0,0.0,0.0,0.0,0.0,0.0,0.0,0.0,0.0,0.0,0.0,0.0,0.0,0.0,0.0,0.0,0.0,0.0,0.0,0.0,0.0,0.0,0.0,0.0,0.0,0.0,0.0,0.0,0.0,0.0,0.0,1.0,2.0,9.0,0.0,4.0,9.0,35.0,35.0,25.0,35.0,35.0,25.0,35.0,35.0,25.0,35.0,35.0,25.0,35.0,35.0,25.0,0.0,0.0,0.0,0.0,0.0,0.0,0.0,0.0,0.0,0.0,0.0,0.0,1.0
1442.0,0,2100.0,Xinjiang,Limited liability company (Natural person investment or holding),5712.0,2100.0,"Information transmission, software and information technology services",2.0,2.0,13.0,1.0,8.0,0.0,7.0,2.0,4.0,0.0,0.0,0.0,0.0,1.0,0.0,0.0,0.0,0.0,0.0,0.0,0.0,0.0,0.0,0.0,0.0,0.0,0.0,0.0,0.0,0.0,0.0,0.0,0.0,0.0,0.0,0.0,0.0,0.0,0.0,0.0,0.0,0.0,0.0,0.0,0.0,0.0,0.0,0.0,0.0,0.0,17.0,0.0,0.0,39.0,30.0,25.0,39.0,30.0,25.0,40.0,30.0,25.0,39.0,30.0,25.0,39.0,30.0,25.0,0.0,0.0,0.0,0.0,0.0,0.0,0.0,0.0,0.0,0.0,0.0,0.0,0.0
1443.0,0,800.0,Xinjiang,Limited liability company (sole proprietorship of natural person),1919.0,570.44,"Information transmission, software and information technology services",1.0,2.0,0.0,0.0,8.0,0.0,2.0,0.0,3.0,0.0,0.0,0.0,0.0,0.0,0.0,0.0,0.0,0.0,0.0,0.0,0.0,0.0,0.0,0.0,0.0,0.0,0.0,0.0,0.0,0.0,0.0,0.0,0.0,0.0,0.0,0.0,0.0,0.0,0.0,0.0,0.0,0.0,0.0,0.0,0.0,0.0,0.0,0.0,0.0,0.0,0.0,0.0,0.0,0.0,0.0,0.0,0.0,0.0,0.0,0.0,0.0,0.0,0.0,0.0,0.0,0.0,0.0,0.0,0.0,0.0,0.0,0.0,1.0,0.0,0.0,0.0,0.0,0.0,1.0,0.0,0.0
1444.0,0,4000.0,Xinjiang,Limited liability company (Natural person investment or holding),2964.0,500.0,Construction industry,3.0,2.0,9.0,1.0,0.0,0.0,0.0,3.0,2.0,0.0,3.0,0.0,0.0,1.0,0.0,0.0,0.0,1.0,0.0,0.0,0.0,0.0,0.0,0.0,0.0,0.0,0.0,0.0,0.0,0.0,0.0,0.0,0.0,0.0,0.0,0.0,0.0,0.0,0.0,0.0,0.0,0.0,0.0,0.0,0.0,0.0,0.0,0.0,0.0,0.0,0.0,0.0,0.0,9.0,12.0,7.0,9.0,12.0,7.0,9.0,12.0,7.0,9.0,12.0,7.0,9.0,12.0,7.0,0.0,0.0,0.0,0.0,0.0,0.0,0.0,0.0,0.0,0.0,0.0,0.0,2.0
1445.0,0,10888.0,Xinjiang,Limited liability company (sole proprietorship of natural person),2984.0,4000.0,Leasing and business services,1.0,2.0,12.0,0.0,0.0,0.0,0.0,5.0,2.0,0.0,0.0,0.0,0.0,0.0,0.0,0.0,0.0,0.0,0.0,0.0,1.0,0.0,0.0,0.0,0.0,0.0,0.0,2.0,0.0,0.0,0.0,0.0,0.0,0.0,0.0,0.0,0.0,0.0,0.0,0.0,0.0,0.0,0.0,0.0,0.0,0.0,0.0,0.0,0.0,0.0,0.0,0.0,0.0,27.0,30.0,26.0,27.0,30.0,26.0,27.0,30.0,26.0,27.0,30.0,26.0,27.0,30.0,26.0,0.0,0.0,0.0,0.0,0.0,18.0,1.0,0.0,1.0,0.0,1.0,1.0,3.0
1446.0,0,1200.0,Xinjiang,Limited liability company (sole proprietorship of natural person),930.0,150.0,Construction industry,1.0,2.0,0.0,0.0,0.0,0.0,0.0,0.0,,0.0,0.0,0.0,0.0,0.0,0.0,0.0,0.0,0.0,0.0,0.0,0.0,0.0,0.0,0.0,0.0,0.0,0.0,1.0,0.0,0.0,0.0,0.0,0.0,0.0,0.0,0.0,0.0,0.0,0.0,0.0,0.0,0.0,0.0,0.0,0.0,0.0,0.0,0.0,0.0,0.0,0.0,0.0,0.0,22.0,0.0,,22.0,0.0,,22.0,0.0,,22.0,0.0,,22.0,0.0,,0.0,0.0,0.0,0.0,0.0,0.0,0.0,0.0,0.0,0.0,0.0,0.0,0.0
1447.0,0,2000.0,Xinjiang,Limited liability company (Natural person investment or holding),1253.0,2000.0,Construction industry,3.0,3.0,0.0,0.0,0.0,5.0,0.0,0.0,4.0,0.0,0.0,0.0,0.0,0.0,0.0,0.0,0.0,0.0,0.0,0.0,0.0,0.0,0.0,0.0,0.0,0.0,0.0,0.0,1.0,0.0,0.0,0.0,0.0,0.0,0.0,0.0,0.0,0.0,0.0,0.0,0.0,0.0,0.0,0.0,0.0,0.0,0.0,0.0,0.0,0.0,0.0,0.0,0.0,22.0,0.0,0.0,22.0,0.0,0.0,22.0,0.0,0.0,22.0,0.0,0.0,22.0,0.0,0.0,0.0,0.0,0.0,0.0,0.0,0.0,0.0,0.0,0.0,0.0,0.0,0.0,1.0
1448.0,0,2600.0,Jiangxi,Limited liability company (Natural person investment or holding),1105.0,1400.0,Construction industry,2.0,2.0,0.0,0.0,0.0,4.0,0.0,0.0,,0.0,0.0,0.0,1.0,0.0,0.0,0.0,0.0,0.0,0.0,0.0,0.0,0.0,0.0,0.0,0.0,0.0,0.0,0.0,0.0,0.0,0.0,0.0,0.0,0.0,0.0,0.0,0.0,0.0,0.0,0.0,0.0,0.0,0.0,0.0,0.0,0.0,0.0,0.0,0.0,0.0,0.0,0.0,0.0,0.0,2.0,3.0,0.0,2.0,0.0,0.0,2.0,0.0,0.0,2.0,0.0,0.0,2.0,0.0,0.0,0.0,0.0,0.0,0.0,0.0,0.0,0.0,0.0,0.0,0.0,0.0,0.0
1449.0,0,4000.0,Henan,Limited liability company (sole proprietorship of natural person),2626.0,600.0,Construction industry,1.0,2.0,0.0,0.0,1.0,4.0,1.0,0.0,1.0,0.0,0.0,0.0,0.0,0.0,2.0,0.0,0.0,0.0,0.0,0.0,0.0,0.0,0.0,0.0,0.0,0.0,0.0,0.0,0.0,0.0,0.0,0.0,0.0,0.0,0.0,0.0,0.0,0.0,0.0,0.0,0.0,0.0,0.0,0.0,0.0,0.0,0.0,0.0,0.0,0.0,0.0,0.0,0.0,24.0,16.0,8.0,24.0,0.0,0.0,0.0,0.0,0.0,24.0,0.0,0.0,0.0,0.0,0.0,0.0,0.0,0.0,0.0,0.0,0.0,0.0,0.0,0.0,0.0,0.0,0.0,1.0
1450.0,0,4500.0,Henan,Limited liability company (Natural person investment or holding),2296.0,890.0,"Water conservancy, environment and public facilities management",2.0,2.0,1.0,3.0,3.0,1.0,0.0,0.0,7.0,0.0,0.0,0.0,0.0,0.0,0.0,0.0,0.0,0.0,0.0,0.0,0.0,0.0,0.0,0.0,0.0,0.0,0.0,0.0,0.0,0.0,0.0,0.0,0.0,0.0,0.0,0.0,0.0,0.0,0.0,0.0,0.0,0.0,0.0,0.0,0.0,0.0,0.0,0.0,0.0,0.0,0.0,0.0,1.0,7.0,10.0,0.0,0.0,0.0,0.0,3.0,10.0,0.0,6.0,10.0,0.0,0.0,0.0,0.0,0.0,0.0,0.0,0.0,0.0,0.0,0.0,0.0,0.0,0.0,0.0,0.0,1.0
1451.0,0,5000.0,Anhui,Limited liability company (Natural person investment or holding),3624.0,1000.0,Construction industry,2.0,2.0,1.0,6.0,0.0,0.0,0.0,2.0,6.0,0.0,0.0,0.0,0.0,0.0,0.0,0.0,0.0,0.0,1.0,0.0,0.0,0.0,0.0,0.0,0.0,0.0,0.0,0.0,0.0,0.0,0.0,0.0,0.0,1.0,0.0,0.0,0.0,0.0,0.0,0.0,4.0,0.0,0.0,0.0,0.0,0.0,0.0,0.0,0.0,0.0,0.0,0.0,0.0,22.0,23.0,24.0,22.0,10.0,10.0,22.0,19.0,24.0,22.0,10.0,10.0,22.0,10.0,10.0,0.0,0.0,1.0,3.0,3.0,10.0,0.0,0.0,1.0,1.0,2.0,1.0,3.0
1452.0,0,3000.0,Anhui,Limited liability company (Natural person investment or holding),6700.0,2610.0,Construction industry,2.0,3.0,5.0,2.0,1.0,2.0,3.0,4.0,10.0,0.0,0.0,0.0,0.0,0.0,0.0,2.0,0.0,0.0,0.0,2.0,0.0,0.0,0.0,0.0,0.0,0.0,0.0,0.0,0.0,0.0,0.0,0.0,6.0,0.0,0.0,0.0,0.0,0.0,4.0,0.0,0.0,0.0,0.0,0.0,0.0,0.0,0.0,0.0,0.0,0.0,0.0,0.0,0.0,71.0,84.0,78.0,64.0,75.0,68.0,71.0,83.0,76.0,75.0,95.0,84.0,75.0,95.0,84.0,0.0,0.0,0.0,4.0,3.0,2.0,2.0,6.0,1.0,1.0,2.0,0.0,0.0
1453.0,0,1000.0,Shaanxi,Limited liability company (sole proprietorship of natural person),1172.0,1000.0,Construction industry,1.0,2.0,0.0,0.0,0.0,5.0,7.0,4.0,,0.0,0.0,0.0,0.0,5.0,0.0,0.0,0.0,0.0,0.0,0.0,0.0,0.0,0.0,0.0,0.0,0.0,0.0,0.0,0.0,0.0,0.0,0.0,0.0,0.0,0.0,0.0,0.0,0.0,0.0,0.0,0.0,0.0,0.0,0.0,0.0,0.0,0.0,0.0,0.0,0.0,0.0,0.0,0.0,2.0,1.0,0.0,0.0,0.0,0.0,0.0,0.0,0.0,0.0,0.0,0.0,0.0,0.0,0.0,0.0,0.0,0.0,0.0,0.0,0.0,0.0,0.0,0.0,0.0,0.0,0.0,0.0
1454.0,0,6000.0,Shaanxi,Limited liability company (Natural person investment or holding),3186.0,6000.0,Construction industry,2.0,2.0,4.0,12.0,0.0,0.0,7.0,7.0,3.0,0.0,2.0,9.0,0.0,0.0,0.0,0.0,0.0,0.0,0.0,0.0,0.0,0.0,0.0,0.0,0.0,0.0,0.0,0.0,0.0,0.0,0.0,0.0,0.0,0.0,0.0,0.0,0.0,0.0,0.0,0.0,0.0,0.0,0.0,0.0,0.0,0.0,0.0,0.0,0.0,0.0,0.0,0.0,0.0,19.0,15.0,12.0,0.0,0.0,0.0,0.0,0.0,0.0,0.0,0.0,0.0,0.0,0.0,0.0,0.0,0.0,2.0,0.0,1.0,1.0,0.0,0.0,1.0,0.0,0.0,1.0,0.0
1455.0,0,2017.0,Shaanxi,Limited liability company (sole proprietorship of natural person),1384.0,2017.0,Wholesale and retail,1.0,2.0,0.0,0.0,0.0,0.0,12.0,0.0,,0.0,0.0,0.0,5.0,0.0,0.0,0.0,0.0,0.0,0.0,0.0,0.0,0.0,0.0,0.0,0.0,0.0,0.0,0.0,0.0,0.0,0.0,0.0,0.0,0.0,0.0,0.0,0.0,0.0,0.0,0.0,0.0,0.0,0.0,0.0,0.0,0.0,0.0,0.0,0.0,0.0,0.0,0.0,0.0,3.0,3.0,0.0,0.0,0.0,0.0,0.0,0.0,0.0,0.0,0.0,0.0,0.0,0.0,0.0,0.0,0.0,0.0,0.0,0.0,0.0,0.0,0.0,0.0,0.0,0.0,0.0,0.0
1456.0,0,4000.0,Shaanxi,Limited liability company (sole proprietorship of natural person),2600.0,0.0,Construction industry,1.0,2.0,24.0,0.0,0.0,0.0,13.0,0.0,,0.0,0.0,1.0,0.0,0.0,0.0,0.0,0.0,0.0,0.0,0.0,0.0,0.0,0.0,0.0,0.0,0.0,0.0,0.0,0.0,0.0,0.0,0.0,0.0,0.0,0.0,0.0,0.0,0.0,0.0,0.0,0.0,0.0,0.0,0.0,0.0,0.0,0.0,0.0,0.0,0.0,0.0,0.0,0.0,0.0,0.0,0.0,0.0,0.0,0.0,0.0,0.0,0.0,0.0,0.0,0.0,0.0,0.0,0.0,0.0,0.0,0.0,0.0,0.0,0.0,0.0,0.0,0.0,0.0,0.0,0.0,0.0
1457.0,0,3000.0,Shaanxi,Limited liability company (sole proprietorship of natural person),1470.0,3000.0,Construction industry,1.0,2.0,0.0,0.0,3.0,0.0,6.0,0.0,,0.0,0.0,7.0,0.0,0.0,0.0,0.0,0.0,0.0,0.0,0.0,0.0,0.0,0.0,0.0,0.0,0.0,0.0,0.0,0.0,0.0,0.0,0.0,0.0,0.0,0.0,0.0,0.0,0.0,0.0,0.0,0.0,0.0,0.0,0.0,0.0,0.0,0.0,0.0,0.0,0.0,0.0,0.0,0.0,0.0,0.0,0.0,0.0,0.0,0.0,0.0,0.0,0.0,0.0,0.0,0.0,0.0,0.0,0.0,0.0,0.0,0.0,0.0,0.0,0.0,0.0,0.0,0.0,0.0,0.0,1.0,0.0
1458.0,0,2000.0,Shaanxi,Limited liability company (sole proprietorship of natural person),1528.0,2000.0,Construction industry,1.0,3.0,0.0,0.0,9.0,0.0,5.0,0.0,,0.0,0.0,2.0,0.0,0.0,0.0,0.0,0.0,0.0,0.0,0.0,0.0,0.0,0.0,0.0,0.0,0.0,0.0,0.0,1.0,0.0,0.0,0.0,0.0,0.0,0.0,0.0,0.0,0.0,0.0,0.0,0.0,0.0,0.0,0.0,0.0,0.0,0.0,0.0,0.0,0.0,0.0,0.0,0.0,0.0,0.0,0.0,0.0,0.0,0.0,0.0,0.0,0.0,0.0,0.0,0.0,0.0,0.0,0.0,0.0,0.0,0.0,0.0,0.0,0.0,0.0,0.0,0.0,0.0,0.0,0.0,0.0
1459.0,0,6000.0,Shaanxi,Limited liability company (Natural person investment or holding),2726.0,5950.0,Construction industry,2.0,2.0,0.0,10.0,17.0,10.0,7.0,9.0,,0.0,0.0,5.0,1.0,0.0,0.0,0.0,0.0,0.0,0.0,0.0,0.0,0.0,0.0,0.0,0.0,0.0,0.0,0.0,1.0,0.0,0.0,0.0,8.0,0.0,0.0,0.0,0.0,0.0,0.0,0.0,0.0,0.0,0.0,0.0,0.0,0.0,0.0,0.0,0.0,0.0,0.0,0.0,0.0,8.0,5.0,0.0,0.0,0.0,0.0,0.0,0.0,0.0,0.0,0.0,0.0,0.0,0.0,0.0,0.0,0.0,0.0,0.0,0.0,0.0,0.0,0.0,0.0,0.0,0.0,0.0,0.0
1460.0,0,4000.0,Shaanxi,Limited liability company (Natural person investment or holding),4957.0,4000.0,Construction industry,2.0,2.0,17.0,0.0,4.0,27.0,6.0,0.0,,0.0,8.0,0.0,0.0,0.0,0.0,0.0,0.0,0.0,0.0,0.0,0.0,0.0,0.0,0.0,0.0,0.0,0.0,0.0,0.0,0.0,0.0,0.0,0.0,0.0,0.0,0.0,0.0,0.0,0.0,0.0,0.0,0.0,0.0,0.0,0.0,0.0,0.0,0.0,0.0,0.0,0.0,0.0,0.0,13.0,11.0,8.0,0.0,0.0,0.0,0.0,0.0,0.0,0.0,0.0,0.0,0.0,0.0,0.0,0.0,1.0,0.0,2.0,1.0,0.0,1.0,0.0,0.0,0.0,0.0,0.0,2.0
1461.0,0,2100.0,Shaanxi,Limited liability company (sole proprietorship of natural person),2542.0,500.0,Construction industry,1.0,2.0,0.0,10.0,9.0,0.0,7.0,0.0,,0.0,0.0,0.0,10.0,0.0,3.0,0.0,0.0,0.0,0.0,0.0,0.0,0.0,0.0,0.0,0.0,0.0,0.0,0.0,0.0,0.0,0.0,0.0,0.0,0.0,3.0,0.0,0.0,0.0,0.0,0.0,0.0,0.0,0.0,0.0,0.0,0.0,0.0,0.0,0.0,0.0,0.0,0.0,0.0,2.0,1.0,0.0,0.0,0.0,0.0,0.0,0.0,0.0,0.0,0.0,0.0,0.0,0.0,0.0,0.0,0.0,3.0,0.0,0.0,0.0,0.0,0.0,0.0,0.0,0.0,0.0,1.0
1462.0,0,1000.0,Shaanxi,Limited liability company (sole proprietorship of natural person),973.0,0.0,Wholesale and retail,1.0,2.0,0.0,0.0,0.0,0.0,0.0,0.0,,0.0,0.0,0.0,7.0,0.0,0.0,0.0,0.0,0.0,0.0,0.0,0.0,0.0,0.0,0.0,0.0,0.0,0.0,0.0,0.0,0.0,0.0,0.0,0.0,0.0,0.0,0.0,0.0,0.0,0.0,0.0,0.0,0.0,0.0,0.0,0.0,0.0,0.0,0.0,0.0,0.0,0.0,0.0,0.0,2.0,0.0,,0.0,0.0,,0.0,0.0,,0.0,3.0,,0.0,0.0,,0.0,0.0,0.0,0.0,0.0,0.0,0.0,0.0,0.0,0.0,0.0,0.0,0.0
1463.0,0,3100.0,Shaanxi,Limited liability company (sole proprietorship of natural person),1142.0,100.0,Construction industry,1.0,2.0,0.0,0.0,0.0,0.0,7.0,0.0,,0.0,0.0,0.0,0.0,7.0,0.0,0.0,0.0,0.0,0.0,0.0,0.0,0.0,0.0,0.0,0.0,0.0,0.0,0.0,0.0,0.0,0.0,0.0,0.0,0.0,0.0,0.0,0.0,0.0,0.0,0.0,0.0,0.0,0.0,0.0,0.0,0.0,0.0,0.0,0.0,0.0,0.0,0.0,0.0,13.0,4.0,3.0,0.0,0.0,0.0,13.0,0.0,0.0,0.0,30.0,0.0,0.0,0.0,0.0,0.0,0.0,0.0,0.0,0.0,0.0,0.0,0.0,0.0,0.0,0.0,0.0,0.0
1464.0,0,2800.0,Shaanxi,Limited liability company (Natural person investment or holding),1095.0,0.0,Wholesale and retail,2.0,2.0,0.0,0.0,0.0,2.0,0.0,3.0,,0.0,0.0,0.0,14.0,0.0,1.0,0.0,0.0,0.0,0.0,0.0,0.0,0.0,0.0,0.0,0.0,0.0,0.0,0.0,0.0,0.0,0.0,0.0,0.0,0.0,0.0,0.0,0.0,0.0,0.0,0.0,0.0,0.0,0.0,0.0,0.0,0.0,0.0,0.0,0.0,0.0,0.0,0.0,0.0,4.0,0.0,0.0,0.0,0.0,0.0,0.0,0.0,0.0,0.0,0.0,0.0,0.0,0.0,0.0,0.0,0.0,0.0,0.0,0.0,1.0,0.0,0.0,0.0,0.0,0.0,0.0,0.0
1465.0,0,5000.0,Shaanxi,Limited liability company (Natural person investment or holding),1000.0,487.64,Wholesale and retail,2.0,2.0,0.0,0.0,0.0,12.0,3.0,0.0,,0.0,0.0,0.0,7.0,0.0,0.0,0.0,0.0,0.0,0.0,0.0,0.0,0.0,0.0,0.0,0.0,0.0,0.0,0.0,0.0,0.0,0.0,0.0,0.0,0.0,0.0,0.0,0.0,0.0,0.0,0.0,0.0,0.0,0.0,0.0,0.0,0.0,0.0,0.0,0.0,0.0,0.0,0.0,0.0,0.0,0.0,0.0,0.0,0.0,0.0,0.0,0.0,0.0,0.0,0.0,0.0,0.0,0.0,0.0,0.0,0.0,0.0,0.0,0.0,1.0,0.0,0.0,0.0,0.0,0.0,0.0,0.0
1466.0,1,1000.0,Shaanxi,Limited liability company (sole proprietorship of natural person),1462.0,0.0,Construction industry,1.0,2.0,0.0,0.0,0.0,10.0,2.0,8.0,,0.0,0.0,6.0,0.0,0.0,1.0,0.0,0.0,0.0,0.0,0.0,0.0,0.0,0.0,0.0,0.0,0.0,0.0,0.0,0.0,0.0,0.0,0.0,0.0,0.0,0.0,0.0,0.0,0.0,0.0,0.0,0.0,0.0,0.0,0.0,0.0,0.0,0.0,0.0,0.0,0.0,0.0,0.0,0.0,2.0,0.0,0.0,0.0,0.0,0.0,0.0,0.0,0.0,0.0,0.0,0.0,0.0,0.0,0.0,0.0,0.0,0.0,0.0,0.0,0.0,0.0,0.0,0.0,0.0,0.0,0.0,0.0
1467.0,0,10000.0,Shandong,Limited liability company (sole proprietorship of natural person),6091.0,3000.0,Wholesale and retail,1.0,2.0,27.0,0.0,3.0,8.0,0.0,2.0,,0.0,0.0,0.0,0.0,0.0,0.0,0.0,0.0,0.0,0.0,0.0,0.0,0.0,0.0,0.0,0.0,0.0,0.0,0.0,1.0,0.0,0.0,0.0,0.0,0.0,0.0,0.0,0.0,0.0,0.0,0.0,0.0,0.0,0.0,0.0,0.0,0.0,0.0,0.0,0.0,0.0,0.0,0.0,0.0,20.0,13.0,10.0,20.0,13.0,10.0,20.0,13.0,10.0,20.0,13.0,10.0,20.0,13.0,10.0,0.0,0.0,0.0,0.0,0.0,0.0,0.0,0.0,0.0,0.0,0.0,0.0,4.0
1468.0,0,1000.0,Sichuan,Limited liability company (Natural person investment or holding),3571.0,1000.0,Manufacturing,2.0,2.0,10.0,0.0,4.0,2.0,3.0,11.0,,0.0,0.0,0.0,0.0,0.0,0.0,0.0,0.0,0.0,0.0,0.0,0.0,0.0,0.0,0.0,0.0,0.0,0.0,0.0,0.0,0.0,0.0,0.0,0.0,0.0,0.0,0.0,0.0,0.0,0.0,0.0,0.0,0.0,0.0,0.0,0.0,0.0,0.0,0.0,0.0,0.0,0.0,0.0,0.0,21.0,17.0,14.0,21.0,17.0,14.0,21.0,17.0,14.0,21.0,17.0,14.0,21.0,17.0,14.0,0.0,0.0,0.0,0.0,0.0,0.0,0.0,0.0,0.0,0.0,0.0,0.0,0.0
1469.0,0,1000.0,Sichuan,Limited liability company (Natural person investment or holding),2827.0,100.0,Construction industry,3.0,2.0,7.0,7.0,0.0,1.0,2.0,6.0,,0.0,0.0,0.0,0.0,2.0,4.0,0.0,0.0,0.0,0.0,0.0,0.0,0.0,0.0,0.0,0.0,0.0,0.0,0.0,0.0,0.0,0.0,0.0,0.0,0.0,0.0,0.0,0.0,0.0,0.0,0.0,0.0,0.0,0.0,0.0,0.0,0.0,0.0,0.0,0.0,0.0,0.0,0.0,0.0,9.0,5.0,6.0,9.0,5.0,6.0,9.0,5.0,6.0,9.0,5.0,6.0,9.0,5.0,6.0,0.0,0.0,0.0,0.0,0.0,0.0,0.0,0.0,0.0,0.0,0.0,1.0,1.0
1470.0,0,2080.0,Sichuan,Limited liability company (Natural person investment or holding),917.0,20.0,Leasing and business services,2.0,2.0,0.0,0.0,0.0,0.0,0.0,6.0,,0.0,0.0,0.0,0.0,0.0,10.0,0.0,0.0,0.0,0.0,0.0,0.0,0.0,0.0,0.0,0.0,0.0,0.0,0.0,0.0,0.0,0.0,0.0,0.0,0.0,0.0,0.0,0.0,0.0,0.0,0.0,0.0,0.0,0.0,0.0,0.0,0.0,0.0,0.0,0.0,0.0,0.0,0.0,0.0,0.0,0.0,0.0,0.0,0.0,0.0,0.0,0.0,0.0,0.0,0.0,0.0,0.0,0.0,0.0,0.0,0.0,0.0,0.0,0.0,0.0,0.0,0.0,0.0,0.0,0.0,0.0,0.0
1471.0,0,5180.0,Sichuan,Limited liability company (Natural person investment or holding),1459.0,311.32,Construction industry,2.0,2.0,0.0,0.0,7.0,4.0,4.0,0.0,,0.0,0.0,0.0,0.0,15.0,0.0,0.0,0.0,0.0,0.0,0.0,0.0,0.0,0.0,0.0,0.0,0.0,0.0,0.0,0.0,0.0,0.0,0.0,0.0,0.0,0.0,0.0,0.0,0.0,0.0,0.0,0.0,0.0,0.0,0.0,0.0,0.0,0.0,0.0,0.0,0.0,0.0,0.0,0.0,14.0,11.0,3.0,14.0,11.0,3.0,14.0,11.0,3.0,14.0,11.0,3.0,14.0,11.0,3.0,0.0,0.0,0.0,0.0,1.0,2.0,0.0,0.0,0.0,1.0,0.0,0.0,1.0
1472.0,0,5000.0,Hubei,Limited liability company (Natural person investment or holding),4397.0,5000.0,Construction industry,2.0,2.0,2.0,0.0,2.0,0.0,4.0,4.0,1.0,0.0,0.0,0.0,0.0,0.0,7.0,0.0,0.0,0.0,0.0,0.0,0.0,0.0,0.0,0.0,0.0,0.0,0.0,0.0,0.0,0.0,0.0,0.0,0.0,1.0,0.0,0.0,0.0,0.0,20.0,2.0,6.0,0.0,0.0,0.0,0.0,0.0,0.0,0.0,0.0,0.0,0.0,0.0,0.0,126.0,128.0,122.0,126.0,128.0,122.0,126.0,128.0,122.0,126.0,128.0,122.0,126.0,128.0,122.0,0.0,1.0,6.0,1.0,1.0,3.0,0.0,3.0,2.0,1.0,1.0,3.0,4.0
1473.0,0,1660.0,Hubei,Limited liability company (Natural person investment or holding),2683.0,600.0,Construction industry,2.0,2.0,0.0,5.0,0.0,7.0,9.0,3.0,1.0,0.0,0.0,0.0,0.0,2.0,1.0,0.0,0.0,0.0,0.0,0.0,0.0,0.0,0.0,0.0,0.0,0.0,0.0,0.0,0.0,0.0,0.0,0.0,0.0,0.0,0.0,0.0,0.0,0.0,20.0,0.0,0.0,0.0,0.0,0.0,0.0,0.0,0.0,0.0,0.0,0.0,0.0,0.0,0.0,71.0,12.0,6.0,71.0,12.0,6.0,71.0,12.0,6.0,71.0,12.0,6.0,71.0,12.0,6.0,0.0,0.0,0.0,0.0,0.0,0.0,0.0,0.0,0.0,0.0,0.0,0.0,3.0
1474.0,0,1500.0,Hubei,Limited liability company (Natural person investment or holding),6838.0,1500.0,Construction industry,2.0,2.0,0.0,10.0,0.0,0.0,6.0,0.0,4.0,0.0,0.0,0.0,1.0,1.0,1.0,0.0,0.0,0.0,0.0,0.0,0.0,0.0,0.0,0.0,0.0,0.0,0.0,0.0,0.0,0.0,0.0,0.0,0.0,0.0,0.0,0.0,0.0,0.0,0.0,0.0,0.0,0.0,0.0,0.0,0.0,0.0,0.0,0.0,0.0,0.0,0.0,0.0,0.0,28.0,19.0,18.0,28.0,19.0,18.0,28.0,19.0,18.0,28.0,19.0,18.0,28.0,19.0,18.0,0.0,0.0,0.0,0.0,0.0,0.0,0.0,0.0,0.0,0.0,0.0,0.0,1.0
1475.0,0,1680.0,Hubei,Limited liability company (Natural person investment or holding),2469.0,1680.0,Construction industry,2.0,2.0,0.0,3.0,0.0,2.0,14.0,2.0,,0.0,0.0,0.0,0.0,0.0,4.0,0.0,0.0,0.0,0.0,0.0,0.0,0.0,0.0,0.0,0.0,0.0,0.0,0.0,0.0,0.0,0.0,0.0,0.0,0.0,0.0,0.0,0.0,0.0,0.0,0.0,0.0,0.0,0.0,0.0,0.0,0.0,0.0,0.0,0.0,0.0,0.0,0.0,0.0,80.0,35.0,10.0,80.0,35.0,10.0,80.0,35.0,10.0,80.0,35.0,10.0,80.0,35.0,10.0,0.0,0.0,0.0,0.0,2.0,0.0,0.0,0.0,0.0,0.0,2.0,0.0,1.0
1476.0,0,5000.0,Jiangxi,Limited liability company (Natural person investment or holding),1768.0,1200.0,Construction industry,2.0,1.0,0.0,0.0,3.0,1.0,3.0,3.0,5.0,0.0,0.0,0.0,0.0,0.0,0.0,0.0,0.0,0.0,0.0,0.0,0.0,0.0,0.0,0.0,0.0,0.0,0.0,0.0,0.0,0.0,0.0,0.0,0.0,0.0,0.0,0.0,0.0,0.0,0.0,0.0,0.0,0.0,0.0,0.0,0.0,0.0,0.0,0.0,0.0,0.0,0.0,0.0,0.0,8.0,8.0,1.0,0.0,0.0,0.0,0.0,0.0,0.0,0.0,0.0,0.0,0.0,0.0,0.0,0.0,0.0,0.0,0.0,0.0,0.0,0.0,0.0,0.0,0.0,0.0,0.0,1.0
1477.0,0,1052.0,Hunan,Limited liability company (Natural person investment or holding),1223.0,40.0,Construction industry,2.0,3.0,0.0,0.0,0.0,0.0,3.0,0.0,,0.0,0.0,0.0,0.0,0.0,0.0,0.0,0.0,0.0,0.0,0.0,0.0,0.0,0.0,0.0,0.0,0.0,0.0,0.0,0.0,0.0,0.0,0.0,0.0,0.0,0.0,0.0,0.0,0.0,0.0,0.0,0.0,0.0,0.0,0.0,0.0,0.0,0.0,0.0,0.0,0.0,0.0,0.0,0.0,0.0,0.0,0.0,0.0,0.0,0.0,0.0,0.0,0.0,0.0,0.0,0.0,0.0,0.0,0.0,0.0,0.0,0.0,0.0,0.0,0.0,0.0,0.0,0.0,0.0,0.0,0.0,0.0
1478.0,0,6900.0,Chongqing,Limited liability company,2576.0,1200.0,Construction industry,2.0,2.0,2.0,0.0,0.0,3.0,0.0,0.0,,0.0,0.0,0.0,0.0,0.0,0.0,0.0,0.0,0.0,0.0,0.0,0.0,0.0,0.0,0.0,0.0,0.0,0.0,0.0,0.0,0.0,0.0,0.0,0.0,0.0,0.0,0.0,0.0,0.0,0.0,0.0,0.0,0.0,0.0,0.0,0.0,0.0,0.0,0.0,0.0,0.0,0.0,0.0,0.0,35.0,33.0,35.0,35.0,33.0,35.0,35.0,33.0,35.0,35.0,33.0,125.0,35.0,33.0,35.0,0.0,0.0,0.0,0.0,0.0,0.0,0.0,0.0,0.0,0.0,0.0,0.0,1.0
1479.0,0,2018.0,Zhejiang,Limited liability company (Natural person investment or holding),6546.0,2018.0,"Water conservancy, environment and public facilities management",2.0,2.0,17.0,1.0,0.0,0.0,0.0,0.0,6.0,0.0,0.0,0.0,0.0,0.0,3.0,0.0,0.0,0.0,0.0,1.0,0.0,0.0,0.0,0.0,0.0,0.0,0.0,0.0,0.0,0.0,0.0,0.0,0.0,0.0,0.0,0.0,0.0,0.0,0.0,0.0,0.0,0.0,0.0,0.0,0.0,0.0,0.0,0.0,0.0,0.0,0.0,0.0,0.0,24.0,48.0,62.0,24.0,48.0,51.0,24.0,48.0,62.0,24.0,48.0,62.0,24.0,48.0,62.0,0.0,0.0,0.0,1.0,4.0,1.0,0.0,0.0,0.0,0.0,2.0,0.0,1.0
1480.0,0,4050.0,Shaanxi,Limited liability company (Natural person investment or holding),3675.0,0.0,Construction industry,2.0,2.0,4.0,2.0,2.0,0.0,12.0,0.0,,0.0,0.0,0.0,0.0,12.0,0.0,0.0,0.0,0.0,0.0,0.0,0.0,0.0,0.0,0.0,0.0,0.0,0.0,0.0,0.0,0.0,0.0,0.0,0.0,0.0,0.0,0.0,0.0,0.0,0.0,0.0,0.0,0.0,0.0,0.0,0.0,0.0,0.0,0.0,0.0,0.0,0.0,0.0,0.0,4.0,10.0,12.0,0.0,0.0,0.0,0.0,0.0,0.0,0.0,0.0,0.0,0.0,0.0,0.0,0.0,0.0,0.0,0.0,0.0,1.0,0.0,0.0,0.0,0.0,0.0,1.0,0.0
1481.0,0,4000.0,Shaanxi,Limited liability company (sole proprietorship of natural person),3145.0,500.0,Construction industry,1.0,2.0,11.0,4.0,2.0,5.0,6.0,0.0,1.0,0.0,0.0,0.0,11.0,0.0,0.0,0.0,0.0,0.0,0.0,0.0,0.0,0.0,0.0,0.0,0.0,0.0,0.0,0.0,0.0,0.0,0.0,0.0,0.0,0.0,0.0,0.0,0.0,0.0,0.0,0.0,0.0,0.0,0.0,0.0,0.0,0.0,0.0,0.0,0.0,0.0,0.0,0.0,0.0,7.0,0.0,0.0,0.0,0.0,0.0,0.0,0.0,0.0,0.0,0.0,0.0,0.0,0.0,0.0,0.0,0.0,0.0,0.0,0.0,0.0,0.0,0.0,0.0,0.0,0.0,0.0,0.0
1482.0,0,1000.0,Hunan,Limited liability company (Natural person investment or holding),2553.0,100.0,Construction industry,2.0,2.0,0.0,0.0,3.0,1.0,13.0,5.0,2.0,0.0,3.0,0.0,0.0,0.0,0.0,0.0,0.0,0.0,0.0,0.0,0.0,0.0,0.0,0.0,0.0,0.0,0.0,0.0,0.0,0.0,0.0,0.0,0.0,0.0,0.0,0.0,0.0,0.0,0.0,0.0,0.0,0.0,0.0,0.0,0.0,0.0,0.0,0.0,0.0,0.0,0.0,0.0,0.0,7.0,1.0,1.0,0.0,1.0,1.0,0.0,1.0,1.0,0.0,1.0,1.0,0.0,1.0,1.0,0.0,0.0,0.0,0.0,0.0,0.0,0.0,0.0,0.0,0.0,0.0,0.0,0.0
1483.0,0,1000.0,Hunan,Limited liability company (Natural person investment or holding),1112.0,0.0,Construction industry,2.0,2.0,0.0,0.0,0.0,8.0,0.0,0.0,,0.0,0.0,0.0,1.0,0.0,0.0,0.0,0.0,0.0,0.0,0.0,0.0,0.0,0.0,0.0,0.0,0.0,0.0,0.0,0.0,0.0,0.0,0.0,0.0,0.0,0.0,0.0,0.0,0.0,0.0,0.0,0.0,0.0,0.0,0.0,0.0,0.0,0.0,0.0,0.0,0.0,0.0,0.0,0.0,3.0,0.0,0.0,0.0,0.0,0.0,0.0,0.0,0.0,11.0,0.0,0.0,0.0,0.0,0.0,0.0,0.0,0.0,0.0,0.0,0.0,0.0,0.0,0.0,0.0,0.0,0.0,0.0
1484.0,0,6000.0,Hunan,Limited liability company (Natural person investment or holding),4087.0,1500.0,Wholesale and retail,2.0,2.0,0.0,6.0,2.0,6.0,2.0,0.0,,0.0,0.0,0.0,3.0,0.0,0.0,0.0,0.0,0.0,0.0,0.0,0.0,0.0,0.0,0.0,0.0,0.0,0.0,0.0,0.0,0.0,0.0,0.0,0.0,0.0,0.0,0.0,0.0,0.0,0.0,0.0,0.0,0.0,0.0,0.0,0.0,0.0,0.0,0.0,0.0,0.0,0.0,0.0,0.0,8.0,0.0,0.0,0.0,0.0,0.0,0.0,0.0,0.0,0.0,0.0,0.0,0.0,0.0,0.0,0.0,0.0,0.0,0.0,0.0,3.0,0.0,0.0,0.0,0.0,0.0,1.0,0.0
1485.0,0,3100.0,Yunnan,Limited liability company (Natural person investment or holding),1788.0,4.0,Construction industry,2.0,2.0,0.0,0.0,1.0,0.0,5.0,0.0,5.0,0.0,0.0,0.0,0.0,0.0,0.0,0.0,0.0,0.0,0.0,0.0,0.0,0.0,0.0,0.0,0.0,0.0,0.0,0.0,0.0,0.0,0.0,0.0,0.0,2.0,1.0,0.0,0.0,0.0,0.0,0.0,0.0,0.0,0.0,0.0,0.0,0.0,0.0,0.0,0.0,0.0,0.0,0.0,0.0,0.0,9.0,0.0,0.0,9.0,0.0,0.0,9.0,0.0,0.0,9.0,0.0,0.0,9.0,0.0,0.0,0.0,0.0,0.0,1.0,2.0,0.0,0.0,0.0,0.0,1.0,0.0,1.0
1486.0,0,2000.0,Yunnan,Limited liability company (Natural person investment or holding),1232.0,300.0,Construction industry,2.0,2.0,0.0,0.0,0.0,1.0,1.0,4.0,1.0,0.0,0.0,0.0,0.0,0.0,5.0,0.0,0.0,0.0,0.0,0.0,0.0,0.0,0.0,0.0,0.0,0.0,0.0,0.0,0.0,0.0,0.0,0.0,9.0,0.0,1.0,0.0,0.0,0.0,0.0,0.0,0.0,0.0,0.0,0.0,0.0,0.0,0.0,0.0,0.0,0.0,0.0,0.0,0.0,13.0,7.0,0.0,13.0,0.0,0.0,0.0,0.0,0.0,13.0,7.0,0.0,0.0,7.0,0.0,0.0,0.0,0.0,0.0,0.0,0.0,0.0,0.0,0.0,0.0,0.0,0.0,0.0
1487.0,0,2100.0,Yunnan,Limited liability company (Natural person investment or holding),2959.0,2625.0,Construction industry,3.0,2.0,2.0,0.0,0.0,3.0,1.0,0.0,1.0,0.0,0.0,0.0,0.0,0.0,6.0,0.0,0.0,0.0,0.0,0.0,0.0,0.0,0.0,0.0,0.0,0.0,0.0,0.0,0.0,0.0,0.0,0.0,0.0,0.0,0.0,0.0,0.0,0.0,0.0,0.0,0.0,0.0,0.0,0.0,0.0,0.0,0.0,0.0,0.0,0.0,0.0,0.0,0.0,0.0,9.0,3.0,0.0,0.0,0.0,0.0,2.0,0.0,0.0,9.0,3.0,0.0,2.0,3.0,0.0,0.0,0.0,1.0,1.0,0.0,0.0,0.0,0.0,0.0,0.0,0.0,2.0
1488.0,0,6800.0,Yunnan,Limited liability company (Natural person investment or holding),1070.0,0.0,Construction industry,3.0,3.0,0.0,0.0,0.0,2.0,17.0,2.0,8.0,0.0,0.0,0.0,1.0,0.0,0.0,0.0,0.0,0.0,0.0,0.0,0.0,0.0,0.0,0.0,0.0,0.0,0.0,0.0,0.0,0.0,0.0,0.0,0.0,2.0,0.0,0.0,0.0,0.0,0.0,0.0,0.0,0.0,0.0,0.0,0.0,1.0,0.0,0.0,0.0,0.0,0.0,0.0,0.0,23.0,23.0,0.0,0.0,0.0,0.0,0.0,0.0,0.0,23.0,23.0,0.0,23.0,23.0,0.0,0.0,0.0,0.0,0.0,0.0,0.0,0.0,0.0,0.0,0.0,0.0,1.0,0.0
1489.0,0,2000.0,Yunnan,Limited liability company (Natural person investment or holding),2906.0,2000.0,Construction industry,2.0,2.0,0.0,0.0,3.0,0.0,1.0,0.0,,0.0,0.0,0.0,3.0,0.0,0.0,0.0,0.0,0.0,0.0,0.0,0.0,0.0,0.0,0.0,0.0,0.0,0.0,0.0,0.0,1.0,0.0,0.0,0.0,0.0,0.0,0.0,0.0,0.0,0.0,0.0,0.0,0.0,0.0,0.0,0.0,0.0,0.0,0.0,0.0,0.0,0.0,0.0,0.0,4.0,3.0,0.0,2.0,3.0,0.0,4.0,3.0,0.0,4.0,3.0,0.0,0.0,0.0,0.0,0.0,0.0,0.0,0.0,0.0,0.0,0.0,0.0,0.0,0.0,0.0,0.0,0.0
1490.0,0,2680.0,Yunnan,Limited liability company (Natural person investment or holding),1551.0,792.0,Construction industry,2.0,2.0,0.0,0.0,6.0,11.0,0.0,6.0,,0.0,0.0,0.0,0.0,0.0,2.0,0.0,0.0,0.0,0.0,0.0,0.0,0.0,0.0,0.0,0.0,0.0,0.0,0.0,0.0,0.0,0.0,0.0,0.0,0.0,0.0,0.0,0.0,0.0,0.0,0.0,0.0,0.0,0.0,0.0,0.0,0.0,0.0,0.0,0.0,0.0,0.0,0.0,0.0,4.0,0.0,0.0,4.0,0.0,0.0,4.0,0.0,0.0,4.0,0.0,0.0,4.0,0.0,0.0,0.0,0.0,0.0,0.0,0.0,1.0,0.0,0.0,0.0,0.0,1.0,0.0,0.0
1491.0,0,2200.0,Yunnan,Limited liability company (Natural person investment or holding),4551.0,1328.78,Construction industry,2.0,2.0,10.0,3.0,5.0,5.0,8.0,2.0,5.0,0.0,0.0,0.0,0.0,0.0,0.0,0.0,0.0,0.0,0.0,0.0,0.0,0.0,0.0,0.0,0.0,0.0,0.0,0.0,0.0,0.0,0.0,0.0,0.0,0.0,0.0,0.0,0.0,0.0,0.0,0.0,0.0,0.0,0.0,0.0,0.0,0.0,0.0,0.0,0.0,0.0,0.0,0.0,0.0,23.0,25.0,26.0,24.0,26.0,26.0,23.0,25.0,26.0,23.0,25.0,26.0,23.0,25.0,26.0,0.0,0.0,0.0,0.0,1.0,3.0,0.0,0.0,0.0,0.0,0.0,1.0,1.0
1492.0,0,500.0,Yunnan,Limited liability company (Natural person investment or holding),4406.0,500.0,Scientific research and technology services,2.0,2.0,4.0,0.0,0.0,4.0,5.0,0.0,6.0,0.0,0.0,0.0,0.0,0.0,0.0,0.0,0.0,0.0,0.0,0.0,0.0,0.0,0.0,0.0,0.0,0.0,0.0,0.0,0.0,7.0,0.0,0.0,2.0,0.0,0.0,0.0,0.0,0.0,0.0,0.0,2.0,0.0,0.0,0.0,0.0,0.0,0.0,0.0,0.0,0.0,2.0,0.0,0.0,,11.0,8.0,,11.0,8.0,,11.0,8.0,,11.0,8.0,,11.0,0.0,0.0,2.0,0.0,5.0,3.0,0.0,1.0,1.0,0.0,4.0,0.0,0.0,1.0
1493.0,0,2800.0,Yunnan,Limited liability company (sole proprietorship of natural person),3773.0,2032.705,Construction industry,1.0,2.0,6.0,4.0,0.0,0.0,0.0,3.0,1.0,0.0,0.0,0.0,3.0,0.0,0.0,0.0,0.0,0.0,0.0,0.0,0.0,0.0,0.0,0.0,0.0,0.0,0.0,0.0,0.0,1.0,0.0,0.0,0.0,0.0,1.0,0.0,0.0,0.0,0.0,0.0,0.0,0.0,0.0,0.0,0.0,0.0,0.0,0.0,0.0,0.0,0.0,0.0,0.0,61.0,43.0,36.0,61.0,43.0,36.0,62.0,44.0,37.0,61.0,43.0,36.0,62.0,43.0,36.0,0.0,0.0,0.0,0.0,5.0,0.0,0.0,1.0,0.0,2.0,0.0,0.0,0.0
1494.0,0,5000.0,Yunnan,Limited liability company (Natural person investment or holding),2822.0,318.0,Construction industry,2.0,2.0,3.0,0.0,0.0,4.0,3.0,8.0,1.0,0.0,0.0,0.0,0.0,0.0,3.0,0.0,0.0,0.0,0.0,0.0,0.0,0.0,0.0,0.0,0.0,0.0,0.0,0.0,0.0,0.0,0.0,0.0,0.0,0.0,0.0,0.0,0.0,0.0,0.0,0.0,0.0,0.0,0.0,0.0,0.0,0.0,0.0,0.0,0.0,0.0,0.0,0.0,0.0,11.0,13.0,2.0,10.0,12.0,2.0,11.0,13.0,2.0,11.0,13.0,2.0,11.0,13.0,2.0,0.0,0.0,0.0,0.0,0.0,0.0,0.0,0.0,0.0,0.0,0.0,0.0,1.0
1495.0,0,2000.0,Yunnan,Limited liability company (Natural person investment or holding),2955.0,2000.0,Construction industry,2.0,3.0,2.0,0.0,0.0,3.0,3.0,1.0,6.0,0.0,0.0,0.0,0.0,0.0,0.0,0.0,0.0,0.0,0.0,0.0,3.0,0.0,0.0,0.0,0.0,0.0,0.0,0.0,0.0,0.0,0.0,0.0,0.0,0.0,0.0,0.0,0.0,0.0,0.0,0.0,0.0,0.0,0.0,0.0,0.0,0.0,0.0,0.0,0.0,0.0,0.0,0.0,0.0,14.0,14.0,8.0,14.0,8.0,0.0,14.0,8.0,0.0,14.0,14.0,8.0,14.0,8.0,0.0,0.0,0.0,1.0,0.0,1.0,7.0,0.0,0.0,0.0,0.0,2.0,3.0,0.0
1496.0,0,6000.0,Yunnan,Limited liability company (Natural person investment or holding),4498.0,6000.0,Construction industry,2.0,2.0,0.0,3.0,5.0,4.0,6.0,0.0,14.0,0.0,0.0,0.0,0.0,0.0,0.0,0.0,0.0,0.0,0.0,2.0,0.0,0.0,0.0,0.0,0.0,0.0,0.0,0.0,0.0,1.0,0.0,0.0,0.0,0.0,0.0,0.0,0.0,0.0,0.0,0.0,0.0,0.0,0.0,0.0,0.0,0.0,0.0,0.0,0.0,0.0,0.0,0.0,0.0,45.0,30.0,11.0,0.0,0.0,0.0,1.0,0.0,0.0,0.0,0.0,0.0,1.0,0.0,0.0,0.0,0.0,0.0,0.0,0.0,38.0,0.0,0.0,0.0,0.0,1.0,14.0,0.0
1497.0,0,1000.0,Inner Mongolia,Limited liability company (sole proprietorship of natural person),1492.0,200.0,Manufacturing,1.0,2.0,0.0,0.0,0.0,8.0,2.0,0.0,,0.0,0.0,0.0,0.0,0.0,10.0,0.0,0.0,0.0,0.0,0.0,0.0,0.0,0.0,0.0,0.0,0.0,0.0,0.0,0.0,0.0,0.0,0.0,2.0,0.0,0.0,0.0,0.0,0.0,0.0,0.0,0.0,0.0,0.0,0.0,0.0,0.0,0.0,0.0,0.0,0.0,0.0,0.0,0.0,14.0,0.0,,14.0,0.0,,14.0,0.0,,14.0,0.0,,14.0,0.0,,0.0,0.0,0.0,0.0,0.0,0.0,0.0,0.0,0.0,0.0,0.0,0.0,0.0
1498.0,0,1500.0,Guandong,Limited liability company (Natural person investment or holding),2591.0,1500.0,Construction industry,2.0,2.0,8.0,5.0,4.0,4.0,2.0,5.0,,0.0,0.0,0.0,0.0,0.0,3.0,0.0,0.0,0.0,0.0,0.0,0.0,0.0,0.0,0.0,0.0,0.0,0.0,0.0,0.0,0.0,0.0,0.0,0.0,0.0,0.0,0.0,0.0,0.0,0.0,0.0,0.0,0.0,0.0,0.0,0.0,0.0,0.0,0.0,0.0,0.0,0.0,0.0,0.0,12.0,8.0,8.0,12.0,8.0,8.0,12.0,8.0,8.0,12.0,8.0,8.0,12.0,8.0,8.0,0.0,0.0,0.0,0.0,0.0,0.0,0.0,0.0,0.0,0.0,0.0,0.0,0.0
1499.0,0,2880.0,Hunan,Limited liability company (Natural person investment or holding),1527.0,8880.0,Construction industry,2.0,2.0,0.0,0.0,1.0,4.0,0.0,0.0,,0.0,0.0,0.0,0.0,2.0,0.0,0.0,0.0,0.0,0.0,0.0,0.0,0.0,0.0,0.0,0.0,0.0,0.0,0.0,0.0,0.0,0.0,0.0,0.0,0.0,0.0,0.0,0.0,0.0,0.0,0.0,0.0,0.0,0.0,0.0,0.0,0.0,0.0,0.0,0.0,0.0,0.0,0.0,0.0,18.0,0.0,0.0,7.0,0.0,0.0,14.0,0.0,0.0,16.0,0.0,0.0,14.0,0.0,0.0,0.0,0.0,0.0,0.0,0.0,0.0,0.0,0.0,0.0,0.0,0.0,0.0,1.0
1500.0,0,2660.0,Jilin,Limited liability company (Natural person investment or holding),5558.0,1862.0,Construction industry,2.0,3.0,32.0,2.0,0.0,0.0,2.0,2.0,6.0,1.0,0.0,0.0,0.0,0.0,0.0,0.0,0.0,0.0,0.0,0.0,0.0,0.0,0.0,0.0,0.0,0.0,0.0,0.0,0.0,0.0,0.0,0.0,0.0,0.0,0.0,0.0,0.0,0.0,0.0,0.0,0.0,0.0,0.0,0.0,0.0,0.0,0.0,0.0,0.0,0.0,1.0,0.0,0.0,19.0,15.0,12.0,19.0,15.0,12.0,19.0,15.0,12.0,19.0,15.0,12.0,19.0,15.0,12.0,0.0,0.0,3.0,0.0,1.0,2.0,0.0,0.0,0.0,0.0,2.0,0.0,3.0
1501.0,0,2000.0,Jilin,Limited liability company (Natural person investment or holding),5054.0,230.0,"Water conservancy, environment and public facilities management",2.0,2.0,18.0,4.0,3.0,9.0,4.0,7.0,,0.0,0.0,0.0,0.0,1.0,0.0,0.0,0.0,0.0,0.0,0.0,0.0,0.0,0.0,0.0,0.0,0.0,0.0,0.0,0.0,0.0,0.0,0.0,0.0,0.0,0.0,0.0,0.0,0.0,0.0,0.0,0.0,0.0,0.0,0.0,0.0,0.0,0.0,0.0,0.0,0.0,0.0,0.0,0.0,0.0,0.0,0.0,0.0,0.0,0.0,0.0,0.0,0.0,0.0,0.0,0.0,0.0,0.0,0.0,0.0,1.0,0.0,0.0,0.0,0.0,0.0,0.0,0.0,0.0,0.0,0.0,3.0
1502.0,0,518.0,Hunan,Limited liability company (sole proprietorship of natural person),3262.0,100.0,Wholesale and retail,1.0,,0.0,0.0,0.0,0.0,4.0,0.0,,0.0,0.0,0.0,0.0,0.0,0.0,0.0,0.0,0.0,0.0,0.0,0.0,0.0,0.0,0.0,0.0,0.0,0.0,0.0,0.0,0.0,0.0,0.0,0.0,0.0,0.0,0.0,0.0,0.0,0.0,0.0,0.0,0.0,0.0,0.0,0.0,0.0,0.0,0.0,0.0,0.0,0.0,0.0,0.0,1.0,1.0,0.0,1.0,1.0,0.0,1.0,1.0,0.0,1.0,1.0,0.0,1.0,1.0,0.0,0.0,0.0,0.0,0.0,0.0,0.0,0.0,0.0,0.0,0.0,0.0,0.0,0.0
1503.0,0,500.0,Hunan,Limited liability company (Natural person investment or holding),2231.0,0.0,Scientific research and technology services,3.0,2.0,0.0,0.0,0.0,3.0,1.0,3.0,,0.0,0.0,0.0,0.0,0.0,0.0,0.0,0.0,0.0,0.0,0.0,0.0,0.0,0.0,0.0,0.0,0.0,0.0,0.0,0.0,0.0,0.0,0.0,0.0,0.0,0.0,0.0,0.0,0.0,0.0,0.0,0.0,0.0,0.0,0.0,0.0,0.0,0.0,0.0,0.0,0.0,0.0,0.0,0.0,8.0,10.0,11.0,8.0,10.0,11.0,8.0,10.0,11.0,8.0,10.0,11.0,8.0,10.0,11.0,0.0,0.0,0.0,0.0,0.0,0.0,0.0,0.0,0.0,0.0,0.0,0.0,0.0
1504.0,0,1118.0,Hunan,Limited liability company (Natural person investment or holding),1239.0,0.0,Scientific research and technology services,2.0,4.0,0.0,0.0,2.0,4.0,6.0,7.0,1.0,0.0,0.0,0.0,0.0,0.0,0.0,0.0,0.0,0.0,0.0,0.0,0.0,0.0,0.0,0.0,0.0,0.0,0.0,0.0,0.0,0.0,0.0,0.0,0.0,0.0,0.0,0.0,0.0,0.0,0.0,0.0,0.0,0.0,0.0,0.0,0.0,0.0,0.0,0.0,0.0,0.0,0.0,0.0,0.0,3.0,1.0,0.0,3.0,1.0,0.0,3.0,1.0,0.0,3.0,1.0,0.0,3.0,1.0,0.0,0.0,0.0,0.0,0.0,0.0,0.0,0.0,0.0,0.0,0.0,0.0,0.0,0.0
1505.0,0,3168.0,Hunan,Limited liability company (Natural person investment or holding),6650.0,313.8,Scientific research and technology services,2.0,2.0,2.0,9.0,1.0,2.0,0.0,5.0,2.0,0.0,0.0,0.0,0.0,0.0,5.0,0.0,0.0,0.0,0.0,0.0,0.0,0.0,0.0,0.0,0.0,0.0,0.0,0.0,0.0,0.0,0.0,0.0,0.0,0.0,0.0,0.0,0.0,0.0,0.0,0.0,2.0,0.0,0.0,0.0,0.0,0.0,0.0,0.0,12.0,5.0,5.0,4.0,0.0,18.0,16.0,12.0,18.0,16.0,12.0,18.0,16.0,12.0,18.0,16.0,12.0,18.0,16.0,12.0,0.0,0.0,0.0,0.0,0.0,0.0,0.0,0.0,0.0,0.0,0.0,0.0,1.0
1506.0,0,500.0,Shanxi,Limited liability company (Natural person investment or holding),6790.0,500.0,Construction industry,2.0,2.0,2.0,3.0,0.0,6.0,0.0,2.0,,0.0,0.0,0.0,2.0,0.0,2.0,0.0,0.0,0.0,0.0,0.0,0.0,0.0,0.0,0.0,0.0,0.0,0.0,0.0,0.0,0.0,0.0,0.0,0.0,0.0,0.0,0.0,0.0,0.0,0.0,0.0,0.0,0.0,0.0,0.0,0.0,0.0,0.0,0.0,0.0,0.0,0.0,0.0,0.0,10.0,12.0,12.0,10.0,12.0,12.0,10.0,12.0,12.0,10.0,12.0,12.0,10.0,12.0,12.0,0.0,0.0,0.0,0.0,0.0,0.0,0.0,0.0,0.0,0.0,0.0,0.0,1.0
1507.0,0,1000.0,Shanxi,Limited liability company (Natural person investment or holding),1293.0,500.0,Construction industry,2.0,3.0,0.0,0.0,0.0,0.0,0.0,0.0,,0.0,0.0,0.0,0.0,0.0,2.0,0.0,0.0,0.0,0.0,0.0,0.0,0.0,0.0,0.0,0.0,0.0,0.0,0.0,0.0,0.0,0.0,0.0,0.0,0.0,0.0,0.0,0.0,0.0,0.0,0.0,0.0,0.0,0.0,0.0,0.0,0.0,0.0,0.0,0.0,0.0,0.0,0.0,0.0,0.0,3.0,0.0,0.0,0.0,0.0,0.0,0.0,0.0,0.0,3.0,0.0,0.0,0.0,0.0,0.0,0.0,0.0,0.0,0.0,0.0,0.0,0.0,0.0,0.0,0.0,0.0,0.0
1508.0,0,5000.0,Zhejiang,Limited liability company (Natural person investment or holding),9442.0,1506.5,Construction industry,2.0,2.0,53.0,11.0,2.0,2.0,0.0,0.0,6.0,0.0,0.0,0.0,0.0,0.0,0.0,0.0,0.0,0.0,0.0,0.0,0.0,0.0,0.0,0.0,0.0,1.0,0.0,0.0,0.0,0.0,0.0,0.0,0.0,0.0,0.0,0.0,0.0,0.0,0.0,0.0,0.0,0.0,0.0,0.0,0.0,0.0,0.0,0.0,0.0,0.0,0.0,0.0,0.0,40.0,42.0,50.0,40.0,41.0,50.0,40.0,42.0,50.0,40.0,42.0,50.0,0.0,42.0,50.0,0.0,0.0,0.0,0.0,0.0,0.0,0.0,0.0,0.0,0.0,0.0,0.0,3.0
1509.0,0,5000.0,Zhejiang,Limited liability company (sole proprietorship of natural person),2196.0,618.0,Construction industry,1.0,2.0,1.0,8.0,2.0,0.0,1.0,4.0,,0.0,0.0,0.0,0.0,0.0,0.0,0.0,0.0,0.0,0.0,0.0,0.0,0.0,0.0,0.0,0.0,0.0,0.0,0.0,0.0,0.0,0.0,0.0,0.0,0.0,0.0,0.0,0.0,0.0,0.0,0.0,0.0,0.0,0.0,0.0,0.0,0.0,0.0,0.0,0.0,0.0,0.0,0.0,0.0,32.0,28.0,41.0,32.0,28.0,41.0,32.0,28.0,41.0,32.0,28.0,41.0,32.0,28.0,41.0,0.0,0.0,0.0,0.0,1.0,1.0,0.0,0.0,0.0,1.0,0.0,0.0,0.0
1510.0,0,5099.0,Zhejiang,Limited liability company (Natural person investment or holding),1267.0,484.238,Construction industry,2.0,4.0,0.0,0.0,0.0,10.0,10.0,6.0,,0.0,0.0,0.0,0.0,0.0,4.0,0.0,0.0,0.0,0.0,0.0,0.0,0.0,0.0,0.0,0.0,0.0,0.0,0.0,0.0,0.0,0.0,0.0,1.0,1.0,0.0,0.0,0.0,0.0,0.0,4.0,2.0,0.0,0.0,0.0,0.0,0.0,0.0,0.0,0.0,0.0,0.0,0.0,0.0,38.0,33.0,51.0,38.0,33.0,51.0,38.0,33.0,51.0,38.0,33.0,51.0,38.0,33.0,51.0,0.0,0.0,0.0,0.0,0.0,0.0,0.0,0.0,0.0,0.0,0.0,0.0,0.0
1511.0,0,5188.0,Zhejiang,Limited liability company (sole proprietorship of natural person),2121.0,0.0,Construction industry,1.0,2.0,4.0,0.0,10.0,2.0,5.0,24.0,,0.0,0.0,0.0,0.0,0.0,0.0,0.0,0.0,0.0,0.0,0.0,0.0,0.0,0.0,0.0,0.0,0.0,0.0,0.0,0.0,0.0,0.0,0.0,0.0,0.0,0.0,0.0,0.0,0.0,0.0,0.0,0.0,0.0,0.0,0.0,0.0,0.0,0.0,0.0,0.0,0.0,0.0,0.0,0.0,4.0,10.0,12.0,4.0,10.0,12.0,4.0,10.0,12.0,4.0,10.0,12.0,4.0,10.0,12.0,0.0,0.0,0.0,0.0,0.0,0.0,0.0,0.0,0.0,0.0,0.0,0.0,0.0
1512.0,0,6000.0,Zhejiang,Limited liability company (Natural person investment or holding),1352.0,315.0,Construction industry,2.0,3.0,0.0,0.0,0.0,17.0,4.0,7.0,1.0,0.0,0.0,0.0,0.0,0.0,0.0,0.0,0.0,0.0,0.0,0.0,0.0,0.0,0.0,0.0,0.0,0.0,0.0,0.0,0.0,0.0,0.0,0.0,0.0,0.0,0.0,0.0,0.0,0.0,0.0,2.0,3.0,0.0,0.0,0.0,0.0,0.0,0.0,0.0,0.0,0.0,0.0,0.0,0.0,31.0,22.0,14.0,31.0,22.0,14.0,31.0,22.0,14.0,31.0,22.0,14.0,31.0,22.0,14.0,0.0,0.0,0.0,0.0,0.0,0.0,0.0,0.0,0.0,0.0,0.0,0.0,0.0
1513.0,0,5000.0,Zhejiang,Limited liability company (sole proprietorship of natural person),3157.0,1336.0,Construction industry,1.0,2.0,11.0,2.0,16.0,4.0,2.0,0.0,3.0,0.0,0.0,0.0,0.0,0.0,0.0,0.0,0.0,0.0,0.0,0.0,0.0,0.0,0.0,0.0,0.0,0.0,0.0,0.0,0.0,0.0,0.0,0.0,0.0,0.0,0.0,0.0,0.0,0.0,0.0,10.0,0.0,0.0,0.0,0.0,0.0,0.0,0.0,0.0,0.0,0.0,0.0,0.0,0.0,37.0,36.0,17.0,37.0,36.0,17.0,37.0,36.0,17.0,37.0,36.0,17.0,37.0,36.0,17.0,0.0,0.0,0.0,0.0,0.0,1.0,0.0,0.0,0.0,0.0,0.0,0.0,1.0
1514.0,0,5018.0,Zhejiang,Limited liability company (Natural person investment or holding),2363.0,1587.29,Construction industry,2.0,2.0,14.0,1.0,3.0,9.0,0.0,0.0,2.0,0.0,0.0,0.0,0.0,0.0,0.0,0.0,0.0,0.0,0.0,0.0,0.0,0.0,0.0,0.0,0.0,0.0,0.0,0.0,0.0,0.0,0.0,0.0,0.0,0.0,0.0,0.0,0.0,0.0,0.0,0.0,0.0,0.0,0.0,0.0,0.0,0.0,0.0,0.0,0.0,0.0,0.0,0.0,0.0,39.0,46.0,10.0,39.0,46.0,10.0,39.0,46.0,10.0,39.0,46.0,10.0,39.0,46.0,10.0,0.0,0.0,0.0,0.0,2.0,1.0,0.0,0.0,0.0,0.0,2.0,2.0,2.0
1515.0,0,6117.0,Zhejiang,Limited liability company (Natural person investment or holding),3167.0,6117.0,Construction industry,2.0,2.0,7.0,1.0,6.0,7.0,0.0,0.0,3.0,0.0,0.0,0.0,0.0,0.0,1.0,0.0,0.0,0.0,0.0,0.0,0.0,0.0,0.0,0.0,0.0,0.0,0.0,1.0,0.0,0.0,0.0,0.0,0.0,0.0,0.0,0.0,0.0,0.0,0.0,0.0,0.0,0.0,0.0,0.0,0.0,0.0,0.0,0.0,0.0,0.0,0.0,0.0,0.0,,27.0,21.0,,27.0,21.0,,27.0,21.0,,27.0,21.0,,27.0,21.0,0.0,1.0,0.0,0.0,1.0,2.0,0.0,0.0,0.0,0.0,2.0,0.0,5.0
1516.0,0,5008.0,Zhejiang,Limited liability company (Natural person investment or holding),2486.0,1058.0,Construction industry,2.0,2.0,5.0,1.0,7.0,3.0,1.0,2.0,,0.0,0.0,0.0,0.0,1.0,0.0,0.0,0.0,0.0,0.0,0.0,0.0,0.0,0.0,0.0,0.0,0.0,0.0,0.0,0.0,0.0,0.0,0.0,0.0,0.0,0.0,0.0,0.0,0.0,0.0,0.0,0.0,0.0,0.0,0.0,0.0,0.0,0.0,0.0,0.0,0.0,0.0,0.0,0.0,9.0,36.0,9.0,1.0,0.0,1.0,2.0,1.0,1.0,9.0,36.0,6.0,0.0,0.0,0.0,0.0,0.0,0.0,0.0,0.0,0.0,0.0,0.0,0.0,0.0,0.0,0.0,0.0
1517.0,0,5000.0,Zhejiang,Limited liability company (Natural person investment or holding),896.0,80.0,Construction industry,2.0,2.0,0.0,0.0,0.0,23.0,11.0,5.0,4.0,0.0,0.0,0.0,0.0,3.0,0.0,0.0,0.0,0.0,0.0,0.0,0.0,0.0,0.0,0.0,0.0,0.0,0.0,0.0,0.0,0.0,0.0,0.0,0.0,0.0,0.0,0.0,0.0,0.0,0.0,0.0,0.0,0.0,0.0,0.0,0.0,0.0,0.0,0.0,0.0,0.0,0.0,0.0,0.0,,64.0,,,64.0,,,64.0,,,68.0,,,64.0,,0.0,0.0,0.0,0.0,0.0,1.0,0.0,0.0,0.0,0.0,0.0,0.0,0.0
1518.0,0,2100.0,Zhejiang,Limited liability company (Natural person investment or holding),6004.0,2100.0,Construction industry,2.0,3.0,10.0,1.0,0.0,1.0,1.0,0.0,,0.0,0.0,0.0,0.0,0.0,0.0,0.0,0.0,0.0,0.0,0.0,0.0,0.0,0.0,0.0,0.0,0.0,0.0,0.0,0.0,0.0,0.0,0.0,0.0,0.0,0.0,0.0,0.0,0.0,0.0,0.0,0.0,0.0,0.0,0.0,0.0,0.0,0.0,0.0,0.0,0.0,0.0,0.0,0.0,31.0,31.0,30.0,2.0,2.0,2.0,3.0,3.0,3.0,31.0,34.0,30.0,1.0,1.0,1.0,0.0,0.0,2.0,1.0,3.0,2.0,7.0,2.0,1.0,1.0,2.0,2.0,1.0
1519.0,0,608.0,Zhejiang,Limited liability company (Natural person investment or holding),2366.0,608.0,Construction industry,2.0,2.0,0.0,4.0,0.0,0.0,1.0,0.0,4.0,0.0,0.0,0.0,0.0,0.0,0.0,0.0,0.0,0.0,0.0,0.0,0.0,0.0,0.0,0.0,0.0,0.0,0.0,0.0,0.0,0.0,0.0,0.0,0.0,0.0,0.0,0.0,0.0,0.0,0.0,0.0,0.0,0.0,0.0,0.0,0.0,0.0,0.0,0.0,0.0,0.0,0.0,0.0,0.0,13.0,13.0,14.0,13.0,13.0,14.0,13.0,13.0,14.0,13.0,13.0,14.0,13.0,13.0,14.0,0.0,0.0,0.0,0.0,0.0,0.0,0.0,0.0,0.0,0.0,0.0,0.0,2.0
1520.0,0,28600.0,Zhejiang,Limited liability company (Natural person investment or holding),4472.0,28600.0,Construction industry,2.0,2.0,28.0,1.0,0.0,0.0,0.0,0.0,,0.0,0.0,0.0,0.0,0.0,0.0,0.0,0.0,0.0,0.0,0.0,0.0,0.0,0.0,0.0,0.0,0.0,0.0,0.0,0.0,0.0,0.0,0.0,0.0,0.0,0.0,0.0,0.0,0.0,0.0,0.0,0.0,0.0,0.0,0.0,0.0,0.0,0.0,0.0,0.0,0.0,0.0,0.0,0.0,16.0,15.0,15.0,16.0,15.0,15.0,16.0,15.0,15.0,16.0,15.0,15.0,16.0,15.0,15.0,0.0,0.0,0.0,0.0,0.0,2.0,0.0,0.0,0.0,0.0,0.0,2.0,0.0
1521.0,0,5000.0,Zhejiang,Limited liability company (Natural person investment or holding),2610.0,607.0,Construction industry,2.0,2.0,1.0,4.0,7.0,0.0,0.0,3.0,,0.0,0.0,0.0,0.0,0.0,0.0,0.0,0.0,0.0,0.0,0.0,1.0,0.0,0.0,0.0,0.0,0.0,0.0,0.0,0.0,0.0,0.0,0.0,0.0,0.0,0.0,0.0,0.0,0.0,0.0,0.0,0.0,0.0,0.0,0.0,0.0,0.0,0.0,0.0,0.0,0.0,0.0,0.0,0.0,27.0,25.0,40.0,27.0,25.0,40.0,27.0,25.0,40.0,27.0,25.0,40.0,27.0,25.0,40.0,0.0,0.0,0.0,0.0,1.0,4.0,0.0,0.0,0.0,0.0,2.0,0.0,0.0
1522.0,0,1190.0,Zhejiang,Limited liability company (Natural person investment or holding),2656.0,1190.0,Construction industry,2.0,3.0,5.0,4.0,5.0,0.0,0.0,6.0,2.0,0.0,0.0,0.0,0.0,0.0,0.0,0.0,0.0,0.0,0.0,0.0,0.0,0.0,0.0,0.0,0.0,2.0,0.0,0.0,0.0,0.0,0.0,0.0,0.0,0.0,0.0,0.0,0.0,0.0,0.0,0.0,0.0,0.0,0.0,0.0,0.0,0.0,0.0,0.0,0.0,0.0,0.0,0.0,0.0,,18.0,13.0,,7.0,1.0,,11.0,8.0,,49.0,52.0,,6.0,2.0,0.0,0.0,0.0,3.0,0.0,0.0,0.0,0.0,0.0,0.0,0.0,0.0,3.0
1523.0,0,5028.0,Zhejiang,Limited liability company (Natural person investment or holding),7203.0,1008.0,Construction industry,2.0,3.0,25.0,2.0,1.0,2.0,9.0,0.0,,0.0,0.0,0.0,0.0,3.0,0.0,0.0,0.0,0.0,0.0,0.0,0.0,0.0,0.0,0.0,0.0,0.0,0.0,0.0,0.0,0.0,0.0,0.0,0.0,0.0,0.0,0.0,0.0,0.0,0.0,0.0,0.0,0.0,0.0,0.0,0.0,0.0,0.0,0.0,0.0,0.0,0.0,0.0,0.0,14.0,16.0,13.0,14.0,16.0,13.0,14.0,16.0,13.0,14.0,16.0,13.0,14.0,16.0,13.0,0.0,0.0,1.0,1.0,0.0,1.0,1.0,0.0,0.0,0.0,1.0,0.0,0.0
1524.0,0,5000.0,Zhejiang,Limited liability company (Natural person investment or holding),2155.0,977.0,Scientific research and technology services,4.0,3.0,0.0,5.0,7.0,5.0,1.0,12.0,7.0,0.0,0.0,0.0,0.0,0.0,1.0,0.0,0.0,0.0,0.0,0.0,0.0,0.0,0.0,0.0,0.0,0.0,0.0,0.0,0.0,0.0,0.0,0.0,2.0,0.0,0.0,0.0,0.0,0.0,15.0,3.0,0.0,0.0,0.0,0.0,0.0,1.0,0.0,0.0,0.0,0.0,0.0,2.0,5.0,53.0,34.0,20.0,53.0,34.0,20.0,53.0,34.0,20.0,53.0,34.0,20.0,53.0,34.0,20.0,0.0,0.0,0.0,0.0,0.0,0.0,0.0,0.0,0.0,0.0,0.0,0.0,1.0
1525.0,0,5188.0,Zhejiang,Other limited liability companies,2978.0,1000.0,Construction industry,2.0,2.0,0.0,1.0,2.0,1.0,5.0,14.0,2.0,0.0,0.0,0.0,0.0,0.0,0.0,0.0,0.0,0.0,0.0,0.0,0.0,0.0,0.0,0.0,0.0,0.0,0.0,0.0,0.0,0.0,0.0,0.0,0.0,0.0,0.0,0.0,0.0,0.0,0.0,0.0,7.0,0.0,0.0,0.0,0.0,0.0,0.0,0.0,0.0,0.0,0.0,0.0,0.0,51.0,52.0,38.0,51.0,52.0,38.0,51.0,52.0,38.0,51.0,52.0,38.0,51.0,52.0,38.0,0.0,0.0,0.0,0.0,0.0,0.0,0.0,0.0,0.0,0.0,0.0,0.0,1.0
1526.0,0,606.0,Zhejiang,Limited liability company (Natural person investment or holding),3587.0,606.0,Scientific research and technology services,2.0,2.0,7.0,3.0,0.0,0.0,0.0,1.0,,0.0,0.0,0.0,0.0,0.0,0.0,0.0,0.0,0.0,0.0,0.0,0.0,0.0,0.0,0.0,0.0,0.0,0.0,0.0,0.0,0.0,0.0,0.0,0.0,0.0,0.0,0.0,0.0,0.0,0.0,0.0,15.0,0.0,0.0,0.0,0.0,0.0,0.0,0.0,0.0,0.0,0.0,0.0,0.0,18.0,20.0,20.0,18.0,20.0,20.0,18.0,20.0,20.0,18.0,20.0,20.0,18.0,20.0,20.0,0.0,0.0,0.0,0.0,0.0,0.0,0.0,0.0,0.0,0.0,0.0,0.0,5.0
1527.0,0,2000.0,Zhejiang,Limited liability company (Natural person investment or holding),1862.0,0.0,Scientific research and technology services,2.0,2.0,0.0,2.0,1.0,0.0,5.0,0.0,6.0,0.0,0.0,0.0,0.0,0.0,1.0,0.0,0.0,0.0,0.0,0.0,0.0,0.0,0.0,0.0,0.0,0.0,0.0,0.0,0.0,0.0,5.0,0.0,0.0,0.0,0.0,0.0,0.0,1.0,0.0,0.0,1.0,0.0,0.0,0.0,0.0,0.0,0.0,0.0,1.0,3.0,0.0,0.0,11.0,33.0,28.0,27.0,33.0,28.0,27.0,33.0,28.0,27.0,33.0,28.0,27.0,33.0,28.0,27.0,0.0,0.0,0.0,0.0,0.0,0.0,0.0,0.0,0.0,0.0,0.0,0.0,0.0
1528.0,0,5888.0,Zhejiang,Limited liability company (Natural person investment or holding),3017.0,680.0,"Water conservancy, environment and public facilities management",2.0,2.0,2.0,2.0,14.0,0.0,0.0,1.0,3.0,0.0,0.0,0.0,0.0,0.0,0.0,0.0,0.0,0.0,0.0,0.0,0.0,0.0,0.0,0.0,0.0,0.0,0.0,0.0,0.0,0.0,0.0,0.0,0.0,0.0,0.0,0.0,0.0,0.0,0.0,0.0,0.0,0.0,0.0,0.0,0.0,0.0,0.0,0.0,0.0,0.0,0.0,0.0,0.0,49.0,48.0,35.0,49.0,48.0,35.0,49.0,48.0,35.0,49.0,48.0,35.0,49.0,48.0,35.0,0.0,0.0,0.0,0.0,0.0,0.0,0.0,0.0,0.0,0.0,0.0,0.0,2.0
1529.0,0,5088.0,Zhejiang,Limited liability company (sole proprietorship of natural person),3116.0,1007.0,Construction industry,1.0,2.0,6.0,2.0,1.0,0.0,7.0,9.0,,0.0,0.0,0.0,0.0,0.0,0.0,0.0,0.0,0.0,0.0,0.0,0.0,0.0,0.0,0.0,0.0,0.0,0.0,0.0,0.0,0.0,0.0,0.0,0.0,0.0,0.0,0.0,0.0,0.0,0.0,0.0,0.0,0.0,0.0,0.0,0.0,0.0,0.0,0.0,0.0,0.0,0.0,0.0,0.0,,27.0,24.0,,27.0,24.0,,27.0,24.0,,27.0,24.0,,27.0,24.0,0.0,0.0,0.0,0.0,0.0,1.0,0.0,0.0,0.0,0.0,0.0,0.0,2.0
1530.0,0,5119.0,Zhejiang,Limited liability company (Natural person investment or holding),1246.0,0.0,Leasing and business services,2.0,2.0,0.0,0.0,0.0,9.0,0.0,0.0,,0.0,0.0,0.0,0.0,0.0,0.0,0.0,0.0,0.0,0.0,0.0,0.0,0.0,0.0,0.0,0.0,0.0,0.0,0.0,0.0,0.0,0.0,0.0,0.0,0.0,0.0,0.0,0.0,0.0,0.0,0.0,0.0,0.0,0.0,0.0,0.0,0.0,0.0,0.0,0.0,0.0,0.0,0.0,0.0,7.0,5.0,0.0,7.0,5.0,0.0,7.0,5.0,0.0,7.0,5.0,0.0,7.0,5.0,0.0,0.0,0.0,0.0,0.0,0.0,0.0,0.0,0.0,0.0,0.0,0.0,0.0,0.0
1531.0,0,5080.0,Zhejiang,Limited liability company (Natural person investment or holding),2683.0,880.0,Construction industry,2.0,2.0,3.0,3.0,3.0,0.0,2.0,5.0,,0.0,0.0,0.0,0.0,0.0,1.0,0.0,0.0,0.0,0.0,0.0,0.0,0.0,0.0,0.0,2.0,0.0,0.0,0.0,0.0,0.0,0.0,0.0,0.0,0.0,0.0,0.0,0.0,0.0,0.0,1.0,2.0,0.0,0.0,0.0,0.0,0.0,0.0,0.0,0.0,0.0,0.0,0.0,0.0,33.0,34.0,36.0,33.0,34.0,36.0,33.0,34.0,36.0,33.0,34.0,36.0,33.0,34.0,36.0,0.0,0.0,0.0,0.0,0.0,0.0,0.0,0.0,0.0,0.0,1.0,1.0,4.0
1532.0,0,1008.0,Zhejiang,Limited liability company (sole proprietorship of natural person),3016.0,400.0,Scientific research and technology services,1.0,2.0,15.0,4.0,8.0,13.0,6.0,7.0,4.0,0.0,0.0,0.0,0.0,4.0,2.0,0.0,0.0,0.0,0.0,0.0,0.0,0.0,0.0,0.0,0.0,0.0,0.0,0.0,0.0,0.0,0.0,0.0,0.0,0.0,0.0,0.0,0.0,0.0,0.0,0.0,2.0,0.0,0.0,0.0,0.0,0.0,0.0,0.0,0.0,0.0,0.0,0.0,0.0,53.0,68.0,51.0,53.0,68.0,51.0,53.0,68.0,51.0,53.0,68.0,51.0,53.0,68.0,51.0,0.0,0.0,0.0,1.0,1.0,1.0,0.0,0.0,0.0,0.0,0.0,0.0,1.0
1533.0,0,8000.0,Henan,Other limited liability companies,1307.0,1801.6,Construction industry,3.0,4.0,0.0,0.0,3.0,4.0,2.0,3.0,,0.0,0.0,0.0,0.0,0.0,0.0,0.0,0.0,0.0,0.0,0.0,0.0,0.0,0.0,0.0,0.0,0.0,0.0,0.0,0.0,0.0,0.0,0.0,0.0,0.0,0.0,0.0,0.0,0.0,0.0,0.0,0.0,0.0,0.0,0.0,0.0,0.0,0.0,0.0,0.0,0.0,0.0,0.0,0.0,82.0,49.0,48.0,82.0,49.0,48.0,82.0,49.0,48.0,82.0,49.0,48.0,82.0,49.0,48.0,0.0,0.0,0.0,0.0,0.0,0.0,0.0,0.0,0.0,0.0,0.0,0.0,1.0
1534.0,0,10000.0,Zhejiang,Limited liability company (Natural person investment or holding),1383.0,223.8,Construction industry,5.0,2.0,0.0,0.0,2.0,0.0,4.0,5.0,,0.0,0.0,0.0,0.0,0.0,0.0,0.0,0.0,0.0,0.0,0.0,0.0,0.0,0.0,0.0,0.0,0.0,0.0,0.0,0.0,0.0,0.0,1.0,1.0,1.0,1.0,0.0,0.0,0.0,2.0,0.0,1.0,0.0,0.0,0.0,0.0,0.0,0.0,0.0,0.0,0.0,0.0,0.0,0.0,47.0,45.0,64.0,31.0,24.0,24.0,25.0,17.0,13.0,65.0,69.0,101.0,0.0,17.0,13.0,0.0,0.0,0.0,0.0,0.0,0.0,0.0,0.0,0.0,0.0,0.0,0.0,0.0
1535.0,0,6060.0,Jiangxi,Limited liability company (Natural person investment or holding),6775.0,2060.0,Construction industry,3.0,2.0,1.0,3.0,2.0,0.0,0.0,8.0,4.0,0.0,0.0,0.0,0.0,0.0,0.0,0.0,0.0,0.0,0.0,0.0,0.0,0.0,0.0,0.0,0.0,0.0,0.0,0.0,0.0,0.0,0.0,0.0,0.0,0.0,0.0,0.0,0.0,0.0,0.0,0.0,0.0,0.0,0.0,0.0,0.0,0.0,1.0,0.0,0.0,0.0,0.0,0.0,0.0,0.0,4.0,3.0,0.0,1.0,0.0,0.0,1.0,0.0,0.0,1.0,0.0,0.0,1.0,0.0,0.0,0.0,0.0,0.0,0.0,0.0,0.0,0.0,1.0,0.0,0.0,0.0,1.0
1536.0,0,10050.0,Fujian,Other limited liability companies,1856.0,0.0,Scientific research and technology services,2.0,2.0,0.0,1.0,13.0,17.0,17.0,14.0,3.0,0.0,0.0,0.0,0.0,0.0,0.0,0.0,0.0,0.0,0.0,0.0,0.0,0.0,0.0,0.0,0.0,0.0,0.0,0.0,0.0,0.0,0.0,0.0,1.0,4.0,0.0,0.0,0.0,0.0,0.0,0.0,0.0,0.0,0.0,0.0,0.0,0.0,0.0,0.0,0.0,0.0,0.0,0.0,0.0,20.0,22.0,18.0,20.0,22.0,18.0,15.0,22.0,15.0,20.0,22.0,18.0,15.0,22.0,15.0,0.0,0.0,0.0,0.0,0.0,3.0,0.0,0.0,0.0,0.0,0.0,0.0,0.0
1537.0,0,6800.0,Fujian,Limited liability company (Natural person investment or holding),449.0,267.440876,Wholesale and retail,5.0,3.0,0.0,0.0,0.0,0.0,1.0,0.0,,0.0,0.0,0.0,0.0,0.0,0.0,0.0,0.0,0.0,0.0,0.0,0.0,0.0,0.0,0.0,0.0,0.0,0.0,0.0,0.0,0.0,0.0,0.0,0.0,0.0,1.0,0.0,0.0,0.0,0.0,0.0,0.0,0.0,0.0,0.0,0.0,0.0,0.0,0.0,0.0,0.0,0.0,0.0,0.0,5.0,,,5.0,,,0.0,,,5.0,,,0.0,,,0.0,0.0,0.0,0.0,0.0,0.0,0.0,0.0,0.0,0.0,0.0,0.0,0.0
1538.0,0,16000.0,Shaanxi,Limited liability company (Natural person investment or holding),2792.0,5060.0,Construction industry,2.0,2.0,21.0,5.0,9.0,12.0,5.0,3.0,1.0,0.0,8.0,14.0,0.0,0.0,6.0,0.0,0.0,0.0,0.0,0.0,0.0,0.0,0.0,0.0,0.0,0.0,0.0,0.0,0.0,0.0,0.0,0.0,0.0,0.0,0.0,0.0,0.0,0.0,0.0,0.0,4.0,0.0,0.0,0.0,0.0,0.0,0.0,0.0,0.0,0.0,0.0,0.0,6.0,95.0,92.0,80.0,95.0,0.0,0.0,95.0,0.0,0.0,95.0,0.0,0.0,0.0,0.0,0.0,0.0,0.0,0.0,0.0,0.0,2.0,0.0,0.0,0.0,0.0,0.0,1.0,2.0
1539.0,0,5000.0,Fujian,Limited liability company (Natural person investment or holding),1073.0,4000.0,Construction industry,2.0,2.0,0.0,0.0,0.0,9.0,1.0,3.0,12.0,0.0,0.0,0.0,0.0,0.0,0.0,0.0,0.0,0.0,0.0,0.0,0.0,0.0,0.0,0.0,0.0,0.0,0.0,0.0,0.0,0.0,0.0,0.0,0.0,0.0,0.0,0.0,0.0,0.0,0.0,0.0,0.0,0.0,0.0,0.0,0.0,0.0,0.0,0.0,0.0,0.0,0.0,0.0,0.0,27.0,,0.0,27.0,,0.0,27.0,,0.0,27.0,,0.0,27.0,,0.0,0.0,0.0,0.0,0.0,0.0,0.0,0.0,0.0,0.0,0.0,0.0,0.0,0.0
1540.0,0,10008.0,Guandong,Limited liability company (Natural person investment or holding),6040.0,2688.0,Wholesale and retail,5.0,3.0,15.0,7.0,11.0,1.0,2.0,2.0,37.0,0.0,0.0,0.0,0.0,0.0,0.0,0.0,0.0,0.0,0.0,0.0,0.0,0.0,0.0,0.0,0.0,0.0,0.0,0.0,4.0,0.0,0.0,0.0,0.0,2.0,0.0,0.0,0.0,0.0,0.0,0.0,0.0,0.0,0.0,0.0,0.0,0.0,0.0,0.0,0.0,0.0,0.0,0.0,0.0,36.0,23.0,16.0,36.0,23.0,16.0,36.0,23.0,16.0,36.0,23.0,16.0,36.0,23.0,16.0,0.0,0.0,0.0,0.0,0.0,0.0,0.0,0.0,0.0,0.0,0.0,0.0,0.0
1541.0,0,10000.0,Hunan,Limited liability company (Natural person investment or holding),2196.0,700.0,Construction industry,2.0,2.0,0.0,5.0,0.0,1.0,0.0,9.0,18.0,0.0,0.0,0.0,0.0,0.0,0.0,0.0,0.0,0.0,0.0,0.0,0.0,0.0,0.0,0.0,0.0,0.0,0.0,0.0,0.0,0.0,0.0,0.0,0.0,0.0,0.0,0.0,0.0,0.0,0.0,0.0,0.0,0.0,0.0,0.0,0.0,0.0,0.0,0.0,0.0,0.0,0.0,0.0,0.0,50.0,31.0,30.0,50.0,31.0,30.0,50.0,31.0,30.0,50.0,31.0,30.0,50.0,31.0,30.0,0.0,0.0,0.0,0.0,0.0,13.0,0.0,0.0,0.0,0.0,0.0,0.0,1.0
1542.0,0,10500.0,Sichuan,Limited liability company (Natural person investment or holding),1291.0,260.0,Construction industry,3.0,2.0,0.0,0.0,0.0,9.0,0.0,0.0,3.0,0.0,0.0,0.0,0.0,4.0,16.0,0.0,0.0,0.0,0.0,0.0,0.0,0.0,0.0,0.0,0.0,0.0,0.0,0.0,0.0,0.0,0.0,0.0,0.0,0.0,0.0,0.0,0.0,0.0,0.0,0.0,0.0,0.0,0.0,0.0,0.0,0.0,0.0,0.0,0.0,0.0,0.0,0.0,0.0,40.0,38.0,13.0,40.0,38.0,13.0,39.0,38.0,11.0,40.0,38.0,13.0,40.0,38.0,13.0,0.0,0.0,0.0,0.0,0.0,4.0,0.0,0.0,0.0,0.0,0.0,1.0,0.0
1543.0,0,3600.0,Guandong,Limited liability company (Natural person investment or holding),1988.0,157.951161,Construction industry,3.0,2.0,0.0,0.0,3.0,2.0,0.0,0.0,,0.0,0.0,0.0,0.0,0.0,0.0,0.0,0.0,0.0,0.0,0.0,0.0,0.0,0.0,0.0,0.0,0.0,0.0,0.0,0.0,0.0,0.0,0.0,0.0,0.0,0.0,0.0,0.0,0.0,0.0,0.0,0.0,0.0,0.0,0.0,0.0,0.0,0.0,0.0,0.0,0.0,0.0,0.0,0.0,35.0,21.0,23.0,34.0,20.0,22.0,35.0,21.0,23.0,34.0,20.0,22.0,34.0,20.0,22.0,0.0,0.0,0.0,0.0,0.0,0.0,0.0,0.0,0.0,0.0,0.0,0.0,0.0
1544.0,0,10000.0,Jiangsu,Limited liability company (sole proprietorship of legal person invested or controlled by non natural person),822.0,2935.0,Construction industry,1.0,6.0,0.0,0.0,0.0,6.0,5.0,0.0,5.0,0.0,0.0,0.0,0.0,0.0,0.0,0.0,0.0,0.0,0.0,0.0,0.0,0.0,0.0,0.0,0.0,0.0,0.0,0.0,0.0,0.0,0.0,0.0,0.0,0.0,0.0,0.0,0.0,0.0,1.0,0.0,0.0,0.0,0.0,0.0,0.0,0.0,0.0,0.0,0.0,0.0,0.0,0.0,0.0,40.0,27.0,0.0,40.0,27.0,0.0,40.0,27.0,0.0,40.0,27.0,0.0,40.0,27.0,0.0,0.0,0.0,0.0,0.0,0.0,1.0,0.0,0.0,0.0,0.0,0.0,0.0,0.0
1545.0,0,10000.0,Sichuan,Other limited liability companies,2953.0,10000.0,Construction industry,4.0,3.0,18.0,3.0,0.0,10.0,6.0,3.0,3.0,0.0,0.0,0.0,0.0,3.0,0.0,0.0,0.0,0.0,0.0,0.0,0.0,0.0,0.0,0.0,0.0,0.0,0.0,0.0,0.0,0.0,0.0,0.0,0.0,0.0,0.0,0.0,0.0,0.0,0.0,0.0,0.0,0.0,0.0,0.0,0.0,0.0,0.0,0.0,0.0,0.0,0.0,0.0,0.0,36.0,18.0,5.0,36.0,18.0,5.0,36.0,18.0,5.0,36.0,18.0,5.0,36.0,18.0,5.0,0.0,0.0,0.0,0.0,0.0,1.0,0.0,0.0,0.0,0.0,0.0,2.0,0.0
1546.0,0,6006.0,Jiangsu,Limited liability company (Natural person investment or holding),4747.0,1008.0,Wholesale and retail,2.0,2.0,0.0,1.0,1.0,0.0,0.0,0.0,2.0,0.0,0.0,0.0,0.0,0.0,3.0,0.0,0.0,0.0,0.0,0.0,0.0,0.0,0.0,0.0,0.0,0.0,0.0,0.0,0.0,1.0,0.0,0.0,0.0,0.0,0.0,0.0,0.0,0.0,0.0,0.0,0.0,0.0,0.0,0.0,0.0,0.0,0.0,0.0,0.0,0.0,0.0,0.0,0.0,23.0,13.0,14.0,23.0,13.0,14.0,23.0,13.0,14.0,23.0,13.0,14.0,23.0,13.0,14.0,0.0,0.0,0.0,1.0,4.0,2.0,0.0,0.0,1.0,2.0,1.0,0.0,0.0
1547.0,0,18900.0,Hunan,Limited liability company (Natural person investment or holding),2045.0,1300.0,Leasing and business services,4.0,4.0,0.0,4.0,0.0,6.0,2.0,19.0,1.0,0.0,0.0,0.0,0.0,0.0,0.0,0.0,0.0,0.0,0.0,0.0,0.0,0.0,0.0,0.0,0.0,0.0,0.0,0.0,0.0,0.0,0.0,0.0,0.0,0.0,0.0,0.0,0.0,0.0,0.0,0.0,0.0,0.0,0.0,0.0,0.0,0.0,0.0,0.0,0.0,0.0,0.0,0.0,0.0,17.0,,16.0,0.0,,0.0,12.0,,8.0,35.0,,60.0,0.0,,0.0,0.0,0.0,0.0,0.0,0.0,2.0,0.0,0.0,0.0,0.0,0.0,0.0,3.0
1548.0,0,5000.0,Henan,Limited liability company (Natural person investment or holding),2409.0,2000.0,Construction industry,2.0,2.0,9.0,0.0,7.0,0.0,0.0,3.0,1.0,0.0,0.0,0.0,3.0,0.0,0.0,0.0,0.0,0.0,0.0,0.0,0.0,0.0,0.0,0.0,0.0,0.0,0.0,0.0,0.0,0.0,0.0,0.0,0.0,0.0,1.0,0.0,0.0,0.0,0.0,0.0,0.0,0.0,0.0,0.0,0.0,0.0,0.0,0.0,0.0,0.0,0.0,0.0,0.0,28.0,10.0,7.0,28.0,10.0,7.0,28.0,10.0,7.0,28.0,10.0,7.0,28.0,10.0,7.0,0.0,0.0,0.0,0.0,0.0,0.0,0.0,0.0,0.0,0.0,0.0,0.0,1.0
1549.0,0,1010.0,Chongqing,Limited liability company,5176.0,500.0,Leasing and business services,2.0,2.0,2.0,7.0,1.0,0.0,4.0,0.0,,0.0,0.0,0.0,0.0,0.0,0.0,0.0,0.0,0.0,0.0,0.0,0.0,0.0,0.0,0.0,0.0,0.0,0.0,0.0,1.0,0.0,0.0,0.0,0.0,0.0,0.0,0.0,0.0,0.0,0.0,0.0,0.0,0.0,0.0,0.0,0.0,0.0,0.0,0.0,0.0,0.0,0.0,0.0,0.0,31.0,31.0,31.0,31.0,31.0,31.0,31.0,31.0,31.0,31.0,31.0,31.0,31.0,31.0,31.0,0.0,1.0,1.0,5.0,1.0,1.0,1.0,1.0,2.0,0.0,1.0,1.0,0.0
1550.0,0,1350.0,Chongqing,Limited liability company,6055.0,1210.1905,Construction industry,2.0,2.0,4.0,1.0,0.0,1.0,0.0,0.0,1.0,0.0,1.0,0.0,0.0,0.0,0.0,0.0,0.0,0.0,0.0,0.0,0.0,0.0,0.0,0.0,0.0,0.0,0.0,0.0,0.0,3.0,4.0,0.0,4.0,0.0,0.0,0.0,0.0,0.0,0.0,0.0,0.0,0.0,0.0,0.0,0.0,0.0,0.0,0.0,0.0,0.0,0.0,0.0,0.0,13.0,11.0,11.0,13.0,11.0,11.0,13.0,11.0,11.0,13.0,15.0,11.0,13.0,11.0,11.0,0.0,0.0,0.0,0.0,0.0,3.0,0.0,0.0,0.0,0.0,0.0,5.0,0.0
1551.0,0,3000.0,Chongqing,Limited liability company,872.0,3000.0,Construction industry,2.0,3.0,0.0,0.0,0.0,0.0,0.0,0.0,,0.0,0.0,0.0,0.0,0.0,3.0,0.0,0.0,0.0,0.0,0.0,0.0,0.0,0.0,0.0,0.0,0.0,0.0,0.0,1.0,0.0,0.0,0.0,0.0,0.0,0.0,0.0,0.0,0.0,0.0,0.0,0.0,0.0,0.0,0.0,0.0,0.0,0.0,0.0,0.0,0.0,0.0,0.0,0.0,3.0,1.0,,3.0,1.0,,3.0,1.0,,3.0,1.0,,0.0,1.0,,0.0,0.0,0.0,0.0,0.0,0.0,0.0,0.0,0.0,0.0,0.0,0.0,0.0
1552.0,0,1000.0,Chongqing,Limited liability company,1360.0,550.0,Construction industry,2.0,2.0,0.0,0.0,0.0,0.0,0.0,0.0,1.0,0.0,0.0,0.0,0.0,7.0,5.0,0.0,0.0,0.0,0.0,0.0,0.0,0.0,0.0,0.0,0.0,0.0,0.0,0.0,0.0,0.0,0.0,0.0,0.0,0.0,0.0,0.0,0.0,0.0,0.0,0.0,0.0,0.0,0.0,0.0,0.0,0.0,0.0,0.0,0.0,0.0,0.0,0.0,0.0,62.0,44.0,13.0,62.0,44.0,13.0,62.0,44.0,13.0,62.0,44.0,13.0,0.0,0.0,13.0,0.0,0.0,0.0,0.0,0.0,1.0,0.0,0.0,0.0,0.0,0.0,0.0,0.0
1553.0,0,1000.0,Chongqing,Limited liability company,1826.0,156.0,"Information transmission, software and information technology services",2.0,2.0,0.0,3.0,0.0,10.0,6.0,1.0,,0.0,0.0,0.0,0.0,0.0,1.0,0.0,0.0,0.0,0.0,0.0,0.0,0.0,0.0,0.0,0.0,0.0,0.0,0.0,0.0,0.0,2.0,0.0,2.0,3.0,15.0,0.0,0.0,0.0,0.0,0.0,1.0,0.0,0.0,0.0,0.0,0.0,0.0,0.0,4.0,3.0,2.0,8.0,12.0,0.0,5.0,0.0,0.0,5.0,0.0,0.0,5.0,0.0,0.0,5.0,0.0,0.0,5.0,0.0,0.0,0.0,0.0,0.0,0.0,0.0,0.0,0.0,0.0,0.0,0.0,0.0,0.0
1554.0,0,4200.0,Chongqing,Limited liability company,1517.0,150.0,Construction industry,2.0,2.0,0.0,0.0,5.0,4.0,3.0,0.0,26.0,0.0,0.0,0.0,0.0,6.0,14.0,0.0,0.0,0.0,0.0,0.0,0.0,0.0,0.0,0.0,0.0,0.0,0.0,0.0,0.0,0.0,0.0,1.0,4.0,0.0,0.0,0.0,0.0,0.0,0.0,0.0,0.0,0.0,0.0,0.0,0.0,0.0,0.0,0.0,0.0,0.0,0.0,0.0,0.0,50.0,52.0,55.0,50.0,52.0,55.0,50.0,52.0,55.0,50.0,52.0,57.0,46.0,6.0,0.0,0.0,0.0,0.0,0.0,0.0,0.0,0.0,0.0,0.0,0.0,0.0,0.0,0.0
1555.0,0,1200.0,Chongqing,Limited liability company,811.0,0.0,Construction industry,2.0,2.0,0.0,0.0,0.0,0.0,15.0,10.0,,0.0,0.0,0.0,0.0,0.0,0.0,0.0,0.0,0.0,0.0,0.0,0.0,0.0,0.0,0.0,0.0,0.0,0.0,0.0,0.0,0.0,0.0,0.0,0.0,0.0,0.0,0.0,0.0,0.0,0.0,0.0,0.0,0.0,0.0,0.0,0.0,0.0,0.0,0.0,0.0,0.0,0.0,0.0,0.0,12.0,8.0,0.0,12.0,8.0,0.0,12.0,8.0,0.0,12.0,8.0,0.0,12.0,8.0,0.0,0.0,0.0,0.0,0.0,0.0,0.0,0.0,0.0,0.0,0.0,0.0,0.0,0.0
1556.0,0,2008.0,Chongqing,Limited liability company,5183.0,1938.0,Construction industry,2.0,3.0,35.0,1.0,4.0,3.0,1.0,4.0,1.0,0.0,0.0,0.0,0.0,0.0,5.0,0.0,0.0,0.0,0.0,0.0,0.0,0.0,0.0,0.0,0.0,0.0,0.0,0.0,0.0,4.0,3.0,0.0,6.0,0.0,0.0,0.0,0.0,0.0,0.0,0.0,0.0,0.0,0.0,0.0,0.0,0.0,0.0,0.0,0.0,0.0,0.0,0.0,0.0,40.0,28.0,20.0,39.0,28.0,20.0,39.0,28.0,20.0,39.0,28.0,20.0,39.0,28.0,20.0,0.0,0.0,0.0,0.0,5.0,1.0,0.0,0.0,0.0,0.0,1.0,0.0,2.0
1557.0,0,10180.0,Chongqing,Limited liability company,8244.0,10180.0,Wholesale and retail,2.0,2.0,5.0,9.0,1.0,3.0,1.0,0.0,1.0,0.0,0.0,0.0,0.0,0.0,0.0,0.0,0.0,0.0,0.0,0.0,0.0,0.0,0.0,0.0,0.0,0.0,0.0,0.0,0.0,0.0,0.0,4.0,0.0,1.0,0.0,0.0,0.0,0.0,0.0,0.0,0.0,0.0,0.0,0.0,1.0,0.0,0.0,0.0,0.0,0.0,0.0,0.0,0.0,71.0,61.0,65.0,71.0,61.0,65.0,71.0,61.0,65.0,71.0,61.0,65.0,71.0,61.0,65.0,0.0,0.0,1.0,1.0,3.0,4.0,0.0,1.0,0.0,0.0,3.0,0.0,0.0
1558.0,0,5000.0,Chongqing,Limited liability company,2521.0,800.0,Wholesale and retail,4.0,2.0,1.0,1.0,3.0,5.0,5.0,1.0,1.0,0.0,0.0,0.0,0.0,0.0,5.0,0.0,0.0,0.0,0.0,0.0,0.0,0.0,0.0,0.0,0.0,0.0,0.0,0.0,0.0,0.0,0.0,0.0,0.0,0.0,0.0,0.0,0.0,0.0,0.0,0.0,0.0,0.0,0.0,0.0,0.0,0.0,0.0,0.0,0.0,0.0,0.0,0.0,0.0,17.0,17.0,8.0,17.0,17.0,8.0,17.0,17.0,8.0,17.0,17.0,8.0,17.0,17.0,8.0,0.0,0.0,0.0,0.0,0.0,0.0,0.0,0.0,0.0,0.0,0.0,0.0,0.0
1559.0,0,4000.0,Chongqing,Limited liability company,2403.0,1900.0,"Water conservancy, environment and public facilities management",3.0,3.0,4.0,2.0,0.0,20.0,8.0,2.0,,0.0,0.0,0.0,0.0,0.0,9.0,0.0,0.0,0.0,0.0,0.0,0.0,0.0,0.0,0.0,0.0,0.0,0.0,0.0,0.0,0.0,0.0,0.0,0.0,0.0,0.0,0.0,0.0,0.0,0.0,0.0,4.0,0.0,0.0,0.0,0.0,0.0,0.0,0.0,0.0,0.0,0.0,0.0,4.0,36.0,36.0,15.0,36.0,36.0,15.0,36.0,36.0,15.0,36.0,36.0,15.0,36.0,36.0,15.0,0.0,0.0,0.0,0.0,2.0,0.0,0.0,0.0,0.0,0.0,1.0,1.0,0.0
1560.0,0,3600.0,Chongqing,Limited liability company,2391.0,0.0,Wholesale and retail,2.0,2.0,3.0,7.0,0.0,2.0,1.0,1.0,,0.0,0.0,0.0,0.0,0.0,3.0,0.0,0.0,0.0,0.0,0.0,1.0,0.0,0.0,0.0,0.0,0.0,0.0,0.0,0.0,0.0,0.0,0.0,0.0,0.0,0.0,0.0,0.0,0.0,0.0,0.0,0.0,0.0,0.0,0.0,0.0,0.0,0.0,0.0,0.0,0.0,0.0,0.0,0.0,46.0,46.0,42.0,46.0,46.0,42.0,46.0,46.0,42.0,46.0,46.0,42.0,46.0,46.0,0.0,0.0,0.0,1.0,1.0,5.0,3.0,0.0,1.0,1.0,0.0,3.0,2.0,0.0
1561.0,0,1000.0,Chongqing,Limited liability company,2796.0,400.0,Construction industry,3.0,2.0,7.0,0.0,1.0,0.0,0.0,5.0,24.0,5.0,0.0,0.0,0.0,0.0,0.0,0.0,0.0,0.0,0.0,0.0,0.0,0.0,0.0,0.0,0.0,0.0,0.0,0.0,0.0,0.0,0.0,0.0,0.0,0.0,0.0,0.0,0.0,0.0,0.0,0.0,0.0,0.0,0.0,0.0,0.0,0.0,0.0,0.0,0.0,0.0,0.0,0.0,0.0,38.0,35.0,24.0,38.0,35.0,24.0,38.0,35.0,28.0,39.0,35.0,24.0,38.0,35.0,24.0,0.0,0.0,0.0,0.0,0.0,0.0,0.0,0.0,0.0,0.0,0.0,0.0,0.0
1562.0,0,2008.0,Chongqing,Limited liability company,2510.0,600.0,Leasing and business services,2.0,2.0,1.0,1.0,3.0,0.0,6.0,0.0,4.0,0.0,0.0,0.0,0.0,0.0,15.0,0.0,0.0,0.0,0.0,0.0,0.0,0.0,0.0,0.0,0.0,0.0,0.0,0.0,0.0,0.0,0.0,0.0,0.0,1.0,0.0,0.0,0.0,0.0,0.0,0.0,0.0,0.0,0.0,0.0,0.0,0.0,0.0,0.0,0.0,0.0,0.0,0.0,0.0,139.0,40.0,5.0,139.0,40.0,5.0,139.0,40.0,5.0,139.0,41.0,5.0,139.0,40.0,5.0,0.0,0.0,0.0,0.0,0.0,0.0,0.0,0.0,0.0,0.0,0.0,0.0,0.0
1563.0,0,2300.0,Chongqing,Limited liability company,6019.0,800.0,Construction industry,3.0,3.0,14.0,3.0,0.0,0.0,5.0,0.0,1.0,0.0,0.0,0.0,0.0,3.0,0.0,3.0,0.0,0.0,3.0,2.0,0.0,0.0,0.0,0.0,0.0,0.0,0.0,0.0,0.0,0.0,0.0,0.0,0.0,0.0,0.0,0.0,0.0,0.0,0.0,0.0,0.0,0.0,0.0,0.0,0.0,0.0,0.0,0.0,0.0,0.0,0.0,0.0,0.0,40.0,28.0,25.0,40.0,28.0,26.0,40.0,28.0,26.0,40.0,28.0,26.0,40.0,28.0,26.0,0.0,0.0,2.0,8.0,5.0,1.0,1.0,2.0,5.0,3.0,1.0,0.0,0.0
1564.0,0,1000.0,Chongqing,Limited liability company (sole proprietorship of natural person),934.0,0.0,Construction industry,1.0,2.0,0.0,0.0,0.0,9.0,4.0,0.0,,0.0,0.0,0.0,0.0,5.0,1.0,0.0,0.0,0.0,0.0,0.0,0.0,0.0,0.0,0.0,0.0,0.0,0.0,0.0,0.0,0.0,0.0,0.0,0.0,0.0,0.0,0.0,0.0,0.0,0.0,0.0,0.0,0.0,0.0,0.0,0.0,0.0,0.0,0.0,0.0,0.0,0.0,0.0,0.0,23.0,21.0,0.0,23.0,21.0,0.0,23.0,21.0,0.0,23.0,21.0,0.0,23.0,21.0,0.0,0.0,0.0,0.0,0.0,0.0,1.0,0.0,0.0,0.0,0.0,0.0,1.0,0.0
1565.0,1,2208.0,Chongqing,Limited liability company (sole proprietorship of natural person),7166.0,2208.0,Construction industry,2.0,2.0,23.0,1.0,0.0,0.0,0.0,3.0,1.0,0.0,0.0,0.0,0.0,0.0,0.0,0.0,0.0,0.0,0.0,0.0,0.0,0.0,0.0,0.0,0.0,0.0,0.0,0.0,0.0,0.0,0.0,0.0,0.0,0.0,0.0,0.0,0.0,0.0,0.0,0.0,0.0,0.0,0.0,0.0,0.0,0.0,0.0,0.0,0.0,0.0,0.0,0.0,0.0,7.0,12.0,13.0,7.0,12.0,14.0,7.0,12.0,13.0,7.0,12.0,14.0,7.0,12.0,14.0,0.0,0.0,0.0,1.0,0.0,1.0,0.0,1.0,0.0,0.0,0.0,0.0,0.0
1566.0,0,3606.6,Chongqing,Limited liability company,9001.0,3606.6,Construction industry,2.0,3.0,6.0,0.0,1.0,0.0,1.0,5.0,,0.0,0.0,0.0,0.0,0.0,5.0,0.0,0.0,0.0,0.0,0.0,1.0,0.0,0.0,0.0,0.0,1.0,0.0,0.0,0.0,2.0,0.0,0.0,0.0,0.0,0.0,0.0,0.0,0.0,0.0,0.0,0.0,0.0,0.0,0.0,0.0,0.0,0.0,0.0,0.0,0.0,0.0,0.0,0.0,48.0,65.0,58.0,48.0,65.0,58.0,48.0,65.0,58.0,48.0,65.0,58.0,48.0,65.0,58.0,0.0,0.0,0.0,4.0,3.0,2.0,0.0,0.0,2.0,0.0,0.0,2.0,1.0
1567.0,0,2080.0,Chongqing,Limited liability company (sole proprietorship of natural person),2145.0,500.0,Construction industry,1.0,2.0,9.0,0.0,2.0,1.0,0.0,5.0,,0.0,0.0,0.0,0.0,0.0,0.0,0.0,0.0,0.0,0.0,0.0,0.0,0.0,0.0,0.0,0.0,0.0,0.0,0.0,0.0,0.0,0.0,0.0,0.0,0.0,0.0,0.0,0.0,0.0,0.0,0.0,0.0,0.0,0.0,0.0,0.0,0.0,0.0,0.0,0.0,0.0,0.0,0.0,0.0,15.0,0.0,0.0,15.0,0.0,0.0,15.0,0.0,0.0,15.0,0.0,0.0,15.0,0.0,0.0,0.0,0.0,0.0,0.0,1.0,0.0,0.0,0.0,0.0,0.0,1.0,0.0,0.0
1568.0,0,1200.0,Chongqing,Limited liability company,1414.0,372.0,Wholesale and retail,2.0,2.0,0.0,0.0,10.0,4.0,0.0,0.0,,0.0,0.0,0.0,0.0,0.0,0.0,0.0,0.0,0.0,0.0,0.0,0.0,0.0,0.0,0.0,0.0,0.0,0.0,0.0,0.0,0.0,0.0,0.0,0.0,0.0,0.0,0.0,0.0,0.0,0.0,0.0,0.0,0.0,0.0,0.0,0.0,0.0,0.0,0.0,0.0,0.0,0.0,0.0,0.0,9.0,5.0,3.0,9.0,5.0,3.0,9.0,5.0,3.0,9.0,5.0,3.0,0.0,2.0,3.0,0.0,0.0,0.0,0.0,0.0,0.0,0.0,0.0,0.0,0.0,0.0,0.0,0.0
1569.0,0,1280.0,Chongqing,Limited liability company,1344.0,211.0,Wholesale and retail,2.0,2.0,0.0,0.0,1.0,1.0,6.0,9.0,5.0,0.0,0.0,0.0,0.0,0.0,9.0,0.0,0.0,0.0,0.0,0.0,0.0,0.0,0.0,0.0,0.0,0.0,0.0,0.0,0.0,0.0,0.0,0.0,0.0,3.0,0.0,0.0,0.0,0.0,0.0,0.0,0.0,0.0,0.0,0.0,0.0,0.0,1.0,0.0,0.0,0.0,0.0,0.0,6.0,38.0,0.0,0.0,38.0,0.0,0.0,38.0,0.0,0.0,38.0,0.0,0.0,38.0,0.0,0.0,0.0,0.0,0.0,0.0,0.0,0.0,0.0,0.0,0.0,0.0,0.0,0.0,0.0
1570.0,0,1002.0,Chongqing,Limited liability company,2307.0,1002.0,Construction industry,2.0,2.0,0.0,1.0,6.0,0.0,0.0,2.0,1.0,0.0,0.0,0.0,0.0,0.0,2.0,0.0,0.0,0.0,0.0,0.0,0.0,0.0,0.0,0.0,0.0,0.0,0.0,0.0,0.0,0.0,1.0,0.0,0.0,0.0,0.0,0.0,0.0,0.0,0.0,0.0,0.0,0.0,0.0,0.0,0.0,0.0,0.0,0.0,0.0,0.0,0.0,0.0,0.0,51.0,26.0,25.0,51.0,26.0,25.0,51.0,26.0,0.0,51.0,26.0,25.0,51.0,26.0,0.0,0.0,0.0,0.0,0.0,1.0,2.0,0.0,0.0,0.0,1.0,2.0,0.0,0.0
1571.0,0,7088.0,Chongqing,Limited liability company,1427.0,0.0,Construction industry,2.0,2.0,0.0,0.0,0.0,7.0,0.0,0.0,1.0,0.0,0.0,0.0,0.0,0.0,9.0,0.0,0.0,0.0,0.0,0.0,0.0,0.0,0.0,0.0,0.0,0.0,0.0,0.0,0.0,0.0,0.0,0.0,0.0,2.0,0.0,0.0,0.0,0.0,0.0,0.0,0.0,0.0,0.0,0.0,0.0,0.0,0.0,0.0,0.0,0.0,0.0,0.0,0.0,57.0,48.0,150.0,56.0,48.0,150.0,57.0,48.0,150.0,57.0,48.0,150.0,57.0,48.0,0.0,0.0,0.0,0.0,0.0,0.0,0.0,0.0,0.0,0.0,0.0,0.0,0.0,1.0
1572.0,0,10680.0,Chongqing,Limited liability company,3227.0,7028.0,Construction industry,2.0,3.0,1.0,1.0,1.0,6.0,5.0,6.0,,0.0,0.0,0.0,0.0,0.0,1.0,0.0,0.0,0.0,0.0,0.0,0.0,0.0,0.0,0.0,0.0,0.0,0.0,0.0,0.0,0.0,0.0,0.0,0.0,0.0,0.0,0.0,0.0,0.0,1.0,0.0,0.0,0.0,0.0,0.0,0.0,0.0,0.0,0.0,0.0,0.0,0.0,0.0,0.0,99.0,57.0,87.0,106.0,53.0,83.0,101.0,55.0,84.0,103.0,59.0,86.0,101.0,55.0,84.0,0.0,0.0,5.0,5.0,3.0,1.0,0.0,0.0,2.0,3.0,0.0,1.0,3.0
1573.0,0,1000.0,Chongqing,Limited liability company,5251.0,50.0,Wholesale and retail,2.0,2.0,5.0,0.0,0.0,0.0,0.0,4.0,1.0,0.0,0.0,0.0,0.0,0.0,5.0,5.0,0.0,0.0,0.0,0.0,2.0,0.0,0.0,0.0,0.0,0.0,0.0,0.0,0.0,19.0,0.0,0.0,0.0,0.0,0.0,0.0,0.0,20.0,0.0,1.0,0.0,0.0,0.0,0.0,0.0,0.0,0.0,0.0,0.0,0.0,0.0,0.0,0.0,58.0,58.0,50.0,58.0,58.0,50.0,58.0,58.0,50.0,58.0,58.0,50.0,58.0,20.0,35.0,0.0,0.0,0.0,0.0,9.0,52.0,6.0,7.0,2.0,5.0,3.0,1.0,0.0
1574.0,0,1998.0,Chongqing,Limited liability company,7278.0,1508.0,Construction industry,3.0,2.0,13.0,1.0,0.0,5.0,7.0,0.0,2.0,0.0,0.0,0.0,0.0,8.0,1.0,0.0,0.0,0.0,0.0,0.0,0.0,0.0,0.0,0.0,0.0,0.0,0.0,0.0,0.0,0.0,0.0,0.0,0.0,0.0,0.0,0.0,0.0,0.0,0.0,0.0,0.0,0.0,0.0,0.0,0.0,0.0,0.0,0.0,0.0,0.0,0.0,0.0,0.0,31.0,22.0,31.0,34.0,22.0,31.0,34.0,22.0,31.0,34.0,22.0,31.0,34.0,22.0,31.0,0.0,0.0,0.0,2.0,0.0,0.0,0.0,0.0,1.0,0.0,0.0,0.0,0.0
1575.0,0,4188.0,Chongqing,Limited liability company,2731.0,4188.0,Construction industry,2.0,2.0,3.0,4.0,2.0,0.0,3.0,0.0,,0.0,0.0,2.0,0.0,0.0,0.0,0.0,0.0,0.0,0.0,0.0,0.0,0.0,0.0,0.0,0.0,0.0,0.0,0.0,0.0,0.0,0.0,0.0,0.0,0.0,0.0,0.0,0.0,0.0,0.0,0.0,0.0,0.0,0.0,0.0,0.0,0.0,0.0,0.0,0.0,0.0,0.0,0.0,0.0,2.0,2.0,3.0,2.0,0.0,0.0,2.0,2.0,3.0,2.0,0.0,3.0,2.0,0.0,0.0,0.0,0.0,0.0,0.0,1.0,1.0,0.0,0.0,0.0,0.0,0.0,0.0,1.0
1576.0,0,1600.0,Chongqing,Limited liability company,5694.0,1600.0,Construction industry,2.0,2.0,1.0,1.0,1.0,0.0,0.0,5.0,1.0,0.0,0.0,0.0,0.0,1.0,13.0,0.0,0.0,0.0,0.0,0.0,0.0,0.0,0.0,0.0,0.0,0.0,1.0,0.0,0.0,0.0,0.0,0.0,0.0,0.0,0.0,0.0,0.0,0.0,0.0,0.0,0.0,0.0,0.0,0.0,0.0,0.0,0.0,0.0,0.0,0.0,0.0,0.0,0.0,52.0,14.0,12.0,52.0,14.0,12.0,52.0,14.0,12.0,52.0,14.0,12.0,0.0,14.0,12.0,0.0,0.0,0.0,0.0,8.0,7.0,0.0,0.0,0.0,5.0,4.0,2.0,0.0
1577.0,0,4010.0,Chongqing,Limited liability company,2522.0,310.0,Construction industry,3.0,3.0,2.0,3.0,0.0,2.0,0.0,0.0,,0.0,0.0,3.0,3.0,1.0,0.0,0.0,0.0,0.0,0.0,0.0,0.0,0.0,0.0,0.0,0.0,0.0,0.0,0.0,0.0,0.0,0.0,0.0,0.0,0.0,0.0,0.0,0.0,0.0,0.0,0.0,0.0,0.0,0.0,0.0,0.0,0.0,0.0,0.0,0.0,0.0,0.0,0.0,0.0,28.0,21.0,21.0,28.0,21.0,21.0,28.0,21.0,21.0,28.0,21.0,21.0,28.0,21.0,21.0,0.0,0.0,0.0,0.0,1.0,10.0,0.0,0.0,0.0,0.0,3.0,2.0,0.0
1578.0,0,1000.0,Chongqing,Limited liability company,2351.0,1000.0,Construction industry,2.0,2.0,0.0,4.0,0.0,0.0,6.0,6.0,,0.0,0.0,0.0,0.0,0.0,0.0,0.0,0.0,0.0,0.0,0.0,0.0,0.0,0.0,0.0,0.0,0.0,0.0,0.0,0.0,0.0,0.0,0.0,0.0,0.0,0.0,0.0,0.0,0.0,0.0,0.0,0.0,0.0,0.0,0.0,0.0,0.0,0.0,0.0,0.0,0.0,0.0,0.0,0.0,15.0,0.0,3.0,15.0,0.0,3.0,15.0,0.0,3.0,15.0,0.0,3.0,15.0,0.0,3.0,0.0,0.0,0.0,0.0,19.0,3.0,0.0,0.0,0.0,0.0,22.0,0.0,0.0
1579.0,0,1000.0,Chongqing,Limited liability company,1022.0,0.0,Construction industry,2.0,2.0,0.0,0.0,0.0,14.0,8.0,1.0,,0.0,0.0,0.0,0.0,0.0,8.0,0.0,0.0,0.0,0.0,0.0,0.0,0.0,0.0,0.0,0.0,0.0,0.0,0.0,0.0,0.0,0.0,0.0,0.0,0.0,0.0,0.0,0.0,0.0,0.0,0.0,0.0,0.0,0.0,0.0,0.0,0.0,0.0,0.0,0.0,0.0,0.0,0.0,0.0,26.0,12.0,0.0,26.0,12.0,0.0,26.0,12.0,0.0,26.0,12.0,0.0,26.0,12.0,0.0,0.0,0.0,0.0,0.0,0.0,0.0,0.0,0.0,0.0,0.0,0.0,0.0,0.0
1580.0,0,1000.0,Chongqing,Limited liability company,3096.0,1000.0,Construction industry,2.0,2.0,8.0,2.0,2.0,4.0,0.0,2.0,,0.0,4.0,0.0,0.0,0.0,0.0,0.0,0.0,0.0,0.0,1.0,0.0,0.0,0.0,0.0,0.0,0.0,0.0,0.0,1.0,0.0,0.0,0.0,0.0,0.0,0.0,0.0,0.0,0.0,0.0,0.0,0.0,0.0,0.0,0.0,0.0,0.0,0.0,0.0,0.0,0.0,0.0,0.0,0.0,0.0,0.0,0.0,0.0,0.0,0.0,0.0,0.0,0.0,0.0,0.0,0.0,0.0,0.0,0.0,0.0,0.0,0.0,0.0,3.0,1.0,0.0,0.0,0.0,0.0,1.0,0.0,0.0
1581.0,0,5000.0,Chongqing,Limited liability company (sole proprietorship of natural person),2565.0,1000.0,Construction industry,1.0,2.0,4.0,6.0,0.0,0.0,1.0,2.0,,0.0,0.0,0.0,0.0,0.0,0.0,0.0,0.0,0.0,0.0,0.0,0.0,0.0,0.0,0.0,0.0,0.0,0.0,0.0,0.0,0.0,0.0,0.0,0.0,0.0,0.0,0.0,0.0,0.0,0.0,0.0,0.0,0.0,0.0,0.0,0.0,0.0,0.0,0.0,0.0,0.0,0.0,0.0,0.0,74.0,28.0,40.0,74.0,28.0,40.0,73.0,27.0,40.0,79.0,28.0,41.0,0.0,0.0,0.0,0.0,0.0,0.0,1.0,7.0,4.0,0.0,0.0,0.0,0.0,2.0,1.0,0.0
1582.0,0,2018.0,Chongqing,Limited liability company,1229.0,0.0,Construction industry,3.0,2.0,0.0,0.0,0.0,0.0,1.0,0.0,1.0,0.0,0.0,0.0,0.0,2.0,3.0,0.0,0.0,0.0,0.0,0.0,0.0,0.0,0.0,0.0,0.0,0.0,0.0,0.0,0.0,0.0,0.0,0.0,0.0,0.0,0.0,0.0,0.0,0.0,0.0,0.0,0.0,0.0,0.0,0.0,0.0,0.0,0.0,0.0,0.0,0.0,0.0,0.0,0.0,20.0,19.0,15.0,20.0,19.0,15.0,20.0,19.0,15.0,20.0,19.0,15.0,20.0,19.0,15.0,0.0,0.0,0.0,0.0,0.0,0.0,0.0,0.0,0.0,0.0,0.0,0.0,0.0
1583.0,0,5180.0,Chongqing,Limited liability company,6742.0,5180.0,Wholesale and retail,2.0,2.0,8.0,6.0,0.0,0.0,0.0,1.0,1.0,0.0,0.0,0.0,0.0,0.0,0.0,3.0,0.0,0.0,0.0,0.0,0.0,0.0,0.0,0.0,0.0,0.0,0.0,0.0,1.0,0.0,0.0,0.0,0.0,0.0,0.0,0.0,0.0,0.0,0.0,0.0,0.0,0.0,0.0,0.0,0.0,0.0,0.0,0.0,0.0,0.0,0.0,0.0,0.0,29.0,22.0,22.0,28.0,222.0,22.0,33.0,22.0,22.0,28.0,22.0,22.0,33.0,22.0,22.0,0.0,0.0,0.0,0.0,2.0,2.0,5.0,0.0,0.0,1.0,1.0,0.0,0.0
1584.0,0,1000.0,Chongqing,Limited liability company,1267.0,1000.0,Construction industry,2.0,2.0,0.0,0.0,0.0,1.0,16.0,0.0,,0.0,0.0,0.0,3.0,2.0,0.0,0.0,0.0,0.0,0.0,0.0,0.0,0.0,0.0,0.0,0.0,0.0,0.0,0.0,0.0,0.0,0.0,0.0,0.0,0.0,0.0,0.0,0.0,0.0,0.0,0.0,0.0,0.0,0.0,0.0,0.0,0.0,0.0,0.0,0.0,0.0,0.0,0.0,0.0,0.0,0.0,0.0,0.0,0.0,0.0,0.0,0.0,0.0,0.0,0.0,0.0,0.0,0.0,0.0,0.0,0.0,0.0,0.0,0.0,0.0,0.0,0.0,0.0,0.0,0.0,1.0,0.0
1585.0,0,500.0,Chongqing,Limited liability company,8672.0,500.0,Construction industry,2.0,2.0,18.0,1.0,3.0,0.0,6.0,2.0,,0.0,0.0,0.0,0.0,0.0,0.0,1.0,0.0,0.0,0.0,0.0,0.0,0.0,0.0,0.0,0.0,0.0,0.0,0.0,0.0,0.0,0.0,0.0,0.0,0.0,0.0,0.0,0.0,0.0,0.0,0.0,0.0,0.0,0.0,0.0,0.0,0.0,0.0,0.0,0.0,0.0,0.0,0.0,0.0,23.0,18.0,19.0,23.0,18.0,19.0,23.0,18.0,19.0,23.0,18.0,19.0,23.0,18.0,19.0,0.0,0.0,0.0,0.0,0.0,0.0,0.0,0.0,0.0,0.0,0.0,0.0,2.0
1586.0,0,1280.0,Chongqing,Limited liability company (sole proprietorship of natural person),1229.0,670.0,Construction industry,1.0,2.0,0.0,0.0,0.0,0.0,2.0,0.0,,0.0,0.0,0.0,0.0,0.0,8.0,0.0,0.0,0.0,0.0,0.0,0.0,0.0,0.0,0.0,0.0,0.0,0.0,0.0,0.0,0.0,0.0,0.0,0.0,0.0,0.0,0.0,0.0,0.0,0.0,0.0,0.0,0.0,0.0,0.0,0.0,0.0,0.0,0.0,0.0,0.0,0.0,0.0,0.0,35.0,46.0,64.0,35.0,46.0,64.0,35.0,46.0,64.0,35.0,46.0,64.0,35.0,46.0,64.0,0.0,0.0,0.0,0.0,1.0,0.0,0.0,0.0,0.0,0.0,1.0,0.0,0.0
1587.0,0,2020.0,Chongqing,Limited liability company,2058.0,1298.4,Construction industry,5.0,3.0,0.0,6.0,11.0,0.0,8.0,1.0,,0.0,0.0,0.0,0.0,0.0,11.0,0.0,0.0,0.0,0.0,0.0,0.0,0.0,0.0,0.0,0.0,0.0,0.0,0.0,0.0,0.0,0.0,0.0,1.0,0.0,0.0,0.0,0.0,0.0,0.0,0.0,0.0,0.0,0.0,0.0,0.0,0.0,0.0,0.0,0.0,0.0,0.0,0.0,0.0,50.0,37.0,0.0,50.0,37.0,0.0,50.0,37.0,0.0,50.0,37.0,0.0,50.0,37.0,0.0,0.0,0.0,0.0,0.0,0.0,0.0,0.0,0.0,0.0,0.0,0.0,0.0,0.0
1588.0,0,12000.0,Chongqing,Limited liability company (sole proprietorship of legal person),1356.0,1350.0,"Residential services, repair and other services",1.0,2.0,0.0,0.0,3.0,8.0,0.0,0.0,1.0,0.0,0.0,0.0,0.0,0.0,0.0,0.0,0.0,1.0,0.0,0.0,0.0,0.0,0.0,0.0,0.0,0.0,0.0,0.0,2.0,0.0,0.0,0.0,0.0,0.0,0.0,0.0,0.0,0.0,0.0,0.0,0.0,0.0,0.0,0.0,0.0,0.0,0.0,0.0,0.0,0.0,0.0,0.0,0.0,49.0,50.0,0.0,49.0,50.0,0.0,49.0,50.0,0.0,49.0,50.0,0.0,0.0,0.0,0.0,0.0,0.0,0.0,0.0,0.0,0.0,0.0,0.0,0.0,0.0,0.0,12.0,0.0
1589.0,0,4000.0,Chongqing,Limited liability company,3160.0,4000.0,Construction industry,2.0,2.0,8.0,1.0,0.0,2.0,2.0,0.0,1.0,0.0,0.0,0.0,0.0,0.0,0.0,0.0,0.0,0.0,0.0,0.0,0.0,0.0,0.0,0.0,0.0,0.0,0.0,0.0,0.0,0.0,0.0,0.0,0.0,0.0,0.0,0.0,0.0,0.0,0.0,0.0,0.0,0.0,0.0,0.0,0.0,0.0,0.0,0.0,0.0,0.0,0.0,0.0,0.0,40.0,28.0,32.0,40.0,28.0,32.0,40.0,28.0,32.0,40.0,28.0,32.0,40.0,28.0,32.0,0.0,0.0,0.0,1.0,1.0,1.0,0.0,0.0,0.0,0.0,0.0,0.0,0.0
1590.0,1,2000.0,Chongqing,Limited liability company,924.0,0.0,Construction industry,2.0,3.0,0.0,0.0,0.0,1.0,0.0,0.0,,0.0,0.0,0.0,0.0,3.0,0.0,0.0,0.0,0.0,0.0,0.0,0.0,0.0,0.0,0.0,0.0,0.0,0.0,0.0,0.0,0.0,0.0,0.0,0.0,0.0,0.0,0.0,0.0,0.0,0.0,0.0,0.0,0.0,0.0,0.0,0.0,0.0,0.0,0.0,0.0,0.0,0.0,0.0,0.0,16.0,0.0,0.0,16.0,0.0,0.0,16.0,0.0,0.0,16.0,0.0,0.0,16.0,0.0,0.0,0.0,0.0,0.0,0.0,0.0,0.0,0.0,0.0,0.0,0.0,0.0,0.0,0.0
1591.0,0,2300.0,Zhejiang,Limited liability company (Natural person investment or holding),2287.0,2300.0,Construction industry,4.0,3.0,0.0,1.0,1.0,0.0,0.0,0.0,,0.0,0.0,0.0,0.0,0.0,0.0,0.0,1.0,0.0,0.0,0.0,0.0,0.0,0.0,0.0,0.0,0.0,0.0,0.0,0.0,0.0,0.0,0.0,0.0,0.0,0.0,0.0,0.0,0.0,0.0,0.0,0.0,0.0,0.0,0.0,0.0,0.0,0.0,0.0,0.0,0.0,0.0,0.0,0.0,29.0,29.0,29.0,29.0,29.0,29.0,29.0,29.0,29.0,29.0,29.0,29.0,29.0,29.0,29.0,0.0,0.0,0.0,0.0,0.0,2.0,0.0,0.0,0.0,0.0,0.0,0.0,0.0
1592.0,0,2000.0,Zhejiang,Limited liability company (Natural person investment or holding),3168.0,721.8,Construction industry,2.0,2.0,3.0,1.0,0.0,9.0,0.0,0.0,2.0,0.0,0.0,0.0,0.0,0.0,3.0,0.0,0.0,0.0,0.0,0.0,0.0,0.0,0.0,0.0,0.0,0.0,0.0,0.0,0.0,0.0,0.0,0.0,0.0,0.0,0.0,0.0,0.0,0.0,0.0,0.0,4.0,0.0,0.0,0.0,0.0,0.0,0.0,0.0,0.0,0.0,0.0,0.0,0.0,34.0,27.0,38.0,34.0,27.0,38.0,34.0,27.0,38.0,34.0,27.0,38.0,34.0,27.0,38.0,0.0,0.0,0.0,0.0,0.0,0.0,0.0,0.0,0.0,0.0,0.0,0.0,1.0
1593.0,0,4600.0,Henan,Limited liability company (sole proprietorship of natural person),5560.0,4600.0,Construction industry,1.0,2.0,4.0,0.0,3.0,0.0,0.0,8.0,6.0,0.0,0.0,0.0,0.0,0.0,0.0,0.0,0.0,0.0,0.0,0.0,0.0,0.0,0.0,0.0,0.0,0.0,0.0,0.0,0.0,0.0,0.0,0.0,0.0,0.0,0.0,0.0,0.0,0.0,0.0,0.0,0.0,0.0,0.0,0.0,0.0,0.0,0.0,0.0,0.0,0.0,0.0,0.0,0.0,15.0,9.0,9.0,0.0,0.0,0.0,0.0,0.0,0.0,0.0,0.0,0.0,0.0,0.0,0.0,0.0,0.0,0.0,0.0,0.0,1.0,0.0,0.0,0.0,0.0,0.0,1.0,1.0
1594.0,0,1000.0,Guandong,Limited liability company (sole proprietorship of natural person),1079.0,0.0,Construction industry,1.0,2.0,0.0,0.0,0.0,2.0,0.0,0.0,,0.0,0.0,0.0,0.0,8.0,0.0,0.0,0.0,0.0,0.0,0.0,0.0,0.0,0.0,0.0,0.0,0.0,0.0,0.0,0.0,0.0,0.0,0.0,0.0,0.0,0.0,0.0,0.0,0.0,0.0,0.0,0.0,0.0,0.0,0.0,0.0,0.0,0.0,0.0,0.0,0.0,0.0,0.0,0.0,,4.0,2.0,,4.0,2.0,,4.0,2.0,,4.0,2.0,,4.0,2.0,0.0,0.0,0.0,0.0,0.0,0.0,0.0,0.0,0.0,0.0,0.0,0.0,0.0
1595.0,0,2000.0,Guandong,Limited liability company (sole proprietorship of natural person),1624.0,1000.0,Construction industry,1.0,2.0,0.0,0.0,0.0,4.0,0.0,7.0,,0.0,0.0,0.0,0.0,0.0,10.0,0.0,0.0,0.0,0.0,0.0,0.0,0.0,0.0,0.0,0.0,0.0,0.0,0.0,1.0,0.0,0.0,0.0,0.0,0.0,0.0,0.0,0.0,0.0,0.0,0.0,0.0,0.0,0.0,0.0,0.0,0.0,0.0,0.0,0.0,0.0,0.0,0.0,0.0,22.0,8.0,0.0,22.0,8.0,0.0,22.0,8.0,0.0,22.0,8.0,0.0,22.0,8.0,0.0,0.0,0.0,0.0,0.0,0.0,0.0,0.0,0.0,0.0,0.0,1.0,0.0,0.0
1596.0,0,12800.0,Guandong,Limited liability company (Natural person investment or holding),8058.0,0.0,Construction industry,4.0,2.0,1.0,2.0,4.0,7.0,0.0,0.0,10.0,0.0,0.0,0.0,0.0,0.0,1.0,11.0,0.0,0.0,0.0,0.0,0.0,0.0,0.0,0.0,0.0,0.0,0.0,0.0,0.0,1.0,0.0,0.0,0.0,0.0,0.0,0.0,0.0,0.0,0.0,0.0,0.0,0.0,0.0,0.0,0.0,0.0,0.0,0.0,0.0,0.0,0.0,0.0,0.0,130.0,143.0,140.0,130.0,143.0,140.0,130.0,143.0,140.0,130.0,143.0,140.0,130.0,143.0,140.0,0.0,0.0,0.0,1.0,1.0,13.0,11.0,4.0,4.0,2.0,1.0,4.0,4.0
1597.0,0,1080.0,Hunan,Limited liability company (Natural person investment or holding),4236.0,1080.0,Construction industry,2.0,2.0,0.0,2.0,10.0,0.0,2.0,2.0,13.0,0.0,0.0,0.0,0.0,1.0,0.0,0.0,0.0,0.0,0.0,0.0,0.0,0.0,0.0,0.0,0.0,0.0,0.0,0.0,0.0,0.0,0.0,0.0,0.0,0.0,0.0,0.0,0.0,0.0,0.0,0.0,0.0,0.0,0.0,0.0,0.0,0.0,0.0,0.0,0.0,0.0,0.0,0.0,0.0,0.0,0.0,0.0,0.0,0.0,0.0,0.0,0.0,0.0,0.0,0.0,0.0,0.0,0.0,0.0,0.0,0.0,0.0,0.0,0.0,0.0,0.0,0.0,0.0,0.0,0.0,0.0,0.0
1598.0,0,1000.0,Hunan,Limited liability company (Natural person investment or holding),1036.0,100.0,Construction industry,3.0,2.0,0.0,0.0,0.0,0.0,1.0,3.0,1.0,0.0,0.0,0.0,1.0,0.0,0.0,0.0,0.0,0.0,0.0,0.0,0.0,0.0,0.0,0.0,0.0,0.0,0.0,0.0,0.0,0.0,0.0,0.0,1.0,0.0,0.0,0.0,0.0,0.0,0.0,0.0,0.0,0.0,0.0,0.0,0.0,0.0,0.0,0.0,0.0,0.0,0.0,0.0,0.0,8.0,8.0,0.0,0.0,8.0,0.0,8.0,8.0,0.0,8.0,8.0,0.0,8.0,8.0,0.0,0.0,0.0,0.0,0.0,0.0,0.0,0.0,0.0,0.0,0.0,0.0,0.0,0.0
1599.0,0,600.0,Hunan,Limited liability company (Natural person investment or holding),3333.0,0.0,Construction industry,2.0,2.0,5.0,9.0,3.0,0.0,10.0,0.0,12.0,0.0,0.0,0.0,0.0,1.0,0.0,0.0,0.0,0.0,0.0,0.0,0.0,0.0,0.0,0.0,0.0,0.0,0.0,0.0,0.0,0.0,0.0,0.0,0.0,0.0,0.0,0.0,0.0,2.0,1.0,0.0,0.0,0.0,0.0,0.0,0.0,0.0,0.0,0.0,0.0,1.0,5.0,0.0,0.0,19.0,19.0,18.0,19.0,19.0,18.0,19.0,19.0,18.0,19.0,19.0,18.0,19.0,19.0,18.0,0.0,0.0,0.0,0.0,0.0,0.0,0.0,0.0,0.0,0.0,0.0,0.0,1.0
1600.0,0,2357.7,Hunan,Limited liability company (Natural person investment or holding),6012.0,2357.7,Construction industry,2.0,2.0,1.0,0.0,1.0,0.0,3.0,1.0,5.0,0.0,0.0,0.0,0.0,0.0,7.0,1.0,0.0,2.0,0.0,0.0,1.0,0.0,0.0,0.0,0.0,0.0,0.0,0.0,0.0,0.0,0.0,0.0,0.0,0.0,0.0,0.0,0.0,0.0,0.0,0.0,0.0,0.0,0.0,0.0,0.0,0.0,0.0,0.0,0.0,0.0,0.0,0.0,0.0,23.0,23.0,23.0,6.0,6.0,6.0,23.0,22.0,22.0,23.0,23.0,24.0,23.0,21.0,22.0,0.0,0.0,6.0,2.0,1.0,2.0,3.0,1.0,2.0,1.0,1.0,1.0,1.0
1601.0,0,2150.0,Hunan,Limited liability company (Natural person investment or holding),2666.0,1135.0,Construction industry,2.0,2.0,2.0,9.0,0.0,0.0,0.0,2.0,4.0,0.0,0.0,0.0,1.0,5.0,0.0,0.0,0.0,0.0,0.0,0.0,0.0,0.0,0.0,0.0,0.0,0.0,0.0,0.0,0.0,0.0,0.0,0.0,0.0,0.0,1.0,0.0,0.0,0.0,0.0,0.0,0.0,0.0,0.0,0.0,0.0,0.0,0.0,0.0,0.0,0.0,0.0,0.0,0.0,24.0,24.0,18.0,0.0,0.0,0.0,0.0,0.0,0.0,0.0,0.0,0.0,0.0,0.0,0.0,0.0,0.0,0.0,1.0,0.0,0.0,0.0,0.0,0.0,0.0,0.0,0.0,1.0
1602.0,0,1000.0,Zhejiang,Limited liability company (Natural person investment or holding),881.0,0.0,Construction industry,2.0,2.0,0.0,0.0,0.0,6.0,0.0,2.0,,0.0,0.0,0.0,0.0,0.0,6.0,0.0,0.0,0.0,0.0,0.0,0.0,0.0,0.0,0.0,0.0,0.0,0.0,0.0,0.0,0.0,0.0,0.0,0.0,0.0,0.0,0.0,0.0,0.0,0.0,0.0,0.0,0.0,0.0,0.0,0.0,0.0,0.0,0.0,0.0,0.0,0.0,0.0,0.0,16.0,8.0,0.0,16.0,8.0,0.0,16.0,8.0,0.0,16.0,8.0,0.0,16.0,8.0,0.0,0.0,0.0,0.0,0.0,0.0,0.0,0.0,0.0,0.0,0.0,0.0,0.0,0.0
1603.0,0,618.0,Hunan,Limited liability company (Natural person investment or holding),3188.0,618.0,Construction industry,2.0,2.0,4.0,0.0,0.0,0.0,5.0,0.0,1.0,0.0,1.0,0.0,0.0,0.0,0.0,0.0,0.0,0.0,0.0,0.0,0.0,0.0,0.0,0.0,0.0,0.0,0.0,0.0,0.0,0.0,0.0,0.0,0.0,0.0,0.0,0.0,0.0,0.0,0.0,0.0,0.0,0.0,0.0,0.0,0.0,0.0,0.0,0.0,0.0,0.0,0.0,0.0,0.0,16.0,16.0,16.0,0.0,0.0,0.0,0.0,0.0,0.0,16.0,16.0,16.0,0.0,0.0,0.0,0.0,0.0,0.0,0.0,0.0,0.0,0.0,0.0,0.0,0.0,0.0,0.0,0.0
1604.0,0,500.0,Shandong,Limited liability company (Natural person investment or holding),5338.0,500.0,Scientific research and technology services,2.0,2.0,3.0,4.0,0.0,0.0,0.0,0.0,1.0,0.0,1.0,0.0,0.0,0.0,0.0,0.0,0.0,0.0,0.0,0.0,0.0,0.0,0.0,0.0,0.0,0.0,0.0,0.0,0.0,0.0,0.0,0.0,0.0,0.0,0.0,0.0,0.0,0.0,0.0,0.0,0.0,0.0,0.0,0.0,0.0,0.0,0.0,0.0,0.0,0.0,0.0,0.0,0.0,10.0,9.0,7.0,10.0,9.0,7.0,10.0,9.0,7.0,10.0,9.0,7.0,10.0,9.0,7.0,0.0,0.0,0.0,0.0,0.0,0.0,0.0,0.0,0.0,0.0,0.0,0.0,2.0
1605.0,0,2000.0,Sichuan,Limited liability company (Natural person investment or holding),1820.0,810.0,Construction industry,2.0,2.0,0.0,6.0,0.0,0.0,3.0,0.0,,0.0,0.0,0.0,0.0,3.0,14.0,0.0,0.0,0.0,0.0,0.0,0.0,0.0,0.0,0.0,0.0,0.0,0.0,0.0,0.0,0.0,0.0,0.0,0.0,0.0,0.0,0.0,0.0,0.0,0.0,0.0,0.0,0.0,0.0,0.0,0.0,0.0,0.0,0.0,0.0,0.0,0.0,0.0,0.0,9.0,5.0,0.0,9.0,5.0,0.0,9.0,5.0,0.0,9.0,5.0,0.0,9.0,5.0,0.0,0.0,0.0,0.0,0.0,0.0,1.0,0.0,0.0,0.0,0.0,0.0,0.0,1.0
1606.0,0,1000.0,Sichuan,Limited liability company (sole proprietorship of natural person),1890.0,9.0,Construction industry,1.0,2.0,0.0,2.0,3.0,1.0,3.0,0.0,,0.0,1.0,0.0,0.0,8.0,0.0,0.0,0.0,0.0,0.0,0.0,0.0,0.0,0.0,0.0,0.0,0.0,0.0,0.0,0.0,0.0,0.0,0.0,0.0,0.0,0.0,0.0,0.0,0.0,0.0,0.0,0.0,0.0,0.0,0.0,0.0,0.0,0.0,0.0,0.0,0.0,0.0,0.0,0.0,14.0,14.0,11.0,14.0,14.0,11.0,14.0,14.0,11.0,14.0,14.0,11.0,14.0,14.0,11.0,0.0,0.0,0.0,0.0,0.0,0.0,0.0,0.0,0.0,0.0,0.0,0.0,2.0
1607.0,0,5680.0,Sichuan,Limited liability company (Natural person investment or holding),2917.0,5679.99,Wholesale and retail,3.0,2.0,18.0,2.0,4.0,2.0,5.0,0.0,,0.0,0.0,0.0,0.0,6.0,0.0,0.0,0.0,0.0,0.0,1.0,0.0,0.0,0.0,0.0,0.0,0.0,0.0,0.0,0.0,0.0,1.0,0.0,0.0,0.0,0.0,5.0,0.0,0.0,0.0,0.0,0.0,0.0,0.0,0.0,0.0,0.0,0.0,0.0,0.0,0.0,0.0,0.0,0.0,12.0,12.0,10.0,12.0,12.0,0.0,12.0,12.0,10.0,12.0,12.0,0.0,12.0,12.0,10.0,0.0,2.0,0.0,1.0,0.0,7.0,1.0,0.0,1.0,0.0,1.0,1.0,3.0
1608.0,0,5000.0,Sichuan,Limited liability company (Natural person investment or holding),2435.0,300.0,Construction industry,2.0,2.0,2.0,1.0,13.0,2.0,0.0,13.0,,0.0,0.0,0.0,0.0,0.0,11.0,0.0,0.0,0.0,0.0,0.0,0.0,0.0,0.0,0.0,0.0,0.0,0.0,0.0,0.0,0.0,0.0,0.0,0.0,0.0,0.0,0.0,0.0,0.0,0.0,0.0,0.0,0.0,0.0,0.0,0.0,0.0,0.0,0.0,0.0,0.0,0.0,0.0,0.0,15.0,6.0,5.0,15.0,6.0,5.0,15.0,6.0,5.0,15.0,6.0,5.0,15.0,6.0,5.0,0.0,0.0,0.0,0.0,0.0,0.0,0.0,0.0,0.0,0.0,0.0,1.0,0.0
1609.0,0,5000.0,Fujian,Limited liability company (Natural person investment or holding),2463.0,5000.0,Construction industry,2.0,2.0,20.0,9.0,16.0,7.0,4.0,7.0,5.0,0.0,0.0,0.0,0.0,16.0,0.0,0.0,0.0,0.0,0.0,0.0,0.0,0.0,0.0,0.0,0.0,0.0,0.0,0.0,0.0,0.0,0.0,0.0,0.0,0.0,0.0,0.0,0.0,0.0,0.0,0.0,0.0,0.0,0.0,0.0,0.0,0.0,0.0,0.0,0.0,0.0,0.0,0.0,0.0,63.0,53.0,37.0,0.0,23.0,0.0,12.0,7.0,2.0,9.0,12.0,0.0,12.0,7.0,0.0,0.0,0.0,0.0,0.0,0.0,0.0,0.0,0.0,0.0,0.0,0.0,0.0,0.0
1610.0,0,5000.0,Tianjin,Limited liability company,8499.0,1199.99,Construction industry,2.0,2.0,40.0,2.0,0.0,0.0,0.0,0.0,,0.0,0.0,0.0,0.0,4.0,6.0,0.0,0.0,0.0,0.0,0.0,0.0,0.0,0.0,0.0,0.0,0.0,0.0,0.0,0.0,3.0,0.0,0.0,0.0,0.0,0.0,8.0,0.0,2.0,3.0,0.0,0.0,0.0,0.0,0.0,0.0,0.0,0.0,2.0,1.0,0.0,1.0,0.0,8.0,18.0,10.0,0.0,18.0,10.0,0.0,18.0,10.0,0.0,18.0,10.0,0.0,18.0,10.0,0.0,0.0,0.0,0.0,4.0,3.0,2.0,0.0,0.0,0.0,0.0,1.0,0.0,4.0
1611.0,0,10180.0,Shanghai,Limited liability company (Natural person investment or holding),4979.0,10180.0,Construction industry,2.0,2.0,8.0,1.0,3.0,0.0,0.0,4.0,6.0,0.0,0.0,0.0,0.0,0.0,3.0,0.0,0.0,0.0,0.0,0.0,0.0,0.0,0.0,0.0,0.0,0.0,0.0,0.0,0.0,4.0,0.0,0.0,0.0,0.0,0.0,0.0,1.0,0.0,0.0,0.0,10.0,0.0,0.0,0.0,0.0,0.0,0.0,0.0,0.0,0.0,0.0,0.0,4.0,40.0,50.0,40.0,40.0,50.0,40.0,40.0,50.0,40.0,40.0,50.0,40.0,40.0,50.0,40.0,0.0,0.0,0.0,0.0,0.0,2.0,0.0,0.0,0.0,0.0,1.0,1.0,0.0
1612.0,0,2000.0,Shanghai,Limited liability company (Natural person investment or holding),1173.0,500.0,Scientific research and technology services,3.0,2.0,0.0,0.0,0.0,0.0,5.0,1.0,,0.0,0.0,0.0,0.0,0.0,31.0,0.0,0.0,0.0,0.0,0.0,0.0,0.0,0.0,0.0,0.0,0.0,0.0,0.0,0.0,0.0,0.0,0.0,0.0,0.0,0.0,0.0,0.0,0.0,0.0,0.0,0.0,0.0,0.0,0.0,0.0,1.0,0.0,0.0,0.0,0.0,18.0,3.0,5.0,37.0,13.0,12.0,37.0,13.0,12.0,37.0,13.0,12.0,37.0,13.0,12.0,37.0,13.0,12.0,0.0,0.0,0.0,0.0,0.0,0.0,0.0,0.0,0.0,0.0,0.0,0.0,0.0
1613.0,0,3000.0,Beijing,Limited liability company (Natural person investment or holding),1887.0,2181.0,Construction industry,2.0,2.0,0.0,1.0,2.0,0.0,0.0,0.0,,0.0,0.0,3.0,0.0,0.0,1.0,0.0,0.0,0.0,0.0,0.0,0.0,0.0,0.0,0.0,0.0,0.0,1.0,0.0,0.0,0.0,1.0,1.0,0.0,0.0,1.0,0.0,0.0,0.0,0.0,0.0,0.0,0.0,0.0,0.0,0.0,0.0,0.0,0.0,0.0,0.0,0.0,0.0,0.0,26.0,21.0,10.0,26.0,21.0,7.0,26.0,21.0,10.0,26.0,21.0,10.0,26.0,21.0,10.0,0.0,0.0,0.0,0.0,0.0,1.0,0.0,0.0,0.0,0.0,0.0,0.0,1.0
1614.0,0,3010.0,Shaanxi,Limited liability company (sole proprietorship of natural person),4930.0,3010.0,Construction industry,1.0,2.0,16.0,0.0,10.0,0.0,0.0,4.0,,0.0,4.0,0.0,0.0,0.0,0.0,0.0,1.0,0.0,0.0,0.0,0.0,0.0,0.0,0.0,0.0,0.0,0.0,1.0,0.0,1.0,0.0,0.0,0.0,0.0,0.0,0.0,0.0,0.0,0.0,0.0,0.0,0.0,0.0,0.0,0.0,0.0,0.0,0.0,0.0,0.0,0.0,0.0,0.0,11.0,9.0,9.0,11.0,0.0,0.0,0.0,0.0,0.0,0.0,0.0,0.0,0.0,0.0,0.0,0.0,2.0,2.0,1.0,1.0,0.0,0.0,1.0,0.0,0.0,1.0,0.0,1.0
1615.0,0,5000.0,Fujian,Limited liability company (Natural person investment or holding),3250.0,0.0,Wholesale and retail,2.0,2.0,6.0,17.0,8.0,10.0,2.0,11.0,1.0,0.0,0.0,0.0,0.0,1.0,0.0,0.0,0.0,0.0,0.0,0.0,0.0,0.0,0.0,0.0,0.0,0.0,0.0,0.0,0.0,0.0,0.0,0.0,0.0,0.0,0.0,0.0,0.0,0.0,0.0,1.0,0.0,0.0,0.0,0.0,0.0,0.0,0.0,0.0,0.0,0.0,0.0,0.0,0.0,35.0,,18.0,35.0,,18.0,35.0,,18.0,35.0,,18.0,35.0,,18.0,0.0,0.0,0.0,0.0,0.0,2.0,0.0,0.0,0.0,0.0,0.0,1.0,0.0
1616.0,0,6666.0,Fujian,Other limited liability companies,922.0,0.0,Construction industry,2.0,2.0,0.0,0.0,0.0,0.0,8.0,9.0,6.0,0.0,0.0,0.0,0.0,0.0,3.0,0.0,0.0,0.0,0.0,0.0,0.0,0.0,0.0,0.0,0.0,0.0,0.0,0.0,0.0,0.0,0.0,0.0,0.0,0.0,0.0,0.0,0.0,0.0,0.0,3.0,0.0,0.0,0.0,0.0,0.0,0.0,0.0,0.0,0.0,0.0,0.0,0.0,0.0,24.0,11.0,0.0,24.0,11.0,0.0,24.0,11.0,0.0,24.0,11.0,0.0,24.0,11.0,0.0,0.0,0.0,0.0,0.0,0.0,0.0,0.0,0.0,0.0,0.0,0.0,0.0,0.0
1617.0,0,5550.0,Fujian,Limited liability company (Natural person investment or holding),1034.0,0.0,Construction industry,2.0,2.0,0.0,0.0,0.0,0.0,22.0,2.0,6.0,0.0,0.0,0.0,0.0,0.0,0.0,0.0,0.0,0.0,0.0,0.0,0.0,0.0,0.0,0.0,0.0,0.0,0.0,0.0,0.0,0.0,0.0,0.0,0.0,0.0,0.0,0.0,0.0,0.0,0.0,0.0,0.0,0.0,0.0,0.0,0.0,0.0,0.0,0.0,0.0,0.0,0.0,0.0,0.0,21.0,0.0,3.0,0.0,0.0,3.0,8.0,0.0,0.0,21.0,0.0,3.0,8.0,0.0,0.0,0.0,0.0,0.0,0.0,0.0,0.0,0.0,0.0,0.0,0.0,0.0,0.0,0.0
1618.0,0,3088.0,Fujian,Limited liability company (Natural person investment or holding),1334.0,0.0,Construction industry,2.0,2.0,0.0,0.0,0.0,0.0,2.0,2.0,3.0,0.0,0.0,0.0,0.0,0.0,0.0,0.0,0.0,0.0,0.0,0.0,0.0,0.0,0.0,0.0,0.0,0.0,0.0,0.0,0.0,0.0,0.0,0.0,0.0,0.0,0.0,0.0,0.0,0.0,0.0,0.0,0.0,0.0,0.0,0.0,0.0,0.0,0.0,0.0,0.0,0.0,0.0,0.0,0.0,4.0,16.0,16.0,1.0,16.0,16.0,3.0,0.0,0.0,0.0,16.0,16.0,3.0,0.0,0.0,0.0,0.0,0.0,0.0,0.0,0.0,0.0,0.0,0.0,0.0,0.0,0.0,0.0
1619.0,0,3445.0,Beijing,Limited liability company (Natural person investment or holding),5337.0,3000.0,Scientific research and technology services,2.0,3.0,12.0,0.0,3.0,1.0,9.0,4.0,1.0,0.0,0.0,0.0,0.0,0.0,0.0,0.0,0.0,0.0,0.0,0.0,0.0,0.0,0.0,0.0,0.0,0.0,0.0,0.0,0.0,0.0,0.0,0.0,0.0,0.0,0.0,0.0,0.0,0.0,0.0,0.0,0.0,0.0,0.0,0.0,0.0,0.0,0.0,6.0,0.0,1.0,7.0,0.0,0.0,10.0,16.0,16.0,10.0,16.0,16.0,10.0,16.0,16.0,10.0,16.0,16.0,10.0,16.0,16.0,0.0,0.0,0.0,1.0,1.0,2.0,0.0,0.0,0.0,0.0,0.0,1.0,2.0
1620.0,0,500.0,Chongqing,Limited liability company,1126.0,80.3537,Wholesale and retail,2.0,2.0,0.0,0.0,0.0,5.0,7.0,0.0,,0.0,0.0,0.0,0.0,0.0,0.0,0.0,0.0,0.0,0.0,0.0,0.0,0.0,0.0,0.0,0.0,0.0,0.0,0.0,0.0,0.0,0.0,0.0,3.0,0.0,0.0,0.0,0.0,0.0,0.0,0.0,1.0,0.0,0.0,0.0,0.0,0.0,0.0,0.0,0.0,0.0,0.0,1.0,14.0,4.0,3.0,3.0,4.0,3.0,3.0,4.0,3.0,3.0,4.0,3.0,3.0,4.0,3.0,0.0,0.0,0.0,0.0,0.0,0.0,0.0,0.0,0.0,0.0,0.0,0.0,0.0,0.0
1621.0,0,4668.0,Hubei,Limited liability company (Natural person investment or holding),4874.0,710.0,Construction industry,2.0,2.0,13.0,0.0,8.0,0.0,3.0,3.0,3.0,0.0,0.0,0.0,0.0,0.0,1.0,0.0,0.0,0.0,0.0,0.0,0.0,0.0,0.0,0.0,0.0,0.0,0.0,0.0,0.0,1.0,0.0,0.0,0.0,10.0,0.0,0.0,0.0,0.0,0.0,0.0,0.0,0.0,0.0,0.0,0.0,0.0,0.0,0.0,0.0,0.0,0.0,0.0,0.0,12.0,6.0,6.0,12.0,6.0,6.0,12.0,6.0,6.0,12.0,6.0,6.0,12.0,6.0,6.0,0.0,0.0,0.0,3.0,1.0,3.0,0.0,0.0,0.0,2.0,0.0,3.0,2.0
1622.0,0,7630.0,Beijing,Limited liability company (Natural person investment or holding),2220.0,7330.0,Scientific research and technology services,17.0,9.0,0.0,0.0,2.0,4.0,0.0,1.0,,0.0,0.0,0.0,0.0,0.0,0.0,0.0,0.0,0.0,0.0,0.0,0.0,0.0,0.0,0.0,0.0,0.0,0.0,0.0,0.0,0.0,0.0,0.0,0.0,0.0,0.0,0.0,0.0,0.0,0.0,0.0,0.0,0.0,0.0,0.0,0.0,0.0,0.0,0.0,0.0,0.0,0.0,0.0,0.0,12.0,12.0,9.0,12.0,12.0,9.0,12.0,12.0,9.0,12.0,12.0,9.0,12.0,12.0,9.0,0.0,0.0,0.0,0.0,0.0,5.0,0.0,0.0,0.0,0.0,0.0,0.0,0.0
1623.0,0,4800.0,Chongqing,Limited liability company,1898.0,210.0,Leasing and business services,3.0,3.0,0.0,5.0,2.0,4.0,6.0,0.0,2.0,0.0,0.0,0.0,0.0,3.0,3.0,0.0,0.0,0.0,0.0,0.0,0.0,0.0,0.0,0.0,0.0,0.0,0.0,0.0,0.0,0.0,0.0,0.0,3.0,0.0,0.0,0.0,0.0,0.0,0.0,0.0,0.0,0.0,0.0,0.0,0.0,0.0,0.0,0.0,0.0,0.0,0.0,0.0,0.0,21.0,19.0,0.0,21.0,19.0,0.0,21.0,19.0,0.0,21.0,19.0,0.0,21.0,19.0,0.0,0.0,0.0,0.0,0.0,0.0,0.0,0.0,0.0,0.0,0.0,0.0,0.0,0.0
1624.0,1,2000.0,Chongqing,Limited liability company,12942.0,2000.0,Construction industry,2.0,2.0,1.0,1.0,0.0,0.0,0.0,11.0,4.0,0.0,0.0,0.0,0.0,0.0,10.0,2.0,0.0,0.0,2.0,0.0,0.0,0.0,0.0,0.0,0.0,0.0,0.0,0.0,0.0,2.0,0.0,0.0,0.0,0.0,1.0,0.0,0.0,0.0,0.0,0.0,0.0,0.0,0.0,0.0,0.0,0.0,0.0,0.0,0.0,0.0,0.0,0.0,0.0,22.0,28.0,25.0,22.0,28.0,25.0,22.0,28.0,25.0,22.0,28.0,25.0,22.0,28.0,25.0,0.0,0.0,0.0,0.0,0.0,52.0,0.0,0.0,14.0,5.0,4.0,5.0,0.0
1625.0,0,1080.0,Fujian,Limited liability company (Natural person investment or holding),805.0,324.0,Construction industry,2.0,2.0,0.0,0.0,0.0,0.0,9.0,3.0,7.0,0.0,0.0,0.0,0.0,0.0,5.0,0.0,0.0,0.0,0.0,0.0,0.0,0.0,0.0,0.0,0.0,0.0,0.0,0.0,0.0,0.0,0.0,0.0,0.0,0.0,0.0,0.0,0.0,0.0,0.0,0.0,0.0,0.0,0.0,0.0,0.0,0.0,0.0,0.0,0.0,0.0,0.0,0.0,0.0,29.0,13.0,0.0,6.0,6.0,0.0,20.0,8.0,0.0,6.0,8.0,0.0,20.0,0.0,0.0,0.0,0.0,0.0,0.0,0.0,0.0,0.0,0.0,0.0,0.0,0.0,0.0,0.0
1626.0,0,1000.0,Hebei,Limited liability company (Natural person investment or holding),4228.0,1000.0,Construction industry,2.0,2.0,20.0,2.0,0.0,0.0,0.0,0.0,,0.0,0.0,0.0,0.0,0.0,0.0,0.0,0.0,0.0,0.0,0.0,0.0,0.0,0.0,0.0,0.0,0.0,0.0,0.0,0.0,0.0,0.0,0.0,0.0,0.0,0.0,0.0,0.0,0.0,0.0,0.0,0.0,0.0,0.0,0.0,0.0,0.0,0.0,0.0,0.0,0.0,0.0,0.0,0.0,2.0,7.0,7.0,2.0,7.0,7.0,2.0,6.0,6.0,2.0,7.0,7.0,2.0,6.0,6.0,0.0,0.0,0.0,0.0,0.0,0.0,0.0,0.0,0.0,0.0,0.0,0.0,0.0
1627.0,0,6000.0,Beijing,Limited liability company (Natural person investment or holding),5680.0,100.0,Wholesale and retail,2.0,2.0,10.0,0.0,0.0,2.0,3.0,0.0,,0.0,0.0,0.0,0.0,0.0,0.0,0.0,0.0,0.0,0.0,0.0,0.0,0.0,0.0,0.0,0.0,0.0,0.0,0.0,0.0,0.0,0.0,0.0,0.0,0.0,0.0,0.0,0.0,0.0,0.0,0.0,0.0,0.0,0.0,0.0,0.0,0.0,0.0,0.0,0.0,0.0,0.0,0.0,0.0,0.0,1.0,0.0,0.0,1.0,0.0,0.0,1.0,0.0,0.0,1.0,0.0,0.0,1.0,0.0,0.0,0.0,0.0,0.0,0.0,0.0,0.0,0.0,0.0,0.0,0.0,0.0,0.0
1628.0,0,2000.0,Beijing,Limited liability company (Natural person investment or holding),6466.0,150.0,Scientific research and technology services,2.0,2.0,12.0,1.0,1.0,0.0,0.0,4.0,,0.0,0.0,0.0,0.0,0.0,5.0,0.0,0.0,0.0,0.0,0.0,0.0,0.0,0.0,0.0,0.0,0.0,0.0,0.0,0.0,4.0,0.0,0.0,1.0,3.0,1.0,0.0,0.0,0.0,0.0,0.0,0.0,0.0,0.0,0.0,0.0,0.0,0.0,1.0,0.0,0.0,0.0,0.0,0.0,4.0,5.0,8.0,4.0,5.0,8.0,4.0,5.0,8.0,4.0,5.0,8.0,4.0,5.0,8.0,0.0,0.0,1.0,0.0,0.0,0.0,0.0,1.0,0.0,2.0,0.0,0.0,4.0
1629.0,0,860.0,Fujian,Limited liability company (sole proprietorship of natural person),1562.0,0.0,Leasing and business services,1.0,2.0,0.0,0.0,0.0,0.0,3.0,0.0,,0.0,0.0,0.0,0.0,0.0,0.0,0.0,0.0,0.0,0.0,0.0,0.0,0.0,0.0,0.0,0.0,0.0,0.0,0.0,0.0,0.0,0.0,0.0,0.0,0.0,0.0,0.0,0.0,0.0,0.0,0.0,0.0,0.0,0.0,0.0,0.0,0.0,0.0,0.0,0.0,0.0,0.0,0.0,0.0,6.0,,2.0,6.0,,2.0,6.0,,2.0,6.0,,2.0,6.0,,2.0,0.0,0.0,0.0,0.0,0.0,0.0,0.0,0.0,0.0,0.0,0.0,0.0,0.0
1630.0,0,500.0,Xinjiang,Limited liability company (Natural person investment or holding),1585.0,500.0,Wholesale and retail,3.0,2.0,0.0,0.0,4.0,0.0,4.0,9.0,,0.0,0.0,0.0,0.0,0.0,0.0,0.0,0.0,0.0,0.0,0.0,0.0,0.0,0.0,0.0,0.0,0.0,0.0,0.0,0.0,0.0,0.0,0.0,0.0,0.0,0.0,0.0,0.0,0.0,0.0,0.0,0.0,0.0,0.0,0.0,0.0,0.0,0.0,0.0,0.0,0.0,0.0,0.0,0.0,0.0,0.0,0.0,0.0,0.0,0.0,0.0,0.0,0.0,0.0,0.0,0.0,0.0,0.0,0.0,0.0,0.0,0.0,0.0,0.0,0.0,0.0,0.0,0.0,0.0,0.0,0.0,0.0
1631.0,0,1200.0,Hunan,Limited liability company (sole proprietorship of natural person),1787.0,110.0,"Information transmission, software and information technology services",1.0,2.0,0.0,3.0,0.0,0.0,0.0,0.0,,0.0,0.0,0.0,0.0,0.0,0.0,0.0,0.0,0.0,0.0,0.0,0.0,0.0,0.0,0.0,0.0,0.0,0.0,0.0,0.0,0.0,0.0,0.0,0.0,0.0,0.0,0.0,0.0,0.0,0.0,0.0,0.0,0.0,0.0,0.0,0.0,0.0,0.0,0.0,0.0,0.0,0.0,0.0,0.0,6.0,0.0,0.0,0.0,0.0,0.0,0.0,0.0,0.0,6.0,0.0,0.0,0.0,0.0,0.0,0.0,0.0,0.0,0.0,0.0,0.0,0.0,0.0,0.0,0.0,0.0,0.0,1.0
1632.0,0,500.0,Sichuan,Limited liability company (Natural person investment or holding),6057.0,124.0,Wholesale and retail,2.0,2.0,14.0,7.0,4.0,0.0,3.0,0.0,,0.0,0.0,0.0,0.0,0.0,0.0,0.0,0.0,0.0,0.0,0.0,0.0,0.0,0.0,0.0,0.0,0.0,0.0,0.0,0.0,0.0,0.0,0.0,0.0,0.0,0.0,0.0,0.0,0.0,0.0,0.0,0.0,0.0,0.0,0.0,0.0,0.0,0.0,0.0,0.0,0.0,0.0,0.0,0.0,3.0,2.0,2.0,3.0,2.0,2.0,3.0,2.0,2.0,3.0,2.0,2.0,3.0,2.0,2.0,0.0,0.0,0.0,0.0,0.0,0.0,0.0,0.0,0.0,0.0,0.0,0.0,3.0
1633.0,0,2000.0,Jiangxi,Limited liability company (Natural person investment or holding),1333.0,0.0,Construction industry,2.0,2.0,0.0,0.0,0.0,0.0,9.0,1.0,1.0,0.0,0.0,0.0,0.0,1.0,0.0,0.0,0.0,0.0,0.0,0.0,0.0,0.0,0.0,0.0,0.0,0.0,0.0,0.0,0.0,0.0,0.0,0.0,0.0,0.0,0.0,0.0,0.0,0.0,0.0,0.0,0.0,0.0,0.0,0.0,0.0,0.0,0.0,0.0,0.0,0.0,0.0,0.0,0.0,0.0,0.0,0.0,0.0,0.0,0.0,0.0,0.0,0.0,0.0,0.0,0.0,0.0,0.0,0.0,0.0,0.0,0.0,0.0,0.0,0.0,0.0,0.0,0.0,0.0,0.0,0.0,0.0
1634.0,0,625.0,Shandong,Other limited liability companies,1171.0,562.75,Wholesale and retail,4.0,2.0,0.0,0.0,0.0,14.0,4.0,0.0,,0.0,0.0,0.0,0.0,0.0,1.0,0.0,0.0,0.0,0.0,0.0,0.0,0.0,0.0,0.0,0.0,0.0,0.0,0.0,0.0,0.0,0.0,0.0,6.0,0.0,0.0,0.0,0.0,0.0,0.0,0.0,0.0,0.0,0.0,0.0,0.0,0.0,0.0,0.0,0.0,0.0,0.0,0.0,14.0,0.0,29.0,5.0,0.0,29.0,5.0,0.0,29.0,5.0,0.0,29.0,5.0,0.0,29.0,5.0,0.0,0.0,0.0,0.0,0.0,0.0,0.0,0.0,0.0,0.0,0.0,0.0,0.0
1635.0,0,518.0,Fujian,Limited liability company (sole proprietorship of natural person),9742.0,518.0,Wholesale and retail,1.0,3.0,1.0,2.0,0.0,0.0,8.0,0.0,1.0,0.0,0.0,0.0,0.0,0.0,0.0,0.0,0.0,0.0,0.0,0.0,0.0,0.0,0.0,0.0,0.0,0.0,0.0,0.0,0.0,0.0,0.0,0.0,0.0,0.0,0.0,0.0,0.0,0.0,0.0,0.0,0.0,0.0,0.0,0.0,0.0,0.0,0.0,0.0,0.0,0.0,0.0,0.0,0.0,5.0,7.0,11.0,5.0,7.0,11.0,6.0,8.0,11.0,5.0,7.0,11.0,6.0,8.0,11.0,0.0,0.0,0.0,0.0,0.0,0.0,0.0,0.0,0.0,0.0,0.0,0.0,1.0
1636.0,0,260.0,Fujian,Limited liability company (Natural person investment or holding),2934.0,0.0,Wholesale and retail,2.0,2.0,9.0,0.0,1.0,10.0,0.0,0.0,,0.0,0.0,0.0,0.0,0.0,0.0,0.0,0.0,0.0,0.0,0.0,0.0,0.0,0.0,0.0,0.0,0.0,0.0,0.0,0.0,0.0,0.0,0.0,0.0,0.0,50.0,0.0,0.0,0.0,0.0,0.0,0.0,0.0,0.0,0.0,0.0,0.0,0.0,0.0,0.0,0.0,0.0,0.0,0.0,8.0,7.0,6.0,8.0,7.0,6.0,8.0,7.0,6.0,8.0,7.0,6.0,8.0,7.0,6.0,0.0,0.0,0.0,0.0,0.0,0.0,0.0,0.0,0.0,0.0,0.0,0.0,2.0
1637.0,0,50.0,Fujian,Limited liability company (sole proprietorship of natural person),2534.0,50.0,Scientific research and technology services,1.0,2.0,3.0,1.0,0.0,8.0,2.0,7.0,,0.0,0.0,0.0,0.0,0.0,0.0,0.0,0.0,0.0,0.0,0.0,0.0,0.0,0.0,0.0,0.0,0.0,0.0,0.0,0.0,0.0,0.0,0.0,0.0,0.0,0.0,0.0,0.0,0.0,0.0,0.0,0.0,0.0,0.0,0.0,0.0,0.0,0.0,1.0,0.0,4.0,1.0,2.0,3.0,6.0,6.0,2.0,6.0,6.0,2.0,6.0,6.0,2.0,6.0,6.0,2.0,6.0,6.0,2.0,0.0,0.0,0.0,0.0,0.0,0.0,0.0,0.0,0.0,0.0,0.0,0.0,1.0
1638.0,0,1100.0,Fujian,Limited liability company (Natural person investment or holding),1506.0,0.0,"Information transmission, software and information technology services",4.0,2.0,0.0,0.0,3.0,2.0,12.0,3.0,,0.0,0.0,0.0,0.0,0.0,0.0,0.0,0.0,0.0,0.0,0.0,0.0,0.0,0.0,0.0,0.0,0.0,0.0,0.0,0.0,0.0,0.0,0.0,0.0,0.0,0.0,0.0,0.0,0.0,0.0,0.0,0.0,0.0,0.0,0.0,0.0,0.0,0.0,0.0,0.0,0.0,1.0,0.0,0.0,7.0,3.0,3.0,7.0,3.0,3.0,7.0,3.0,3.0,7.0,3.0,3.0,7.0,3.0,3.0,0.0,0.0,0.0,0.0,0.0,0.0,0.0,0.0,0.0,0.0,0.0,0.0,1.0
1639.0,0,100.0,Fujian,Limited liability company (Natural person investment or holding),4299.0,100.0,Wholesale and retail,2.0,2.0,10.0,2.0,0.0,2.0,0.0,0.0,,0.0,0.0,0.0,0.0,0.0,0.0,0.0,0.0,0.0,0.0,0.0,0.0,0.0,0.0,0.0,0.0,0.0,0.0,0.0,0.0,0.0,0.0,0.0,0.0,0.0,0.0,0.0,0.0,0.0,0.0,0.0,0.0,0.0,0.0,0.0,0.0,0.0,0.0,0.0,0.0,0.0,4.0,0.0,0.0,10.0,9.0,9.0,10.0,9.0,9.0,10.0,11.0,10.0,10.0,9.0,9.0,10.0,11.0,10.0,0.0,0.0,0.0,0.0,0.0,0.0,0.0,0.0,0.0,0.0,0.0,0.0,3.0
1640.0,0,1000.0,Fujian,Limited liability company (Natural person investment or holding),751.0,0.0,Construction industry,2.0,2.0,0.0,0.0,0.0,0.0,5.0,6.0,1.0,0.0,0.0,0.0,0.0,0.0,0.0,0.0,0.0,0.0,0.0,0.0,0.0,0.0,0.0,0.0,0.0,0.0,0.0,0.0,0.0,0.0,0.0,0.0,0.0,0.0,0.0,0.0,0.0,0.0,0.0,0.0,0.0,0.0,0.0,0.0,0.0,0.0,0.0,0.0,0.0,0.0,0.0,0.0,0.0,15.0,0.0,,15.0,0.0,,8.0,0.0,,15.0,0.0,,8.0,0.0,,0.0,0.0,0.0,0.0,0.0,0.0,0.0,0.0,0.0,0.0,0.0,0.0,0.0
1641.0,0,1000.0,Fujian,Limited liability company (Natural person investment or holding),2226.0,0.0,"Information transmission, software and information technology services",2.0,2.0,0.0,1.0,2.0,7.0,2.0,0.0,,0.0,0.0,0.0,0.0,0.0,0.0,0.0,0.0,0.0,0.0,0.0,0.0,0.0,0.0,0.0,0.0,0.0,0.0,0.0,0.0,0.0,0.0,0.0,0.0,0.0,0.0,0.0,0.0,0.0,0.0,0.0,0.0,0.0,0.0,0.0,0.0,0.0,0.0,0.0,0.0,0.0,0.0,0.0,0.0,4.0,3.0,5.0,4.0,3.0,5.0,0.0,3.0,0.0,4.0,3.0,5.0,0.0,3.0,0.0,0.0,0.0,0.0,0.0,0.0,0.0,0.0,0.0,0.0,0.0,0.0,0.0,0.0
1642.0,0,1000.0,Fujian,Limited liability company (Natural person investment or holding),624.0,0.0,Wholesale and retail,2.0,2.0,0.0,0.0,0.0,0.0,0.0,8.0,,0.0,0.0,0.0,0.0,0.0,0.0,0.0,0.0,0.0,0.0,0.0,0.0,0.0,0.0,0.0,0.0,0.0,0.0,0.0,0.0,0.0,0.0,0.0,0.0,0.0,0.0,0.0,0.0,0.0,0.0,0.0,0.0,0.0,0.0,0.0,0.0,0.0,0.0,0.0,0.0,0.0,0.0,0.0,0.0,2.0,,,2.0,,,2.0,,,2.0,,,2.0,,,0.0,0.0,0.0,0.0,0.0,0.0,0.0,0.0,0.0,0.0,0.0,0.0,0.0
1643.0,0,1006.0,Fujian,Limited liability company (Natural person investment or holding),4368.0,384.9162,Wholesale and retail,2.0,2.0,23.0,0.0,3.0,4.0,0.0,0.0,,0.0,0.0,0.0,0.0,0.0,0.0,0.0,0.0,0.0,0.0,0.0,0.0,0.0,0.0,0.0,0.0,0.0,0.0,0.0,0.0,1.0,0.0,0.0,0.0,0.0,0.0,0.0,0.0,0.0,0.0,0.0,0.0,0.0,0.0,0.0,0.0,0.0,0.0,0.0,0.0,0.0,0.0,0.0,0.0,18.0,14.0,18.0,18.0,15.0,18.0,17.0,13.0,17.0,18.0,15.0,18.0,17.0,13.0,17.0,0.0,0.0,0.0,0.0,0.0,2.0,0.0,0.0,0.0,0.0,3.0,0.0,1.0
1644.0,0,1000.0,Fujian,Limited liability company (Natural person investment or holding),3024.0,500.0,Wholesale and retail,2.0,2.0,21.0,2.0,2.0,0.0,8.0,0.0,,0.0,0.0,0.0,0.0,0.0,0.0,0.0,0.0,0.0,0.0,0.0,0.0,0.0,0.0,0.0,0.0,0.0,0.0,0.0,0.0,0.0,0.0,0.0,0.0,0.0,0.0,0.0,0.0,0.0,0.0,0.0,0.0,0.0,0.0,0.0,0.0,0.0,0.0,0.0,0.0,0.0,0.0,0.0,0.0,2.0,1.0,3.0,2.0,1.0,3.0,2.0,1.0,3.0,2.0,1.0,3.0,2.0,1.0,3.0,0.0,0.0,0.0,0.0,0.0,0.0,0.0,0.0,0.0,0.0,0.0,0.0,0.0
1645.0,0,1000.0,Fujian,Limited liability company (Natural person investment or holding),1918.0,0.0,"Information transmission, software and information technology services",2.0,2.0,2.0,0.0,3.0,10.0,10.0,0.0,,0.0,0.0,0.0,0.0,0.0,0.0,0.0,0.0,0.0,0.0,0.0,0.0,0.0,0.0,0.0,0.0,0.0,0.0,0.0,0.0,0.0,0.0,0.0,0.0,0.0,0.0,0.0,0.0,0.0,0.0,0.0,0.0,0.0,0.0,0.0,0.0,0.0,0.0,0.0,0.0,0.0,0.0,0.0,0.0,5.0,3.0,2.0,5.0,3.0,2.0,3.0,3.0,2.0,5.0,3.0,2.0,3.0,3.0,2.0,0.0,0.0,0.0,0.0,0.0,0.0,0.0,0.0,0.0,0.0,0.0,0.0,1.0
1646.0,0,1000.0,Fujian,Limited liability company (Natural person investment or holding),1653.0,0.0,Wholesale and retail,2.0,2.0,0.0,0.0,0.0,2.0,5.0,0.0,,0.0,0.0,0.0,0.0,0.0,0.0,0.0,0.0,0.0,0.0,0.0,0.0,0.0,0.0,0.0,0.0,0.0,0.0,0.0,0.0,0.0,0.0,0.0,0.0,0.0,3.0,0.0,0.0,0.0,0.0,0.0,0.0,0.0,0.0,0.0,0.0,0.0,0.0,0.0,0.0,0.0,0.0,0.0,0.0,11.0,7.0,8.0,11.0,7.0,8.0,11.0,7.0,8.0,11.0,7.0,8.0,11.0,7.0,8.0,0.0,0.0,0.0,0.0,0.0,0.0,0.0,0.0,0.0,0.0,0.0,0.0,0.0
1647.0,0,1000.0,Fujian,Limited liability company (Natural person investment or holding),1952.0,0.0,"Information transmission, software and information technology services",2.0,2.0,1.0,4.0,18.0,0.0,5.0,0.0,,0.0,0.0,0.0,0.0,0.0,0.0,0.0,0.0,0.0,0.0,0.0,0.0,0.0,0.0,0.0,0.0,0.0,0.0,0.0,0.0,0.0,0.0,5.0,0.0,0.0,0.0,0.0,0.0,3.0,0.0,0.0,0.0,0.0,0.0,0.0,0.0,0.0,0.0,0.0,0.0,12.0,1.0,0.0,0.0,25.0,38.0,20.0,25.0,38.0,20.0,25.0,38.0,20.0,25.0,38.0,20.0,25.0,38.0,20.0,0.0,0.0,0.0,0.0,0.0,0.0,0.0,0.0,0.0,0.0,0.0,0.0,2.0
1648.0,0,1010.0,Fujian,Limited liability company (Natural person investment or holding),2206.0,415.6167,Wholesale and retail,3.0,2.0,3.0,5.0,0.0,2.0,3.0,0.0,,0.0,0.0,2.0,1.0,0.0,0.0,0.0,0.0,0.0,0.0,0.0,0.0,0.0,0.0,0.0,0.0,0.0,0.0,0.0,0.0,0.0,0.0,0.0,0.0,0.0,0.0,0.0,0.0,0.0,0.0,0.0,0.0,0.0,0.0,0.0,0.0,0.0,0.0,0.0,0.0,0.0,0.0,0.0,0.0,10.0,13.0,13.0,10.0,13.0,13.0,10.0,13.0,13.0,10.0,13.0,13.0,10.0,13.0,13.0,0.0,0.0,0.0,0.0,0.0,0.0,0.0,0.0,0.0,0.0,0.0,0.0,1.0
1649.0,0,1000.0,Fujian,Limited liability company (Natural person investment or holding),1328.0,0.0,Scientific research and technology services,2.0,2.0,0.0,0.0,0.0,3.0,0.0,2.0,,0.0,0.0,0.0,0.0,0.0,0.0,0.0,0.0,0.0,0.0,0.0,0.0,0.0,0.0,0.0,0.0,0.0,0.0,0.0,0.0,0.0,0.0,0.0,0.0,0.0,0.0,0.0,0.0,0.0,0.0,0.0,0.0,0.0,0.0,0.0,0.0,0.0,0.0,0.0,0.0,0.0,0.0,0.0,0.0,2.0,2.0,2.0,2.0,2.0,2.0,2.0,2.0,2.0,2.0,2.0,2.0,2.0,2.0,2.0,0.0,0.0,0.0,0.0,0.0,0.0,0.0,0.0,0.0,0.0,0.0,0.0,0.0
1650.0,0,1080.0,Fujian,Limited liability company (Natural person investment or holding),842.0,0.0,Scientific research and technology services,3.0,2.0,0.0,0.0,0.0,0.0,8.0,0.0,,0.0,0.0,0.0,0.0,0.0,0.0,0.0,0.0,0.0,0.0,0.0,0.0,0.0,0.0,0.0,0.0,0.0,0.0,0.0,0.0,0.0,0.0,0.0,0.0,0.0,0.0,0.0,0.0,0.0,0.0,0.0,0.0,0.0,0.0,0.0,0.0,0.0,0.0,0.0,0.0,0.0,0.0,0.0,0.0,7.0,3.0,,6.0,3.0,,6.0,3.0,,6.0,3.0,,6.0,3.0,,0.0,0.0,0.0,0.0,0.0,0.0,0.0,0.0,0.0,0.0,0.0,0.0,0.0
1651.0,0,3000.0,Fujian,Limited liability company (Natural person investment or holding),2542.0,503.0,Construction industry,2.0,2.0,16.0,8.0,2.0,0.0,0.0,0.0,,0.0,0.0,0.0,0.0,0.0,0.0,0.0,0.0,0.0,0.0,0.0,0.0,0.0,0.0,0.0,0.0,0.0,0.0,0.0,0.0,0.0,0.0,0.0,0.0,0.0,0.0,0.0,0.0,0.0,0.0,0.0,0.0,0.0,0.0,0.0,0.0,0.0,0.0,0.0,0.0,0.0,0.0,0.0,0.0,2.0,2.0,2.0,2.0,2.0,2.0,2.0,2.0,2.0,2.0,2.0,2.0,2.0,2.0,2.0,0.0,0.0,0.0,0.0,0.0,0.0,0.0,0.0,0.0,0.0,0.0,0.0,0.0
1652.0,0,1000.0,Fujian,Limited liability company (sole proprietorship of natural person),2037.0,600.0,Scientific research and technology services,1.0,2.0,1.0,0.0,1.0,0.0,2.0,6.0,,0.0,0.0,0.0,0.0,0.0,0.0,0.0,0.0,0.0,0.0,0.0,0.0,0.0,0.0,0.0,0.0,0.0,0.0,0.0,0.0,0.0,0.0,0.0,0.0,0.0,0.0,0.0,0.0,0.0,0.0,0.0,0.0,0.0,0.0,0.0,0.0,0.0,0.0,0.0,0.0,0.0,0.0,0.0,0.0,4.0,4.0,3.0,4.0,4.0,3.0,3.0,3.0,2.0,4.0,4.0,3.0,3.0,3.0,2.0,0.0,0.0,0.0,0.0,0.0,0.0,0.0,0.0,0.0,0.0,0.0,0.0,0.0
1653.0,0,500.0,Fujian,Limited liability company (Natural person investment or holding),4185.0,355.0,"Information transmission, software and information technology services",3.0,2.0,2.0,7.0,4.0,2.0,0.0,0.0,,0.0,0.0,0.0,0.0,0.0,0.0,0.0,0.0,0.0,0.0,0.0,0.0,0.0,0.0,0.0,0.0,0.0,0.0,0.0,0.0,0.0,0.0,0.0,0.0,0.0,0.0,0.0,0.0,0.0,0.0,0.0,0.0,0.0,0.0,0.0,0.0,0.0,0.0,0.0,0.0,0.0,0.0,0.0,0.0,22.0,22.0,22.0,22.0,22.0,22.0,22.0,22.0,22.0,22.0,22.0,22.0,22.0,22.0,22.0,0.0,0.0,0.0,0.0,0.0,0.0,0.0,0.0,0.0,0.0,0.0,0.0,0.0
1654.0,0,1001.0,Guizhou,Limited liability company (sole proprietorship of natural person),1555.0,1001.0,Construction industry,1.0,2.0,0.0,0.0,0.0,0.0,1.0,2.0,,0.0,0.0,0.0,0.0,0.0,1.0,0.0,0.0,0.0,0.0,0.0,0.0,0.0,0.0,0.0,0.0,0.0,0.0,0.0,0.0,0.0,0.0,0.0,0.0,1.0,3.0,0.0,0.0,0.0,0.0,0.0,0.0,0.0,0.0,0.0,0.0,0.0,0.0,0.0,0.0,0.0,0.0,0.0,0.0,0.0,0.0,0.0,0.0,0.0,0.0,0.0,0.0,0.0,0.0,0.0,0.0,0.0,0.0,0.0,0.0,0.0,0.0,0.0,0.0,0.0,0.0,0.0,0.0,0.0,0.0,0.0,0.0
1655.0,0,300.0,Hunan,Limited liability company (Natural person investment or holding),3515.0,300.0,Wholesale and retail,2.0,2.0,0.0,0.0,0.0,4.0,0.0,0.0,,0.0,0.0,0.0,0.0,0.0,0.0,0.0,0.0,0.0,0.0,0.0,0.0,0.0,0.0,0.0,0.0,0.0,0.0,0.0,0.0,0.0,0.0,0.0,0.0,0.0,0.0,0.0,0.0,0.0,0.0,0.0,0.0,0.0,0.0,0.0,0.0,0.0,0.0,0.0,0.0,0.0,0.0,0.0,0.0,0.0,0.0,0.0,0.0,0.0,0.0,0.0,0.0,0.0,0.0,0.0,0.0,0.0,0.0,0.0,0.0,0.0,0.0,1.0,1.0,3.0,0.0,0.0,0.0,0.0,0.0,0.0,1.0
1656.0,0,500.0,Hunan,Limited liability company (sole proprietorship of natural person),4080.0,110.5,Scientific research and technology services,1.0,2.0,3.0,0.0,0.0,0.0,3.0,0.0,,0.0,0.0,0.0,0.0,0.0,0.0,1.0,0.0,0.0,0.0,0.0,0.0,0.0,0.0,0.0,0.0,0.0,0.0,0.0,0.0,0.0,0.0,0.0,0.0,0.0,0.0,0.0,0.0,0.0,0.0,0.0,0.0,0.0,0.0,0.0,0.0,0.0,0.0,0.0,0.0,0.0,0.0,0.0,0.0,1.0,1.0,1.0,1.0,1.0,1.0,1.0,1.0,1.0,1.0,1.0,1.0,1.0,1.0,1.0,0.0,0.0,0.0,0.0,0.0,3.0,0.0,0.0,0.0,0.0,0.0,0.0,0.0
1657.0,1,100.0,Xinjiang,Limited liability company (sole proprietorship of natural person),1991.0,100.0,Wholesale and retail,1.0,2.0,0.0,0.0,0.0,1.0,2.0,4.0,,0.0,0.0,0.0,0.0,0.0,0.0,0.0,0.0,0.0,0.0,0.0,0.0,0.0,0.0,0.0,0.0,0.0,0.0,0.0,0.0,0.0,0.0,0.0,0.0,0.0,0.0,0.0,0.0,0.0,0.0,0.0,0.0,0.0,0.0,0.0,0.0,0.0,0.0,0.0,0.0,0.0,0.0,0.0,0.0,0.0,1.0,0.0,0.0,1.0,0.0,0.0,1.0,0.0,0.0,1.0,0.0,0.0,1.0,0.0,0.0,0.0,0.0,0.0,0.0,1.0,0.0,0.0,0.0,0.0,0.0,0.0,0.0
1658.0,1,5000.0,Anhui,Other limited liability companies,1837.0,5000.0,"Agriculture, forestry, animal husbandry and fishery",2.0,3.0,0.0,0.0,0.0,2.0,0.0,4.0,,0.0,0.0,0.0,0.0,0.0,0.0,0.0,0.0,0.0,0.0,0.0,0.0,0.0,0.0,0.0,0.0,0.0,0.0,0.0,0.0,0.0,0.0,0.0,0.0,0.0,0.0,0.0,0.0,0.0,0.0,0.0,0.0,0.0,0.0,0.0,0.0,0.0,0.0,0.0,0.0,0.0,0.0,0.0,0.0,7.0,7.0,7.0,7.0,7.0,7.0,7.0,7.0,7.0,7.0,7.0,7.0,0.0,0.0,0.0,0.0,0.0,0.0,0.0,1.0,1.0,0.0,0.0,0.0,0.0,0.0,0.0,0.0
1659.0,1,1000.0,Beijing,Other limited liability companies,2267.0,651.45,Scientific research and technology services,4.0,2.0,0.0,0.0,5.0,2.0,2.0,0.0,,0.0,0.0,0.0,0.0,0.0,0.0,0.0,0.0,0.0,0.0,0.0,0.0,0.0,0.0,0.0,0.0,0.0,0.0,0.0,0.0,0.0,0.0,0.0,0.0,0.0,0.0,0.0,0.0,0.0,0.0,1.0,0.0,0.0,0.0,0.0,0.0,0.0,0.0,6.0,0.0,0.0,2.0,0.0,0.0,13.0,11.0,16.0,13.0,11.0,16.0,13.0,11.0,16.0,13.0,11.0,16.0,0.0,11.0,16.0,0.0,0.0,0.0,0.0,0.0,0.0,0.0,0.0,0.0,0.0,0.0,0.0,1.0
1660.0,1,1000.0,Hunan,Limited liability company (sole proprietorship of natural person),1466.0,105.0,Scientific research and technology services,1.0,2.0,0.0,0.0,4.0,0.0,10.0,7.0,,0.0,0.0,0.0,0.0,0.0,0.0,0.0,0.0,0.0,0.0,0.0,0.0,0.0,0.0,0.0,0.0,0.0,0.0,0.0,0.0,0.0,0.0,0.0,0.0,0.0,0.0,0.0,0.0,0.0,0.0,0.0,0.0,0.0,0.0,0.0,0.0,0.0,0.0,0.0,0.0,0.0,0.0,0.0,0.0,0.0,0.0,0.0,0.0,0.0,0.0,0.0,0.0,0.0,0.0,0.0,0.0,0.0,0.0,0.0,0.0,0.0,0.0,0.0,0.0,0.0,0.0,0.0,0.0,0.0,0.0,0.0,0.0
1661.0,1,500.0,Fujian,Limited liability company (Natural person investment or holding),5785.0,500.0,Construction industry,2.0,3.0,10.0,1.0,0.0,0.0,1.0,0.0,,0.0,0.0,0.0,0.0,1.0,0.0,1.0,0.0,0.0,0.0,0.0,0.0,0.0,0.0,0.0,0.0,0.0,0.0,0.0,0.0,0.0,0.0,0.0,0.0,0.0,0.0,0.0,0.0,0.0,0.0,0.0,0.0,0.0,0.0,0.0,0.0,0.0,0.0,0.0,0.0,0.0,0.0,0.0,0.0,11.0,11.0,8.0,7.0,7.0,8.0,10.0,10.0,8.0,11.0,11.0,8.0,10.0,10.0,8.0,0.0,0.0,0.0,0.0,2.0,0.0,0.0,0.0,1.0,0.0,0.0,0.0,0.0
1662.0,1,1008.0,Fujian,Limited liability company (Natural person investment or holding),5608.0,403.2,Construction industry,2.0,2.0,9.0,2.0,4.0,0.0,8.0,7.0,,0.0,0.0,0.0,0.0,0.0,1.0,0.0,0.0,0.0,0.0,0.0,0.0,0.0,0.0,0.0,0.0,0.0,0.0,0.0,0.0,0.0,0.0,0.0,0.0,0.0,0.0,0.0,0.0,0.0,0.0,0.0,0.0,0.0,0.0,0.0,0.0,0.0,0.0,0.0,0.0,0.0,0.0,0.0,0.0,9.0,10.0,8.0,9.0,10.0,8.0,9.0,10.0,8.0,9.0,10.0,8.0,9.0,10.0,8.0,0.0,0.0,0.0,0.0,0.0,0.0,0.0,0.0,0.0,0.0,0.0,0.0,2.0
1663.0,1,3500.0,Fujian,Limited liability company (Natural person investment or holding),2943.0,3500.0,Leasing and business services,2.0,2.0,9.0,6.0,1.0,0.0,8.0,2.0,2.0,0.0,0.0,0.0,0.0,0.0,0.0,1.0,1.0,1.0,0.0,0.0,0.0,0.0,0.0,0.0,0.0,0.0,0.0,0.0,0.0,0.0,2.0,0.0,0.0,0.0,0.0,0.0,0.0,0.0,0.0,0.0,0.0,0.0,0.0,0.0,0.0,0.0,0.0,0.0,0.0,0.0,0.0,0.0,0.0,30.0,26.0,8.0,30.0,26.0,8.0,30.0,26.0,8.0,30.0,26.0,8.0,30.0,26.0,8.0,0.0,0.0,2.0,0.0,3.0,1.0,0.0,2.0,0.0,0.0,0.0,1.0,0.0
1664.0,1,3000.0,Fujian,Limited liability company (Natural person investment or holding),2273.0,0.0,"Culture, sports and entertainment",3.0,2.0,1.0,1.0,1.0,0.0,12.0,4.0,,0.0,0.0,0.0,0.0,0.0,0.0,0.0,0.0,0.0,0.0,0.0,0.0,0.0,0.0,0.0,0.0,0.0,0.0,0.0,0.0,1.0,1.0,0.0,0.0,0.0,0.0,0.0,0.0,0.0,0.0,0.0,0.0,0.0,0.0,0.0,0.0,0.0,0.0,0.0,0.0,0.0,0.0,0.0,0.0,16.0,13.0,11.0,16.0,13.0,11.0,16.0,13.0,7.0,16.0,13.0,11.0,16.0,13.0,7.0,0.0,0.0,0.0,0.0,0.0,0.0,0.0,0.0,0.0,0.0,0.0,0.0,1.0
1665.0,1,200.0,Guangxi,Limited liability company (sole proprietorship of natural person),1202.0,67.34,Scientific research and technology services,1.0,3.0,0.0,0.0,0.0,1.0,7.0,3.0,,0.0,0.0,0.0,0.0,0.0,0.0,0.0,0.0,0.0,0.0,0.0,0.0,0.0,0.0,0.0,0.0,0.0,0.0,0.0,0.0,0.0,0.0,0.0,0.0,0.0,1.0,0.0,0.0,0.0,0.0,0.0,0.0,0.0,0.0,0.0,0.0,0.0,0.0,0.0,0.0,0.0,0.0,0.0,0.0,3.0,2.0,1.0,3.0,2.0,1.0,3.0,2.0,1.0,3.0,2.0,1.0,3.0,2.0,1.0,0.0,0.0,0.0,0.0,0.0,0.0,0.0,0.0,0.0,0.0,0.0,0.0,0.0
1666.0,1,668.0,Guangxi,Limited liability company (Natural person investment or holding),1781.0,400.8,Scientific research and technology services,3.0,3.0,0.0,0.0,5.0,3.0,7.0,2.0,,0.0,0.0,0.0,0.0,0.0,1.0,0.0,0.0,0.0,0.0,0.0,0.0,0.0,0.0,0.0,0.0,0.0,0.0,0.0,0.0,0.0,0.0,0.0,22.0,27.0,0.0,0.0,1.0,0.0,0.0,9.0,16.0,0.0,0.0,0.0,0.0,0.0,1.0,0.0,0.0,0.0,0.0,0.0,1.0,0.0,5.0,3.0,0.0,5.0,3.0,0.0,5.0,3.0,0.0,5.0,3.0,0.0,5.0,3.0,0.0,0.0,0.0,0.0,0.0,1.0,0.0,0.0,0.0,0.0,1.0,0.0,0.0
1667.0,1,1000.0,Guizhou,Limited liability company (Natural person investment or holding),5217.0,1000.0,Scientific research and technology services,6.0,3.0,2.0,15.0,6.0,0.0,2.0,0.0,1.0,0.0,1.0,0.0,0.0,0.0,1.0,0.0,0.0,0.0,0.0,0.0,0.0,0.0,0.0,0.0,0.0,0.0,0.0,0.0,0.0,0.0,0.0,0.0,0.0,0.0,0.0,0.0,0.0,0.0,0.0,0.0,0.0,0.0,0.0,0.0,0.0,0.0,0.0,0.0,0.0,0.0,16.0,0.0,0.0,12.0,15.0,0.0,12.0,15.0,0.0,12.0,15.0,0.0,12.0,15.0,0.0,12.0,15.0,0.0,0.0,0.0,0.0,2.0,1.0,1.0,0.0,0.0,1.0,2.0,1.0,2.0,1.0
1668.0,1,200.0,Guizhou,Limited liability company (Natural person investment or holding),2521.0,200.0,Wholesale and retail,2.0,3.0,0.0,3.0,0.0,0.0,0.0,0.0,,0.0,0.0,0.0,0.0,0.0,0.0,0.0,0.0,0.0,0.0,0.0,0.0,0.0,0.0,0.0,0.0,0.0,0.0,0.0,0.0,0.0,0.0,0.0,0.0,0.0,0.0,0.0,0.0,0.0,0.0,0.0,0.0,0.0,0.0,0.0,0.0,0.0,0.0,0.0,0.0,0.0,0.0,0.0,0.0,1.0,1.0,1.0,1.0,1.0,1.0,1.0,1.0,1.0,1.0,1.0,1.0,1.0,1.0,1.0,0.0,0.0,0.0,0.0,0.0,0.0,0.0,0.0,0.0,0.0,0.0,0.0,0.0
1669.0,1,500.0,Hainan,Limited liability company (Natural person investment or holding),2720.0,425.0,Manufacturing,2.0,2.0,0.0,2.0,0.0,0.0,0.0,1.0,,0.0,0.0,0.0,0.0,0.0,0.0,0.0,0.0,0.0,0.0,0.0,0.0,0.0,0.0,0.0,0.0,0.0,0.0,0.0,0.0,1.0,0.0,0.0,0.0,0.0,0.0,0.0,0.0,0.0,0.0,0.0,0.0,0.0,0.0,0.0,0.0,0.0,0.0,0.0,0.0,0.0,0.0,0.0,0.0,1.0,2.0,2.0,1.0,2.0,2.0,1.0,2.0,2.0,1.0,2.0,2.0,1.0,2.0,2.0,0.0,0.0,0.0,0.0,0.0,0.0,0.0,0.0,0.0,0.0,0.0,0.0,0.0
1670.0,1,1010.0,Henan,Limited liability company (sole proprietorship of natural person),1996.0,100.0,Wholesale and retail,1.0,2.0,0.0,5.0,0.0,0.0,5.0,9.0,,0.0,0.0,0.0,0.0,0.0,0.0,0.0,0.0,0.0,0.0,0.0,0.0,0.0,0.0,0.0,0.0,0.0,0.0,0.0,0.0,0.0,0.0,0.0,0.0,1.0,0.0,0.0,0.0,0.0,0.0,0.0,0.0,0.0,0.0,0.0,0.0,0.0,0.0,0.0,0.0,0.0,0.0,0.0,0.0,3.0,2.0,0.0,3.0,2.0,0.0,3.0,2.0,0.0,3.0,2.0,0.0,3.0,2.0,0.0,0.0,0.0,0.0,0.0,0.0,0.0,0.0,0.0,0.0,0.0,0.0,0.0,0.0
1671.0,1,28000.0,Henan,Limited liability company (Natural person investment or holding),3414.0,28000.0,Construction industry,2.0,2.0,5.0,1.0,3.0,4.0,0.0,0.0,5.0,0.0,0.0,2.0,0.0,0.0,20.0,0.0,0.0,0.0,0.0,1.0,0.0,0.0,0.0,0.0,1.0,0.0,0.0,0.0,0.0,1.0,0.0,0.0,0.0,0.0,0.0,0.0,0.0,0.0,0.0,0.0,0.0,0.0,0.0,0.0,0.0,0.0,0.0,0.0,0.0,0.0,0.0,0.0,0.0,66.0,57.0,57.0,66.0,57.0,57.0,66.0,57.0,56.0,66.0,57.0,57.0,66.0,57.0,57.0,0.0,0.0,0.0,0.0,1.0,10.0,0.0,0.0,0.0,1.0,1.0,3.0,2.0
1672.0,1,1000.0,Tianjin,Limited liability company,667.0,0.0,Scientific research and technology services,2.0,2.0,0.0,0.0,0.0,0.0,2.0,32.0,,0.0,0.0,0.0,0.0,0.0,2.0,0.0,0.0,0.0,0.0,0.0,1.0,0.0,0.0,0.0,0.0,0.0,0.0,0.0,0.0,0.0,0.0,0.0,0.0,0.0,0.0,0.0,0.0,0.0,0.0,0.0,6.0,0.0,0.0,0.0,0.0,0.0,0.0,0.0,0.0,0.0,0.0,0.0,6.0,6.0,6.0,,6.0,6.0,,6.0,6.0,,6.0,6.0,,6.0,6.0,,0.0,0.0,0.0,0.0,0.0,1.0,0.0,0.0,0.0,0.0,0.0,0.0,0.0
1673.0,1,3000.0,Hunan,Limited liability company (sole proprietorship of natural person),3617.0,208.0,Scientific research and technology services,1.0,2.0,5.0,7.0,3.0,3.0,0.0,1.0,,0.0,0.0,0.0,0.0,0.0,0.0,0.0,0.0,0.0,0.0,0.0,0.0,0.0,0.0,0.0,0.0,0.0,0.0,0.0,0.0,0.0,0.0,0.0,0.0,0.0,1.0,0.0,0.0,0.0,0.0,0.0,0.0,0.0,0.0,0.0,0.0,0.0,0.0,0.0,0.0,0.0,0.0,0.0,0.0,1.0,4.0,4.0,1.0,4.0,4.0,1.0,4.0,4.0,1.0,4.0,4.0,1.0,4.0,4.0,0.0,0.0,0.0,0.0,0.0,0.0,0.0,0.0,0.0,0.0,0.0,0.0,2.0
1674.0,1,3000.0,Hunan,Limited liability company (Natural person investment or holding),5188.0,3000.0,"Water conservancy, environment and public facilities management",2.0,2.0,13.0,9.0,5.0,0.0,4.0,0.0,,0.0,0.0,0.0,0.0,0.0,1.0,0.0,0.0,0.0,0.0,0.0,0.0,0.0,0.0,0.0,0.0,0.0,0.0,0.0,0.0,0.0,0.0,0.0,0.0,0.0,0.0,0.0,0.0,0.0,0.0,0.0,0.0,0.0,0.0,0.0,0.0,0.0,0.0,0.0,0.0,0.0,0.0,0.0,0.0,7.0,0.0,0.0,7.0,0.0,0.0,7.0,0.0,0.0,7.0,0.0,0.0,7.0,0.0,0.0,0.0,0.0,0.0,0.0,0.0,0.0,0.0,0.0,0.0,0.0,0.0,0.0,0.0
1675.0,1,10000.0,Hunan,Limited liability company (Natural person investment or holding),2125.0,3000.0,Wholesale and retail,2.0,2.0,1.0,6.0,3.0,0.0,8.0,0.0,2.0,0.0,0.0,0.0,0.0,0.0,1.0,0.0,0.0,0.0,0.0,0.0,0.0,0.0,0.0,0.0,0.0,0.0,0.0,0.0,0.0,1.0,0.0,0.0,2.0,0.0,0.0,2.0,5.0,0.0,2.0,3.0,0.0,0.0,0.0,0.0,0.0,0.0,0.0,0.0,0.0,0.0,0.0,4.0,0.0,17.0,18.0,18.0,17.0,18.0,18.0,17.0,18.0,18.0,17.0,18.0,18.0,17.0,18.0,18.0,0.0,0.0,0.0,0.0,0.0,1.0,0.0,0.0,0.0,0.0,0.0,2.0,0.0
1676.0,1,3080.0,Hunan,Other limited liability companies,1092.0,1300.0,Scientific research and technology services,2.0,2.0,0.0,0.0,0.0,8.0,4.0,8.0,,0.0,0.0,0.0,0.0,0.0,0.0,0.0,0.0,0.0,0.0,0.0,0.0,0.0,0.0,0.0,0.0,0.0,0.0,0.0,0.0,0.0,0.0,0.0,1.0,0.0,0.0,0.0,0.0,0.0,0.0,0.0,0.0,0.0,0.0,0.0,0.0,0.0,0.0,0.0,0.0,0.0,0.0,0.0,0.0,0.0,0.0,0.0,0.0,0.0,0.0,0.0,0.0,0.0,0.0,0.0,0.0,0.0,0.0,0.0,0.0,0.0,0.0,0.0,0.0,0.0,0.0,0.0,0.0,0.0,0.0,0.0,0.0
1677.0,1,1000.0,Hunan,Limited liability company (sole proprietorship of natural person),947.0,50.0,Scientific research and technology services,1.0,2.0,0.0,0.0,0.0,0.0,6.0,2.0,2.0,0.0,0.0,0.0,0.0,0.0,0.0,0.0,0.0,0.0,0.0,0.0,0.0,0.0,0.0,0.0,0.0,0.0,0.0,0.0,0.0,0.0,0.0,0.0,0.0,0.0,0.0,0.0,0.0,0.0,0.0,0.0,0.0,0.0,0.0,0.0,0.0,0.0,0.0,0.0,0.0,0.0,0.0,0.0,0.0,0.0,0.0,,0.0,0.0,,0.0,0.0,,0.0,0.0,,0.0,0.0,,0.0,0.0,0.0,0.0,0.0,0.0,0.0,0.0,0.0,0.0,0.0,0.0,0.0
1678.0,1,500.0,Hunan,Limited liability company (sole proprietorship of natural person),1422.0,500.0,Construction industry,1.0,2.0,0.0,0.0,0.0,6.0,0.0,2.0,,0.0,0.0,0.0,0.0,0.0,0.0,0.0,0.0,0.0,0.0,0.0,0.0,0.0,0.0,0.0,0.0,0.0,0.0,0.0,0.0,0.0,0.0,0.0,0.0,0.0,0.0,0.0,0.0,0.0,0.0,0.0,0.0,0.0,0.0,0.0,0.0,0.0,0.0,0.0,0.0,0.0,0.0,0.0,0.0,0.0,0.0,3.0,0.0,0.0,0.0,0.0,0.0,3.0,0.0,0.0,3.0,0.0,0.0,0.0,0.0,0.0,0.0,0.0,0.0,0.0,0.0,0.0,0.0,0.0,0.0,0.0,1.0
1679.0,1,5000.0,Jilin,Limited liability company (sole proprietorship of natural person),1096.0,0.0,"Water conservancy, environment and public facilities management",1.0,2.0,0.0,0.0,0.0,1.0,10.0,4.0,,0.0,0.0,0.0,0.0,0.0,0.0,0.0,0.0,0.0,0.0,0.0,0.0,0.0,0.0,0.0,0.0,0.0,0.0,0.0,0.0,0.0,0.0,0.0,0.0,0.0,0.0,0.0,0.0,0.0,0.0,0.0,0.0,0.0,0.0,0.0,0.0,0.0,0.0,0.0,0.0,0.0,0.0,0.0,0.0,0.0,0.0,0.0,0.0,0.0,0.0,0.0,0.0,0.0,0.0,0.0,0.0,0.0,0.0,0.0,0.0,0.0,0.0,0.0,0.0,2.0,0.0,0.0,0.0,0.0,0.0,1.0,0.0
1680.0,1,1688.0,Shandong,Limited liability company (Natural person investment or holding),6552.0,510.0,Manufacturing,3.0,3.0,8.0,17.0,0.0,0.0,2.0,0.0,1.0,0.0,0.0,0.0,1.0,0.0,3.0,2.0,1.0,0.0,0.0,1.0,0.0,0.0,0.0,0.0,0.0,0.0,0.0,0.0,0.0,0.0,0.0,0.0,0.0,0.0,0.0,0.0,0.0,0.0,0.0,0.0,0.0,0.0,0.0,0.0,0.0,0.0,0.0,0.0,0.0,0.0,0.0,0.0,0.0,31.0,38.0,50.0,31.0,38.0,50.0,31.0,38.0,50.0,31.0,38.0,50.0,31.0,38.0,50.0,0.0,0.0,0.0,0.0,2.0,2.0,1.0,0.0,0.0,0.0,0.0,1.0,0.0
1681.0,1,500.0,Qinghai,Limited liability company (Natural person investment or holding),2583.0,434.85,Wholesale and retail,2.0,2.0,0.0,0.0,3.0,0.0,0.0,0.0,,0.0,0.0,0.0,0.0,0.0,0.0,0.0,0.0,0.0,0.0,0.0,0.0,0.0,0.0,0.0,0.0,0.0,0.0,0.0,0.0,0.0,0.0,0.0,0.0,0.0,0.0,0.0,0.0,0.0,0.0,0.0,0.0,0.0,0.0,0.0,0.0,0.0,0.0,0.0,0.0,0.0,0.0,0.0,0.0,,0.0,0.0,,0.0,0.0,,0.0,0.0,,0.0,0.0,,0.0,0.0,0.0,0.0,0.0,2.0,0.0,0.0,0.0,0.0,1.0,0.0,0.0,0.0,0.0
1682.0,1,1000.0,Fujian,Limited liability company (sole proprietorship of natural person),1214.0,0.0,Scientific research and technology services,1.0,2.0,0.0,0.0,0.0,0.0,6.0,0.0,,0.0,0.0,0.0,0.0,0.0,0.0,0.0,0.0,0.0,0.0,0.0,0.0,0.0,1.0,0.0,0.0,0.0,0.0,0.0,0.0,0.0,0.0,0.0,2.0,0.0,0.0,0.0,0.0,0.0,0.0,0.0,0.0,0.0,0.0,0.0,0.0,0.0,0.0,0.0,0.0,0.0,0.0,0.0,0.0,4.0,2.0,1.0,4.0,2.0,1.0,4.0,2.0,1.0,4.0,2.0,1.0,4.0,2.0,1.0,0.0,0.0,0.0,0.0,0.0,0.0,0.0,0.0,0.0,0.0,0.0,0.0,0.0
1683.0,1,1050.0,Shandong,Limited liability company (sole proprietorship of natural person),1661.0,0.0,Manufacturing,1.0,2.0,0.0,0.0,12.0,0.0,0.0,0.0,1.0,0.0,0.0,0.0,0.0,0.0,0.0,0.0,0.0,0.0,0.0,0.0,0.0,0.0,0.0,0.0,0.0,0.0,0.0,0.0,0.0,0.0,0.0,0.0,0.0,0.0,0.0,0.0,0.0,1.0,0.0,2.0,7.0,0.0,0.0,0.0,0.0,0.0,0.0,0.0,0.0,0.0,0.0,0.0,0.0,0.0,0.0,0.0,0.0,0.0,0.0,0.0,0.0,0.0,0.0,0.0,0.0,0.0,0.0,0.0,0.0,0.0,0.0,0.0,0.0,0.0,0.0,0.0,0.0,0.0,0.0,0.0,0.0
1684.0,1,4950.0,Shaanxi,Limited liability company (Natural person investment or holding),4667.0,500.0,Wholesale and retail,2.0,2.0,2.0,6.0,0.0,6.0,4.0,3.0,1.0,0.0,0.0,0.0,0.0,5.0,0.0,0.0,0.0,0.0,0.0,0.0,0.0,0.0,0.0,0.0,0.0,0.0,0.0,0.0,0.0,1.0,0.0,0.0,0.0,0.0,0.0,149.0,36.0,32.0,44.0,49.0,0.0,0.0,0.0,0.0,0.0,0.0,0.0,0.0,0.0,0.0,7.0,0.0,0.0,9.0,9.0,8.0,9.0,9.0,8.0,9.0,9.0,8.0,9.0,9.0,8.0,9.0,9.0,8.0,0.0,0.0,3.0,5.0,0.0,2.0,1.0,1.0,2.0,0.0,0.0,3.0,3.0
1685.0,1,5000.0,Shanghai,Limited liability company (Natural person investment or holding),5653.0,5000.0,Wholesale and retail,2.0,2.0,19.0,0.0,4.0,0.0,5.0,10.0,,0.0,0.0,0.0,0.0,0.0,3.0,0.0,0.0,0.0,0.0,0.0,0.0,0.0,0.0,0.0,0.0,0.0,0.0,0.0,0.0,16.0,0.0,0.0,0.0,0.0,0.0,1.0,1.0,2.0,0.0,0.0,0.0,0.0,0.0,0.0,0.0,0.0,0.0,0.0,0.0,5.0,0.0,0.0,0.0,10.0,10.0,0.0,10.0,10.0,0.0,10.0,10.0,0.0,10.0,10.0,0.0,10.0,10.0,0.0,0.0,0.0,0.0,0.0,0.0,1.0,0.0,0.0,1.0,1.0,0.0,0.0,3.0
1686.0,1,5568.0,Zhejiang,Other limited liability companies,2913.0,1000.0,Construction industry,2.0,2.0,4.0,1.0,0.0,0.0,7.0,0.0,,0.0,0.0,0.0,0.0,0.0,0.0,0.0,0.0,0.0,0.0,0.0,0.0,0.0,0.0,0.0,0.0,0.0,0.0,0.0,0.0,0.0,0.0,0.0,0.0,0.0,0.0,0.0,0.0,0.0,0.0,0.0,0.0,0.0,0.0,0.0,0.0,0.0,0.0,0.0,0.0,0.0,0.0,0.0,0.0,34.0,6.0,8.0,34.0,6.0,8.0,34.0,6.0,8.0,34.0,6.0,8.0,34.0,6.0,8.0,0.0,0.0,0.0,0.0,0.0,1.0,0.0,0.0,0.0,0.0,0.0,0.0,0.0
1687.0,1,1000.0,Sichuan,Limited liability company (Natural person investment or holding),2451.0,408.05,Wholesale and retail,2.0,2.0,16.0,3.0,4.0,3.0,0.0,1.0,1.0,0.0,0.0,0.0,0.0,0.0,0.0,0.0,0.0,0.0,0.0,0.0,0.0,0.0,0.0,0.0,0.0,0.0,0.0,0.0,0.0,4.0,0.0,1.0,0.0,0.0,0.0,6.0,0.0,5.0,0.0,0.0,0.0,0.0,0.0,0.0,0.0,0.0,0.0,0.0,0.0,0.0,0.0,0.0,0.0,8.0,5.0,5.0,8.0,5.0,5.0,8.0,5.0,5.0,8.0,5.0,5.0,8.0,5.0,5.0,0.0,0.0,0.0,0.0,0.0,0.0,0.0,0.0,0.0,0.0,0.0,0.0,1.0
1688.0,1,800.0,Sichuan,Limited liability company (Natural person investment or holding),1331.0,30.0,"Water conservancy, environment and public facilities management",2.0,3.0,0.0,0.0,0.0,4.0,0.0,11.0,2.0,0.0,0.0,0.0,0.0,0.0,2.0,0.0,0.0,0.0,0.0,0.0,0.0,0.0,0.0,0.0,0.0,0.0,0.0,0.0,0.0,3.0,0.0,4.0,4.0,0.0,0.0,0.0,0.0,0.0,0.0,0.0,0.0,0.0,0.0,0.0,1.0,0.0,0.0,0.0,0.0,0.0,0.0,0.0,0.0,40.0,48.0,29.0,40.0,48.0,29.0,40.0,48.0,29.0,40.0,48.0,29.0,40.0,48.0,29.0,0.0,0.0,0.0,0.0,0.0,0.0,0.0,0.0,0.0,0.0,0.0,0.0,0.0
1689.0,1,2000.0,Tianjin,Limited liability company (sole proprietorship of natural person),5350.0,1100.0,Construction industry,1.0,2.0,6.0,4.0,1.0,1.0,1.0,0.0,1.0,0.0,0.0,0.0,0.0,0.0,0.0,0.0,0.0,0.0,0.0,0.0,0.0,0.0,0.0,0.0,0.0,0.0,0.0,0.0,0.0,0.0,0.0,0.0,0.0,0.0,0.0,0.0,0.0,0.0,0.0,0.0,0.0,0.0,0.0,0.0,0.0,0.0,0.0,0.0,0.0,0.0,0.0,0.0,0.0,6.0,8.0,8.0,6.0,8.0,8.0,6.0,8.0,8.0,6.0,8.0,8.0,6.0,8.0,8.0,0.0,0.0,0.0,1.0,1.0,1.0,0.0,0.0,0.0,0.0,0.0,0.0,0.0
1690.0,1,560.0,Tianjin,Limited liability company (sole proprietorship of natural person),3753.0,560.0,Scientific research and technology services,1.0,2.0,5.0,0.0,4.0,2.0,2.0,3.0,,0.0,0.0,0.0,0.0,1.0,0.0,0.0,0.0,0.0,0.0,0.0,0.0,0.0,0.0,0.0,0.0,0.0,0.0,0.0,0.0,2.0,0.0,0.0,0.0,0.0,0.0,1.0,1.0,0.0,13.0,0.0,0.0,1.0,0.0,0.0,0.0,0.0,0.0,0.0,0.0,0.0,0.0,0.0,0.0,6.0,6.0,10.0,6.0,6.0,10.0,6.0,6.0,10.0,6.0,6.0,10.0,6.0,6.0,10.0,0.0,0.0,0.0,0.0,0.0,0.0,0.0,0.0,0.0,0.0,0.0,0.0,2.0
1691.0,1,500.0,Tianjin,Limited liability company,4316.0,500.0,Wholesale and retail,2.0,2.0,17.0,1.0,8.0,1.0,0.0,1.0,,0.0,0.0,0.0,0.0,0.0,0.0,0.0,0.0,0.0,0.0,0.0,0.0,0.0,0.0,0.0,0.0,0.0,0.0,0.0,0.0,0.0,0.0,0.0,0.0,0.0,0.0,0.0,0.0,0.0,5.0,19.0,0.0,0.0,0.0,0.0,0.0,0.0,0.0,0.0,0.0,0.0,0.0,0.0,0.0,4.0,4.0,0.0,4.0,4.0,0.0,4.0,4.0,0.0,4.0,4.0,0.0,4.0,4.0,0.0,0.0,0.0,0.0,0.0,0.0,0.0,0.0,0.0,0.0,0.0,0.0,0.0,0.0
1692.0,1,1500.0,Tianjin,Limited liability company,3847.0,1363.0,Wholesale and retail,2.0,2.0,5.0,0.0,9.0,0.0,1.0,3.0,1.0,0.0,0.0,0.0,1.0,0.0,1.0,0.0,0.0,0.0,0.0,0.0,0.0,0.0,0.0,0.0,0.0,0.0,0.0,0.0,0.0,0.0,0.0,0.0,0.0,7.0,0.0,0.0,0.0,0.0,0.0,13.0,18.0,0.0,0.0,0.0,0.0,0.0,0.0,0.0,0.0,0.0,0.0,0.0,0.0,225.0,194.0,52.0,225.0,194.0,52.0,225.0,194.0,52.0,225.0,194.0,0.0,225.0,194.0,52.0,0.0,0.0,0.0,0.0,0.0,330.0,0.0,0.0,0.0,0.0,1.0,6.0,0.0
1693.0,1,1000.0,Tianjin,Limited liability company,2328.0,826.1,Scientific research and technology services,2.0,2.0,2.0,2.0,8.0,0.0,0.0,0.0,,0.0,0.0,0.0,0.0,0.0,5.0,0.0,0.0,0.0,0.0,0.0,0.0,0.0,0.0,0.0,0.0,0.0,0.0,0.0,0.0,0.0,0.0,0.0,0.0,0.0,0.0,0.0,6.0,0.0,8.0,6.0,3.0,0.0,0.0,0.0,0.0,0.0,0.0,0.0,0.0,0.0,0.0,0.0,0.0,24.0,24.0,19.0,24.0,24.0,19.0,24.0,24.0,19.0,24.0,24.0,19.0,24.0,24.0,19.0,0.0,0.0,0.0,0.0,0.0,0.0,0.0,0.0,0.0,0.0,0.0,0.0,1.0
1694.0,1,2000.0,Tianjin,Limited liability company,987.0,200.0,Construction industry,2.0,2.0,0.0,0.0,0.0,13.0,5.0,0.0,,0.0,0.0,0.0,0.0,0.0,0.0,0.0,0.0,0.0,0.0,0.0,0.0,0.0,0.0,0.0,0.0,0.0,0.0,0.0,0.0,0.0,0.0,0.0,0.0,0.0,0.0,0.0,0.0,0.0,0.0,0.0,0.0,0.0,0.0,0.0,0.0,0.0,0.0,0.0,0.0,0.0,0.0,0.0,0.0,5.0,10.0,4.0,5.0,10.0,4.0,5.0,10.0,4.0,5.0,10.0,4.0,5.0,10.0,4.0,0.0,0.0,0.0,0.0,0.0,0.0,0.0,0.0,0.0,0.0,0.0,0.0,0.0
1695.0,1,10000.0,Jiangxi,"Joint stock limited company (unlisted, natural person investment or holding)",1449.0,3320.98,Wholesale and retail,2.0,8.0,0.0,0.0,4.0,4.0,4.0,3.0,,0.0,0.0,0.0,0.0,0.0,1.0,0.0,0.0,0.0,0.0,0.0,0.0,0.0,0.0,0.0,0.0,0.0,0.0,0.0,0.0,0.0,0.0,6.0,2.0,0.0,5.0,0.0,0.0,0.0,0.0,8.0,10.0,0.0,0.0,0.0,0.0,0.0,0.0,0.0,0.0,0.0,6.0,0.0,0.0,54.0,39.0,39.0,7.0,0.0,0.0,0.0,0.0,0.0,29.0,0.0,0.0,0.0,0.0,0.0,0.0,0.0,0.0,0.0,0.0,0.0,0.0,0.0,0.0,0.0,0.0,0.0,0.0
1696.0,1,1000.0,Hubei,Limited liability company (Natural person investment or holding),1400.0,400.0,Leasing and business services,3.0,3.0,0.0,0.0,0.0,8.0,0.0,4.0,,0.0,0.0,0.0,0.0,0.0,0.0,0.0,0.0,0.0,0.0,0.0,0.0,0.0,0.0,0.0,0.0,0.0,0.0,0.0,0.0,0.0,0.0,0.0,0.0,0.0,0.0,0.0,0.0,0.0,0.0,2.0,0.0,0.0,0.0,0.0,0.0,0.0,0.0,0.0,0.0,0.0,0.0,0.0,0.0,8.0,7.0,0.0,8.0,7.0,0.0,8.0,7.0,0.0,8.0,7.0,0.0,8.0,7.0,0.0,0.0,0.0,0.0,0.0,0.0,0.0,0.0,0.0,0.0,0.0,0.0,0.0,1.0
1697.0,1,559.7314,Hubei,Other joint stock limited companies (unlisted),2721.0,559.7314,Wholesale and retail,5.0,8.0,14.0,12.0,2.0,0.0,2.0,0.0,,0.0,0.0,0.0,0.0,0.0,1.0,0.0,0.0,0.0,0.0,0.0,2.0,0.0,0.0,0.0,0.0,0.0,0.0,0.0,0.0,6.0,12.0,0.0,0.0,0.0,0.0,0.0,0.0,0.0,1.0,1.0,1.0,0.0,0.0,0.0,0.0,0.0,0.0,8.0,14.0,3.0,5.0,10.0,2.0,82.0,80.0,51.0,82.0,80.0,51.0,82.0,80.0,51.0,82.0,80.0,51.0,82.0,80.0,51.0,0.0,0.0,0.0,0.0,0.0,2.0,0.0,0.0,0.0,0.0,0.0,4.0,0.0
1698.0,1,3500.0,Shaanxi,Other limited liability companies,3777.0,200.0,Wholesale and retail,2.0,3.0,23.0,0.0,13.0,11.0,0.0,0.0,,0.0,0.0,0.0,0.0,0.0,0.0,0.0,0.0,0.0,0.0,0.0,0.0,0.0,0.0,0.0,0.0,0.0,0.0,0.0,0.0,0.0,0.0,0.0,0.0,0.0,0.0,0.0,0.0,6.0,8.0,0.0,2.0,0.0,0.0,0.0,0.0,0.0,0.0,0.0,0.0,3.0,0.0,0.0,0.0,6.0,7.0,7.0,6.0,7.0,7.0,6.0,7.0,7.0,6.0,7.0,7.0,6.0,7.0,7.0,0.0,0.0,0.0,0.0,1.0,7.0,0.0,0.0,0.0,0.0,1.0,0.0,0.0
1699.0,1,2000.0,Tibet,Limited liability company (Natural person investment or holding),1306.0,2000.0,Scientific research and technology services,4.0,3.0,0.0,0.0,0.0,0.0,0.0,0.0,2.0,0.0,0.0,0.0,0.0,0.0,1.0,0.0,0.0,0.0,0.0,0.0,0.0,0.0,0.0,12.0,0.0,0.0,0.0,0.0,0.0,0.0,0.0,0.0,1.0,0.0,0.0,0.0,0.0,0.0,0.0,6.0,0.0,0.0,0.0,0.0,0.0,0.0,0.0,0.0,0.0,0.0,11.0,0.0,0.0,0.0,0.0,0.0,0.0,0.0,0.0,0.0,0.0,0.0,0.0,0.0,0.0,0.0,0.0,0.0,0.0,0.0,0.0,0.0,0.0,0.0,0.0,0.0,0.0,0.0,0.0,0.0,0.0
1700.0,1,610.0,Shaanxi,Limited liability company (sole proprietorship of natural person),6492.0,610.0,"Information transmission, software and information technology services",1.0,2.0,3.0,12.0,3.0,0.0,0.0,18.0,,0.0,0.0,0.0,0.0,0.0,0.0,0.0,0.0,0.0,0.0,0.0,0.0,0.0,0.0,0.0,0.0,0.0,0.0,0.0,0.0,0.0,0.0,0.0,0.0,0.0,0.0,0.0,0.0,0.0,0.0,0.0,0.0,0.0,0.0,0.0,0.0,0.0,0.0,0.0,0.0,0.0,0.0,0.0,0.0,0.0,0.0,0.0,0.0,0.0,0.0,0.0,0.0,0.0,0.0,0.0,0.0,0.0,0.0,0.0,0.0,0.0,1.0,0.0,1.0,0.0,0.0,0.0,0.0,0.0,0.0,0.0,0.0
1701.0,1,600.0,Jilin,Limited liability company (Natural person investment or holding),1762.0,600.0,Scientific research and technology services,2.0,2.0,0.0,1.0,0.0,11.0,4.0,6.0,6.0,0.0,0.0,0.0,0.0,0.0,1.0,0.0,0.0,0.0,0.0,0.0,0.0,0.0,0.0,0.0,0.0,0.0,0.0,0.0,0.0,0.0,1.0,1.0,0.0,0.0,0.0,0.0,0.0,0.0,0.0,0.0,0.0,0.0,1.0,0.0,0.0,0.0,0.0,0.0,0.0,0.0,0.0,0.0,0.0,0.0,0.0,0.0,0.0,0.0,0.0,0.0,0.0,0.0,0.0,0.0,0.0,0.0,0.0,0.0,0.0,0.0,0.0,0.0,0.0,0.0,0.0,0.0,0.0,0.0,0.0,0.0,0.0
1702.0,1,1000.0,Jilin,Limited liability company (sole proprietorship of natural person),1081.0,105.0,Manufacturing,1.0,2.0,0.0,0.0,0.0,1.0,1.0,1.0,,0.0,0.0,0.0,0.0,0.0,0.0,0.0,0.0,0.0,0.0,0.0,0.0,0.0,0.0,0.0,0.0,0.0,0.0,0.0,0.0,0.0,0.0,0.0,0.0,0.0,0.0,0.0,0.0,0.0,0.0,0.0,0.0,0.0,0.0,0.0,0.0,0.0,0.0,0.0,0.0,0.0,0.0,0.0,0.0,0.0,0.0,0.0,0.0,0.0,0.0,0.0,0.0,0.0,0.0,0.0,0.0,0.0,0.0,0.0,0.0,0.0,0.0,0.0,0.0,0.0,0.0,0.0,0.0,0.0,0.0,0.0,0.0
1703.0,1,3000.0,Hunan,Limited liability company (Natural person investment or holding),4730.0,1570.0,Manufacturing,2.0,2.0,5.0,2.0,0.0,0.0,0.0,0.0,1.0,0.0,0.0,0.0,0.0,0.0,4.0,0.0,0.0,0.0,0.0,0.0,0.0,0.0,0.0,0.0,0.0,0.0,0.0,0.0,0.0,1.0,0.0,0.0,0.0,0.0,0.0,4.0,0.0,0.0,2.0,0.0,4.0,0.0,0.0,0.0,0.0,0.0,0.0,0.0,0.0,0.0,0.0,0.0,0.0,0.0,11.0,11.0,0.0,11.0,11.0,0.0,11.0,11.0,0.0,11.0,11.0,0.0,11.0,11.0,0.0,0.0,0.0,0.0,0.0,0.0,0.0,0.0,0.0,0.0,0.0,0.0,1.0
1704.0,1,1002.0,Hunan,Limited liability company (Natural person investment or holding),6678.0,502.0,Wholesale and retail,2.0,2.0,2.0,0.0,0.0,0.0,0.0,0.0,3.0,0.0,0.0,0.0,0.0,0.0,0.0,0.0,0.0,1.0,1.0,0.0,0.0,0.0,0.0,0.0,0.0,0.0,0.0,0.0,0.0,0.0,0.0,0.0,0.0,0.0,0.0,0.0,0.0,0.0,0.0,0.0,0.0,0.0,0.0,0.0,0.0,0.0,0.0,0.0,0.0,0.0,0.0,0.0,0.0,23.0,23.0,19.0,23.0,23.0,19.0,23.0,23.0,19.0,23.0,23.0,19.0,23.0,23.0,19.0,0.0,0.0,0.0,3.0,0.0,3.0,0.0,0.0,2.0,1.0,0.0,3.0,3.0
1705.0,1,5009.4233,Hebei,Other joint stock limited companies (unlisted),3945.0,1010.0,Wholesale and retail,33.0,12.0,36.0,0.0,3.0,14.0,0.0,0.0,14.0,0.0,0.0,0.0,0.0,2.0,9.0,0.0,0.0,0.0,0.0,0.0,0.0,0.0,0.0,0.0,0.0,0.0,0.0,0.0,0.0,0.0,5.0,0.0,0.0,0.0,0.0,4.0,6.0,4.0,10.0,87.0,6.0,0.0,0.0,0.0,0.0,0.0,0.0,58.0,23.0,44.0,62.0,55.0,12.0,209.0,284.0,271.0,210.0,286.0,272.0,197.0,284.0,243.0,214.0,286.0,273.0,197.0,284.0,243.0,0.0,0.0,0.0,0.0,1.0,6.0,0.0,0.0,0.0,0.0,0.0,3.0,0.0
1706.0,1,100000.0,Hunan,Limited liability company (Natural person investment or holding),4516.0,0.0,Leasing and business services,2.0,2.0,0.0,0.0,1.0,16.0,2.0,34.0,2.0,0.0,0.0,0.0,0.0,0.0,0.0,1.0,0.0,0.0,0.0,0.0,0.0,0.0,0.0,0.0,0.0,0.0,0.0,0.0,0.0,1.0,0.0,0.0,0.0,0.0,0.0,0.0,0.0,0.0,0.0,0.0,0.0,0.0,0.0,0.0,0.0,0.0,0.0,0.0,0.0,0.0,0.0,0.0,0.0,15.0,50.0,18.0,15.0,200.0,182.0,0.0,0.0,0.0,15.0,200.0,182.0,0.0,0.0,0.0,0.0,0.0,2.0,0.0,1.0,0.0,0.0,0.0,2.0,1.0,0.0,0.0,2.0
1707.0,1,5008.0,Sichuan,Other limited liability companies,735.0,0.0,Leasing and business services,2.0,3.0,0.0,0.0,0.0,0.0,1.0,17.0,,0.0,0.0,0.0,0.0,0.0,12.0,0.0,0.0,0.0,0.0,0.0,0.0,0.0,0.0,0.0,0.0,0.0,0.0,0.0,0.0,0.0,0.0,0.0,0.0,0.0,3.0,0.0,0.0,0.0,0.0,0.0,0.0,0.0,0.0,0.0,0.0,0.0,0.0,0.0,0.0,0.0,0.0,0.0,0.0,49.0,0.0,,49.0,0.0,,49.0,0.0,,49.0,0.0,,49.0,0.0,,0.0,0.0,0.0,0.0,0.0,0.0,0.0,0.0,0.0,0.0,0.0,0.0,0.0
118.50596820629998,1,3725.2457234682033,Anhui,Other limited liability companies,3127.280183070513,122.62218007014702,Construction industry,4.018213192314066,3.009093096130052,10.069707248013827,0.03492257048129012,0.04087859262580867,6.036510200739978,8.0382099552665,7.034441214782768,,0.003723882012391033,0.011274237270173643,0.012764160666584909,0.01776574579934156,1.0245006794121507,0.03367713998650191,0.004793187889489628,2.0013905201343025,0.0017810794578006165,0.002451109887891136,0.0025624586797757063,0.002554877159012199,0.0009892690867212518,0.0013804125493744883,0.0031182921759136525,0.0011019295238974894,0.0013194459895267817,0.0018148673539792914,0.0020962307309720534,0.0019782335720746076,0.01508400093476615,0.0050488400174468736,0.011885528339081606,0.017372350481022463,1.0106987736087794,0.017450800389401125,0.03729195575985686,0.009545824825653755,0.011368557864250204,0.01665407882708587,0.02626745250999932,27.026747897983707,0.00044212909779075795,0.00022125917656233234,0.0004941702066768563,0.001683372896795186,0.0008247157247253892,0.0009079869179711393,0.020979335485225292,0.008120479752252946,0.015692448047918094,0.02137542246274624,0.024124501350298894,0.018458642844425992,174.0,1.8318423180133632,1.8772807179249478,174.21862151855265,1.832302440093199,1.87572693691149,174.21872986488472,1.7962269958801007,1.8305749506834865,174.2402384101899,1.8348799586748021,1.8954909316335131,174.21735993040625,1.7953966271690756,1.832604190305426,0.0005417072805761136,3.003239286179819,3.0071911656635333,1.0091394434899328,0.01307484832971247,2.086878816430716,1.0059548009274821,2.007199253792174,0.005970427694141676,0.008507812230795902,0.010651839622887956,1.0106135671331482,0.009268418104428125
98.62135656605305,1,3525.578615677845,Anhui,Other limited liability companies,3042.19770242318,22.79163432380176,Construction industry,3.9378392883464377,2.9689657190880405,9.762092659582565,-0.11918898106687782,-0.13951658584606363,5.875392516508012,7.869591339581798,6.88245386178366,,-0.012709422489617523,-0.03847840620031509,-0.04356344000620579,-0.06063359914617776,0.9163804103095736,-0.11493838926857498,-0.01635890980351634,1.9952542245408513,-0.0060787348367765505,-0.008365515080775952,-0.008745542921362889,-0.008719667571344656,-0.003376325763604298,-0.004711278778863769,-0.010642574758782056,-0.0037608301837694404,-0.004503202968656899,-0.006194051231372627,-0.007154330321689584,-0.0067516119380211246,-0.0514809384604095,-0.01723143769074984,-0.0405647119514183,-0.05929096066050118,0.9634856224063234,-0.059558706262144455,-0.127275574155967,-0.03257942123768165,-0.03880031765604917,-0.056839535539667384,-0.08964949763840416,26.908710766062683,-0.0015089644301507234,-0.0007551464695386472,-0.0016865781239951568,-0.005745267245780489,-0.0028147133943795402,-0.0030989137994013117,-0.07160141952562883,-0.027714790008478367,-0.05355753793319219,-0.07295324450912692,-0.08233571283732206,-0.06299842199998543,174.0,-1.8390360997464525,-1.9941150791037305,173.2538557249231,-1.8406064733216567,-1.988812102454451,173.25348594432725,-1.717482792045165,-1.834710638630514,173.18007835823533,-1.8494034149324352,-2.0562656249261475,173.25816146197582,-1.714648785292141,-1.8416363316578672,-0.0018488197723866707,2.9889444787758817,2.9754569123547516,0.9688075378739089,-0.04462380141396821,1.7034869580341718,0.979676563173294,1.9754293079774652,-0.02037677019735595,-0.02903673632615784,-0.03635419425440044,0.9637764278330375,-0.031632646015001514
125.09720935698394,1,3791.4302726621204,Anhui,Other limited liability companies,3155.482853446529,155.71345754255822,Construction industry,4.044855089719812,3.022394297260527,10.171673631391162,0.08600661570870916,0.10067498921834563,6.089916600101743,8.09410272192345,7.08482114241704,,0.00917110295062273,0.02776596851094133,0.031435322376494025,0.04375312729517431,1.0603397885597248,0.08293939412447483,0.011804568310681345,2.0034245454781243,0.004386407253607029,0.006036544941633467,0.006310772543475549,0.006292100924124278,0.0024363523360837434,0.0033996527179217294,0.007679668281719574,0.002713810232001888,0.0032495054804292044,0.004469619415890499,0.005162555574541418,0.0048719545059445575,0.037148579095610604,0.01243418331385279,0.02927144406228714,0.04278428108775087,1.0263487279900472,0.04297748597013265,0.09184189089925505,0.02350926853573146,0.02799825940409039,0.04101533586799163,0.06469096239306438,27.06587419400107,0.0010888667954067292,0.0005449127228712216,0.0012170326088430487,0.004145777468090073,0.002031093571516668,0.002236172218889715,0.05166749239917919,0.019998956886537057,0.038647050608982415,0.05264296757163591,0.059413344670920167,0.04545958043023791,174.0,3.0486448044810177,3.1605495968761828,174.53841675090572,3.0497779840366506,3.1567229757346618,174.53868358410892,2.960932093708525,3.0455235572933037,174.59165440398337,3.0561258458084164,3.205397350945293,174.5353097365767,2.9588870780741816,3.050521128489804,0.0013341059740170228,3.007977649920916,3.017710260533443,1.0225084406215526,0.03220047780691588,2.213963430383434,1.0146653659204783,2.017730179816651,0.014703851212263568,0.020952871652100878,0.026233139898088106,1.0261388831675011,0.022826076750629382
127.90849082513476,1,3819.6591589026834,Anhui,Other limited liability companies,3167.511793484967,169.82747537150277,Construction industry,4.056218332353618,3.028067495886915,10.215164105705444,0.10779486869215818,0.1261792148656431,6.112695378388563,8.11794198004103,7.1063090767358,,0.01149443947048058,0.03479998492074652,0.039398904606901125,0.05483720726354556,1.0756258054233552,0.10395062083752703,0.014795046643006729,2.004292093429126,0.005497625851647365,0.007565796700355454,0.007909495008779178,0.007886093265324268,0.003053559054636608,0.0042608945289565985,0.009625176240290854,0.0034013059949347165,0.004072710147829298,0.00560191834162647,0.006470397604742744,0.006106177901722533,0.04655951373873327,0.015584163457268334,0.03668684604229328,0.05362292102694003,1.0330237116120466,0.053865070944773843,0.1151084075143096,0.029464925389469123,0.035091122597994434,0.05140584486231821,0.08107927209166522,27.0825622544735,0.0013647119150885733,0.000682956711254966,0.001525346267647951,0.005196036771325073,0.0025456351588655233,0.002802666849776534,0.0647565366097602,0.025065338448680485,0.04843759647332107,0.06597913114229667,0.0744646633818804,0.05697596008049746,174.0,3.5676326858835052,3.707886575690247,174.6748150998303,3.5690529364118806,3.703090547848831,174.67514953050016,3.457699513156693,3.563720725995502,174.7415395695202,3.577008916548118,3.7640957140359657,174.67092097844372,3.455136429026932,3.5699843433517637,0.001672078096615844,3.0099986462507684,3.0221968414054583,1.0282105554470713,0.04035789861534765,2.268167276354887,1.0183805766648755,2.0222218068863134,0.018428811523791683,0.02626091062705479,0.03287884132395964,1.0327607063198876,0.028608659064375458
85.14929515427393,1,3390.3017701085023,Anhui,Other limited liability companies,2984.553307597416,-44.84475040417715,Construction industry,3.8833850103476304,2.9417789428218444,9.553680109139933,-0.22360139425774972,-0.2617364695798221,5.766233364910435,7.7553502175135325,6.779480618430324,,-0.023843182175495727,-0.07218641520543603,-0.08172606088968733,-0.11375008987066927,0.8431276391938528,-0.21562718184303184,-0.030689708124533456,1.991096811131354,-0.011403852710710956,-0.01569390743172945,-0.01640684879804855,-0.0163583060192682,-0.006334068312797085,-0.008838472266994123,-0.019965726137223524,-0.007055407850039642,-0.008448117044077493,-0.011620189039637126,-0.013421695701993395,-0.012666186331282622,-0.09657947835786893,-0.03232659142001786,-0.07610037495757857,-0.11123126778918051,0.9314981496836627,-0.11173356497553051,-0.23877203732668278,-0.06111977758051813,-0.07279032883642254,-0.1066323353205042,-0.1681846130994793,26.82873920217799,-0.0028308535524582696,-0.0014166729335735727,-0.003164061112648756,-0.010778259492117585,-0.005280470004740473,-0.0058136367978673335,-0.1343259846124638,-0.05199361242948536,-0.1004752288985047,-0.1368620407847456,-0.15446377696022684,-0.11818655440414223,174.0,-4.3260999848232,-4.617031878811782,172.60021539968517,-4.329046043408297,-4.607083367113122,172.59952168239636,-4.098063056951498,-4.317985315768442,172.46180728587808,-4.345549317383518,-4.733627797120497,172.60829306592308,-4.092746392142052,-4.330978082408911,-0.003468430345964565,2.979259576364933,2.953956577464251,0.9414821910608292,-0.08371532438594753,1.4437344039214164,0.9618727438569938,1.9539047909887424,-0.0382273108286914,-0.05447361550628967,-0.0682013425204118,0.9320437076562953,-0.05934360449853513
94.7441727206574,1,3486.646696926424,Anhui,Other limited liability companies,3025.607968338339,3.326261489396501,Construction industry,3.922167652023205,2.961141517095054,9.70211269444914,-0.14923828898707994,-0.17469078408601088,5.843977123850941,7.836713384276779,6.852818738884913,,-0.015913656190249353,-0.04817938246374252,-0.05454642862723621,-0.07592022778201839,0.895298672918441,-0.1439160600236048,-0.020483233323396507,1.9940577442385985,-0.007611273946017407,-0.01047458536834122,-0.010950423857679645,-0.01091802494857666,-0.004227547509115566,-0.005899061956945935,-0.013325725525973947,-0.004708991190064706,-0.005638527152327967,-0.007755663312111751,-0.008958042987700721,-0.00845379333320791,-0.0644600457400481,-0.02157573841756436,-0.05079167680346713,-0.07423909024281795,0.9542798068518532,-0.07457433847730566,-0.159363631997381,-0.040793175998146886,-0.0485824525666083,-0.07116962453098423,-0.11225146415673751,26.885695397730583,-0.0018893967184072102,-0.000945530082058062,-0.002111789455829348,-0.00719373423498513,-0.0035243443412820022,-0.003880195878859001,-0.08965319816816902,-0.03470209916620337,-0.06706018670488838,-0.0913458382573904,-0.10309376585305996,-0.07888125751228994,174.0,-2.5547991610145258,-2.7489758485738958,173.06574169899565,-2.556765449033235,-2.742335912947356,173.06527869123326,-2.4026004636208333,-2.5493831870692447,172.97336396514893,-2.5677802299514068,-2.8267954677629064,173.07113297614916,-2.39905196177936,-2.558054949913428,-0.002314934627401937,2.986157218086947,2.9692692363517934,0.9609434560533737,-0.055874122855225306,1.6287316272927546,0.9745527236561176,1.969234672502032,-0.025514055847410937,-0.03635732773529868,-0.04551962521591153,0.9546439286349451,-0.03960770471528674
115.89042502184843,1,3698.9823016630116,Anhui,Other limited liability companies,3116.088770012038,109.49086484755361,Construction industry,4.007641126812682,3.003814899631624,10.02924484146721,0.014651346401599739,0.01715012419522441,6.015317417671759,8.016030529336295,7.014449399380397,,0.0015623101212282752,0.004729971287412461,0.005355050813112456,0.007453405983628008,1.010278966759743,0.014128840946051045,0.0020109246017411425,2.000583376076998,0.0007472305659456215,0.0010283338122295245,0.0010750488649537938,0.0010718681286727523,0.0004150360031977756,0.0005791355607353297,0.0013082421546027421,0.00046230134100299394,0.0005535577703570079,0.0007614058733262817,0.0008794485100575445,0.0008299442145379091,0.006328312027767689,0.0021181803917184132,0.004986431137857121,0.007288361687001886,1.004488542396915,0.007321274406970348,0.01564539363227913,0.004004836536433467,0.0047695423635839805,0.006987019412729349,0.011020195263626345,27.011221760410905,0.00018548997043129042,9.28266389235072e-05,0.00020732319470159706,0.0007062389478811223,0.0003459996099734887,0.00038093504229430467,0.008801629067771133,0.003406850073111785,0.006583578730618743,0.008967802617794639,0.010121145756966978,0.007744102644505699,174.0,1.348989486877921,1.3680526236363024,174.09172004107987,1.3491825255885828,1.367400753411784,174.09176549648652,1.3340475048133835,1.348457778085808,174.1007891491993,1.3502638926550723,1.3756925008107015,174.091190756875,1.3336991335606774,1.3493091212779942,0.00022726680500913742,3.0013590037405717,3.0030169674716287,1.0038343441116566,0.005485396103062523,2.036448967442685,1.0024982654466357,2.00302036074918,0.002504821469526104,0.0035693507778856055,0.004468851804961741,1.0044527950400357,0.0038884538672657953
109.32359962320969,1,3633.042918061644,Anhui,Other limited liability companies,3087.9905700068025,76.52216647779628,Construction industry,3.981097918249629,2.99056296977211,9.927656169339786,-0.03624346961189346,-0.04242477026151987,5.96210885015602,7.960344804706882,6.964256092716751,,-0.0038647328273467086,-0.01170067009007064,-0.013246947829586162,-0.01843771117466932,0.9745726154315939,-0.03495093238827285,-0.004974483757141677,1.9985568853169235,-0.0018484463862632487,-0.002543819813744482,-0.002659380223513047,-0.002651511941951375,-0.0010266868557621345,-0.0014326247923798989,-0.003236237372025098,-0.0011436085220365914,-0.0013693522546276778,-0.0018835122640472935,-0.0021755178313179013,-0.0020530575890204293,-0.015654532927290216,-0.005239805582057127,-0.01233508241925063,-0.018029436208982067,0.9888965597082247,-0.018110853379344746,-0.038702473693182644,-0.009906882775836809,-0.011798558233413955,-0.01728399689842266,-0.02726098347594616,26.97224039884825,-0.00045885203464327674,-0.00022962800651761227,-0.0005128615282884555,-0.0017470442063584172,-0.0008559094847714404,-0.0009423302985991444,-0.021772850556457418,-0.008427625947306932,-0.016285993731923177,-0.02218391898972576,-0.025036978078692106,-0.01915681611601786,174.0,0.1366943681606516,0.0895373220522937,173.77310941734905,0.13621684258368327,0.09114987273709985,173.77299697296309,0.17365679182148308,0.13800967195056302,173.75067489593894,0.1335418328378667,0.07063833156915977,173.77441872336567,0.17451856810913746,0.13590367907663015,-0.0005621966278977215,2.9966381921890486,2.992536838193512,0.9905148693858472,-0.013569386834566814,1.9098351095057307,0.9938199667582975,1.9925284441423134,-0.006196251069736178,-0.008829608754480078,-0.011054731091164524,0.9889849890038839,-0.009618983519501636
113.75155484686196,1,3677.5052907208305,Anhui,Other limited liability companies,3106.936950325396,98.75268294525786,Construction industry,3.9989957808962626,2.999498634797873,9.996156557899496,-0.0019255225456467023,-0.0022539191889518035,5.997986940431302,7.997893221222841,6.998101017919079,,-0.00020532333884267545,-0.0006216265798739025,-0.0007037763486778172,-0.000979548286549743,0.9986491083004032,-0.0018568533593954948,-0.0002642815583027512,1.9999233310196851,-9.820321369014522e-05,-0.00013514661967739517,-0.00014128604773923074,-0.0001408680261285866,-5.454523833558093e-05,-7.611167933752927e-05,-0.00017193298791829474,-6.075698646281231e-05,-7.275017175376847e-05,-0.00010006617380348694,-0.00011557968035390287,-0.00010907368189365166,-0.0008316851674480515,-0.00027837742608796944,-0.0006553312791246454,-0.0009578576851897682,0.9994101027069152,-0.0009621831705479541,-0.002056163123082087,-0.0005263272624344141,-0.0006268271257647186,-0.0009182544072954671,-0.001448306104838571,26.99852520361742,-2.4377631261096388e-05,-1.2199546798258949e-05,-2.724701707891078e-05,-9.281597605326062e-05,-4.547227480173252e-05,-5.006359089868185e-05,-0.0011567356844803158,-0.00044773814266643746,-0.0008652330597727414,-0.0011785746956052914,-0.0013301504045176683,-0.0010177524869775679,174.0,0.9541347868818569,0.9516294540194108,173.987945885508,0.9541094171732053,0.9517151246997524,173.98793991162628,0.9560985056114049,0.9542046655973598,173.9867539969488,0.9539673007690489,0.9506253991467698,173.9880154455772,0.9561442895743905,0.9540927795996021,-2.9868064335330025e-05,2.9998213957768547,2.9996035013624773,0.9994960793477686,-0.0007209067056865291,1.9952097707164462,0.999671670690826,1.999603055408075,-0.0003291909207651932,-0.00046909445778921043,-0.0005873094982361655,0.9994148007284984,-0.0005110319136478734
101.3857126114444,1,3553.3363102444773,Anhui,Other limited liability companies,3054.0258574804457,36.670063414670324,Construction industry,3.9490128577047106,2.9745442216667515,9.804857198441317,-0.09776441382390763,-0.11443807231055973,5.897791075377757,7.8930326769368655,6.903583123229015,,-0.010424866700057229,-0.03156180037264715,-0.03573278450941656,-0.04973453271853812,0.9314112756304784,-0.09427787830824101,-0.01341834801693255,1.9961072915318974,-0.0049860645068772694,-0.006861789327221607,-0.007173506054214183,-0.0071522818738883045,-0.002769421352567136,-0.003864412666789963,-0.008729540881682932,-0.003084809980892217,-0.003693739090812373,-0.005080652442952047,-0.005868318563862295,-0.005537989985137666,-0.04222708950639104,-0.014134036469647253,-0.03327308657535078,-0.04863323741963848,0.9700491883592194,-0.04885285496787389,-0.10439741820158299,-0.026723175175370668,-0.03182584730459788,-0.04662246311964643,-0.07353473876338058,26.9251202723236,-0.0012377236693720541,-0.0006194066874706697,-0.0013834107833180721,-0.00471253868870866,-0.0023087604459795844,-0.0025418749986569032,-0.05873085537122769,-0.02273297560880437,-0.04393041416263355,-0.059839685868151304,-0.06753562812822221,-0.05167427176178207,174.0,-1.3287110740621717,-1.4559141542258245,173.3879773362604,-1.3299991684035288,-1.4515644031079105,173.38767402480602,-1.229007328217533,-1.3251631272072477,173.32746166658072,-1.3372148340827108,-1.5068929580277897,173.39150910451005,-1.22668274245044,-1.3308439066977913,-0.0015164890218502137,2.9909317409854586,2.9798686039968736,0.9744144739875692,-0.03660254285908497,1.7567860428082083,0.9833297602642038,1.9798459615869775,-0.016713986277399086,-0.023817298217301962,-0.02981942172429238,0.9702877206616607,-0.025946585562473597
127.0039947829963,1,3810.5768538514712,Anhui,Other limited liability companies,3163.6416265240455,165.28645967827546,Construction industry,4.052562345536013,3.026242212377609,10.201171568019822,0.10078476002395569,0.11797353663059945,6.105366580102587,8.110271985108415,7.0993955919904135,,0.010746933854065218,0.03253687463631432,0.03683671768600724,0.05127103768013047,1.0707077131192395,0.0971905110378739,0.013832896162404615,2.004012970297225,0.005140104616130791,0.00707377831697133,0.007395125260062365,0.007373245377217655,0.002854980207076552,0.003983800321837738,0.008999232424841425,0.0031801124916855626,0.003807853934757521,0.005237614763899165,0.006049615141847796,0.005709081350116774,0.04353165856522508,0.014570695184947606,0.034301029532005166,0.050135718824590336,1.0308761158142452,0.05036212126521483,0.1076226852801329,0.027548764338514723,0.03280907906766957,0.048062823408349636,0.07580653030908091,27.077193071480163,0.0012759620613930086,0.0006385427162321789,0.00142615005151464,0.004858128456644648,0.0023800875840156786,0.002620404007249118,0.060545293865847706,0.023435291040465524,0.045287605949428676,0.06168838071277524,0.06962208238909819,0.05327070326739175,174.0,3.4006545693325694,3.5317874775878497,174.63093056953542,3.4019824582238765,3.5273033447072235,174.6312432515324,3.29787056331847,3.3969970117575263,174.69331581798937,3.4094210455937066,3.5843412270200683,174.62728969038955,3.2954741615038636,3.402853293970139,0.0015633396260261864,3.0093484149586556,3.020753337904494,1.026375968498048,0.03773334646044097,2.2507278400318813,1.0171852522364653,2.020776679831873,0.017230350289272826,0.024553112849153697,0.03074066672101297,1.0306302142645993,0.02674818266762265
125.5015073489933,1,3795.489945147077,Anhui,Other limited liability companies,3157.212767849849,157.74323262273896,Construction industry,4.046489268378766,3.023210175300099,10.177928114137197,0.0891400433040593,0.10434282089360591,6.093192477820186,8.097531110114787,7.087911380372907,,0.009505228259803666,0.02877754943674442,0.032580586677287346,0.04534715881612025,1.0625381119911568,0.08596107547014525,0.012234637088427,2.003549309895539,0.004546214605862891,0.006256470773440965,0.006540689145503897,0.006521337274211039,0.0025251145037260116,0.00352351023229041,0.007959457043535005,0.002812680857237258,0.003367892770287272,0.004632458387091244,0.005350639874411837,0.005049451510871717,0.03850199106173737,0.012887190478478656,0.030337873078528865,0.04434301521422342,1.0273086754395087,0.044543259014542196,0.0951879115859372,0.024365767656983343,0.02901830324508604,0.04250962307115971,0.06704780953862251,27.068274149116192,0.0011285368281858754,0.0005647652022279831,0.001261372030055778,0.0042968180992746675,0.002105091188947442,0.0023176413440365016,0.05354986325091052,0.020727566922754855,0.04005505549162095,0.05456087732695934,0.06157791552619518,0.047115782137738905,174.0,3.1232818554861708,3.239263608259948,174.55803256640067,3.1244563194948753,3.235297574118823,174.55830912097838,3.0323735599771697,3.1200468937662746,174.61320979505504,3.131035449118343,3.285745273732636,174.5548123560767,3.0302540395112065,3.1252265384854656,0.0013827106591294393,3.0082682948695894,3.018355487864144,1.023328477177935,0.03337361855791782,2.221758632085474,1.0151996604266913,2.018376132854685,0.015239547830096699,0.02171623509450028,0.02718887619572069,1.027091185466037,0.02365768555414564
114.9764212235508,1,3689.8045264961024,Anhui,Other limited liability companies,3112.1779211663484,104.90211553481365,Construction industry,4.003946709499459,3.0019704293600555,10.015105218962898,0.0075675498444940205,0.008858190648775653,6.007911581539517,8.008279910013785,7.00746324242407,,0.0008069469788566029,0.002443071953892994,0.0027659310507873857,0.0038497500329523534,1.0053091771344482,0.007297671160958624,0.0010386603210428358,2.000301318897237,0.00038595118824748736,0.0005311434981822415,0.0005552722355889603,0.0005536293572015962,0.00021436976202513451,0.00029912863312719673,0.0006757186296915027,0.0002387827265373095,0.00028591747844595625,0.0003932728597323999,0.0004542429243772299,0.0004286735184269004,0.0032686290658184196,0.001094058884049643,0.00257553573218026,0.003764503195765345,1.0023183717992,0.0037815029063756962,0.008080984020422463,0.002068533449267294,0.0024635107643012676,0.0036088572490855487,0.005692028204619033,27.00579613838379,9.58072083217721e-05,4.7945779022314893e-05,0.00010708426152921806,0.0003647786554026091,0.00017871185506636948,0.00019675631447508673,0.004546119165937739,0.001759668158427851,0.0034004765728334794,0.004631949272480172,0.005227661192344335,0.003999897426271762,174.0,1.1802561528996882,1.190102431436636,174.04737421146055,1.1803558590990235,1.1897657347071362,174.0473976895796,1.1725384871678495,1.1799815206115163,174.05205848591953,1.18091439474152,1.1940484954868835,174.04710083149308,1.1723585503383611,1.1804212468909343,0.00011738531243229393,3.0007019374372654,3.0015582903505904,1.0019804726057624,0.002833255544499749,2.018826213669533,1.0012903761725358,2.0015600430084213,0.001293762416273761,0.0018436012079533896,0.0023082014345120203,1.0022999079735844,0.0020084207725329936
130.66894761370955,1,3847.3776999095094,Anhui,Other limited liability companies,3179.3232643620913,183.6863282723484,Construction industry,4.067376140856281,3.033638129720121,10.257868323130591,0.12918921555523075,0.15122235395471287,6.135062343016496,8.141350252265205,7.1274085343442515,,0.013775772784502639,0.041706834544084005,0.04721851458845185,0.06572090003512777,1.0906354689876487,0.12458198915600413,0.017731460626122887,2.0051439571282574,0.006588754917627618,0.009067401376596132,0.0094793144425114,0.009451268090062116,0.0036596073978869587,0.005106566095752591,0.011535511691332299,0.004076372638885045,0.004881032238041689,0.006713746627642869,0.007754595381291737,0.007318087982620327,0.05580030969486692,0.018677195645356838,0.043968186230966495,0.06426561103788822,1.039578019340292,0.06455582112220172,0.13795429273218549,0.03531291093576735,0.04205575512442852,0.06160850561154681,0.09717130032622177,27.098948614338624,0.001635570077761923,0.0008185050258484879,0.0018280859762471549,0.006227308615224033,0.003050874436359665,0.003358919920569653,0.0776089462159816,0.030040125760151005,0.05805114072395903,0.07907419247971205,0.08924387186149317,0.06828413706153603,174.0,4.077237873637221,4.245328342344483,174.80874752620062,4.078940005231042,4.239580433542043,174.80914833225398,3.9454859589089484,4.072549496209367,174.88871498663875,4.088475030833315,4.312693464432591,174.80408052773106,3.9424141723559956,4.0800562710921735,0.0020039400786857563,3.0119831053316637,3.0266023101448765,1.0338095827083615,0.04836784280023515,2.321391180212931,1.0220286207460336,2.026632230594029,0.02208642891131461,0.031472986468065865,0.03940439624392115,1.0392628146576097,0.03428669905585754
120.91323976336872,1,3749.417829927303,Anhui,Other limited liability companies,3137.580441349263,134.7078691270766,Construction industry,4.0279434207164275,3.0139509980675228,10.106947696188895,0.053579628580767855,0.06271760009672779,6.056015435522002,8.058623268077124,7.052841113082435,,0.00571333130272898,0.017297393552143762,0.019583294649724216,0.027256930067591428,1.0375899392509726,0.051668838440916465,0.007353903887867575,2.00213339256828,0.002732604573678765,0.003760592522082956,0.00393142836921193,0.003919796491575553,0.0015177768847616047,0.002117885100220252,0.004784210735039676,0.0016906251114659854,0.00202434772346165,0.002784443338776221,0.003216122480023267,0.0030350864377107992,0.023142487980079205,0.007746135784691171,0.018235261182602887,0.026653366963545498,1.016414493788057,0.026773728004992205,0.05721483588197037,0.014645592853184118,0.017442104045343198,0.025551365366651747,0.040300594425108006,27.041037713419495,0.0006783324514176389,0.0003394648313945747,0.0007581760381473818,0.002582699192247011,0.001265312421351658,0.0013930704742124852,0.032187350119943656,0.012458770446363924,0.024075992297901035,0.03279504287705674,0.037012791562343675,0.028320000907128433,174.0,2.276246330744737,2.3459597727111987,174.33541802915366,2.2769522687613164,2.3435758986592723,174.33558425850478,2.2216038543924608,2.2743018842199154,174.36858354386328,2.280906802644677,2.3738986235298714,174.33348244928726,2.2203298689295154,2.27741522621469,0.0008311093511377096,3.004969844658901,3.0110329789590176,1.014022106072858,0.02005996430392163,2.133293015140119,1.009136097875093,2.011045388095072,0.009160073096332502,0.013053031694937206,0.01634248575722709,1.0162837665462168,0.014219984174205549
101.29331312578395,1,3552.408500418622,Anhui,Other limited liability companies,3053.63049761158,36.20617247995909,Construction industry,3.9486393775723605,2.974357758432434,9.803427780041455,-0.09848053684179763,-0.11527632965287002,5.8970423963779774,7.89224914273243,6.902876870901935,,-0.010501228708587168,-0.03179299013637459,-0.03599452667591272,-0.050098837502566176,0.9309088641458947,-0.09496846250031697,-0.013516637235894082,1.9960787774946633,-0.005022587362407202,-0.0069120518418620165,-0.007226051889692202,-0.007204672242530562,-0.002789707326770199,-0.003892719437659561,-0.00879348465136834,-0.0031074061725608207,-0.0037207956800307694,-0.005117868153843031,-0.005911303918507415,-0.005578555687381272,-0.04253640236974534,-0.014237568096910338,-0.03351681148752356,-0.04898947523039693,0.9698297990663108,-0.049210701474222816,-0.10516212788743147,-0.026918922074530303,-0.032058971208554644,-0.04696397203567024,-0.07407337973695441,26.924571779324307,-0.0012467899786225865,-0.0006239438331352639,-0.001393544248721094,-0.0047470579712950624,-0.0023256720852304264,-0.002560494198874438,-0.05916105809782982,-0.022899494349743373,-0.04425220385621231,-0.06027801076324733,-0.06803032569698574,-0.05205278510824337,174.0,-1.3457688513957011,-1.4739036924127027,173.38349427847047,-1.3470663810108046,-1.4695220794262847,173.3831887452637,-1.2453347769521734,-1.342194915877728,173.32253533232333,-1.3543349013441506,-1.5252559152676661,173.3870519168751,-1.242993163625565,-1.3479173070017239,-0.0015275972835627066,2.9908653161100003,2.9797211417915963,0.9742270603532449,-0.03687065599380809,1.755004503839122,0.9832076509820876,1.979698333526352,-0.01683641600234483,-0.023991759606781387,-0.030037848587827792,0.9700700786146631,-0.02613664395315149
119.45285912579294,1,3734.753727683153,Anhui,Other limited liability companies,3131.331749668366,127.37603893173592,Construction industry,4.022040539873478,3.011003932993833,10.08435563369814,0.04226125183901769,0.049468881413224385,6.044182509102299,8.046239452595287,7.041678743331796,,0.004506424165677039,0.01364342240565924,0.015446440540029254,0.02149906627681342,1.029649288943913,0.04075410471144769,0.005800435584143965,2.00168272612162,0.0021553581673416458,0.0029661897973051773,0.003100937591380797,0.003091762878468957,0.0011971555768748605,0.0016704945136301016,0.0037735747723532677,0.0013334906473516921,0.0015967163494235795,0.002196246302717665,0.002536735801900954,0.002393942542993361,0.018253775522785655,0.006109810833843018,0.014383171096950517,0.021023002276064077,1.0129470299470509,0.02111793776589335,0.04512854329497786,0.01155179877678916,0.013757563670890873,0.02015379193909576,0.03178733439135747,27.032368741397757,0.0005350387697578966,0.0002677549118958488,0.0005980158753462563,0.002037119403010507,0.0009980227244982022,0.0010987926512302435,0.025387964520863438,0.009826929551118418,0.018990082625191355,0.025867285810117793,0.029194060259737215,0.022337569746554074,174.0,2.0066469107922402,2.061633804235673,174.26456297247455,2.0072037236162865,2.0597535093488,174.2646940868674,1.9635473314297207,2.005113216990143,174.2907224701538,2.0103228858198596,2.0836707395750214,174.2630362723022,1.9625424677919,2.0075688840708477,0.0006555424612779196,3.0039199946377755,3.00870232800548,1.011060019857457,0.015822416574832996,2.1051356612658667,1.0072061517287898,2.0087121157856083,0.00722506232764129,0.010295656657844559,0.012890233182945963,1.0128439180547895,0.011216097390952357
99.82063559944946,1,3537.6209215756985,Anhui,Other limited liability companies,3047.329189876683,28.81260584550786,Construction industry,3.9426867925172258,2.9713858780945293,9.7806454849003,-0.10989421806522978,-0.1286366069366826,5.885109832797846,7.879761051421767,6.891620510300161,,-0.011718298403553509,-0.035477728930388655,-0.0401662144676554,-0.05590518441390964,0.922901350932696,-0.10597510190358672,-0.015083186257363166,1.9956243162872274,-0.005604694374714064,-0.007713143700749675,-0.00806353567499506,-0.008039678172967902,-0.0031130283722837736,-0.004343877201198955,-0.00981263050366089,-0.0034675478271733447,-0.004152027851902625,-0.005711018003801274,-0.006596411257524612,-0.0062250982260883755,-0.047466279405446676,-0.015887671445921247,-0.03740133744780548,-0.054667249453756554,0.9663331380310729,-0.054914115340767386,-0.11735019106191567,-0.030038766921950934,-0.03577453663356288,-0.05240699481957749,-0.08265832424043529,26.915829811686315,-0.0013912902405517867,-0.0006962575739120069,-0.0015550530131503628,-0.005297231723094905,-0.002595212449878283,-0.002857249938613628,-0.06601769677613349,-0.025553496217194868,-0.049380938573210464,-0.06726410183969561,-0.07591489330732501,-0.058085590321030854,174.0,-1.6176383877762506,-1.76062377973341,173.31204259874147,-1.6190862982674101,-1.7557343472785445,173.31170165489686,-1.5055642213264173,-1.613650240861555,173.24401864257965,-1.6271972243868267,-1.817927614151202,173.3160125597426,-1.5029512200797637,-1.6200358447402698,-0.0017046425047963663,2.989806626003906,2.977370865984939,0.9712400323906397,-0.0411438852785772,1.7266100557173685,0.9812614540498861,1.9773454142910831,-0.018787720202732738,-0.026772352655140934,-0.033519170272435804,0.9666012654593957,-0.029165824458237892
126.98998117104279,1,3810.436139141067,Anhui,Other limited liability companies,3163.581664937196,165.21610444305603,Construction industry,4.052505702302453,3.0262139327460655,10.20095477769213,0.10067615043579663,0.11784640374638092,6.105253032966414,8.11015315171649,7.099288479423907,,0.01073535253899749,0.03250181163121918,0.0367970210023414,0.05121578601027877,1.0706315157298751,0.09708577475260337,0.013817989293996248,2.004008645763921,0.005134565438924636,0.007066155337568966,0.0073871559846611125,0.007365299680431505,0.002851903569056884,0.00397950722323672,0.008989534500996814,0.0031766854784353515,0.0038037504428453947,0.005231970505954733,0.00604309584062685,0.005702929021391127,0.04348474715215503,0.014554993235537276,0.034264065404789726,0.05008169061861651,1.0308428425076288,0.050307849079140946,0.1075067068770284,0.027519076715620292,0.032773722724462814,0.04801102903532239,0.07572483823545113,27.07710988521569,0.0012745870349112117,0.0006378545976970406,0.0014246131765971305,0.004852893147945451,0.002377522708808147,0.0026175801576912086,0.06048004789582033,0.023410036256828717,0.04523880225897282,0.06162190290777952,0.06954705491774975,0.053213296679913244,174.0,3.3980675303395174,3.529059124658481,174.63025065414647,3.3993939882459654,3.524579824054335,174.6305629991851,3.2953942883790295,3.3944139142911673,174.69256867382353,3.4068245595039297,3.5815562401206362,174.62661369855394,3.2930004690204817,3.4002638855456633,0.0015616549102725834,3.009338340742094,3.0207309732981567,1.026347544725692,0.03769268353463793,2.2504576459327,1.0171667327384046,2.0207542900713644,0.017211782191791525,0.024526653457139114,0.030707539379622166,1.0305972059510835,0.02671935778276066
113.26172642585078,1,3672.5867825846763,Anhui,Other limited liability companies,3104.8410674434367,96.29350297854212,Construction industry,3.9970158869368912,2.9985101553600333,9.988578920937941,-0.005721835962280608,-0.006697691439955255,5.994018041149175,7.993739547428843,6.994357031037156,,-0.0006101338396383057,-0.00184721042496929,-0.0020913246798233706,-0.002910801862820176,0.9959857230831316,-0.005517780278652795,-0.0007853326505488226,1.9997721723229112,-0.0002918182812110781,-0.000401598407870662,-0.00041984218297029204,-0.0004186000001196151,-0.000162085303537629,-0.00022617161505983775,-0.0005109118849828103,-0.0001805439831845528,-0.00021618264088567058,-0.00029735420817122326,-0.0003434537669024003,-0.000324120700122907,-0.0024714154145628873,-0.0008272195884064762,-0.0019473664894655287,-0.002846346599398001,0.998247075551904,-0.0028592001064798793,-0.006110044324625092,-0.0015640212912253787,-0.0018626642406458901,-0.00272866246207532,-0.0043037511940804815,26.995617530940898,-7.243997611989019e-05,-3.625187653690086e-05,-8.096657322421761e-05,-0.0002758096968827522,-0.00013512430578156343,-0.00014876774902096692,-0.0034373276247927896,-0.0013304877744410506,-0.002571105515411672,-0.003502223899062881,-0.003952642588900515,-0.0030243285355731494,174.0,0.8637080482748047,0.8562632620778126,173.96418028656703,0.8636326602656416,0.8565178389877532,173.96416253472543,0.8695433870881228,0.8639156981661377,173.96063849951474,0.8632103506157387,0.8532796370398359,173.96438698957675,0.8696794375989305,0.8635832204565967,-8.875521349982634e-05,2.999469264034681,2.9988217742927494,0.9985025616466593,-0.002142228832049868,1.9857654711734358,0.9990243446107914,1.9988204491054944,-0.000978215733255896,-0.0013939496810115805,-0.0017452346198667977,0.998261036078571,-0.0015185700047990961
111.26636940289758,1,3652.5508285016776,Anhui,Other limited liability companies,3096.303313306649,86.27582779513347,Construction industry,3.988950623373012,2.9944835017324913,9.957710783279833,-0.021186436039128374,-0.024799769206573178,5.97785039812096,7.976819209979248,6.979105587473983,,-0.0022591632570418017,-0.006839728677545705,-0.0077436188066580475,-0.010777924759771542,0.9851362007398963,-0.02043087214004062,-0.002907877835012253,1.9991564147346397,-0.0010805254450990285,-0.0014870120426130284,-0.00155456388730214,-0.0015499644147397916,-0.0006001587495552665,-0.000837453308329677,-0.0018917707610241303,-0.0006685063285988359,-0.0008004667949391138,-0.0011010235095719665,-0.001271717908874675,-0.0012001327069457693,-0.009150993658665237,-0.003062974020160911,-0.007210579933745405,-0.010539264070286344,0.9935093872061636,-0.010586857186807663,-0.022623868306128905,-0.0057911546693789,-0.0068969500448745015,-0.010103511024473195,-0.01593564548211297,26.983772883209827,-0.0002682259559444487,-0.000134231052517154,-0.0002997976761708089,-0.0010212499170718524,-0.0005003293489440866,-0.0005508473888618002,-0.012727509552576378,-0.004926442197899413,-0.009520119575467157,-0.01296780318788238,-0.014635583743980232,-0.011198283820547071,174.0,0.4953471688267507,0.46778110653007987,173.86736913246193,0.4950680270888922,0.46872373708695925,173.8673034021161,0.5169538757211809,0.49611604112058416,173.8542548374451,0.4935043268281094,0.45673353693029684,173.86813449870513,0.5174576345608819,0.494884964631489,-0.0003286369386241129,2.998034825944501,2.995637343721338,0.9944553842324858,-0.00793210333721472,1.9472933274356,0.9963874077069031,1.995632436905552,-0.003622072565819342,-0.00516142475128631,-0.006462139406097693,0.9935610793216406,-0.005622860649921774
103.93083393852697,1,3578.8926059141186,Anhui,Other limited liability companies,3064.9159487718603,49.44782622292402,Construction industry,3.959300276982986,2.9796803060397945,9.844230180106873,-0.07803897971982188,-0.09134847798816705,5.918413256073454,7.91461493575522,6.923036671558916,,-0.008321493774339649,-0.025193734640893993,-0.02852316028494617,-0.03969984617498606,0.945250077602648,-0.0752559049407962,-0.010710995420614251,1.9968927037424413,-0.003980051347055336,-0.005477320603724496,-0.005726143814385982,-0.005709201930184595,-0.002210649134130818,-0.0030847095577726112,-0.0069682253202690055,-0.00246240338505954,-0.0029484719308748015,-0.0040555547509664456,-0.004684297439961875,-0.004420617597290278,-0.03370714202359893,-0.011282283013538532,-0.026559743232815215,-0.03882075368995193,0.9760922129964686,-0.03899606010997231,-0.08333367616267329,-0.021331374515437602,-0.02540450615132006,-0.037215683207957734,-0.05869800434127419,26.94022837839452,-0.0009879943893168275,-0.0004944321152368526,-0.0011042869469661877,-0.003761713457612707,-0.0018429334619266906,-0.002029013663681369,-0.046881026050014686,-0.018146257448053718,-0.035066795430248585,-0.04776613339406323,-0.05390930408846702,-0.04124821382673833,174.0,-0.8588587521160131,-0.9603967065200587,173.51146207116147,-0.859886954140151,-0.9569245828095991,173.51121995733382,-0.7792717296440661,-0.8560266566548043,173.46315634380989,-0.8656467512440023,-1.0010897734596105,173.51428125229322,-0.7774161638564789,-0.8605612538371061,-0.0012105146585818407,2.9927613980010705,2.983930414524354,0.9795767368973188,-0.029217431866558417,1.8058580997881828,0.986693230698344,1.9839123405596304,-0.013341689323568164,-0.019011801737069796,-0.023802906969711688,0.9762826178358642,-0.020711473483139092
132.0781871741224,1,3861.5282798807,Anhui,Other limited liability companies,3185.3531330764295,190.76140506784412,Construction industry,4.073072308684209,3.036481991506627,10.27966923406717,0.14011123400283806,0.16400711568954873,6.1464808921242,8.153300398848103,7.138180009010383,,0.01494041523422833,0.04523284725593491,0.05121050018250638,0.07127712916379018,1.098298045620196,0.13511449976808207,0.01923052801521731,2.0055788416842715,0.00714578672905097,0.009833984908212235,0.010280722259462789,0.01025030478975327,0.0039690008665208285,0.005538289509057871,0.012510756187971088,0.00442100060933812,0.005293688386762292,0.007281345588628337,0.008410190613789992,0.007936779655945194,0.06051782430512465,0.020256218124218066,0.047685379953821376,0.06969880595501728,1.0429240560469675,0.07001355121342352,0.14961733537604605,0.03829836342126739,0.04561126656029362,0.06681706138709573,0.10538643446245512,27.107314007583927,0.0017738457572363693,0.0008877037353023323,0.001982637489471938,0.0067537827429761535,0.0033088039139251364,0.0036428924269342683,0.08417022409530993,0.03257980220536128,0.06295894689931789,0.08575934638579673,0.09678879897184023,0.07405706943410083,174.0,4.337396190096483,4.51969749824725,174.8771213092804,4.339242224666942,4.513463645121163,174.87755600060112,4.194505599148332,4.332311444097645,174.96384944300198,4.349583368063793,4.5927578566057345,174.8720597496769,4.191174115148853,4.340452862773276,0.002173358790713993,3.0129961906494245,3.0288513440205183,1.0366679396111385,0.05245699582330069,2.3485624915650245,1.023890982098175,2.02888379402832,0.023953677527806253,0.0341338009743553,0.04273575436730058,1.0425822030767775,0.0371853927121832
111.71491334289772,1,3657.0547872833245,Anhui,Other limited liability companies,3098.222547726963,88.52773933012148,Construction industry,3.9907636448295567,2.9953886686085625,9.964649750054381,-0.017710089415841224,-0.020730533881653558,5.98148478445933,7.9806227973766255,6.9825340178289625,,-0.001888471624642322,-0.005717441396736748,-0.006473017982582114,-0.0090094441018885,0.9875751063808285,-0.017078501158735937,-0.002430742781527709,1.999294833238973,-0.0009032289439079586,-0.0012430177585542076,-0.0012994854536134285,-0.0012956406790513237,-0.0005016825434298249,-0.000700040957559788,-0.0015813622107151584,-0.0005588154058887291,-0.0006691233243100368,-0.0009203636122399498,-0.0010630498605948497,-0.0010032106160578942,-0.007649465707183889,-0.002560390226806646,-0.006027442045035683,-0.008809943716688126,0.9945743902971622,-0.008849727583479806,-0.018911662626681366,-0.004840921183074368,-0.005765273676314968,-0.008445690597837775,-0.013320867458129488,26.986435486894326,-0.00022421447640615566,-0.00011220593865201493,-0.0002506057952286378,-0.0008536795577066312,-0.0004182335099119362,-0.00046046236814950846,-0.010639134010118973,-0.004118093843893218,-0.007958024115978696,-0.010839999401516908,-0.012234124525721118,-0.009360829136131376,174.0,0.5781524203726638,0.5551094967202356,173.88913168222055,0.5779190812150992,0.5558974570651283,173.8890767371463,0.5962138210903456,0.5787951333352408,173.87816922789625,0.5766119585170253,0.5458746520734747,173.8897714644179,0.5966349213678368,0.5777660563040992,-0.0002747130077768762,2.9983572787713655,2.996353184054034,0.995365164729084,-0.006630575293471807,1.955941627831927,0.996980174843208,1.9963490823662295,-0.003027749872269931,-0.004314519614794884,-0.005401808330965023,0.9946176005844188,-0.004700241451606911
107.6661523860229,1,3616.4000133797954,Anhui,Other limited liability companies,3080.898667734168,68.20096487588891,Construction industry,3.974398491201055,2.9872182220135355,9.902015490057833,-0.04908917009392245,-0.05746129677606577,5.948679165663128,7.946289893111866,6.951587451112214,,-0.005234502357548352,-0.01584771519986774,-0.017942037067512955,-0.02497255228839754,0.9655604383496315,-0.04733852148598074,-0.006737580090942756,1.9980454050646594,-0.0025035875438094526,-0.003445420785106485,-0.0036019390398982646,-0.0035912820190317787,-0.001390573425651365,-0.001940387133654259,-0.004383250514391056,-0.0015489354043711997,-0.0018546890368314958,-0.0025510817505580473,-0.0029465822673025947,-0.002780718686131799,-0.02120293773851284,-0.007096939399871347,-0.01670698102265691,-0.0244195732427839,0.984961189561945,-0.024529846938081218,-0.0524197140760704,-0.013418159433720862,-0.015980297642172916,-0.023409929367553508,-0.036923039353251856,26.96240161890487,-0.0006214820440136514,-0.0003110146018297421,-0.0006946340145238028,-0.0023662455919889976,-0.0011592677724529732,-0.0012763185425660871,-0.02948975845416182,-0.01141461256456377,-0.022058205933810023,-0.030046521050487038,-0.03391078416894744,-0.02594652815658138,174.0,-0.1692853211408909,-0.23315614483213243,173.69269304170572,-0.16993209515350638,-0.2309720610316801,173.69254074388084,-0.11922237955169046,-0.16750383685807946,173.66230709771997,-0.1735552032560541,-0.25875346673217337,173.69446640243646,-0.11805516561713669,-0.1703562525763349,-0.0007614548548642413,2.9954466733670353,2.989891684673673,0.9871530735035251,-0.01837875748445715,1.8778781476119872,0.9916295899306374,1.9898803155356886,-0.00839237594976596,-0.011959069334499492,-0.0149728373328438,0.9850809606760902,-0.013028220619487874
108.79286627401981,1,3627.713671770198,Anhui,Other limited liability companies,3085.7196626977584,73.85762362154203,Construction industry,3.978952685945777,2.989491943714522,9.919445733866793,-0.04035680817649768,-0.047239636097486035,5.957808513306943,7.955844263069097,6.960199450407055,,-0.004303348521452343,-0.013028600832589976,-0.014750368499688233,-0.02053024120090373,0.9716868144124795,-0.038917578506898864,-0.005539047141838531,1.9983931035558888,-0.0020582299938107134,-0.002832522640855875,-0.0029611982157875046,-0.0029524369483629625,-0.0011432074505837958,-0.0015952160362703728,-0.003603523951624418,-0.0012733987735460519,-0.0015247625808962036,-0.002097275563079469,-0.0024224213835817693,-0.002286062901334674,-0.01743119489398997,-0.005834480832591951,-0.013735013793260835,-0.020075630352385524,0.9876364096828266,-0.020166287708366745,-0.04309488919016661,-0.011031233270235679,-0.013137598482813932,-0.019245589752365413,-0.030354883034719376,26.96908991024497,-0.0005109280028040606,-0.00025568891472635977,-0.0005710671340210395,-0.001945319492500566,-0.0009530482391241853,-0.0010492771113444369,-0.024243891734751548,-0.009384092841573067,-0.01813432135612059,-0.02470161308666594,-0.027878471141443456,-0.02133095869532516,174.0,0.03871621136410952,-0.013792775340097707,173.74735918445032,0.038184490524039716,-0.011997213288272413,173.74723397854254,0.07987356901755871,0.04018079141981856,173.72237852760995,0.035205888962484,-0.034836647293433165,173.74881708603436,0.08083314989390256,0.03783578550994049,-0.000626001365556262,2.9962566543875178,2.991689830122782,0.9894383843262408,-0.015109401705172368,1.8996021289104708,0.9931185833274107,1.9916804834151502,-0.006899475091995686,-0.009831697422841222,-0.012309353019074386,0.9877348749832053,-0.01071065979351031
121.87145987339407,1,3759.0395938046563,Anhui,Other limited liability companies,3141.6804834039995,139.51860610598425,Construction industry,4.031816561037013,3.015884697369268,10.121771344249257,0.061006114476110596,0.07141066842970391,6.063779540142447,8.066748835294472,7.0601652359141065,,0.006505236275925584,0.019694925088734105,0.022297666984002044,0.031034918307882627,1.042800149942025,0.05883047636328054,0.008373202918965338,2.0024290946893513,0.0031113613859508594,0.004281835167154316,0.00447634997665627,0.0044631058449320785,0.0017281506578826307,0.0024114377850999657,0.005447333539083763,0.0019249567758911675,0.0023049355179980504,0.003170385341913308,0.003661898026966135,0.0034557692087163437,0.026350187718201093,0.008819800714295918,0.020762787288282184,0.03034769742199169,1.0186896496602638,0.03048474128861523,0.06514518521317719,0.016675567521432285,0.019859693399897578,0.029092951218000863,0.04588651959853152,27.046725808092038,0.00077235375235317,0.0003865168705574894,0.0008632641808358036,0.002940678141172018,0.0014406929736114587,0.001586159125664447,0.036648726729038364,0.014185637269521524,0.027413081821528712,0.03734064966483959,0.04214300582037366,0.03224533769769319,174.0,2.453142394142623,2.5325185737426485,174.3819091551382,2.453946179771476,2.5298042792027147,174.3820984249613,2.3909261142634137,2.4509284346504043,174.41967162644733,2.458448837837205,2.564329931464279,174.37970529128108,2.3894755461080903,2.4544733061466717,0.0009463065265792569,3.005658697535246,3.0125622217849406,1.0159656614078134,0.022840406160467584,2.1517682961957463,1.0104024206138849,2.0125763509081676,0.01042971895712221,0.014862267002117152,0.018607660846821698,1.0185408027702778,0.016190966704301712
119.40396139439451,1,3734.2627314905963,Anhui,Other limited liability companies,3131.1225255527193,127.130548232718,Construction industry,4.021842894496301,3.0109052568044348,10.083599186663042,0.04188228013017394,0.04902527632090079,6.043786308794763,8.045824806942273,7.041304995184366,,0.004466013453913299,0.01352107697388535,0.015307926801976573,0.021306276486380695,1.0293834132017585,0.040388648128104485,0.00574842101075332,2.0016676365166965,0.002136030302399092,0.002939590916123863,0.003073130378700495,0.0030640379387095705,0.0011864202561028142,0.0016555145938952106,0.003739735782316346,0.0013215327614073992,0.0015823980247846219,0.002176551779291025,0.002513987987771039,0.0023724752069133083,0.01809008741129594,0.006055021982314589,0.014254192074985747,0.02083448152121435,1.0128309293146756,0.020928565690667512,0.044723859561630976,0.011448209679633807,0.01363419469370713,0.01997306570315902,0.03150228603359069,27.032078479356127,0.0005302408864002247,0.00026535385816230106,0.0005926532538352102,0.002018851827212743,0.000989073098992344,0.0010889393858729399,0.02516030159371718,0.00973880797112215,0.018819791785465015,0.02563532463812148,0.02893226671545547,0.022137260796631954,174.0,1.997619949133878,2.052113755504272,174.26219054199953,1.9981717688188603,2.0502503218918617,174.26232048064287,1.9549068590619187,1.996100008510774,174.2881154581388,2.00126296038316,2.073953077789585,174.2606775322918,1.9539110063945122,1.998533654749468,0.0006496639783660442,3.0038848426486155,3.0086242911283967,1.010960840717161,0.01568053132566331,2.1041928723167342,1.0071415315976766,2.0086339911380113,0.007160272618447659,0.010203331834809157,0.012774641867398958,1.0127287420635052,0.011115518647781226
120.10323526024024,1,3741.284341611671,Anhui,Other limited liability companies,3134.11458575658,130.6412475069367,Construction industry,4.024669370142766,3.0123163995804707,10.094416940931247,0.04730185695532294,0.05536915852047235,6.049452267373554,8.051754547657186,7.046649871202775,,0.005043916637321753,0.01527070749044196,0.017288776103380758,0.02406331363710199,1.0331856337288425,0.04561494862353703,0.006492268031360814,2.0018834290712224,0.002412433122129004,0.003319974666839616,0.0034707941670448998,0.0034605251631967615,0.001339943314180776,0.0018697385687811065,0.004223658465489946,0.0014925394092101952,0.001787160698560489,0.002458198087589414,0.002839298620212251,0.0026794740524791346,0.020430948944967456,0.0068385432402099525,0.016098687856750973,0.023530468293315135,1.0144912545630338,0.023636726976256982,0.05051113742850167,0.01292961068445852,0.015398462669613002,0.022557585067328825,0.03557868919970824,27.036229442072678,0.0005988541808710476,0.00029969070934830424,0.0006693427232206277,0.0022800917249013427,0.0011170593888747652,0.001229848396588839,0.028416050492947483,0.010999011995851087,0.021255077235484095,0.028952541630179202,0.032676108781903655,0.02500182751107095,174.0,2.1267122034196486,2.188257521054501,174.29611805933567,2.1273354287006754,2.1861529586976767,174.2962648120698,2.0784720295221426,2.124995582125125,174.32539766567484,2.130826621174952,2.2129228567413435,174.2944092658186,2.0773473132871185,2.1277441427551764,0.0007337306488133891,3.0043875421941593,3.0097402764135226,1.0123791760644787,0.017709595739407176,2.1176754543155747,1.0080656474534166,2.009751231606646,0.008086813566650012,0.011523645355929936,0.014427683506940802,1.014375844257709,0.012553869355426342
120.37071523435522,1,3743.9701850060314,Anhui,Other limited liability companies,3135.2590818188073,131.98412873968198,Construction industry,4.02575052828363,3.0128561772722198,10.098554851373734,0.04937490492652337,0.057795763502309604,6.051619559085735,8.054022738948754,7.048694345290654,,0.005264970985394811,0.015939960480060446,0.018046472831006136,0.025117910786699522,1.034640025059389,0.0476140662647271,0.006776797729288188,2.001965972105816,0.0025181602523389195,0.00346547565116734,0.0036229049565482075,0.0036121859040346704,0.0013986675788879661,0.0019516816043441256,0.004408764234618575,0.001557951340017104,0.0018654846819901299,0.0025659309100682266,0.0029637335287576506,0.0027969045003709055,0.021326354326199497,0.007138248771928794,0.01680422785768472,0.024561712999055248,1.0151263473015792,0.024672628567820903,0.0527248351078144,0.01349626292441486,0.016073314649039456,0.023546192258864142,0.03713795841683621,27.037817231141034,0.0006250995235406215,0.0003128249340276634,0.0006986772919611503,0.0023800188700221366,0.0011660155578049711,0.0012837476489129212,0.029661410392445145,0.011481053948765207,0.022186600807219268,0.030221413753830254,0.03410816970672169,0.026097555905985396,174.0,2.176091415944687,2.240334014491372,174.30909570929816,2.176741954654564,2.2381372177275938,174.30924889360764,2.1257370714613835,2.174299562121866,174.3396585216767,2.1803861518931718,2.266080331505287,174.30731202631242,2.124563063489009,2.1771685809834667,0.0007658870784090988,3.0045798303204534,3.0101671531062717,1.0129217049941535,0.01848573527982804,2.122832690786426,1.008419131971065,2.010178588420945,0.008441225708939773,0.012028679854861071,0.015059990184698403,1.0150058790320498,0.013104054381408778
145.6693636155805,1,3998.0011937414756,Anhui,Other limited liability companies,3243.5071985153704,258.9958059217892,Construction industry,4.128008051452342,3.0639091432849916,10.489924491900501,0.24544682348543975,0.2873076228433858,6.256605188934886,8.268551599049907,7.242063704043181,,0.026172615542880286,0.0792388901231605,0.08971054097376745,0.12486325643280917,1.1721984908919956,0.23669354574543378,0.033688034002949674,2.0097730134195007,0.012517987343644725,0.017227172218578526,0.018009766594947567,0.017956481279378118,0.006952894691361882,0.009701974129450999,0.021916339454094828,0.007744707723916379,0.009273481946681362,0.012755459318789129,0.014732969741883805,0.013903648548382278,0.1060151089643669,0.03548483767059542,0.0835352362689536,0.12209835024392492,1.075194350280476,0.12264972090618996,0.2620996094122071,0.06709106313524175,0.07990180496265534,0.11705011085522295,0.18461592863240456,27.187992650728017,0.0031074225387092967,0.0015550791738919642,0.003473183841234152,0.011831274862233383,0.005796361840569221,0.006381618011244331,0.14744937679895798,0.05707328907636253,0.11029146689346152,0.15023320081639538,0.1695545930037828,0.1297331550792887,174.0,6.846449782570597,7.165805167035627,175.53654088272395,6.849683665453639,7.154884704741778,175.53730237486715,6.596134082307258,6.837542325845036,175.68847120494456,6.867799277781433,7.293792283910458,175.52767404391977,6.590297989498682,6.851804460975172,0.003807289367418611,3.0227667234181084,3.050541776992546,1.0642348871263783,0.09189415171489629,2.6106116825655303,1.0418522162600166,2.0505986229078195,0.04196204609742796,0.0597955837179338,0.07486448344674108,1.0745954923357197,0.06514136133494558
107.99018544064617,1,3619.653722530149,Anhui,Other limited liability companies,3082.28514369849,69.82777043126733,Construction industry,3.975708237757126,2.9878721244780233,9.907028275650001,-0.04657781922097858,-0.054521636611859305,5.951304686157068,7.949037646303892,6.954064186748163,,-0.004966710662559333,-0.015036962577136376,-0.01702414111682406,-0.023694982493081978,0.9673223304950676,-0.04491673197456246,-0.006392892502813961,1.9981454001081227,-0.00237550660963176,-0.0032691566421238077,-0.003417667585831474,-0.0034075557670656723,-0.0013194331358538309,-0.0018411189465443903,-0.004159007978112968,-0.001469693480491479,-0.0017598050752005608,-0.002420571062172865,-0.0027958381839328205,-0.002638460011021441,-0.02011821750191668,-0.00673386736335095,-0.015852269254353856,-0.02317029328015983,0.985730559458592,-0.02327492548792705,-0.049737976037873145,-0.012731700356439644,-0.01516276223962305,-0.022212301735220846,-0.03503409507217896,26.964325112966876,-0.0005896876691899089,-0.0002951034183587444,-0.0006590972609911366,-0.002245190929185137,-0.0010999608392382701,-0.0012110234137241225,-0.027981093090802336,-0.010830652860753616,-0.0209297310661058,-0.028509372291917804,-0.032175943729356456,-0.024619130769108325,174.0,-0.10946590055689565,-0.17006915935499012,173.70841454599062,-0.11007958628388592,-0.1679968110095953,173.708270039564,-0.06196412697729148,-0.10777555515665682,173.6795831152877,-0.11351733994514457,-0.1943569488963517,173.71009718343126,-0.060856626493339006,-0.11048204425422714,-0.0007224996166556531,2.995679616820604,2.9904088155697583,0.987810308898009,-0.017438519371571853,1.8841257745328206,0.9920578114017761,1.9903980280650457,-0.007963030727037758,-0.011347255788755522,-0.014206842551625465,0.9858442032071393,-0.012361710406276776
106.42527050677698,1,3603.939961334473,Anhui,Other limited liability companies,3075.5891695962773,61.97112657413706,Construction industry,3.969382827691901,2.98471410798134,9.882819069454705,-0.05870636730945835,-0.06871870084907289,5.9386247568365125,7.935767395187734,6.942102812657953,,-0.00626000841930112,-0.018952485604443053,-0.02145711195259623,-0.02986499516069079,0.9588132870782922,-0.0566127442147721,-0.008057558333925664,1.9976624748799834,-0.002994072412653377,-0.0041204228500727035,-0.004307605035855454,-0.004294860168093065,-0.0016630045719018543,-0.0023205338279890203,-0.00524198543619445,-0.0018523916907468368,-0.0022180463762726276,-0.0030508713428679165,-0.0035238554768971158,-0.003325497095591329,-0.02535686483464952,-0.008487320734586964,-0.01998009260844434,-0.029203680436809414,0.9820148939616504,-0.029335558161535852,-0.06268940751939034,-0.016046948742985918,-0.019111042645473912,-0.027996234393667635,-0.04415673571800625,26.955035614442277,-0.000743238337138143,-0.00037194634618364225,-0.0008307217156911511,-0.0028298234132275793,-0.0013863831783961582,-0.0015263656937038713,-0.03526717987623031,-0.013650881378281908,-0.026379691024726634,-0.035933019396872004,-0.040554341158447596,-0.03102978537732613,174.0,-0.39836329318905594,-0.4747472293770485,173.63248767221245,-0.3991367785154156,-0.47213525558367064,173.63230553729286,-0.33849238007513827,-0.39623279331581185,173.59614873257954,-0.4034696999044527,-0.5053593945191168,173.63460845702573,-0.33709649397970165,-0.3996440338105032,-0.0009106336145773399,2.9945546183550604,2.987911336221578,0.9846361960437168,-0.021979391493269086,1.8539529124431104,0.9899897193795985,1.9878977397238329,-0.010036549898141843,-0.014302004203516327,-0.017906207956763252,0.9821581297712316,-0.015580615920231378
101.96643088206937,1,3559.1674695165057,Anhui,Other limited liability companies,3056.5106407850385,39.58555519948471,Construction industry,3.951360129824473,2.9757161178758476,9.813840899759942,-0.09326367750994101,-0.10916973828590953,5.9024964216348055,7.897957083441109,6.908021823586223,,-0.00994494180417722,-0.030108803975336364,-0.03408777039282451,-0.04744492642204185,0.9345688638614535,-0.08993765006046665,-0.012800613569078868,1.9962864983994764,-0.0047565232994773755,-0.006545896220559695,-0.006843262584900138,-0.006823015492610597,-0.0026419267483175335,-0.003686508440279673,-0.008327662937411572,-0.002942795972321615,-0.0035236920868966,-0.004846756733314543,-0.0055981614235569065,-0.005283040032925123,-0.040283099993838396,-0.013483354194638166,-0.03174130846540199,-0.04639433095910795,0.9714280203934117,-0.046603838073128435,-0.09959132125069715,-0.025492932388328355,-0.030360695097532406,-0.04447612577048463,-0.07014945309403142,26.928567476642137,-0.0011807431419233582,-0.0005908913406039217,-0.0013197233237806217,-0.004495589666281678,-0.0022024730805360964,-0.002424855843480203,-0.05602708941815075,-0.021686427843158763,-0.04190800945957372,-0.0570848731845889,-0.0644265208148932,-0.04929536657205793,174.0,-1.2215052505337258,-1.3428523397519188,173.41615274815032,-1.2227340454556805,-1.338702836168331,173.4158634001088,-1.1263915211583688,-1.2181206389111772,173.35842301111666,-1.2296175267818699,-1.3914842553095852,173.41952192597475,-1.124173951299904,-1.2235398949133192,-0.0014466750993459916,2.9913492123439505,2.9807953840132226,0.9755923433321704,-0.03491748806884065,1.7679827742811578,0.984097200587393,1.9807737839817594,-0.015944532014365045,-0.022720831979798992,-0.028446638428544863,0.9716555714916125,-0.02475209428188547
123.10872372528976,1,3771.463316196174,Anhui,Other limited liability companies,3146.97450068928,145.73028012816994,Construction industry,4.036817600424356,3.0183815101802853,10.140911794033624,0.07059527092230315,0.08263524939802247,6.0738046334260325,8.077240652872701,7.06962222009933,,0.007527752279525924,0.02279064294412824,0.02580249299908003,0.035913096331589234,1.0495276286093527,0.06807765833013797,0.009689332514091683,2.002810908368174,0.003600416152784248,0.0049548691350974824,0.005179958469061997,0.005164632577956998,0.0019997874792625,0.00279047608937746,0.006303564655742092,0.002227528277693779,0.002667233419942359,0.003668717702520002,0.0042374880866204445,0.003998959213011611,0.030492003249090502,0.010206128127538126,0.02402635549412687,0.03511785564072482,1.0216273547748385,0.03527644054611684,0.07538493541018355,0.01929669209501382,0.022981310120129925,0.03366588399869948,0.053099124744428884,27.054070335566326,0.0008937550418258607,0.0004472709568109239,0.0009989550924028787,0.0034029043130197516,0.001667146181351815,0.0018354772167306864,0.0424093029790817,0.016415385815786488,0.03172196679996563,0.04320998480466118,0.04876719225471238,0.03731377371429235,174.0,2.68155244575286,2.773405253487984,174.4419389844152,2.682482573244499,2.7702643165498584,174.44215800433727,2.609556791357093,2.6789904882916056,174.48563709427935,2.687692975000951,2.810216832721476,174.43938870945658,2.6078782177781052,2.6830925552042872,0.001095050327218699,3.00654815159101,3.014536796154117,1.0184752004322404,0.026430541835360796,2.1756237727867522,1.0120375098101442,2.0145531461428137,0.012069099003344118,0.01719837059849018,0.021532478670250484,1.0214551116052033,0.018735920010636953
130.6945458419777,1,3847.634739086101,Anhui,Other limited liability companies,3179.432794324287,183.81484398813825,Construction industry,4.067479609285929,3.0336897872418223,10.258264327266641,0.1293876093054665,0.1514545836326439,6.1352697560318274,8.141567321519192,7.127604193531684,,0.013796928011843922,0.04177088304287007,0.047291027283489925,0.06582182653871246,1.090774656384364,0.12477330766455194,0.01775869053812177,2.0051518566184843,0.006598873160020176,0.009081326035525781,0.009493871669551065,0.009465782246780323,0.0036652273966843573,0.005114408165187016,0.011553226586615901,0.004082632657197804,0.004888527958845974,0.006724056817745549,0.0077665039856798295,0.007329326249786727,0.05588600131128476,0.018705877907045972,0.04403570745028759,0.06436430267813234,1.0396387986526368,0.06465495843329179,0.13816614686705758,0.03536714039139317,0.042120339454802175,0.06170311677875735,0.09732052469146116,27.099100568095714,0.001638081795788122,0.0008197619905337133,0.0018308933377674049,0.006236871790483979,0.0030555596139755082,0.003364078158561264,0.07772812899625826,0.030086257886439535,0.058140288904511034,0.0791956254145394,0.08938092220542525,0.0683889998859988,174.0,4.081963537149415,4.250312139620571,174.80998950645437,4.083668282678686,4.244555403849267,174.810390928019,3.9500092931760014,4.077267959857576,174.8900797716042,4.0932179510627105,4.317780713216987,174.80531534095212,3.9469327893310395,4.084786262770913,0.002007017496454333,3.0120015075891278,3.0266431628743544,1.0338615035275924,0.04844212049967554,2.3218847353542102,1.0220624497360429,2.026673129271848,0.02212034667637107,0.031521319014940485,0.03946490892613698,1.0393231099153157,0.03433935257480385
112.31501528632606,1,3663.0805835921237,Anhui,Other limited liability companies,3100.79027008996,91.54054670095482,Construction industry,3.993189266050857,2.9965996812943145,9.973933316446539,-0.013059123972713008,-0.015286349245582392,5.98634718947772,7.985711574608049,6.987120876630202,,-0.0013925274167783416,-0.004215945738812637,-0.004773095286381152,-0.006643413519219734,0.9908380910840915,-0.012593401346723888,-0.0017923891056898877,1.9994800218148279,-0.0006660259289084113,-0.000916580522440699,-0.0009582188571163057,-0.0009553837846062399,-0.0003699323236468745,-0.0005161985033555382,-0.0011660700672138215,-0.0004120611416470489,-0.000493400357277844,-0.0006786607469900548,-0.0007838752020227453,-0.0007397507431059762,-0.005640588178271837,-0.0018879889652325928,-0.004444535036285979,-0.006496305269127823,0.995999246075317,-0.006525641227651089,-0.013945143978270777,-0.0035696143812438143,-0.00425121646242348,-0.00622771110651116,-0.009822585051670581,26.98999775471952,-0.00016533200793700462,-8.273878403011391e-05,-0.0001847925253976285,-0.0006294890395691525,-0.0003083984008910458,-0.00033953725524698723,-0.007845119622952026,-0.0030366135808757746,-0.005868113992436849,-0.007993234405802688,-0.00902123897443981,-0.00690251897129211,174.0,0.6889366444974196,0.6719451776784178,173.91824755524766,0.6887645841020836,0.6725262064687259,173.9182070396681,0.7022548195531637,0.6894105702953127,173.9101640246282,0.6878007336685321,0.6651355575641951,173.91871931994822,0.7025653318605596,0.6886517460899912,-0.00020256878106251466,2.998788684818375,2.997310898865285,0.9965823499263727,-0.0048892754144089275,1.9675120926456675,0.9977732313952526,1.9973078743492438,-0.002232612157506765,-0.0031814546617653,-0.003983203190821124,0.9960311086190304,-0.003465879498231975
101.57628428127157,1,3555.2498952231326,Anhui,Other limited liability companies,3054.8412774998733,37.6268270742699,Construction industry,3.9497831513049455,2.9749287975079612,9.807805338784268,-0.09628742768761586,-0.11270918712979144,5.899335207427117,7.894648696989776,6.905039751307937,,-0.010267371932928487,-0.031084977163020246,-0.03519294771945155,-0.04898316304886935,0.9324474869781185,-0.09285356537295267,-0.013215628916824766,1.9961661010333829,-0.004910737014354491,-0.006758124125231895,-0.007065131559075662,-0.007044228025280247,-0.0027275820290003864,-0.0038060306470906508,-0.008597658427176925,-0.003038205890542134,-0.003637935540063985,-0.005003895953263751,-0.005779662325634549,-0.005454324220560957,-0.04158913932250072,-0.013920505031171974,-0.032770409929920814,-0.047898505684212,0.9705016733876041,-0.0481148053373019,-0.1028202232559239,-0.026319452003431935,-0.031345034978250814,-0.04591810936786591,-0.0724238049845009,26.92625152566356,-0.0012190246292129686,-0.0006100489359705337,-0.0013625107598040185,-0.004641343516173813,-0.0022738806053775357,-0.0025034733554990447,-0.05784357281346486,-0.02238953479534703,-0.04326673082283841,-0.058935651537351676,-0.06651532654250608,-0.0508935972810595,174.0,-1.2935298272537565,-1.4188111735415867,173.39722353284753,-1.2947984615747443,-1.4145271367449292,173.39692480370275,-1.1953323662073276,-1.290035481378085,173.33762210999498,-1.301905115827831,-1.4690198097179792,173.4007019445379,-1.1930428993635354,-1.2956304378966217,-0.0014935785048890442,2.9910687406596845,2.98017274117356,0.9748010100054515,-0.03604956610362394,1.7604604231770402,0.9835816076595432,1.9801504408362465,-0.016461477976593905,-0.023457475886302835,-0.029368921682852482,0.9707366020382667,-0.025554594799567697
101.80808037544126,1,3557.577426510004,Anhui,Other limited liability companies,3055.833089009855,38.79055765153674,Construction industry,3.9507200746580353,2.9753965647158855,9.811391220238633,-0.09449094021471027,-0.1106063098630215,5.901213365803168,7.896614294167491,6.906811476872699,,-0.010075807930232205,-0.030505007654954296,-0.03453633354633508,-0.04806925724710595,0.9337078513509297,-0.09112114535703625,-0.012969057662759598,1.99623763219411,-0.0048191146941732625,-0.006632034088111902,-0.006933313515483436,-0.006912799990409875,-0.0026766920315822516,-0.003735019440921805,-0.008437247187291544,-0.0029815204129720555,-0.0035700605767181363,-0.004910535515544658,-0.005671827988224347,-0.005352559895033507,-0.04081318788630499,-0.01366078251593195,-0.03215899437614696,-0.04700483693119731,0.9710520398840773,-0.047217100962747595,-0.10090184982466044,-0.025828395518141836,-0.03076021342855791,-0.045061389957658946,-0.07107255423952387,26.927627491492878,-0.0011962806165403137,-0.0005986669175944066,-0.0013370896475106446,-0.004554747418588684,-0.0022314555648447606,-0.002456764676807388,-0.056764353475664886,-0.021971800935901554,-0.04245947963975582,-0.057836056686423915,-0.06527431352803954,-0.049944047457554507,174.0,-1.2507381803861706,-1.3736820837222061,173.40846986477484,-1.2519831450991927,-1.3694779765552365,173.40817670918392,-1.1543728433550737,-1.247309030442537,173.34998045843466,-1.2589572065969579,-1.4229539497709847,173.41188337782603,-1.152126092352833,-1.2527995987814493,-0.0014657119896204125,2.9912353760752053,2.980542669241628,0.9752711614150618,-0.03537696953038334,1.7649296447500131,0.9838879346315397,1.9805207849739677,-0.01615434713219743,-0.02301981686281697,-0.028820969565290868,0.9712825853417512,-0.025077808675614502
123.62056481884338,1,3776.602859912042,Anhui,Other limited liability companies,3149.1645716207454,148.29997455466003,Construction industry,4.038886469942365,3.0194144114467627,10.14882996664792,0.07456218898440904,0.08727872280808167,6.077951893286074,8.081580990929435,7.073534460095404,,0.007950754785141012,0.024071303985029574,0.027252397138382282,0.03793113958919959,1.0523107051800191,0.07190310568556951,0.010233799411912691,2.002968860069909,0.003802732195785159,0.005233295148775113,0.005471032793778393,0.0054548457039918395,0.0021121603474195,0.0029472796522253056,0.006657777114477986,0.0023526984490549797,0.002817111680783186,0.003874871773872908,0.004475602733807986,0.00422367034910428,0.03220542224810158,0.010779635013825986,0.025376454195230057,0.03709121241127878,1.0228426478556782,0.037258708583918006,0.07962099623950557,0.020381019634387598,0.02427268520822522,0.03555765099054497,0.05608289227274559,27.05710867776659,0.000943977287200049,0.00047240418760738064,0.0010550887816360717,0.0035941216907077423,0.0017608271349422347,0.001938617096052723,0.04479238371226846,0.01733780582548869,0.03350450040909087,0.04563805777535047,0.05150753807768295,0.03941052440281183,174.0,2.776042921988541,2.8730571599058745,174.4667725988588,2.777025315580989,2.869739726166914,174.46700392603705,2.7000016586152267,2.773337001975764,174.51292621061472,2.7825285023436948,2.9119372703121793,174.46407901781657,2.6982287619496907,2.7776695738941677,0.0011565838388152446,3.0069161079778954,3.015353653692526,1.01951336637931,0.027915737549296552,2.1854924949731114,1.0127139264378413,2.015370922426411,0.01274729070378257,0.01816478840629248,0.022742440434586463,1.0226607259280784,0.01978873641787431
124.99078419674258,1,3790.3616270015477,Anhui,Other limited liability companies,3155.02748037712,155.17915081229586,Construction industry,4.044424917596578,3.022179530052144,10.170027236054976,0.08518178961377243,0.09970948955845893,6.089054276226762,8.093200252037763,7.084007685323171,,0.00908314965806853,0.02749968556060898,0.031133849356247575,0.04333352328179964,1.0597611140966394,0.0821439834922997,0.011691359391787365,2.0033917031851174,0.004344340452861741,0.0059786528858876515,0.006250250572808801,0.006231758019204376,0.0024129870755546234,0.00336704915304061,0.0076060182404172425,0.0026877840771809304,0.0032183418670976953,0.0044267545885945565,0.005113045306995667,0.004825231179177955,0.03679231443881191,0.012314936221266006,0.02899072320494256,0.04237396856465608,1.0260960367495477,0.0425653205613343,0.09096110297849087,0.02328380845918548,0.027729748722917724,0.04062198799541526,0.06407055902701302,27.065242443132288,0.0010784242760800368,0.0005396868663532829,0.0012053609456123676,0.004106018370359,0.0020116148492667525,0.0022147267384029622,0.051171987540167836,0.019807161623165707,0.038276415215740205,0.052138107648824226,0.058843555048712276,0.04502361108189465,174.0,3.0289977612847654,3.139829357250151,174.5332531924697,3.0301200733500306,3.1360394344131377,174.53351746667218,2.9421262385081803,3.0259064476795783,174.5859802824339,3.036407057455663,3.1842470095468483,174.5301759752263,2.940100835112336,3.0308560908521676,0.0013213115463824427,3.007901142157219,3.017540414470838,1.0222925787482768,0.03189166674458401,2.211911464737673,1.0145247211991004,2.0175601427228744,0.01456283740680216,0.02075192809490935,0.02598155717783142,1.0258882043941138,0.022607168663224646
122.03183026718327,1,3760.6499190794166,Anhui,Other limited liability companies,3142.3666778931265,140.3237444824928,Construction industry,4.032464780618208,3.016208326684961,10.124252271389025,0.06224903189669626,0.0728655646244403,6.065078962375788,8.068108752917546,7.061391021566471,,0.006637771703920099,0.020096182662669635,0.022751951918730785,0.0316672129711729,1.0436721453546727,0.06002906808742498,0.008543795651570136,2.002478584222189,0.0031747511838677587,0.0043690717919915925,0.004567549578768334,0.004554035615697206,0.0017633594000968234,0.002460567582293212,0.005558315623578246,0.0019641751777050784,0.002351895474934306,0.0032349776734406106,0.00373650426749153,0.003526175852180239,0.02688703730503193,0.00899949227551123,0.02118580111635717,0.03096599088526785,1.01907042610123,0.031105826836105795,0.06647243062560951,0.01701530975134691,0.02026430790626626,0.029685680917238833,0.046821395636266944,27.04767778350249,0.0007880894198661433,0.00039439163124158907,0.0008808520258926888,0.0030005904978494696,0.0014700451526511228,0.0016184749816411667,0.03739539517834016,0.014474650523943783,0.027971586444229455,0.038101415112089795,0.0430016128065717,0.032902293025881234,174.0,2.482748213358969,2.563741575716028,174.38969003982623,2.4835683750374864,2.560971981080403,174.38988316576706,2.4192643605689135,2.4804891474238144,174.4282218706305,2.4881627686972116,2.596201047008311,174.38744127521113,2.4177842390410227,2.484106240902653,0.0009655862475908263,3.0057739858765014,3.0128181601352497,1.016290940256751,0.023305748674966095,2.1548603708321035,1.0106143559241123,2.0128325771203333,0.01064221043432809,0.015165065676069098,0.018986766876134892,1.0189185466563246,0.01652083584521839
104.15885297783919,1,3581.1822107062208,Anhui,Other limited liability companies,3065.8915989807,50.5925941242001,Construction industry,3.9602219334226514,2.9801404511071854,9.847757630589765,-0.07627176552591715,-0.08927986653947996,5.920260810365157,7.916548504056889,6.9247795273332935,,-0.00813305125541769,-0.024623215579590216,-0.027877245462743883,-0.038800832221854514,0.9464899046778245,-0.07355171424194293,-0.010468441978653372,1.9969630693221907,-0.00388992198787819,-0.005353285169762894,-0.005596473710273224,-0.005579915479706723,-0.0021605883754996173,-0.003014855460062199,-0.006810427938287371,-0.00240664158206289,-0.002881702971756181,-0.003963715596408083,-0.004578220234005407,-0.004320511494009534,-0.03294383450684348,-0.011026792606657787,-0.02595829053063984,-0.03794164702831605,0.976633611419272,-0.038112983586161726,-0.08144656210923917,-0.02084831966317633,-0.02482921411109943,-0.036372923809550844,-0.05736877186286144,26.941581923231638,-0.0009656209841984179,-0.0004832355637813372,-0.0010792800648435775,-0.003676528420089631,-0.00180119972599073,-0.001983066090315369,-0.04581939230034433,-0.01773533044921823,-0.03427269818754273,-0.04668445614475785,-0.05268851304646847,-0.0403141366615891,174.0,-0.8167643835966223,-0.9160029830515499,173.52252514714226,-0.8177693017026748,-0.9126094865390131,173.52228851604895,-0.7389796311731562,-0.8139964217173172,173.4753133162938,-0.8233986666144026,-0.9557745442801446,173.52528048714066,-0.7371660851839996,-0.8184283316972367,-0.001183102220666123,2.992925318137424,2.9842943147142935,0.9800392273164721,-0.028555795073132842,1.8102544966006187,0.9869945661549239,1.9842766500394802,-0.013039563093472307,-0.018581274249369718,-0.02326388358416653,0.9768197044886268,-0.02024245646052433
117.43305843346303,1,3714.4723276816458,Anhui,Other limited liability companies,3122.689405707833,117.235644486917,Construction industry,4.013876474624626,3.0069279517578305,10.053109352909498,0.02660720618076605,0.031145048242000227,6.027816808024203,8.029111836383244,7.0262404654128225,,0.002837193686805436,0.00858974443874629,0.00972490426391152,0.01353556897226131,1.0186668569840012,0.025658323395164773,0.0036518886405319966,2.001059425334447,0.001356989124939045,0.001867479548613815,0.0019523152357588732,0.0019465389402760858,0.0007537156113050842,0.0010517244523968114,0.0023757999973356794,0.0008395506297201623,0.0010052745546474744,0.0013827318325247298,0.0015971001702555917,0.001507199149446972,0.011492370617942104,0.003846667798691454,0.009055481848184947,0.013235844461699517,1.0081513036230434,0.013295614772370424,0.028412420452214725,0.007272881858387811,0.008661606488392145,0.012688599464360918,0.020012946216300787,27.020378993491786,0.00033685435812169884,0.00016857546420686651,0.000376504031525607,0.0012825473362030788,0.000628343819652238,0.000691787425809325,0.015983975323062463,0.006186923702271192,0.011955941241942962,0.0162857505856269,0.018380250153105536,0.014063481273289727,174.0,1.6337735098029436,1.668392636010144,174.16656585524822,1.6341240728593793,1.6672088236156073,174.16664840338706,1.6066385020949112,1.6328079135313045,174.18303557912174,1.6360878621048536,1.6822668412608484,174.16560466208676,1.6060058513136022,1.6343539737515864,0.00041272211939933566,3.0024679842885886,3.0054788872884424,1.006963263412823,0.009961614523114353,2.0661922232428864,1.0045369116264742,2.0054850495641108,0.004548817525631197,0.006482028987336648,0.008115545022737487,1.008086385541877,0.007061528062666072
115.72547776625528,1,3697.3260188017675,Anhui,Other limited liability companies,3115.382991999586,108.66274837019199,Construction industry,4.006974407486168,3.0034820341556983,10.026693110356733,0.013372956964432145,0.01565370625407919,6.013980910812968,8.014631800590553,7.013188630640447,,0.0014259922223940646,0.00431726209562966,0.004887800895778496,0.00680306606132903,1.00938208519197,0.012896042230509074,0.0018354632687454504,2.000532474146603,0.0006820316663735424,0.0009386075135398036,0.0009812464883172084,0.0009783432841859532,0.00037882242746289577,0.0005286036325944909,0.001194092717011197,0.00042196367271456203,0.0005052576082361276,0.0006949701206536532,0.0008027130582448985,0.0007575282134263819,0.005776141119398782,0.0019333605557412454,0.004551344783260788,0.006652422549428642,1.004096898855686,0.006682463501001024,0.01428026953981682,0.0036553982946893244,0.004353380434802926,0.006377373611607423,0.010058638500556024,27.010242616270666,0.00016930521768569978,8.472713793330301e-05,0.0001892334045265847,0.0006446167333528383,0.00031580973973699503,0.0003476969137996527,0.008033651209512502,0.0031095885772669933,0.00600913476640633,0.00818532544286819,0.009238034712214979,0.007068398258730154,174.0,1.3185387377468678,1.3359385384538585,174.08371709524275,1.3187149330465617,1.335343546552095,174.08375858448068,1.3049005042606565,1.3180534227048482,174.09199488687108,1.3197019464476878,1.342911805337756,174.08323399323288,1.3045825298136409,1.3188304827482735,0.0002074368538920998,3.0012404251485845,3.002753724815132,1.003499782025931,0.00500677303016393,2.033268647102344,1.0022802816470122,2.0027568220154452,0.0022862656302973525,0.003257910436027559,0.004078926347796477,1.0040642706007779,0.003549170485754639
117.23383206722583,1,3712.471838405725,Anhui,Other limited liability companies,3121.8369538844586,116.2354299879692,Construction industry,4.0130711986093095,3.0065259106388313,10.050027324567006,0.025063143617936053,0.02933764679288565,6.026202550157526,8.027422425763083,7.024717685456148,,0.002672546390673281,0.008091266593231903,0.0091605511146558,0.012750076306301508,1.0175835867286096,0.024169326154706725,0.0034399631758604836,2.000997945035241,0.0012782406801849896,0.0017591064545627118,0.0018390189788765165,0.00183357789189124,0.0007099761803204817,0.000990691048802085,0.002237928181417274,0.0007908300429684294,0.0009469367196019133,0.0013024894935685213,0.0015044176629217805,0.0014197337550880336,0.010825448314684296,0.003623438959885494,0.008529976448813986,0.012467745331640362,1.007678269262461,0.012524047066976877,0.026763598157923507,0.006850823844287107,0.008158958362849389,0.011952257915588044,0.018851560055928248,27.019196364969833,0.0003173061124333622,0.00015879273611714802,0.00035465484616267696,0.0012081188782344227,0.0005918799323158828,0.0006516417953973325,0.015056397367907582,0.005827885733276603,0.011262117127165202,0.015340660085857289,0.017313612191793528,0.013247352936115989,174.0,1.5969945280807851,1.6296046460376918,174.15689974827,1.5973247473518692,1.62848953234032,174.15697750599642,1.571434212178402,1.5960849670442516,174.1724137053531,1.5991745744836727,1.642673706968805,174.1559943348235,1.5708382752249235,1.5975413066944824,0.000388771135252904,3.0023247628575307,3.0051609379069637,1.0065591730969206,0.009383524664826132,2.0623509731257017,1.004273626734941,2.0051667425750317,0.00428484171401256,0.006105865544150325,0.007644585796073971,1.0076171184907254,0.006651735277814498
126.88615121493623,1,3809.3935526720493,Anhui,Other limited liability companies,3163.137396253911,164.6948269159679,Construction industry,4.05208602003397,3.0260044026897424,10.199348530117755,0.09987143793136069,0.11690444803703948,6.104411737074674,8.109272688784548,7.098494858684606,,0.010649544009467268,0.03224202205719149,0.03650289947705067,0.050806414145655586,1.0700669523882191,0.09630976040751682,0.013707541002887505,2.003976604338438,0.005093524447630653,0.0070096749940733675,0.007328109857377308,0.007306428252331551,0.00282910807624621,0.003947698704434902,0.008917680434361403,0.003151293977905272,0.003773346762014716,0.00519015094818701,0.005994792893330923,0.005657345054626817,0.04313717009806525,0.014438654013110544,0.03399018999572124,0.049681383668960216,1.0305963132061924,0.049905734426862136,0.1066473971898762,0.027299114539397498,0.0325117597433682,0.0476272730489411,0.07511956356055864,27.07649353974976,0.0012643991590285412,0.0006327561749965611,0.00141322612979181,0.004814103585750842,0.00235851898006925,0.0025966576306066954,0.059996626046653706,0.02322291796889634,0.04487720490243985,0.06112935412038175,0.06899115975790555,0.05278795855310542,174.0,3.3788995852026336,3.508844153255017,174.62521301037359,3.3802154406251836,3.5044006560580505,174.62552285881338,3.2770470186585077,3.3752751727989185,174.68703291714638,3.38758661873412,3.5609216550839897,174.62160512525736,3.2746723332891206,3.3810783847663473,0.0015491724779540025,3.0092636986393386,3.0205652689742433,1.0261369466981536,0.03739140290725228,2.248455717982126,1.0170295176737134,2.0205883993746223,0.017074207043224487,0.024330609958818097,0.030462091566885233,1.0303526400422456,0.02650578782378615
117.30639304715332,1,3713.2004440864735,Anhui,Other limited liability companies,3122.1474285511067,116.5997218513008,Construction industry,4.013364491198473,3.0066723395383628,10.051149841636002,0.02562551241853396,0.029995927234109845,6.026790485052259,8.028037732323225,7.025272302839164,,0.002732513198156666,0.008272819073587855,0.0093660962857523,0.013036163527809322,1.017978128639613,0.02471163940830653,0.003517149341921681,2.001020337004943,0.0013069219457576236,0.0017985774244480904,0.0018802830323086433,0.001874719857782853,0.0007259066820590659,0.0010129202529821706,0.002288142991115258,0.0008085747500778234,0.000968184160679638,0.0013317148559354882,0.001538173905538137,0.0014515898534764996,0.011068350580954955,0.003704741970113321,0.008721372735639516,0.01274749758838828,1.0078505548760146,0.012805062626519346,0.027364121892104437,0.007004543172043829,0.00834202971649077,0.012220443624886534,0.019274552852828038,27.019627094526687,0.00032442585210336257,0.00016235574010081252,0.0003626126196767708,0.0012352267452637677,0.0006051605810927687,0.000666263385589028,0.01539423400397331,0.0059586522947186,0.011514817402818758,0.015684875031291744,0.01770209639276776,0.013544598090009985,174.0,1.6103899385623357,1.6437317649275067,174.1604202772425,1.6107275673195658,1.6425916302207164,174.16049977970295,1.5842560982682783,1.60945996872326,174.17628233772277,1.6126189010189926,1.6570940704823915,174.1594945480574,1.5836467896342605,1.6109489858378523,0.00039749441276238615,3.0023769260705655,3.005276739440281,1.0067063483421197,0.009594072934092835,2.0637500091966485,1.004369518709937,2.0052826743539502,0.0043809853315967765,0.0062428694385947,0.007816115617342257,1.007788031998422,0.006800987440556061
124.03935497312177,1,3780.808052368836,Anhui,Other limited liability companies,3150.9564952369237,150.40250742838177,Construction industry,4.0405792261425635,3.020259534837968,10.155308642886517,0.07780793507272137,0.09107802882371463,6.081345195657638,8.085132270549797,7.076735468400843,,0.008296856899288949,0.025119145281190067,0.028438713723421574,0.039582309567224465,1.0545878280626426,0.07503309995203673,0.010679284112163836,2.0030980966989556,0.003968267882404417,0.005461104276826228,0.0057091908136984865,0.005692299088169991,0.0022041042170792106,0.003075576870060113,0.006947594974180185,0.0024551131164891058,0.002939742592546693,0.004043547748573566,0.00467042896227527,0.0044075297784028555,0.033607347603405724,0.01124888033315099,0.02648110962529834,0.03870581975092976,1.0238370048606713,0.03888060715327341,0.08308695587148396,0.021268220180068503,0.02532929277488219,0.03710550129086634,0.05852422119153,27.059594659870847,0.0009850693021893878,0.0004929682840336488,0.0011010175604509423,0.003750576410954387,0.001837477215408998,0.002023006502291376,0.0467422286162409,0.01809253307001427,0.03496297557760295,0.04762471548377008,0.05374969851464645,0.041126093073220786,174.0,2.8533553566854954,2.954592694642135,174.48709154814816,2.854380514582523,2.95113085060986,174.48733294516603,2.774003962044497,2.8505316460147947,174.53525426005066,2.860123259050704,2.995165284413427,174.48428071357233,2.7721538899030866,2.8550528179266803,0.0012069307709771315,3.007217171167179,3.0160220093576777,1.0203627973503977,0.02913092982284862,2.1935671176226172,1.0132673728637684,2.0160400298120553,0.013302189500370125,0.018955514801504307,0.023732435337963965,1.0236471637398057,0.020650154446178032
114.9993175924818,1,3690.03443552556,Anhui,Other limited liability companies,3112.2758903850445,105.0170665857743,Construction industry,4.004039256972398,3.0020166344982604,10.015459425383055,0.007745003395240414,0.009065908789536553,6.008097102383787,8.008474067893415,7.007638250041521,,0.0008258692997668991,0.0025003602178431373,0.0028307901262038544,0.003940023876781804,1.0054336734844438,0.0074687962524747215,0.0010630161516321174,2.000308384606657,0.00039500146345897304,0.0005435984276700039,0.0005682929664544255,0.0005666115637614046,0.0002193965773386401,0.0003061429824435685,0.0006915637410694591,0.0002443820081478271,0.0002926220357747204,0.00040249482282557714,0.000464894591229588,0.00043872560126995554,0.003345276044790664,0.0011197137707289163,0.002635930175578889,0.0038527780631414407,1.0023727359350394,0.0038701764046259134,0.00827047722990455,0.002117039057152683,0.002521278303519432,0.0036934823319917467,0.00582550213430754,27.005932053621606,9.805381781271159e-05,4.90700727376714e-05,0.00010959530973212365,0.0003733324500875275,0.0001829025183449306,0.00020137010722873227,0.004652722360457671,0.0018009310994411278,0.003480215280140213,0.004740565120696463,0.005350246052668126,0.004093692117486081,174.0,1.1844830288414712,1.1945601954629275,174.04848510233145,1.1845850730788066,1.1942156034395213,174.0485091309954,1.1765843894502934,1.1842019566254907,174.05327921962632,1.1851567059766914,1.198598791850798,174.0482053118022,1.1764002332327652,1.184651994166974,0.00012013791280158534,3.0007183973606497,3.0015948311281853,1.0020269132507889,0.002899693330424501,2.0192676747145764,1.001320634557128,2.00159662488457,0.0013241002058235784,0.0018868323180530077,0.0023623270826820275,1.0023538391461158,0.0020555167817833462
