{
  "_gf_detect.py": 1776865643.1653283,
  "_gf_summary.py": 1776865625.8792043,
  "api\\config.py": 1776254552.0221095,
  "api\\main.py": 1776266371.1383774,
  "api\\agents\\base_agent.py": 1776254748.962832,
  "api\\agents\\governance_agent.py": 1776254919.0872433,
  "api\\agents\\ingestion_agent.py": 1776257319.2542572,
  "api\\agents\\orchestrator.py": 1776254966.9240086,
  "api\\agents\\remediation_agent.py": 1776262804.388924,
  "api\\agents\\twin_engine_agent.py": 1776254917.0499394,
  "api\\agents\\__init__.py": 1776254578.3140748,
  "api\\models\\audit.py": 1776254555.7163885,
  "api\\models\\__init__.py": 1776254563.9364479,
  "api\\routers\\audits.py": 1776515551.4905536,
  "api\\routers\\datasets.py": 1776263764.9409864,
  "api\\routers\\monitoring.py": 1776263653.9614086,
  "api\\routers\\organizations.py": 1776262605.819864,
  "api\\routers\\__init__.py": 1776254574.2487717,
  "api\\services\\dataset_parser.py": 1776254611.8489125,
  "api\\services\\db.py": 1776262576.326681,
  "api\\services\\demo_datasets.py": 1776255761.1094985,
  "api\\services\\fairness_metrics.py": 1776255664.2969024,
  "api\\services\\proxy_detector.py": 1776255585.7506163,
  "api\\services\\scheduler.py": 1776262757.4650514,
  "api\\services\\__init__.py": 1776254576.3296528,
  "api\\utils\\crypto.py": 1776254613.9032402,
  "api\\utils\\__init__.py": 1776254580.3459275,
  "frontend\\eslint.config.mjs": 1776254461.609225,
  "frontend\\next-env.d.ts": 1776255976.8048308,
  "frontend\\next.config.ts": 1776514891.235055,
  "frontend\\postcss.config.mjs": 1776254461.6608193,
  "frontend\\app\\layout.tsx": 1776263198.4297323,
  "frontend\\app\\page.tsx": 1776255134.7503881,
  "frontend\\app\\dashboard\\layout.tsx": 1776263225.7641864,
  "frontend\\app\\dashboard\\page.tsx": 1776264794.4445734,
  "frontend\\app\\dashboard\\audits\\page.tsx": 1776255499.1256528,
  "frontend\\app\\dashboard\\audits\\new\\page.tsx": 1776266818.2020173,
  "frontend\\app\\dashboard\\audits\\[audit_id]\\page.tsx": 1776515272.3978364,
  "frontend\\app\\dashboard\\audits\\[audit_id]\\remediation\\page.tsx": 1776515513.600427,
  "frontend\\app\\dashboard\\monitoring\\page.tsx": 1776263272.5683706,
  "frontend\\app\\login\\page.tsx": 1776263185.012226,
  "frontend\\app\\register\\page.tsx": 1776263186.438386,
  "frontend\\lib\\api.ts": 1776266793.3254635,
  "frontend\\lib\\auth-context.tsx": 1776263129.072818,
  "frontend\\lib\\firebase.ts": 1776262458.2416701,
  "equalyze-PRD.md": 1776253457.8500307,
  "equalyze-TRD.md": 1776253462.6477168,
  "prd_updated.md": 1776513059.1808367,
  "README.md": 1776267315.1836188,
  "api\\requirements.txt": 1776255683.8282666,
  "frontend\\AGENTS.md": 1776254604.6185246,
  "frontend\\CLAUDE.md": 1776254604.6191761,
  "frontend\\README.md": 1776254461.5691183,
  "frontend\\public\\file.svg": 1776254461.6765382,
  "frontend\\public\\globe.svg": 1776254461.711872,
  "frontend\\public\\next.svg": 1776254461.74452,
  "frontend\\public\\vercel.svg": 1776254461.794356,
  "frontend\\public\\window.svg": 1776254461.8394952
}